idx,char_pos,cmdVx,cmdVy,cmdVw,ts
0,115,0.0,0.0,0.0,2026-05-06 18:23:44.985
1,339,0.0,0.0,0.0,2026-05-06 18:23:44.985
2,610,0.0,0.0,0.0,2026-05-06 18:23:44.985
3,833,0.0,0.0,0.0,2026-05-06 18:23:44.985
4,1081,0.0,0.0,0.0,2026-05-06 18:23:44.985
5,1149,0.0,0.0,0.0,2026-05-06 18:23:44.985
6,1484,0.0,0.0,0.0,2026-05-06 18:23:44.985
7,1723,0.0,0.0,0.0,2026-05-06 18:23:45.235
8,1943,0.0,0.0,0.0,2026-05-06 18:23:45.235
9,2181,0.0,0.0,0.0,2026-05-06 18:23:45.235
10,2399,0.0,0.0,0.0,2026-05-06 18:23:45.235
11,2525,0.0,0.0,0.0,2026-05-06 18:23:45.235
12,2857,0.0,0.0,0.0,2026-05-06 18:23:45.235
13,3095,0.0,0.0,0.0,2026-05-06 18:23:45.235
14,3314,0.0,0.0,0.0,2026-05-06 18:23:45.235
15,3553,0.0,0.0,0.0,2026-05-06 18:23:45.235
16,3772,0.0,0.0,0.0,2026-05-06 18:23:45.235
17,4013,0.0,0.0,0.0,2026-05-06 18:23:45.235
18,4232,0.0,0.0,0.0,2026-05-06 18:23:45.235
19,4361,0.0,0.0,0.0,2026-05-06 18:23:45.269
20,4693,0.0,0.0,0.0,2026-05-06 18:23:45.269
21,4818,0.0,0.0,0.0,2026-05-06 18:23:45.406
22,5150,0.0,0.0,0.0,2026-05-06 18:23:45.406
23,5389,0.0,0.0,0.0,2026-05-06 18:23:45.406
24,5608,0.0,0.0,0.0,2026-05-06 18:23:45.406
25,5738,0.0,0.0,0.0,2026-05-06 18:23:45.406
26,6180,0.0,0.0,0.0,2026-05-06 18:23:45.406
27,6338,0.0,0.0,0.0,2026-05-06 18:23:45.444
28,6557,0.0,0.0,0.0,2026-05-06 18:23:45.444
29,6798,0.0,0.0,0.0,2026-05-06 18:23:45.502
30,7017,0.0,0.0,0.0,2026-05-06 18:23:45.502
31,7256,0.0,0.0,0.0,2026-05-06 18:23:45.502
32,7475,0.0,0.0,0.0,2026-05-06 18:23:45.673
33,7713,0.0,0.0,0.0016,2026-05-06 18:23:45.673
34,7937,0.0,0.0,0.0016,2026-05-06 18:23:45.673
35,8175,0.0,0.0,0.0072,2026-05-06 18:23:45.673
36,8534,0.0,0.0,0.0166,2026-05-06 18:23:45.673
37,8873,0.0,0.0,0.0184,2026-05-06 18:23:45.673
38,9343,0.0,0.0,0.0352,2026-05-06 18:23:45.673
39,9580,0.0,0.0,0.0616,2026-05-06 18:23:45.733
40,9938,0.0,0.0,0.0973,2026-05-06 18:23:45.733
41,10280,0.0,0.0,0.1028,2026-05-06 18:23:45.906
42,10517,0.0,0.0,0.1393,2026-05-06 18:23:45.906
43,10746,0.0,0.0,0.1393,2026-05-06 18:23:45.906
44,10987,0.0,0.0,0.1666,2026-05-06 18:23:45.906
45,11344,0.0,0.0,0.1836,2026-05-06 18:23:45.906
46,11685,0.0,0.0,0.1854,2026-05-06 18:23:45.906
47,11923,0.0,0.0,0.1945,2026-05-06 18:23:45.906
48,12152,0.0,0.0,0.1945,2026-05-06 18:23:46.120
49,12509,0.0,0.0,0.2,2026-05-06 18:23:46.120
50,12751,0.0,0.0,0.2,2026-05-06 18:23:46.120
51,12980,0.0,0.0,0.2,2026-05-06 18:23:46.120
52,13337,0.0,0.0,0.2,2026-05-06 18:23:46.120
53,13566,0.0,0.0,0.2,2026-05-06 18:23:46.120
54,13807,0.0,0.0,0.2,2026-05-06 18:23:46.120
55,14286,0.0,0.0,0.2,2026-05-06 18:23:46.120
56,14873,0.0,0.0,0.2,2026-05-06 18:23:46.166
57,15347,0.0,0.0,0.2,2026-05-06 18:23:46.203
58,15705,0.0,0.0,0.2,2026-05-06 18:23:46.353
59,15934,0.0,0.0,0.2,2026-05-06 18:23:46.353
60,16291,0.0,0.0,0.2,2026-05-06 18:23:46.353
61,16649,0.0,0.0,0.2,2026-05-06 18:23:46.353
62,16878,0.0,0.0,0.2,2026-05-06 18:23:46.353
63,17116,0.0,0.0,0.2,2026-05-06 18:23:46.353
64,17473,0.0,0.0,0.2,2026-05-06 18:23:46.460
65,17815,0.0,0.0,0.2,2026-05-06 18:23:46.460
66,18053,0.0,0.0,0.2,2026-05-06 18:23:46.460
67,18282,0.0,0.0,0.2,2026-05-06 18:23:46.619
68,18523,0.0,0.0,0.2,2026-05-06 18:23:46.619
69,18994,0.0,0.0,0.2,2026-05-06 18:23:46.619
70,19223,0.0,0.0,0.2,2026-05-06 18:23:46.619
71,19461,0.0,0.0,0.2,2026-05-06 18:23:46.619
72,19690,0.0,0.0,0.2,2026-05-06 18:23:46.619
73,19928,0.0,0.0,0.2,2026-05-06 18:23:46.619
74,20401,0.0,0.0,0.2,2026-05-06 18:23:46.778
75,20630,0.0,0.0,0.2,2026-05-06 18:23:46.778
76,20868,0.0,0.0,0.2,2026-05-06 18:23:46.778
77,21226,0.0,0.0,0.2,2026-05-06 18:23:46.778
78,21568,0.0,0.0,0.2,2026-05-06 18:23:46.778
79,21806,0.0,0.0,0.2,2026-05-06 18:23:46.778
80,22035,0.0,0.0,0.2,2026-05-06 18:23:46.778
81,22273,0.0,0.0,0.2,2026-05-06 18:23:47.235
82,22630,0.0,0.0,0.2,2026-05-06 18:23:47.235
83,22972,0.0,0.0,0.2,2026-05-06 18:23:47.235
84,23210,0.0,0.0,0.2,2026-05-06 18:23:47.235
85,23439,0.0,0.0,0.2,2026-05-06 18:23:47.235
86,23563,0.0,0.0,0.2,2026-05-06 18:23:47.235
87,23905,0.0,0.0,0.2,2026-05-06 18:23:47.235
88,24144,0.0,0.0,0.2,2026-05-06 18:23:47.235
89,24373,0.0,0.0,0.2,2026-05-06 18:23:47.235
90,24611,0.0,0.0,0.2,2026-05-06 18:23:47.235
91,25091,0.0,0.0,0.2,2026-05-06 18:23:47.235
92,25559,0.0,0.0,0.2,2026-05-06 18:23:47.235
93,25788,0.0,0.0,0.2,2026-05-06 18:23:47.235
94,26026,0.0,0.0,0.2,2026-05-06 18:23:47.235
95,26505,0.0,0.0,0.2,2026-05-06 18:23:47.235
96,26973,0.0,0.0,0.2,2026-05-06 18:23:47.235
97,27202,0.0,0.0,0.2,2026-05-06 18:23:47.235
98,27329,0.0,0.0,0.2,2026-05-06 18:23:47.235
99,27671,0.0,0.0,0.2,2026-05-06 18:23:47.360
100,27909,0.0,0.0,0.2,2026-05-06 18:23:47.360
101,28138,0.0,0.0,0.2,2026-05-06 18:23:47.360
102,28436,0.0,0.0,0.2,2026-05-06 18:23:47.360
103,28667,0.0,0.0,0.2,2026-05-06 18:23:47.360
104,28729,0.0,0.0,0.2,2026-05-06 18:23:47.360
105,28958,0.0,0.0,0.2,2026-05-06 18:23:47.635
106,29317,0.0,0.0,0.2,2026-05-06 18:23:47.635
107,29787,0.0,0.0,0.2,2026-05-06 18:23:47.635
108,30257,0.0,0.0,0.2,2026-05-06 18:23:47.635
109,30486,0.0,0.0,0.2,2026-05-06 18:23:47.635
110,30724,0.0,0.0,0.2,2026-05-06 18:23:47.635
111,31198,0.0,0.0,0.2,2026-05-06 18:23:47.635
112,31427,0.0,0.0,0.2,2026-05-06 18:23:47.635
113,32029,0.0,0.0,0.2,2026-05-06 18:23:47.668
114,32371,0.0,0.0,0.2,2026-05-06 18:23:47.820
115,32612,0.0,0.0,0.2,2026-05-06 18:23:47.820
116,32841,0.0,0.0,0.2,2026-05-06 18:23:47.820
117,33079,0.0,0.0,0.2,2026-05-06 18:23:47.820
118,33556,0.0,0.0,0.2,2026-05-06 18:23:47.820
119,34023,0.0,0.0,0.2,2026-05-06 18:23:47.820
120,34252,0.0,0.0,0.2,2026-05-06 18:23:47.886
121,34550,0.0,0.0,0.2,2026-05-06 18:23:47.886
122,34781,0.0,0.0,0.2,2026-05-06 18:23:47.886
123,34842,0.0,0.0,0.2,2026-05-06 18:23:47.886
124,35071,0.0,0.0,0.2,2026-05-06 18:23:47.961
125,35426,0.0,0.0,0.2,2026-05-06 18:23:47.961
126,35655,0.0,0.0,0.2,2026-05-06 18:23:47.961
127,35780,0.0,0.0,0.2,2026-05-06 18:23:48.619
128,36122,0.0,0.0,0.2,2026-05-06 18:23:48.619
129,36360,0.0,0.0,0.2,2026-05-06 18:23:48.619
130,36589,0.0,0.0,0.2,2026-05-06 18:23:48.619
131,36714,0.0,0.0,0.2,2026-05-06 18:23:48.619
132,37056,0.0,0.0,0.1995,2026-05-06 18:23:48.619
133,37294,0.0,0.0,0.193,2026-05-06 18:23:48.619
134,37523,0.0,0.0,0.193,2026-05-06 18:23:48.619
135,37821,0.0,0.0,0.175,2026-05-06 18:23:48.619
136,38052,0.0,0.0,0.1706,2026-05-06 18:23:48.619
137,38296,0.0,0.0,0.1299,2026-05-06 18:23:48.619
138,38527,0.0,0.0,0.1205,2026-05-06 18:23:48.619
139,38816,0.0,0.0,0.0513,2026-05-06 18:23:48.619
140,39290,0.0,0.0,0.0143,2026-05-06 18:23:48.619
141,39653,0.0027,0.0,0.0021,2026-05-06 18:23:48.619
142,40119,0.0086,0.0,0.0,2026-05-06 18:23:48.619
143,40342,0.0086,0.0,0.0,2026-05-06 18:23:48.619
144,40584,0.0169,0.0,0.0,2026-05-06 18:23:48.619
145,40807,0.0169,0.0,0.0,2026-05-06 18:23:48.619
146,41045,0.0269,0.0,0.0,2026-05-06 18:23:48.619
147,41513,0.0404,0.0,0.0,2026-05-06 18:23:48.619
148,41737,0.0404,0.0,0.0,2026-05-06 18:23:48.619
149,41975,0.0614,0.0,0.0,2026-05-06 18:23:48.619
150,42199,0.0614,0.0,0.0,2026-05-06 18:23:48.619
151,42437,0.0858,0.0,0.0,2026-05-06 18:23:48.619
152,42794,0.1163,0.0,0.0,2026-05-06 18:23:48.619
153,43127,0.1211,0.0,0.0,2026-05-06 18:23:48.719
154,43368,0.01,0.0,0.0,2026-05-06 18:23:48.719
155,43588,0.01,0.0,0.0,2026-05-06 18:23:48.719
156,43827,0.035,0.0,0.0,2026-05-06 18:23:48.719
157,44160,0.005,0.0,0.0,2026-05-06 18:23:48.719
158,44433,0.015,0.0,0.0,2026-05-06 18:23:48.911
159,44784,0.05,0.0,0.0,2026-05-06 18:23:48.911
160,45003,0.05,0.0,0.0,2026-05-06 18:23:48.911
161,45241,0.09,0.0,0.0,2026-05-06 18:23:48.911
162,45460,0.09,0.0,0.0,2026-05-06 18:23:48.911
163,45699,0.125,0.0,0.0,2026-05-06 18:23:48.911
164,46033,0.13,0.0,0.0,2026-05-06 18:23:48.911
165,46136,0.16,0.0,0.0,2026-05-06 18:23:48.911
166,46467,0.165,0.0,0.0,2026-05-06 18:23:48.969
167,46683,0.2,0.0,0.0,2026-05-06 18:23:48.969
168,46904,0.2,0.0,0.0,2026-05-06 18:23:48.969
169,47143,0.235,0.0,0.0,2026-05-06 18:23:48.969
170,47474,0.24,0.0,0.0,2026-05-06 18:23:49.228
171,47804,0.275,0.0,0.0,2026-05-06 18:23:49.228
172,48100,0.31,0.0,0.0,2026-05-06 18:23:49.228
173,48320,0.31,0.0,0.0,2026-05-06 18:23:49.228
174,48585,0.35,0.0,0.0,2026-05-06 18:23:49.228
175,48803,0.35,0.0,0.0,2026-05-06 18:23:49.228
176,49042,0.35,0.0,0.0,2026-05-06 18:23:49.228
177,49373,0.35,0.0,0.0,2026-05-06 18:23:49.228
178,49476,0.35,0.0,0.0,2026-05-06 18:23:49.228
179,49807,0.35,0.0,0.0,2026-05-06 18:23:49.228
180,50023,0.35,0.0,0.0,2026-05-06 18:23:49.228
181,50242,0.35,0.0,0.0,2026-05-06 18:23:49.318
182,50480,0.35,0.0,0.0,2026-05-06 18:23:49.318
183,50811,0.35,0.0,0.0,2026-05-06 18:23:49.318
184,50857,0.35,0.0,0.0,2026-05-06 18:23:49.318
185,51465,0.35,0.0,0.0,2026-05-06 18:23:49.410
186,51682,0.35,0.0,0.0,2026-05-06 18:23:49.410
187,51954,0.35,0.0,0.0,2026-05-06 18:23:49.410
188,52172,0.35,0.0,0.0,2026-05-06 18:23:49.410
189,52745,0.35,0.0,0.0,2026-05-06 18:23:49.723
190,52848,0.35,0.0,0.0,2026-05-06 18:23:49.723
191,53180,0.35,0.0,0.0,2026-05-06 18:23:49.723
192,53396,0.35,0.0,0.0,2026-05-06 18:23:49.723
193,53638,0.35,0.0,0.0,2026-05-06 18:23:49.723
194,53867,0.35,0.0,0.0,2026-05-06 18:23:49.723
195,54199,0.35,0.0,0.0,2026-05-06 18:23:49.723
196,54244,0.35,0.0,0.0,2026-05-06 18:23:49.723
197,54576,0.35,0.0,0.0,2026-05-06 18:23:49.723
198,54849,0.35,0.0,0.0,2026-05-06 18:23:49.723
199,55068,0.35,0.0,0.0,2026-05-06 18:23:49.723
200,55307,0.35,0.0,0.0,2026-05-06 18:23:49.723
201,55525,0.35,0.0,0.0,2026-05-06 18:23:49.723
202,55764,0.35,0.0,0.0,2026-05-06 18:23:49.723
203,56095,0.35,0.0,0.0,2026-05-06 18:23:49.837
204,56256,0.35,0.0,0.0,2026-05-06 18:23:49.837
205,56473,0.35,0.0,0.0,2026-05-06 18:23:49.837
206,56747,0.35,0.0,0.0,2026-05-06 18:23:49.837
207,56965,0.35,0.0,0.0,2026-05-06 18:23:49.837
208,57204,0.35,0.0,0.0,2026-05-06 18:23:50.185
209,57539,0.35,0.0,0.0,2026-05-06 18:23:50.185
210,57585,0.35,0.0,0.0,2026-05-06 18:23:50.185
211,57919,0.35,0.0,0.0,2026-05-06 18:23:50.185
212,58191,0.35,0.0,0.0,2026-05-06 18:23:50.185
213,58410,0.35,0.0,0.0,2026-05-06 18:23:50.185
214,58708,0.35,0.0,0.0,2026-05-06 18:23:50.185
215,58926,0.35,0.0,0.0,2026-05-06 18:23:50.185
216,59142,0.35,0.0,0.0,2026-05-06 18:23:50.185
217,59475,0.35,0.0,0.0,2026-05-06 18:23:50.185
218,59632,0.35,0.0,0.0,2026-05-06 18:23:50.185
219,59851,0.35,0.0,0.0,2026-05-06 18:23:50.185
220,60124,0.35,0.0,0.0,2026-05-06 18:23:50.185
221,60341,0.35,0.0,0.0,2026-05-06 18:23:50.185
222,60617,0.35,0.0,0.0,2026-05-06 18:23:50.185
223,60948,0.35,0.0,0.0,2026-05-06 18:23:50.185
224,60994,0.35,0.0,0.0,2026-05-06 18:23:50.185
225,61326,0.35,0.0,0.0,2026-05-06 18:23:50.285
226,61565,0.35,0.0,0.0,2026-05-06 18:23:50.285
227,61784,0.35,0.0,0.0,2026-05-06 18:23:50.285
228,62198,0.35,0.0,0.0,2026-05-06 18:23:50.285
229,62494,0.35,0.0,0.0,2026-05-06 18:23:50.344
230,62825,0.35,0.0,0.0,2026-05-06 18:23:50.344
231,62984,0.35,0.0,0.0,2026-05-06 18:23:50.427
232,63201,0.35,0.0,0.0,2026-05-06 18:23:50.427
233,63473,0.35,0.0,0.0,2026-05-06 18:23:50.427
234,63691,0.35,0.0,0.0,2026-05-06 18:23:50.427
235,63963,0.35,0.0,0.0,2026-05-06 18:23:50.585
236,64293,0.35,0.0,0.0,2026-05-06 18:23:50.585
237,64340,0.35,0.0,0.0,2026-05-06 18:23:50.585
238,64678,0.35,0.0,0.0,2026-05-06 18:23:50.585
239,64916,0.35,0.0,0.0,2026-05-06 18:23:50.585
240,65134,0.35,0.0,0.0,2026-05-06 18:23:50.585
241,65430,0.35,0.0,0.0,2026-05-06 18:23:50.585
242,65650,0.35,0.0,0.0,2026-05-06 18:23:50.585
243,65832,0.35,0.0,0.0,2026-05-06 18:23:50.727
244,66164,0.35,0.0,0.0,2026-05-06 18:23:50.727
245,66323,0.35,0.0,0.0,2026-05-06 18:23:50.727
246,66542,0.35,0.0,0.0,2026-05-06 18:23:50.727
247,66780,0.35,0.0,0.0,2026-05-06 18:23:50.727
248,66997,0.35,0.0,0.0,2026-05-06 18:23:50.727
249,67269,0.35,0.0,0.0,2026-05-06 18:23:50.727
250,67604,0.35,0.0,0.0,2026-05-06 18:23:50.759
251,67651,0.3462,0.0,0.0,2026-05-06 18:23:50.759
252,67983,0.3454,0.0,0.0,2026-05-06 18:23:50.968
253,68221,0.337,0.0,0.0,2026-05-06 18:23:50.968
254,68440,0.337,0.0,0.0,2026-05-06 18:23:50.968
255,68739,0.3188,0.0,0.0,2026-05-06 18:23:50.968
256,68957,0.3188,0.0,0.0,2026-05-06 18:23:50.968
257,69173,0.2893,0.0,0.0,2026-05-06 18:23:50.968
258,69509,0.2836,0.0,0.0,2026-05-06 18:23:50.968
259,69615,0.2401,0.0,0.0,2026-05-06 18:23:50.968
260,69948,0.2312,0.0,0.0,2026-05-06 18:23:50.968
261,70130,0.1608,0.0,0.0,2026-05-06 18:23:50.968
262,70350,0.1608,0.0,0.0,2026-05-06 18:23:51.238
263,70588,0.0938,0.0,0.0,2026-05-06 18:23:51.238
264,70923,0.0858,0.0,0.0,2026-05-06 18:23:51.238
265,70969,0.0483,0.0,0.0,2026-05-06 18:23:51.238
266,71301,0.0436,0.0,0.0,2026-05-06 18:23:51.238
267,71540,0.0201,0.0,0.0,2026-05-06 18:23:51.238
268,71758,0.0201,0.0,0.0,2026-05-06 18:23:51.238
269,71997,0.0065,0.0,0.0,2026-05-06 18:23:51.238
270,72214,0.0065,0.0,0.0,2026-05-06 18:23:51.238
271,72486,0.0007,0.0,0.0,2026-05-06 18:23:51.238
272,72817,0.0001,0.0,0.0,2026-05-06 18:23:51.238
273,72863,0.0,0.0,0.0,2026-05-06 18:23:51.238
274,73084,0.0,0.0,0.0,2026-05-06 18:23:51.238
275,73322,0.0,0.0,0.0,2026-05-06 18:23:51.336
276,73543,0.0,0.0,0.0,2026-05-06 18:23:51.336
277,73764,0.0,0.0,0.0,2026-05-06 18:23:51.336
278,73811,0.0,0.0,0.0,2026-05-06 18:23:51.336
279,74032,0.0,0.0,0.0,2026-05-06 18:23:51.336
280,74269,0.0,0.0,0.0,2026-05-06 18:23:51.336
281,74491,0.0,0.0,0.0,2026-05-06 18:23:51.402
282,74713,0.0,0.0,0.0,2026-05-06 18:23:51.402
283,74935,0.0,0.0,0.0,2026-05-06 18:23:51.402
284,75235,0.0,0.0,0.0,2026-05-06 18:23:51.402
285,75459,0.0,0.0,0.0,2026-05-06 18:23:51.446
286,75730,0.0,0.0,0.0,2026-05-06 18:23:51.552
287,75953,0.0,0.0,0.0,2026-05-06 18:23:51.552
288,76201,0.0,0.0,0.0,2026-05-06 18:23:51.552
289,76269,0.0,0.0,0.0,2026-05-06 18:23:51.552
290,76604,0.0,0.0,0.0,2026-05-06 18:23:51.552
291,76843,0.0,0.0,0.0,2026-05-06 18:23:51.552
292,77063,0.0,0.0,0.0,2026-05-06 18:23:51.952
293,77301,0.0,0.0,0.0,2026-05-06 18:23:51.952
294,77519,0.0,0.0,0.0,2026-05-06 18:23:51.952
295,77645,0.0,0.0,0.0,2026-05-06 18:23:51.952
296,77977,0.0,0.0,0.0,2026-05-06 18:23:51.952
297,78215,0.0,0.0,0.0,2026-05-06 18:23:51.952
298,78434,0.0,0.0,0.0,2026-05-06 18:23:51.952
299,78673,0.0,0.0,0.0,2026-05-06 18:23:51.952
300,78892,0.0,0.0,0.0,2026-05-06 18:23:51.952
301,79133,0.0,0.0,0.0,2026-05-06 18:23:51.952
302,79352,0.0,0.0,0.0,2026-05-06 18:23:51.952
303,79481,0.0,0.0,0.0,2026-05-06 18:23:51.952
304,79813,0.0,0.0,0.0,2026-05-06 18:23:51.952
305,79938,0.0,0.0,0.0,2026-05-06 18:23:51.952
306,80270,0.0,0.0,0.0,2026-05-06 18:23:51.952
307,80509,0.0,0.0,0.0,2026-05-06 18:23:51.952
308,80728,0.0,0.0,0.0,2026-05-06 18:23:51.952
309,80858,0.0,0.0,0.0,2026-05-06 18:23:51.952
310,81300,0.0,0.0,0.0,2026-05-06 18:23:51.952
311,81458,0.0,0.0,0.0,2026-05-06 18:23:51.952
312,81677,0.0,0.0,0.0,2026-05-06 18:23:44.985
313,81918,0.0,0.0,0.0,2026-05-06 18:23:44.985
314,82137,0.0,0.0,0.0,2026-05-06 18:23:44.985
315,82376,0.0,0.0,0.0,2026-05-06 18:23:44.985
316,82595,0.0,0.0,0.0,2026-05-06 18:23:44.985
317,82833,0.0,0.0,0.0016,2026-05-06 18:23:44.985
318,83057,0.0,0.0,0.0016,2026-05-06 18:23:45.235
319,83295,0.0,0.0,0.0072,2026-05-06 18:23:45.235
320,83654,0.0,0.0,0.0166,2026-05-06 18:23:45.235
321,83993,0.0,0.0,0.0184,2026-05-06 18:23:45.235
322,84463,0.0,0.0,0.0352,2026-05-06 18:23:45.235
323,84700,0.0,0.0,0.0616,2026-05-06 18:23:45.235
324,85058,0.0,0.0,0.0973,2026-05-06 18:23:45.235
325,85400,0.0,0.0,0.1028,2026-05-06 18:23:45.235
326,85637,0.0,0.0,0.1393,2026-05-06 18:23:45.235
327,85866,0.0,0.0,0.1393,2026-05-06 18:23:45.235
328,86107,0.0,0.0,0.1666,2026-05-06 18:23:45.269
329,86464,0.0,0.0,0.1836,2026-05-06 18:23:45.406
330,86805,0.0,0.0,0.1854,2026-05-06 18:23:45.406
331,87043,0.0,0.0,0.1945,2026-05-06 18:23:45.406
332,87272,0.0,0.0,0.1945,2026-05-06 18:23:45.406
333,87629,0.0,0.0,0.2,2026-05-06 18:23:45.406
334,87871,0.0,0.0,0.2,2026-05-06 18:23:45.406
335,88100,0.0,0.0,0.2,2026-05-06 18:23:45.444
336,88457,0.0,0.0,0.2,2026-05-06 18:23:45.502
337,88686,0.0,0.0,0.2,2026-05-06 18:23:45.502
338,88927,0.0,0.0,0.2,2026-05-06 18:23:45.502
339,89406,0.0,0.0,0.2,2026-05-06 18:23:45.673
340,89993,0.0,0.0,0.2,2026-05-06 18:23:45.673
341,90467,0.0,0.0,0.2,2026-05-06 18:23:45.673
342,90825,0.0,0.0,0.2,2026-05-06 18:23:45.673
343,91054,0.0,0.0,0.2,2026-05-06 18:23:45.733
344,91411,0.0,0.0,0.2,2026-05-06 18:23:45.733
345,91769,0.0,0.0,0.2,2026-05-06 18:23:45.906
346,91998,0.0,0.0,0.2,2026-05-06 18:23:45.906
347,92236,0.0,0.0,0.2,2026-05-06 18:23:45.906
348,92593,0.0,0.0,0.2,2026-05-06 18:23:45.906
349,92935,0.0,0.0,0.2,2026-05-06 18:23:45.906
350,93173,0.0,0.0,0.2,2026-05-06 18:23:45.906
351,93402,0.0,0.0,0.2,2026-05-06 18:23:45.906
352,93643,0.0,0.0,0.2,2026-05-06 18:23:45.906
353,94114,0.0,0.0,0.2,2026-05-06 18:23:46.120
354,94343,0.0,0.0,0.2,2026-05-06 18:23:46.120
355,94581,0.0,0.0,0.2,2026-05-06 18:23:46.120
356,94810,0.0,0.0,0.2,2026-05-06 18:23:46.120
357,95048,0.0,0.0,0.2,2026-05-06 18:23:46.120
358,95521,0.0,0.0,0.2,2026-05-06 18:23:46.120
359,95750,0.0,0.0,0.2,2026-05-06 18:23:46.120
360,95988,0.0,0.0,0.2,2026-05-06 18:23:46.120
361,96346,0.0,0.0,0.2,2026-05-06 18:23:46.166
362,96688,0.0,0.0,0.2,2026-05-06 18:23:46.203
363,96926,0.0,0.0,0.2,2026-05-06 18:23:46.203
364,97155,0.0,0.0,0.2,2026-05-06 18:23:46.353
365,97393,0.0,0.0,0.2,2026-05-06 18:23:46.353
366,97750,0.0,0.0,0.2,2026-05-06 18:23:46.353
367,98092,0.0,0.0,0.2,2026-05-06 18:23:46.353
368,98330,0.0,0.0,0.2,2026-05-06 18:23:46.353
369,98559,0.0,0.0,0.2,2026-05-06 18:23:46.353
370,98683,0.0,0.0,0.2,2026-05-06 18:23:46.353
371,99025,0.0,0.0,0.2,2026-05-06 18:23:46.460
372,99264,0.0,0.0,0.2,2026-05-06 18:23:46.460
373,99493,0.0,0.0,0.2,2026-05-06 18:23:46.460
374,99731,0.0,0.0,0.2,2026-05-06 18:23:46.460
375,100211,0.0,0.0,0.2,2026-05-06 18:23:46.619
376,100679,0.0,0.0,0.2,2026-05-06 18:23:46.619
377,100908,0.0,0.0,0.2,2026-05-06 18:23:46.619
378,101146,0.0,0.0,0.2,2026-05-06 18:23:46.619
379,101625,0.0,0.0,0.2,2026-05-06 18:23:46.619
380,102093,0.0,0.0,0.2,2026-05-06 18:23:46.778
381,102322,0.0,0.0,0.2,2026-05-06 18:23:46.778
382,102449,0.0,0.0,0.2,2026-05-06 18:23:46.778
383,102791,0.0,0.0,0.2,2026-05-06 18:23:46.778
384,103029,0.0,0.0,0.2,2026-05-06 18:23:46.778
385,103258,0.0,0.0,0.2,2026-05-06 18:23:46.778
386,103556,0.0,0.0,0.2,2026-05-06 18:23:46.778
387,103787,0.0,0.0,0.2,2026-05-06 18:23:47.235
388,103849,0.0,0.0,0.2,2026-05-06 18:23:47.235
389,104078,0.0,0.0,0.2,2026-05-06 18:23:47.235
390,104437,0.0,0.0,0.2,2026-05-06 18:23:47.235
391,104907,0.0,0.0,0.2,2026-05-06 18:23:47.235
392,105377,0.0,0.0,0.2,2026-05-06 18:23:47.235
393,105606,0.0,0.0,0.2,2026-05-06 18:23:47.235
394,105844,0.0,0.0,0.2,2026-05-06 18:23:47.235
395,106318,0.0,0.0,0.2,2026-05-06 18:23:47.235
396,106547,0.0,0.0,0.2,2026-05-06 18:23:47.235
397,107149,0.0,0.0,0.2,2026-05-06 18:23:47.235
398,107491,0.0,0.0,0.2,2026-05-06 18:23:47.235
399,107732,0.0,0.0,0.2,2026-05-06 18:23:47.235
400,107961,0.0,0.0,0.2,2026-05-06 18:23:47.235
401,108199,0.0,0.0,0.2,2026-05-06 18:23:47.235
402,108676,0.0,0.0,0.2,2026-05-06 18:23:47.235
403,109143,0.0,0.0,0.2,2026-05-06 18:23:47.360
404,109372,0.0,0.0,0.2,2026-05-06 18:23:47.360
405,109670,0.0,0.0,0.2,2026-05-06 18:23:47.360
406,109901,0.0,0.0,0.2,2026-05-06 18:23:47.360
407,109962,0.0,0.0,0.2,2026-05-06 18:23:47.360
408,110191,0.0,0.0,0.2,2026-05-06 18:23:47.360
409,110546,0.0,0.0,0.2,2026-05-06 18:23:47.635
410,110775,0.0,0.0,0.2,2026-05-06 18:23:47.635
411,110900,0.0,0.0,0.2,2026-05-06 18:23:47.635
412,111242,0.0,0.0,0.2,2026-05-06 18:23:47.635
413,111480,0.0,0.0,0.2,2026-05-06 18:23:47.635
414,111709,0.0,0.0,0.2,2026-05-06 18:23:47.635
415,111834,0.0,0.0,0.2,2026-05-06 18:23:47.635
416,112176,0.0,0.0,0.1995,2026-05-06 18:23:47.635
417,112414,0.0,0.0,0.193,2026-05-06 18:23:47.635
418,112643,0.0,0.0,0.193,2026-05-06 18:23:47.635
419,112941,0.0,0.0,0.175,2026-05-06 18:23:47.635
420,113172,0.0,0.0,0.1706,2026-05-06 18:23:47.635
421,113416,0.0,0.0,0.1299,2026-05-06 18:23:47.635
422,113647,0.0,0.0,0.1205,2026-05-06 18:23:47.668
423,113936,0.0,0.0,0.0513,2026-05-06 18:23:47.820
424,114410,0.0,0.0,0.0143,2026-05-06 18:23:47.820
425,114773,0.0027,0.0,0.0021,2026-05-06 18:23:47.820
426,115239,0.0086,0.0,0.0,2026-05-06 18:23:47.820
427,115462,0.0086,0.0,0.0,2026-05-06 18:23:47.820
428,115704,0.0169,0.0,0.0,2026-05-06 18:23:47.886
429,115927,0.0169,0.0,0.0,2026-05-06 18:23:47.886
430,116165,0.0269,0.0,0.0,2026-05-06 18:23:47.886
431,116633,0.0404,0.0,0.0,2026-05-06 18:23:47.961
432,116857,0.0404,0.0,0.0,2026-05-06 18:23:47.961
433,117095,0.0614,0.0,0.0,2026-05-06 18:23:47.961
434,117319,0.0614,0.0,0.0,2026-05-06 18:23:48.619
435,117557,0.0858,0.0,0.0,2026-05-06 18:23:48.619
436,117914,0.1163,0.0,0.0,2026-05-06 18:23:48.619
437,118247,0.1211,0.0,0.0,2026-05-06 18:23:48.619
438,118488,0.01,0.0,0.0,2026-05-06 18:23:48.619
439,118708,0.01,0.0,0.0,2026-05-06 18:23:48.619
440,118947,0.035,0.0,0.0,2026-05-06 18:23:48.619
441,119280,0.005,0.0,0.0,2026-05-06 18:23:48.619
442,119553,0.015,0.0,0.0,2026-05-06 18:23:48.619
443,119904,0.05,0.0,0.0,2026-05-06 18:23:48.619
444,120123,0.05,0.0,0.0,2026-05-06 18:23:48.619
445,120361,0.09,0.0,0.0,2026-05-06 18:23:48.619
446,120580,0.09,0.0,0.0,2026-05-06 18:23:48.619
447,120819,0.125,0.0,0.0,2026-05-06 18:23:48.619
448,121153,0.13,0.0,0.0,2026-05-06 18:23:48.619
449,121256,0.16,0.0,0.0,2026-05-06 18:23:48.619
450,121587,0.165,0.0,0.0,2026-05-06 18:23:48.619
451,121803,0.2,0.0,0.0,2026-05-06 18:23:48.619
452,122024,0.2,0.0,0.0,2026-05-06 18:23:48.619
453,122263,0.235,0.0,0.0,2026-05-06 18:23:48.619
454,122594,0.24,0.0,0.0,2026-05-06 18:23:48.619
455,122924,0.275,0.0,0.0,2026-05-06 18:23:48.619
456,123220,0.31,0.0,0.0,2026-05-06 18:23:48.619
457,123440,0.31,0.0,0.0,2026-05-06 18:23:48.619
458,123705,0.35,0.0,0.0,2026-05-06 18:23:48.619
459,123923,0.35,0.0,0.0,2026-05-06 18:23:48.619
460,124162,0.35,0.0,0.0,2026-05-06 18:23:48.619
461,124493,0.35,0.0,0.0,2026-05-06 18:23:48.619
462,124596,0.35,0.0,0.0,2026-05-06 18:23:48.619
463,124927,0.35,0.0,0.0,2026-05-06 18:23:48.719
464,125143,0.35,0.0,0.0,2026-05-06 18:23:48.719
465,125362,0.35,0.0,0.0,2026-05-06 18:23:48.719
466,125600,0.35,0.0,0.0,2026-05-06 18:23:48.719
467,125931,0.35,0.0,0.0,2026-05-06 18:23:48.911
468,125977,0.35,0.0,0.0,2026-05-06 18:23:48.911
469,126585,0.35,0.0,0.0,2026-05-06 18:23:48.911
470,126802,0.35,0.0,0.0,2026-05-06 18:23:48.911
471,127074,0.35,0.0,0.0,2026-05-06 18:23:48.911
472,127292,0.35,0.0,0.0,2026-05-06 18:23:48.911
473,127865,0.35,0.0,0.0,2026-05-06 18:23:48.911
474,127968,0.35,0.0,0.0,2026-05-06 18:23:48.911
475,128300,0.35,0.0,0.0,2026-05-06 18:23:48.969
476,128516,0.35,0.0,0.0,2026-05-06 18:23:48.969
477,128758,0.35,0.0,0.0,2026-05-06 18:23:49.228
478,128987,0.35,0.0,0.0,2026-05-06 18:23:49.228
479,129319,0.35,0.0,0.0,2026-05-06 18:23:49.228
480,129364,0.35,0.0,0.0,2026-05-06 18:23:49.228
481,129696,0.35,0.0,0.0,2026-05-06 18:23:49.228
482,129969,0.35,0.0,0.0,2026-05-06 18:23:49.228
483,130188,0.35,0.0,0.0,2026-05-06 18:23:49.228
484,130427,0.35,0.0,0.0,2026-05-06 18:23:49.228
485,130645,0.35,0.0,0.0,2026-05-06 18:23:49.228
486,130884,0.35,0.0,0.0,2026-05-06 18:23:49.228
487,131215,0.35,0.0,0.0,2026-05-06 18:23:49.228
488,131376,0.35,0.0,0.0,2026-05-06 18:23:49.228
489,131593,0.35,0.0,0.0,2026-05-06 18:23:49.228
490,131867,0.35,0.0,0.0,2026-05-06 18:23:49.318
491,132085,0.35,0.0,0.0,2026-05-06 18:23:49.318
492,132324,0.35,0.0,0.0,2026-05-06 18:23:49.318
493,132659,0.35,0.0,0.0,2026-05-06 18:23:49.318
494,132705,0.35,0.0,0.0,2026-05-06 18:23:49.318
495,133039,0.35,0.0,0.0,2026-05-06 18:23:49.410
496,133311,0.35,0.0,0.0,2026-05-06 18:23:49.410
497,133530,0.35,0.0,0.0,2026-05-06 18:23:49.410
498,133828,0.35,0.0,0.0,2026-05-06 18:23:49.723
499,134046,0.35,0.0,0.0,2026-05-06 18:23:49.723
500,134262,0.35,0.0,0.0,2026-05-06 18:23:49.723
501,134595,0.35,0.0,0.0,2026-05-06 18:23:49.723
502,134752,0.35,0.0,0.0,2026-05-06 18:23:49.723
503,134971,0.35,0.0,0.0,2026-05-06 18:23:49.723
504,135244,0.35,0.0,0.0,2026-05-06 18:23:49.723
505,135461,0.35,0.0,0.0,2026-05-06 18:23:49.723
506,135737,0.35,0.0,0.0,2026-05-06 18:23:49.723
507,136068,0.35,0.0,0.0,2026-05-06 18:23:49.723
508,136114,0.35,0.0,0.0,2026-05-06 18:23:49.723
509,136446,0.35,0.0,0.0,2026-05-06 18:23:49.723
510,136685,0.35,0.0,0.0,2026-05-06 18:23:49.723
511,136904,0.35,0.0,0.0,2026-05-06 18:23:49.723
512,137318,0.35,0.0,0.0,2026-05-06 18:23:49.723
513,137614,0.35,0.0,0.0,2026-05-06 18:23:49.837
514,137945,0.35,0.0,0.0,2026-05-06 18:23:49.837
515,138104,0.35,0.0,0.0,2026-05-06 18:23:49.837
516,138321,0.35,0.0,0.0,2026-05-06 18:23:49.837
517,138593,0.35,0.0,0.0,2026-05-06 18:23:49.837
518,138811,0.35,0.0,0.0,2026-05-06 18:23:50.185
519,139083,0.35,0.0,0.0,2026-05-06 18:23:50.185
520,139413,0.35,0.0,0.0,2026-05-06 18:23:50.185
521,139460,0.35,0.0,0.0,2026-05-06 18:23:50.185
522,139798,0.35,0.0,0.0,2026-05-06 18:23:50.185
523,140036,0.35,0.0,0.0,2026-05-06 18:23:50.185
524,140254,0.35,0.0,0.0,2026-05-06 18:23:50.185
525,140550,0.35,0.0,0.0,2026-05-06 18:23:50.185
526,140770,0.35,0.0,0.0,2026-05-06 18:23:50.185
527,140952,0.35,0.0,0.0,2026-05-06 18:23:50.185
528,141284,0.35,0.0,0.0,2026-05-06 18:23:50.185
529,141443,0.35,0.0,0.0,2026-05-06 18:23:50.185
530,141662,0.35,0.0,0.0,2026-05-06 18:23:50.185
531,141900,0.35,0.0,0.0,2026-05-06 18:23:50.185
532,142117,0.35,0.0,0.0,2026-05-06 18:23:50.185
533,142389,0.35,0.0,0.0,2026-05-06 18:23:50.185
534,142724,0.35,0.0,0.0,2026-05-06 18:23:50.285
535,142771,0.3462,0.0,0.0,2026-05-06 18:23:50.285
536,143103,0.3454,0.0,0.0,2026-05-06 18:23:50.285
537,143341,0.337,0.0,0.0,2026-05-06 18:23:50.285
538,143560,0.337,0.0,0.0,2026-05-06 18:23:50.285
539,143859,0.3188,0.0,0.0,2026-05-06 18:23:50.344
540,144077,0.3188,0.0,0.0,2026-05-06 18:23:50.344
541,144293,0.2893,0.0,0.0,2026-05-06 18:23:50.344
542,144629,0.2836,0.0,0.0,2026-05-06 18:23:50.427
543,144735,0.2401,0.0,0.0,2026-05-06 18:23:50.427
544,145068,0.2312,0.0,0.0,2026-05-06 18:23:50.427
545,145250,0.1608,0.0,0.0,2026-05-06 18:23:50.427
546,145470,0.1608,0.0,0.0,2026-05-06 18:23:50.585
547,145708,0.0938,0.0,0.0,2026-05-06 18:23:50.585
548,146043,0.0858,0.0,0.0,2026-05-06 18:23:50.585
549,146089,0.0483,0.0,0.0,2026-05-06 18:23:50.585
550,146421,0.0436,0.0,0.0,2026-05-06 18:23:50.585
551,146660,0.0201,0.0,0.0,2026-05-06 18:23:50.585
552,146878,0.0201,0.0,0.0,2026-05-06 18:23:50.585
553,147117,0.0065,0.0,0.0,2026-05-06 18:23:50.585
554,147334,0.0065,0.0,0.0,2026-05-06 18:23:50.585
555,147606,0.0007,0.0,0.0,2026-05-06 18:23:50.727
556,147937,0.0001,0.0,0.0,2026-05-06 18:23:50.727
557,147983,0.0,0.0,0.0,2026-05-06 18:23:50.727
558,148204,0.0,0.0,0.0,2026-05-06 18:23:50.727
559,148442,0.0,0.0,0.0,2026-05-06 18:23:50.727
560,148663,0.0,0.0,0.0,2026-05-06 18:23:50.727
561,148884,0.0,0.0,0.0,2026-05-06 18:23:50.727
562,148931,0.0,0.0,0.0,2026-05-06 18:23:50.727
563,149152,0.0,0.0,0.0,2026-05-06 18:23:50.759
564,149389,0.0,0.0,0.0,2026-05-06 18:23:50.968
565,149611,0.0,0.0,0.0,2026-05-06 18:23:50.968
566,149833,0.0,0.0,0.0,2026-05-06 18:23:50.968
567,150055,0.0,0.0,0.0,2026-05-06 18:23:50.968
568,150398,0.0,0.0,0.0,2026-05-06 18:23:50.968
569,150446,0.0,0.0,0.0,2026-05-06 18:23:50.968
570,150667,0.0,0.0,0.0,2026-05-06 18:23:50.968
571,150904,0.0,0.0,0.0,2026-05-06 18:23:50.968
572,151126,0.0,0.0,0.0,2026-05-06 18:23:50.968
573,155618,-0.0015,0.0,-0.0555,2026-05-06 18:23:51.336
574,155965,-0.3462,0.0,-0.0473,2026-05-06 18:23:51.336
575,156188,-0.3462,0.0,-0.0473,2026-05-06 18:23:51.402
576,156534,-0.0015,0.0,-0.0399,2026-05-06 18:23:51.402
577,156885,-0.005,0.0,-0.0335,2026-05-06 18:23:51.446
578,157113,-0.005,0.0,-0.0335,2026-05-06 18:23:51.446
579,157462,-0.01,0.0,-0.0279,2026-05-06 18:23:51.552
580,157810,-0.015,0.0,-0.0231,2026-05-06 18:23:51.552
581,158166,-0.0208,0.0,-0.0062,2026-05-06 18:23:51.552
582,158394,-0.0208,0.0,-0.0062,2026-05-06 18:23:51.552
583,158515,-0.0298,0.0,-0.0002,2026-05-06 18:23:51.552
584,158866,-0.0313,0.0,-0.0007,2026-05-06 18:23:51.952
585,159289,-0.0523,0.0,-0.0055,2026-05-06 18:23:51.952
586,159642,-0.0823,0.0,-0.0121,2026-05-06 18:23:51.952
587,159871,-0.0873,0.0,-0.0136,2026-05-06 18:23:51.952
588,160056,-0.1173,0.0,-0.0187,2026-05-06 18:23:51.952
589,160536,-0.1022,0.0,0.0,2026-05-06 18:23:51.952
590,160761,-0.1022,0.0,0.0,2026-05-06 18:23:51.952
591,161181,-0.0483,0.0,0.0,2026-05-06 18:23:51.952
592,161480,-0.0226,0.0,0.0,2026-05-06 18:23:51.952
593,161959,-0.009,0.0,0.0,2026-05-06 18:23:51.952
594,162185,-0.009,0.0,0.0,2026-05-06 18:23:51.952
595,162428,-0.0013,0.0,0.0,2026-05-06 18:23:51.952
596,162654,-0.0013,0.0,0.0,2026-05-06 18:23:51.952
597,162776,0.0,0.0,0.0,2026-05-06 18:23:51.952
598,163000,0.0,0.0,0.0,2026-05-06 18:23:51.952
599,163233,0.0,0.0,0.0,2026-05-06 18:46:39.581
600,163454,0.0,0.0,0.0,2026-05-06 18:46:39.581
601,163675,0.0,0.0,0.0,2026-05-06 18:46:39.581
602,163728,0.0,0.0,0.0,2026-05-06 18:46:39.581
603,164072,0.0005,0.0,0.0,2026-05-06 18:46:39.581
604,164194,0.0034,0.0,0.0,2026-05-06 18:46:40.455
605,164533,0.004,0.0,0.0,2026-05-06 18:46:43.459
606,164776,0.0095,0.0,0.0,2026-05-06 18:46:45.455
607,164994,0.0095,0.0,0.0,2026-05-06 18:46:48.452
608,165237,0.0169,0.0,0.0,2026-05-06 18:46:50.464
609,165880,0.0286,0.0,0.0,2026-05-06 18:46:52.502
610,166177,0.0427,0.0,0.0,2026-05-06 18:46:52.502
611,166394,0.0427,0.0,0.0,2026-05-06 18:46:52.598
612,166637,0.0645,0.0,0.0,2026-05-06 18:46:52.661
613,166855,0.0645,0.0,0.0,2026-05-06 18:46:52.739
614,167098,0.0898,0.0,0.0,2026-05-06 18:46:52.802
615,167570,0.1211,0.0,0.0,2026-05-06 18:46:52.976
616,167789,0.1211,0.0,0.0,2026-05-06 18:46:53.022
617,168033,0.1628,0.0,0.0,2026-05-06 18:46:53.162
618,168252,0.1628,0.0,0.0,2026-05-06 18:46:53.443
619,168494,0.2011,0.0,0.0,2026-05-06 18:46:53.537
620,168847,0.237,0.0,0.0,2026-05-06 18:46:54.307
621,169185,0.2418,0.0,0.0,2026-05-06 18:46:54.372
622,169428,0.2715,0.0,0.0,2026-05-06 18:46:54.418
623,169646,0.2715,0.0,0.0,2026-05-06 18:46:54.591
624,169946,0.291,0.0,0.0,2026-05-06 18:46:55.461
625,170165,0.291,0.0,0.0,2026-05-06 18:46:56.438
626,170351,0.285,0.0,0.0,2026-05-06 18:46:56.438
627,170827,0.2729,0.0,0.0,2026-05-06 18:46:56.438
628,171046,0.2729,0.0,0.0,2026-05-06 18:46:56.438
629,171289,0.2435,0.0,0.0,2026-05-06 18:46:56.438
630,171508,0.2435,0.0,0.0,2026-05-06 18:46:56.438
631,171752,0.1939,0.0,-0.0016,2026-05-06 18:46:56.438
632,172228,0.1234,0.0,-0.0072,2026-05-06 18:46:56.438
633,172450,0.1234,0.0,-0.0072,2026-05-06 18:46:56.438
634,172694,0.0614,0.0,-0.0166,2026-05-06 18:46:56.438
635,173170,0.026,0.0,-0.0323,2026-05-06 18:46:56.438
636,173395,0.026,0.0,-0.0323,2026-05-06 18:46:56.438
637,173638,0.0093,0.0,-0.0572,2026-05-06 18:46:56.438
638,174184,0.0016,0.0,-0.0918,2026-05-06 18:46:56.438
639,174412,0.0016,0.0,-0.0918,2026-05-06 18:46:56.438
640,174772,0.0,0.0,-0.1345,2026-05-06 18:46:56.438
641,175130,0.0,0.0,-0.1634,2026-05-06 18:46:56.438
642,175362,0.0,0.0,-0.1666,2026-05-06 18:46:56.438
643,175543,0.0,0.0,-0.1817,2026-05-06 18:46:56.438
644,175773,0.0,0.0,-0.1817,2026-05-06 18:46:56.438
645,176015,0.0,0.0,-0.1935,2026-05-06 18:46:56.438
646,176244,0.0,0.0,-0.1935,2026-05-06 18:46:56.438
647,176487,0.0,0.0,-0.1991,2026-05-06 18:46:56.438
648,176904,0.0,0.0,-0.2,2026-05-06 18:46:56.438
649,177251,0.0,0.0,-0.2,2026-05-06 18:46:56.438
650,177434,0.0,0.0,-0.2,2026-05-06 18:46:56.438
651,177659,0.0,0.0,-0.2,2026-05-06 18:46:56.438
652,177903,0.0,0.0,-0.2,2026-05-06 18:46:56.438
653,178263,0.0,0.0,-0.2,2026-05-06 18:46:57.161
654,178610,0.0,0.0,-0.2,2026-05-06 18:46:57.161
655,178854,0.0,0.0,-0.2,2026-05-06 18:46:57.161
656,179081,0.0,0.0,-0.2,2026-05-06 18:46:57.161
657,179324,0.0,0.0,-0.2,2026-05-06 18:46:57.161
658,179682,0.0,0.0,-0.2,2026-05-06 18:46:57.161
659,180031,0.0,0.0,-0.2,2026-05-06 18:46:57.161
660,180274,0.0,0.0,-0.2,2026-05-06 18:46:57.161
661,180502,0.0,0.0,-0.2,2026-05-06 18:46:57.161
662,180744,0.0,0.0,-0.2,2026-05-06 18:46:57.161
663,181222,0.0,0.0,-0.2,2026-05-06 18:46:57.161
664,181702,0.0,0.0,-0.2,2026-05-06 18:46:57.161
665,181930,0.0,0.0,-0.2,2026-05-06 18:46:57.161
666,182172,0.0,0.0,-0.2,2026-05-06 18:46:57.161
667,182711,0.0,0.0,-0.2,2026-05-06 18:46:57.161
668,182941,0.0,0.0,-0.2,2026-05-06 18:46:57.161
669,183121,0.0,0.0,-0.2,2026-05-06 18:46:57.161
670,183349,0.0,0.0,-0.2,2026-05-06 18:46:57.161
671,183649,0.0,0.0,-0.2,2026-05-06 18:46:57.161
672,183879,0.0,0.0,-0.2,2026-05-06 18:46:57.161
673,184061,0.0,0.0,-0.1995,2026-05-06 18:46:57.161
674,184289,0.0,0.0,-0.1995,2026-05-06 18:46:57.161
675,184650,0.0,0.0,-0.1914,2026-05-06 18:46:57.161
676,184888,0.0,0.0,-0.175,2026-05-06 18:46:57.161
677,185237,0.0,0.0,-0.1706,2026-05-06 18:46:57.161
678,185480,0.0,0.0,-0.1205,2026-05-06 18:46:57.161
679,185711,0.0,0.0,-0.1205,2026-05-06 18:46:57.161
680,185832,0.0027,0.0,-0.0599,2026-05-06 18:46:57.161
681,186181,0.0034,0.0,-0.0513,2026-05-06 18:46:57.866
682,186424,0.0086,0.0,-0.0143,2026-05-06 18:46:57.866
683,186652,0.0086,0.0,-0.0143,2026-05-06 18:46:57.866
684,186830,0.0145,0.0,-0.0031,2026-05-06 18:46:57.866
685,187374,0.0253,0.0,0.0,2026-05-06 18:46:57.866
686,187597,0.0253,0.0,0.0,2026-05-06 18:46:57.866
687,187955,0.0404,0.0,0.0,2026-05-06 18:46:57.866
688,188311,0.0584,0.0,0.0,2026-05-06 18:46:57.866
689,188786,0.082,0.0,0.0,2026-05-06 18:46:57.866
690,189009,0.082,0.0,0.0,2026-05-06 18:46:57.866
691,189251,0.1163,0.0,0.0,2026-05-06 18:46:57.866
692,189474,0.1163,0.0,0.0,2026-05-06 18:46:57.866
693,189716,0.152,0.0,0.0,2026-05-06 18:46:57.866
694,190070,0.0001,0.0,0.0,2026-05-06 18:46:57.866
695,190409,0.0016,0.0,0.0,2026-05-06 18:46:57.866
696,190652,0.0121,0.0,0.0,2026-05-06 18:46:57.866
697,190872,0.0121,0.0,0.0,2026-05-06 18:46:57.866
698,191116,0.0346,0.0,0.0,2026-05-06 18:46:57.866
699,191336,0.0346,0.0,0.0,2026-05-06 18:46:57.866
700,191579,0.0696,0.0,0.0,2026-05-06 18:46:57.866
701,192054,0.1046,0.0,0.0,2026-05-06 18:46:57.866
702,192273,0.1046,0.0,0.0,2026-05-06 18:46:57.866
703,192516,0.1446,0.0,0.0,2026-05-06 18:46:57.866
704,192735,0.1446,0.0,0.0,2026-05-06 18:46:57.866
705,192978,0.1796,0.0,0.0,2026-05-06 18:46:57.866
706,193334,0.2146,0.0,0.0,2026-05-06 18:46:57.866
707,193674,0.2196,0.0,0.0,2026-05-06 18:46:57.866
708,193918,0.2546,0.0,0.0,2026-05-06 18:46:57.866
709,194138,0.2546,0.0,0.0,2026-05-06 18:46:58.576
710,194380,0.2896,0.0,0.0,2026-05-06 18:46:58.576
711,194855,0.3296,0.0,0.0,2026-05-06 18:46:58.576
712,195327,0.35,0.0,0.0,2026-05-06 18:46:58.576
713,195545,0.35,0.0,0.0,2026-05-06 18:46:58.576
714,195788,0.35,0.0,0.0,2026-05-06 18:46:58.576
715,196008,0.35,0.0,0.0,2026-05-06 18:46:58.576
716,196251,0.35,0.0,0.0,2026-05-06 18:46:58.576
717,196517,0.35,0.0,0.0,2026-05-06 18:46:58.576
718,196642,0.35,0.0,0.0,2026-05-06 18:46:58.576
719,196981,0.35,0.0,0.0,2026-05-06 18:46:58.576
720,197168,0.3495,0.0,0.0,2026-05-06 18:46:58.576
721,197387,0.3495,0.0,0.0,2026-05-06 18:46:58.576
722,197630,0.3445,0.0,0.0,2026-05-06 18:46:58.576
723,198231,0.3335,0.0,0.0,2026-05-06 18:46:58.576
724,198586,0.3155,0.0,0.0,2026-05-06 18:46:58.576
725,198804,0.3155,0.0,0.0,2026-05-06 18:46:58.576
726,199047,0.2831,0.0,0.0,2026-05-06 18:46:58.576
727,199264,0.2831,0.0,0.0,2026-05-06 18:46:58.576
728,199508,0.2792,0.0,0.0,2026-05-06 18:46:58.576
729,199916,0.2746,0.0,0.0,2026-05-06 18:46:58.576
730,200254,0.2739,0.0,0.0,2026-05-06 18:46:58.576
731,200441,0.2683,0.0,0.0,2026-05-06 18:46:58.576
732,200663,0.2683,0.0,0.0,2026-05-06 18:46:58.576
733,200906,0.2617,0.0,0.0,2026-05-06 18:46:58.576
734,201551,0.2526,0.0,0.0,2026-05-06 18:46:58.576
735,201848,0.2431,0.0,0.0,2026-05-06 18:46:58.576
736,202066,0.2431,0.0,0.0,2026-05-06 18:46:58.576
737,202309,0.2301,0.0,0.0,2026-05-06 18:46:59.287
738,202526,0.2301,0.0,0.0,2026-05-06 18:46:59.287
739,202770,0.2164,0.0,0.0,2026-05-06 18:46:59.287
740,203238,0.2004,0.0,0.0,2026-05-06 18:46:59.287
741,203713,0.1788,0.0,0.0,2026-05-06 18:46:59.287
742,203933,0.1788,0.0,0.0,2026-05-06 18:46:59.287
743,204176,0.1565,0.0,0.0,2026-05-06 18:46:59.287
744,204819,0.127,0.0,0.0,2026-05-06 18:46:59.287
745,205116,0.0975,0.0,0.0,2026-05-06 18:46:59.287
746,205608,0.0598,0.0,0.0,2026-05-06 18:46:59.287
747,205826,0.0598,0.0,0.0,2026-05-06 18:46:59.287
748,206069,0.0239,0.0,0.0,2026-05-06 18:46:59.287
749,206422,-0.0138,0.0,0.0,2026-05-06 18:46:59.287
750,206766,-0.0193,0.0,0.0,2026-05-06 18:46:59.287
751,207010,-0.0577,0.0,0.0,2026-05-06 18:46:59.287
752,207233,-0.0577,0.0,0.0,2026-05-06 18:46:59.287
753,207477,-0.1007,0.0,0.0,2026-05-06 18:46:59.287
754,207703,-0.1007,0.0,0.0,2026-05-06 18:46:59.287
755,207947,-0.1363,0.0,0.0,2026-05-06 18:46:59.287
756,208365,-0.169,0.0,0.0,2026-05-06 18:46:59.287
757,208713,-0.1734,0.0,0.0,2026-05-06 18:46:59.287
758,208898,-0.2023,0.0,0.0,2026-05-06 18:46:59.287
759,209122,-0.2023,0.0,0.0,2026-05-06 18:46:59.287
760,209365,-0.2277,0.0,0.0,2026-05-06 18:46:59.287
761,210022,-0.2526,0.0,0.0,2026-05-06 18:46:59.287
762,210320,-0.2711,0.0,0.0,2026-05-06 18:47:00.000
763,210545,-0.2711,0.0,0.0,2026-05-06 18:47:00.000
764,210788,-0.2888,0.0,0.0,2026-05-06 18:47:00.000
765,211014,-0.2888,0.0,0.0,2026-05-06 18:47:00.000
766,211257,-0.3018,0.0,0.0,2026-05-06 18:47:00.000
767,211673,-0.3128,0.0,0.0,2026-05-06 18:47:00.000
768,212021,-0.3142,0.0,0.0,2026-05-06 18:47:00.000
769,212205,-0.3232,0.0,0.0,2026-05-06 18:47:00.000
770,212431,-0.3232,0.0,0.0,2026-05-06 18:47:00.000
771,212675,-0.3308,0.0,0.0,2026-05-06 18:47:00.000
772,213270,-0.3379,0.0,0.0,2026-05-06 18:47:00.000
773,213629,-0.3431,0.0,0.0,2026-05-06 18:47:00.000
774,213855,-0.3431,0.0,0.0,2026-05-06 18:47:00.000
775,214098,-0.348,0.0,0.0,2026-05-06 18:47:00.000
776,214324,-0.348,0.0,0.0,2026-05-06 18:47:00.000
777,214568,-0.35,0.0,0.0,2026-05-06 18:47:00.000
778,214985,-0.35,0.0,0.0,2026-05-06 18:47:00.000
779,215333,-0.35,0.0,0.0,2026-05-06 18:47:00.000
780,215517,-0.35,0.0,0.0,2026-05-06 18:47:00.000
781,215746,-0.35,0.0,0.0,2026-05-06 18:47:00.000
782,216048,-0.3477,0.0,0.0,2026-05-06 18:47:00.000
783,216273,-0.3477,0.0,0.0,2026-05-06 18:47:00.000
784,216458,-0.3412,0.0,0.0,2026-05-06 18:47:00.000
785,216873,-0.3294,0.0,0.0,2026-05-06 18:47:00.000
786,217220,-0.3271,0.0,0.0,2026-05-06 18:47:00.000
787,217406,-0.3039,0.0,0.0,2026-05-06 18:47:00.000
788,217631,-0.3039,0.0,0.0,2026-05-06 18:47:00.000
789,217874,-0.2639,0.0,0.0,2026-05-06 18:47:00.000
790,218471,-0.1922,0.0,0.0,2026-05-06 18:47:00.726
791,218830,-0.1205,0.0,-0.0029,2026-05-06 18:47:00.726
792,219057,-0.1205,0.0,-0.0029,2026-05-06 18:47:00.726
793,219301,-0.0649,0.0,-0.0094,2026-05-06 18:47:00.726
794,219838,-0.0317,0.0,-0.0203,2026-05-06 18:47:00.726
795,220068,-0.0284,0.0,-0.0224,2026-05-06 18:47:00.726
796,220251,-0.0121,0.0,-0.0417,2026-05-06 18:47:00.726
797,220478,-0.0121,0.0,-0.0417,2026-05-06 18:47:00.726
798,220599,-0.0045,0.0,-0.0662,2026-05-06 18:47:00.726
799,220950,-0.0036,0.0,-0.071,2026-05-06 18:47:00.726
800,221192,0.0,0.0,-0.1083,2026-05-06 18:47:00.726
801,221419,0.0,0.0,-0.1083,2026-05-06 18:47:00.726
802,221661,0.0,0.0,-0.1439,2026-05-06 18:47:00.726
803,222138,0.0,0.0,-0.1696,2026-05-06 18:47:00.726
804,222618,0.0,0.0,-0.187,2026-05-06 18:47:00.726
805,222845,0.0,0.0,-0.187,2026-05-06 18:47:00.726
806,223087,0.0,0.0,-0.1955,2026-05-06 18:47:00.726
807,223449,0.0,0.0,-0.2,2026-05-06 18:47:00.726
808,223798,0.0,0.0,-0.2,2026-05-06 18:47:00.726
809,224040,0.0,0.0,-0.2,2026-05-06 18:47:00.726
810,224268,0.0,0.0,-0.2,2026-05-06 18:47:00.726
811,224510,0.0,0.0,-0.2,2026-05-06 18:47:00.726
812,224870,0.0,0.0,-0.2,2026-05-06 18:47:00.726
813,225224,0.0,0.0,-0.2,2026-05-06 18:47:00.726
814,225465,0.0,0.0,-0.2,2026-05-06 18:47:00.726
815,225697,0.0,0.0,-0.2,2026-05-06 18:47:00.726
816,225938,0.0,0.0,-0.2,2026-05-06 18:47:00.726
817,226299,0.0,0.0,-0.2,2026-05-06 18:47:01.435
818,226652,0.0,0.0,-0.2,2026-05-06 18:47:01.435
819,226893,0.0,0.0,-0.2,2026-05-06 18:47:01.435
820,227125,0.0,0.0,-0.2,2026-05-06 18:47:01.435
821,227366,0.0,0.0,-0.2,2026-05-06 18:47:01.435
822,227848,0.0,0.0,-0.2,2026-05-06 18:47:01.435
823,228080,0.0,0.0,-0.2,2026-05-06 18:47:01.435
824,228444,0.0,0.0,-0.2,2026-05-06 18:47:01.435
825,228745,0.0,0.0,-0.1989,2026-05-06 18:47:01.435
826,229098,0.0,0.0,-0.1983,2026-05-06 18:47:01.435
827,229281,0.0,0.0,-0.1895,2026-05-06 18:47:01.435
828,229513,0.0,0.0,-0.1895,2026-05-06 18:47:01.435
829,229759,0.0,0.0,-0.1657,2026-05-06 18:47:01.435
830,230241,0.0,0.0,-0.1105,2026-05-06 18:47:01.435
831,230473,0.0,0.0,-0.1105,2026-05-06 18:47:01.435
832,230714,0.0034,0.0,-0.0436,2026-05-06 18:47:01.435
833,231197,0.0086,0.0,-0.0115,2026-05-06 18:47:01.435
834,231427,0.0086,0.0,-0.0115,2026-05-06 18:47:01.435
835,231669,0.0169,0.0,-0.0006,2026-05-06 18:47:01.435
836,231896,0.0169,0.0,-0.0006,2026-05-06 18:47:01.435
837,232137,0.0269,0.0,0.0,2026-05-06 18:47:01.435
838,232493,0.0404,0.0,0.0,2026-05-06 18:47:01.435
839,232836,0.0427,0.0,0.0,2026-05-06 18:47:01.435
840,233078,0.0614,0.0,0.0,2026-05-06 18:47:01.435
841,233301,0.0614,0.0,0.0,2026-05-06 18:47:01.435
842,233543,0.0898,0.0,0.0,2026-05-06 18:47:01.435
843,233765,0.0898,0.0,0.0,2026-05-06 18:47:01.435
844,234007,0.1211,0.0,0.0,2026-05-06 18:47:01.435
845,234482,0.1574,0.0,0.0,2026-05-06 18:47:02.147
846,234702,0.1574,0.0,0.0,2026-05-06 18:47:02.147
847,234944,0.2011,0.0,0.0,2026-05-06 18:47:02.147
848,235163,0.2011,0.0,0.0,2026-05-06 18:47:02.147
849,235405,0.237,0.0,0.0,2026-05-06 18:47:02.147
850,235758,0.0156,0.0,0.0,2026-05-06 18:47:02.147
851,236096,0.0171,0.0,0.0,2026-05-06 18:47:02.147
852,236340,0.0276,0.0,0.0,2026-05-06 18:47:02.147
853,236559,0.0276,0.0,0.0,2026-05-06 18:47:02.147
854,236803,0.0606,0.0,0.0,2026-05-06 18:47:02.147
855,237021,0.0606,0.0,0.0,2026-05-06 18:47:02.147
856,237267,0.0956,0.0,0.0,2026-05-06 18:47:02.147
857,237740,0.1306,0.0,0.0,2026-05-06 18:47:02.147
858,237958,0.1306,0.0,0.0,2026-05-06 18:47:02.147
859,238202,0.1706,0.0,0.0,2026-05-06 18:47:02.147
860,238420,0.1706,0.0,0.0,2026-05-06 18:47:02.147
861,238663,0.2056,0.0,0.0,2026-05-06 18:47:02.147
862,239016,0.2406,0.0,0.0,2026-05-06 18:47:02.147
863,239355,0.2456,0.0,0.0,2026-05-06 18:47:02.147
864,239598,0.2806,0.0,0.0,2026-05-06 18:47:02.147
865,239817,0.2806,0.0,0.0,2026-05-06 18:47:02.147
866,240232,0.3206,0.0,0.0,2026-05-06 18:47:02.147
867,240529,0.35,0.0,0.0,2026-05-06 18:47:02.147
868,241002,0.35,0.0,0.0,2026-05-06 18:47:02.147
869,241221,0.35,0.0,0.0,2026-05-06 18:47:02.147
870,241464,0.35,0.0,0.0,2026-05-06 18:47:02.147
871,241683,0.35,0.0,0.0,2026-05-06 18:47:02.147
872,241925,0.3484,0.0,0.0,2026-05-06 18:47:02.147
873,242334,0.3424,0.0,0.0,2026-05-06 18:47:02.744
874,242672,0.3412,0.0,0.0,2026-05-06 18:47:02.744
875,242859,0.3294,0.0,0.0,2026-05-06 18:47:02.744
876,243078,0.3294,0.0,0.0,2026-05-06 18:47:02.744
877,243380,0.3039,0.0,0.0,2026-05-06 18:47:02.744
878,243598,0.3039,0.0,0.0,2026-05-06 18:47:02.744
879,243783,0.2639,0.0,0.0,2026-05-06 18:47:02.744
880,244255,0.2024,0.0,0.0,2026-05-06 18:47:02.744
881,244473,0.2024,0.0,0.0,2026-05-06 18:47:02.744
882,244719,0.1205,0.0,0.0,2026-05-06 18:47:02.744
883,244937,0.1205,0.0,0.0,2026-05-06 18:47:02.744
884,245180,0.0649,0.0,0.0,2026-05-06 18:47:02.744
885,245533,0.061,0.0,0.0,2026-05-06 18:47:02.744
886,245872,0.0603,0.0,0.0,2026-05-06 18:47:02.744
887,246115,0.0551,0.0,0.0,2026-05-06 18:47:02.744
888,246334,0.0551,0.0,0.0,2026-05-06 18:47:02.744
889,246577,0.0471,0.0,0.0,2026-05-06 18:47:02.744
890,246796,0.0471,0.0,0.0,2026-05-06 18:47:02.744
891,247039,0.0379,0.0,0.0,2026-05-06 18:47:02.744
892,247392,0.026,0.0,0.0,2026-05-06 18:47:02.744
893,247729,0.0241,0.0,0.0,2026-05-06 18:47:02.744
894,247972,0.0083,0.0,0.0,2026-05-06 18:47:02.744
895,248191,0.0083,0.0,0.0,2026-05-06 18:47:02.744
896,248436,-0.0116,0.0,0.0,2026-05-06 18:47:02.902
897,248973,-0.0405,0.0,0.0,2026-05-06 18:47:03.456
898,249201,-0.0445,0.0,0.0,2026-05-06 18:47:03.456
899,249383,-0.0712,0.0,0.0,2026-05-06 18:47:03.456
900,249608,-0.0712,0.0,0.0,2026-05-06 18:47:03.456
901,249851,-0.1118,0.0,0.0,2026-05-06 18:47:03.456
902,250076,-0.1118,0.0,0.0,2026-05-06 18:47:03.456
903,250319,-0.1499,0.0,0.0,2026-05-06 18:47:03.456
904,250737,-0.1877,0.0,0.0,2026-05-06 18:47:03.456
905,251085,-0.193,0.0,0.0,2026-05-06 18:47:03.456
906,251270,-0.2272,0.0,0.0,2026-05-06 18:47:03.456
907,251495,-0.2272,0.0,0.0,2026-05-06 18:47:03.456
908,251738,-0.2565,0.0,0.0,2026-05-06 18:47:03.456
909,252338,-0.2835,0.0,0.0,2026-05-06 18:47:03.456
910,252697,-0.3019,0.0,0.0,2026-05-06 18:47:03.456
911,252923,-0.3019,0.0,0.0,2026-05-06 18:47:03.456
912,253166,-0.318,0.0,0.0,2026-05-06 18:47:03.456
913,253392,-0.318,0.0,0.0,2026-05-06 18:47:03.456
914,253636,-0.3287,0.0,0.0,2026-05-06 18:47:03.456
915,254051,-0.3368,0.0,0.0,2026-05-06 18:47:03.456
916,254397,-0.3378,0.0,0.0,2026-05-06 18:47:03.456
917,254583,-0.3438,0.0,0.0,2026-05-06 18:47:03.456
918,254807,-0.3438,0.0,0.0,2026-05-06 18:47:03.456
919,255050,-0.345,0.0,0.0,2026-05-06 18:47:03.456
920,255706,-0.3378,0.0,0.0,2026-05-06 18:47:03.456
921,256005,-0.3259,0.0,0.0,2026-05-06 18:47:03.456
922,256230,-0.3259,0.0,0.0,2026-05-06 18:47:03.456
923,256473,-0.2999,0.0,0.0,2026-05-06 18:47:03.456
924,256698,-0.2999,0.0,0.0,2026-05-06 18:47:03.456
925,256941,-0.2591,0.0,0.0,2026-05-06 18:47:04.167
926,257356,-0.1967,0.0,0.0,2026-05-06 18:47:04.167
927,257703,-0.1864,0.0,0.0,2026-05-06 18:47:04.167
928,257890,-0.115,0.0,-0.0029,2026-05-06 18:47:04.167
929,258116,-0.115,0.0,-0.0029,2026-05-06 18:47:04.167
930,258360,-0.0611,0.0,-0.0094,2026-05-06 18:47:04.167
931,258897,-0.0294,0.0,-0.0203,2026-05-06 18:47:04.167
932,259127,-0.0263,0.0,-0.0224,2026-05-06 18:47:04.167
933,259310,-0.0109,0.0,-0.0417,2026-05-06 18:47:04.167
934,259537,-0.0109,0.0,-0.0417,2026-05-06 18:47:04.167
935,259783,-0.0029,0.0,-0.071,2026-05-06 18:47:04.167
936,260082,-0.0021,0.0,-0.076,2026-05-06 18:47:04.167
937,260256,0.0,0.0,-0.1083,2026-05-06 18:47:04.167
938,260736,0.0,0.0,-0.1482,2026-05-06 18:47:04.167
939,260963,0.0,0.0,-0.1482,2026-05-06 18:47:04.167
940,261205,0.0,0.0,-0.1724,2026-05-06 18:47:04.167
941,261563,0.0,0.0,-0.187,2026-05-06 18:47:04.167
942,261911,0.0,0.0,-0.1886,2026-05-06 18:47:04.167
943,262154,0.0,0.0,-0.1963,2026-05-06 18:47:04.167
944,262381,0.0,0.0,-0.1963,2026-05-06 18:47:04.167
945,262622,0.0,0.0,-0.2,2026-05-06 18:47:04.167
946,263163,0.0,0.0,-0.2,2026-05-06 18:47:04.167
947,263394,0.0,0.0,-0.2,2026-05-06 18:47:04.167
948,263573,0.0,0.0,-0.2,2026-05-06 18:47:04.167
949,263802,0.0,0.0,-0.2,2026-05-06 18:47:04.167
950,264044,0.0,0.0,-0.2,2026-05-06 18:47:04.167
951,264273,0.0,0.0,-0.2,2026-05-06 18:47:04.167
952,264515,0.0,0.0,-0.2,2026-05-06 18:47:04.167
953,264994,0.0,0.0,-0.2,2026-05-06 18:47:04.879
954,265225,0.0,0.0,-0.2,2026-05-06 18:47:04.879
955,265467,0.0,0.0,-0.2,2026-05-06 18:47:04.879
956,265699,0.0,0.0,-0.2,2026-05-06 18:47:04.879
957,266124,0.0,0.0,-0.2,2026-05-06 18:47:04.879
958,266422,0.0,0.0,-0.2,2026-05-06 18:47:04.879
959,266654,0.0,0.0,-0.2,2026-05-06 18:47:04.879
960,266895,0.0,0.0,-0.2,2026-05-06 18:47:04.879
961,267380,0.0,0.0,-0.2,2026-05-06 18:47:04.879
962,267612,0.0,0.0,-0.2,2026-05-06 18:47:04.879
963,267853,0.0,0.0,-0.2,2026-05-06 18:47:04.879
964,268085,0.0,0.0,-0.2,2026-05-06 18:47:04.879
965,268388,0.0,0.0,-0.2,2026-05-06 18:47:04.879
966,268622,0.0,0.0,-0.2,2026-05-06 18:47:04.879
967,268800,0.0,0.0,-0.2,2026-05-06 18:47:04.879
968,269032,0.0,0.0,-0.2,2026-05-06 18:47:04.879
969,269273,0.0,0.0,-0.2,2026-05-06 18:47:04.879
970,269505,0.0,0.0,-0.2,2026-05-06 18:47:04.879
971,269869,0.0,0.0,-0.2,2026-05-06 18:47:04.879
972,270229,0.0,0.0,-0.2,2026-05-06 18:47:04.879
973,270461,0.0,0.0,-0.2,2026-05-06 18:47:04.879
974,270827,0.0,0.0,-0.2,2026-05-06 18:47:04.879
975,271066,0.0,0.0,-0.2,2026-05-06 18:47:04.879
976,271419,0.0,0.0,-0.2,2026-05-06 18:47:04.879
977,271660,0.0,0.0,-0.2,2026-05-06 18:47:04.879
978,271892,0.0,0.0,-0.2,2026-05-06 18:47:04.879
979,272012,0.0,0.0,-0.2,2026-05-06 18:47:04.879
980,272365,0.0,0.0,-0.2,2026-05-06 18:47:04.879
981,272608,0.0,0.0,-0.2,2026-05-06 18:47:04.879
982,273089,0.0,0.0,-0.2,2026-05-06 18:47:05.588
983,273321,0.0,0.0,-0.2,2026-05-06 18:47:05.588
984,273685,0.0,0.0,-0.2,2026-05-06 18:47:05.588
985,274045,0.0,0.0,-0.2,2026-05-06 18:47:05.588
986,274277,0.0,0.0,-0.2,2026-05-06 18:47:05.588
987,274518,0.0,0.0,-0.2,2026-05-06 18:47:05.588
988,275005,0.0,0.0,-0.2,2026-05-06 18:47:05.588
989,275486,0.0,0.0,-0.2,2026-05-06 18:47:05.588
990,275718,0.0,0.0,-0.2,2026-05-06 18:47:05.588
991,275959,0.0,0.0,-0.2,2026-05-06 18:47:05.588
992,276320,0.0,0.0,-0.2,2026-05-06 18:47:05.588
993,276552,0.0,0.0,-0.2,2026-05-06 18:47:05.588
994,276914,0.0,0.0,-0.2,2026-05-06 18:47:05.588
995,277146,0.0,0.0,-0.2,2026-05-06 18:47:05.588
996,277387,0.0,0.0,-0.1995,2026-05-06 18:47:05.588
997,277871,0.0,0.0,-0.193,2026-05-06 18:47:05.588
998,278352,0.0,0.0,-0.1706,2026-05-06 18:47:05.588
999,278584,0.0,0.0,-0.1706,2026-05-06 18:47:05.588
1000,278825,0.0,0.0,-0.1205,2026-05-06 18:47:05.588
1001,279307,0.0,0.0,-0.0513,2026-05-06 18:47:05.588
1002,279539,0.0,0.0,-0.0513,2026-05-06 18:47:05.588
1003,279780,0.0,0.0,-0.0115,2026-05-06 18:47:05.588
1004,280012,0.0,0.0,-0.0115,2026-05-06 18:47:05.588
1005,280253,0.0,0.0,-0.0013,2026-05-06 18:47:05.588
1006,280614,0.0,0.0,0.0,2026-05-06 18:47:05.588
1007,280842,0.0,0.0,0.0,2026-05-06 18:47:05.588
1008,281084,0.0,0.0,0.0,2026-05-06 18:47:06.299
1009,281313,0.0,0.0,0.0,2026-05-06 18:47:06.299
1010,281555,0.0,0.0,0.0,2026-05-06 18:47:06.299
1011,281783,0.0,0.0,0.0,2026-05-06 18:47:06.299
1012,282024,0.0,0.0,0.0,2026-05-06 18:47:06.299
1013,282251,0.0,0.0,0.0,2026-05-06 18:47:06.299
1014,282494,0.0,0.0,0.0,2026-05-06 18:47:06.299
1015,282721,0.0,0.0,0.0,2026-05-06 18:47:06.299
1016,282962,0.0,0.0,0.0,2026-05-06 18:47:06.299
1017,283310,0.0005,0.0,0.0,2026-05-06 18:47:06.299
1018,283667,0.0034,0.0,0.0,2026-05-06 18:47:06.299
1019,284024,0.0086,0.0,0.0,2026-05-06 18:47:06.299
1020,284248,0.0086,0.0,0.0,2026-05-06 18:47:06.299
1021,284490,0.0169,0.0,0.0,2026-05-06 18:47:06.299
1022,284715,0.0169,0.0,0.0,2026-05-06 18:47:06.299
1023,284957,0.0269,0.0,0.0,2026-05-06 18:47:06.299
1024,285312,0.0404,0.0,0.0,2026-05-06 18:47:06.299
1025,285655,0.0427,0.0,0.0,2026-05-06 18:47:06.299
1026,285897,0.0614,0.0,0.0,2026-05-06 18:47:06.299
1027,286117,0.0614,0.0,0.0,2026-05-06 18:47:06.299
1028,286360,0.0858,0.0,0.0,2026-05-06 18:47:06.299
1029,286948,0.1211,0.0,0.0,2026-05-06 18:47:06.299
1030,287303,0.0027,0.0,0.0,2026-05-06 18:47:06.299
1031,287522,0.0027,0.0,0.0,2026-05-06 18:47:06.299
1032,287764,0.0147,0.0,0.0,2026-05-06 18:47:06.299
1033,287985,0.0147,0.0,0.0,2026-05-06 18:47:06.299
1034,288229,0.0287,0.0,0.0,2026-05-06 18:47:06.299
1035,288581,0.0637,0.0,0.0,2026-05-06 18:47:06.299
1036,288920,0.0687,0.0,0.0,2026-05-06 18:47:06.299
1037,289164,0.1037,0.0,0.0,2026-05-06 18:47:07.026
1038,289382,0.1037,0.0,0.0,2026-05-06 18:47:07.026
1039,289624,0.1387,0.0,0.0,2026-05-06 18:47:07.026
1040,290102,0.1787,0.0,0.0,2026-05-06 18:47:07.026
1041,290575,0.2137,0.0,0.0,2026-05-06 18:47:07.026
1042,290793,0.2137,0.0,0.0,2026-05-06 18:47:07.026
1043,291037,0.2537,0.0,0.0,2026-05-06 18:47:07.026
1044,291256,0.2537,0.0,0.0,2026-05-06 18:47:07.026
1045,291500,0.2887,0.0,0.0,2026-05-06 18:47:07.026
1046,291765,0.2937,0.0,0.0,2026-05-06 18:47:07.026
1047,291891,0.3237,0.0,0.0,2026-05-06 18:47:07.026
1048,292231,0.3287,0.0,0.0,2026-05-06 18:47:07.026
1049,292417,0.35,0.0,0.0,2026-05-06 18:47:07.026
1050,292635,0.35,0.0,0.0,2026-05-06 18:47:07.026
1051,292878,0.35,0.0,0.0,2026-05-06 18:47:07.026
1052,293523,0.35,0.0,0.0,2026-05-06 18:47:07.026
1053,293820,0.35,0.0,0.0,2026-05-06 18:47:07.026
1054,294039,0.35,0.0,0.0,2026-05-06 18:47:07.026
1055,294282,0.35,0.0,0.0,2026-05-06 18:47:07.026
1056,294500,0.35,0.0,0.0,2026-05-06 18:47:07.026
1057,294743,0.35,0.0,0.0,2026-05-06 18:47:07.026
1058,295153,0.35,0.0,0.0,2026-05-06 18:47:07.026
1059,295492,0.35,0.0,0.0,2026-05-06 18:47:07.026
1060,295678,0.35,0.0,0.0,2026-05-06 18:47:07.026
1061,295897,0.35,0.0,0.0,2026-05-06 18:47:07.026
1062,296140,0.35,0.0,0.0,2026-05-06 18:47:07.026
1063,296669,0.35,0.0,0.0,2026-05-06 18:47:07.026
1064,296889,0.35,0.0,0.0,2026-05-06 18:47:07.026
1065,297074,0.35,0.0,0.0,2026-05-06 18:47:07.738
1066,297292,0.35,0.0,0.0,2026-05-06 18:47:07.738
1067,297540,0.35,0.0,0.0,2026-05-06 18:47:07.738
1068,297759,0.35,0.0,0.0,2026-05-06 18:47:07.738
1069,298002,0.3495,0.0,0.0,2026-05-06 18:47:07.738
1070,298413,0.3445,0.0,0.0,2026-05-06 18:47:07.738
1071,298752,0.3435,0.0,0.0,2026-05-06 18:47:07.738
1072,298938,0.3335,0.0,0.0,2026-05-06 18:47:07.738
1073,299158,0.3335,0.0,0.0,2026-05-06 18:47:07.738
1074,299401,0.3155,0.0,0.0,2026-05-06 18:47:07.738
1075,299874,0.2775,0.0,0.0,2026-05-06 18:47:07.738
1076,300348,0.222,0.0,0.0,2026-05-06 18:47:07.738
1077,300566,0.222,0.0,0.0,2026-05-06 18:47:07.738
1078,300809,0.1402,0.0,0.0,2026-05-06 18:47:07.738
1079,301027,0.1402,0.0,0.0,2026-05-06 18:47:07.738
1080,301270,0.0784,0.0,0.0,2026-05-06 18:47:07.738
1081,301622,0.0393,0.0,0.0,2026-05-06 18:47:07.738
1082,301960,0.0353,0.0,0.0,2026-05-06 18:47:07.738
1083,302203,0.0157,0.0,0.0,2026-05-06 18:47:07.738
1084,302422,0.0157,0.0,0.0,2026-05-06 18:47:07.738
1085,302665,0.0045,0.0,0.0,2026-05-06 18:47:07.738
1086,302884,0.0045,0.0,0.0,2026-05-06 18:47:07.738
1087,303127,0.0002,0.0,0.0,2026-05-06 18:47:07.738
1088,303604,-0.005,0.0,0.0,2026-05-06 18:47:07.738
1089,303828,-0.005,0.0,0.0,2026-05-06 18:47:07.738
1090,304072,-0.0132,0.0,0.0,2026-05-06 18:47:07.738
1091,304297,-0.0132,0.0,0.0,2026-05-06 18:47:07.738
1092,304540,-0.0231,0.0,0.0,2026-05-06 18:47:07.738
1093,304901,-0.0365,0.0,0.0,2026-05-06 18:47:07.738
1094,305248,-0.0387,0.0,0.0,2026-05-06 18:47:08.442
1095,305491,-0.0572,0.0,0.0,2026-05-06 18:47:08.442
1096,305723,-0.0572,0.0,0.0,2026-05-06 18:47:08.442
1097,305965,-0.0812,0.0,0.0,2026-05-06 18:47:08.442
1098,306446,-0.116,0.0,0.0,2026-05-06 18:47:08.442
1099,306924,-0.1519,0.0,0.0,2026-05-06 18:47:08.442
1100,307148,-0.1519,0.0,0.0,2026-05-06 18:47:08.442
1101,307392,-0.1956,0.0,0.0,2026-05-06 18:47:08.442
1102,307617,-0.1956,0.0,0.0,2026-05-06 18:47:08.442
1103,307861,-0.232,0.0,0.0,2026-05-06 18:47:08.442
1104,308395,-0.2633,0.0,0.0,2026-05-06 18:47:08.442
1105,308622,-0.2673,0.0,0.0,2026-05-06 18:47:08.442
1106,308805,-0.2718,0.0,0.0,2026-05-06 18:47:08.442
1107,309030,-0.2718,0.0,0.0,2026-05-06 18:47:08.442
1108,309274,-0.2633,0.0,0.0,2026-05-06 18:47:08.442
1109,309631,-0.2453,0.0,0.0,2026-05-06 18:47:08.442
1110,309977,-0.2414,0.0,0.0,2026-05-06 18:47:08.442
1111,310221,-0.2013,0.0,0.0,2026-05-06 18:47:08.442
1112,310445,-0.2013,0.0,0.0,2026-05-06 18:47:08.442
1113,310688,-0.1251,0.0,0.0,2026-05-06 18:47:08.442
1114,310913,-0.1251,0.0,0.0,2026-05-06 18:47:08.442
1115,311157,-0.0609,0.0,0.0,2026-05-06 18:47:08.442
1116,311636,-0.0245,0.0,0.0,2026-05-06 18:47:08.442
1117,311861,-0.0245,0.0,0.0,2026-05-06 18:47:08.442
1118,312105,-0.0066,0.0,0.0044,2026-05-06 18:47:08.442
1119,312333,-0.0066,0.0,0.0044,2026-05-06 18:47:08.442
1120,312576,-0.0003,0.0,0.012,2026-05-06 18:47:08.442
1121,313050,0.0,0.0,0.0246,2026-05-06 18:47:08.442
1122,313530,0.0,0.0,0.049,2026-05-06 18:47:09.164
1123,314000,0.0,0.0,0.0812,2026-05-06 18:47:09.164
1124,314356,0.0,0.0,0.1191,2026-05-06 18:47:09.164
1125,314700,0.0,0.0,0.1244,2026-05-06 18:47:09.164
1126,314943,0.0,0.0,0.1563,2026-05-06 18:47:09.164
1127,315169,0.0,0.0,0.1563,2026-05-06 18:47:09.164
1128,315411,0.0,0.0,0.1796,2026-05-06 18:47:09.164
1129,315638,0.0,0.0,0.1796,2026-05-06 18:47:09.164
1130,315880,0.0,0.0,0.1912,2026-05-06 18:47:09.164
1131,316238,0.0,0.0,0.1978,2026-05-06 18:47:09.164
1132,316466,0.0,0.0,0.1978,2026-05-06 18:47:09.164
1133,316826,0.0,0.0,0.2,2026-05-06 18:47:09.164
1134,317055,0.0,0.0,0.2,2026-05-06 18:47:09.164
1135,317296,0.0,0.0,0.2,2026-05-06 18:47:09.164
1136,317655,0.0,0.0,0.2,2026-05-06 18:47:09.164
1137,318003,0.0,0.0,0.2,2026-05-06 18:47:09.164
1138,318244,0.0,0.0,0.2,2026-05-06 18:47:09.164
1139,318473,0.0,0.0,0.2,2026-05-06 18:47:09.164
1140,318834,0.0,0.0,0.2,2026-05-06 18:47:09.164
1141,319073,0.0,0.0,0.2,2026-05-06 18:47:09.164
1142,319422,0.0,0.0,0.2,2026-05-06 18:47:09.164
1143,319664,0.0,0.0,0.2,2026-05-06 18:47:09.164
1144,319893,0.0,0.0,0.2,2026-05-06 18:47:09.164
1145,320254,0.0,0.0,0.2,2026-05-06 18:47:09.164
1146,320493,0.0,0.0,0.2,2026-05-06 18:47:09.164
1147,320842,0.0,0.0,0.2,2026-05-06 18:47:09.164
1148,321084,0.0,0.0,0.2,2026-05-06 18:47:09.877
1149,321558,0.0,0.0,0.2,2026-05-06 18:47:09.877
1150,321917,0.0,0.0,0.2,2026-05-06 18:47:09.877
1151,322266,0.0,0.0,0.2,2026-05-06 18:47:09.877
1152,322508,0.0,0.0,0.2,2026-05-06 18:47:09.877
1153,322737,0.0,0.0,0.2,2026-05-06 18:47:09.877
1154,322979,0.0,0.0,0.2,2026-05-06 18:47:09.877
1155,323457,0.0,0.0,0.2,2026-05-06 18:47:09.877
1156,323936,0.0,0.0,0.2,2026-05-06 18:47:09.877
1157,324165,0.0,0.0,0.2,2026-05-06 18:47:09.877
1158,324407,0.0,0.0,0.2,2026-05-06 18:47:09.877
1159,324885,0.0,0.0,0.2,2026-05-06 18:47:09.877
1160,325364,0.0,0.0,0.2,2026-05-06 18:47:09.877
1161,325593,0.0,0.0,0.2,2026-05-06 18:47:09.877
1162,325835,0.0,0.0,0.2,2026-05-06 18:47:09.877
1163,326314,0.0,0.0,0.2,2026-05-06 18:47:09.877
1164,326543,0.0,0.0,0.2,2026-05-06 18:47:09.877
1165,326785,0.0,0.0,0.2,2026-05-06 18:47:09.877
1166,327144,0.0,0.0,0.2,2026-05-06 18:47:09.877
1167,327493,0.0,0.0,0.2,2026-05-06 18:47:09.877
1168,327735,0.0,0.0,0.2,2026-05-06 18:47:09.877
1169,327964,0.0,0.0,0.2,2026-05-06 18:47:09.877
1170,328206,0.0,0.0,0.2,2026-05-06 18:47:09.877
1171,328684,0.0,0.0,0.2,2026-05-06 18:47:09.877
1172,329158,0.0,0.0,0.2,2026-05-06 18:47:09.971
1173,329636,0.0,0.0,0.2,2026-05-06 18:47:09.971
1174,330115,0.0,0.0,0.2,2026-05-06 18:47:10.651
1175,330344,0.0,0.0,0.2,2026-05-06 18:47:10.651
1176,330465,0.0,0.0,0.2,2026-05-06 18:47:10.651
1177,330814,0.0,0.0,0.2,2026-05-06 18:47:10.651
1178,331057,0.0,0.0,0.2,2026-05-06 18:47:10.651
1179,331286,0.0,0.0,0.2,2026-05-06 18:47:10.651
1180,331528,0.0,0.0,0.2,2026-05-06 18:47:10.651
1181,331757,0.0,0.0,0.2,2026-05-06 18:47:10.651
1182,332118,0.0,0.0,0.1975,2026-05-06 18:47:10.651
1183,332477,0.0,0.0,0.1874,2026-05-06 18:47:10.651
1184,332706,0.0,0.0,0.1874,2026-05-06 18:47:10.651
1185,332948,0.0,0.0,0.1537,2026-05-06 18:47:10.651
1186,333177,0.0,0.0,0.1537,2026-05-06 18:47:10.651
1187,333299,0.0,0.0,0.1001,2026-05-06 18:47:10.651
1188,333648,0.0,0.0,0.0896,2026-05-06 18:47:10.651
1189,333890,0.0,0.0,0.0308,2026-05-06 18:47:10.651
1190,334119,0.0,0.0,0.0308,2026-05-06 18:47:10.651
1191,334361,0.0,0.0,0.0073,2026-05-06 18:47:10.651
1192,334901,0.0,0.0,0.0,2026-05-06 18:47:10.651
1193,335129,0.0,0.0,0.0,2026-05-06 18:47:10.651
1194,335189,0.0,0.0,0.0,2026-05-06 18:47:10.651
1195,335418,0.0,0.0,0.0,2026-05-06 18:47:10.651
1196,335656,0.0,0.0,0.0,2026-05-06 18:47:10.651
1197,335884,0.0,0.0,0.0,2026-05-06 18:47:10.651
1198,336127,0.0,0.0,0.0,2026-05-06 18:47:10.651
1199,336355,0.0,0.0,0.0,2026-05-06 18:47:10.651
1200,336720,0.0027,0.0,0.0,2026-05-06 18:47:10.651
1201,337075,0.0077,0.0,0.0,2026-05-06 18:47:10.651
1202,337419,0.0086,0.0,0.0,2026-05-06 18:47:10.651
1203,337661,0.0157,0.0,0.0,2026-05-06 18:47:10.651
1204,337885,0.0157,0.0,0.0,2026-05-06 18:47:10.651
1205,338128,0.0269,0.0,0.0,2026-05-06 18:47:10.745
1206,338352,0.0269,0.0,0.0,2026-05-06 18:47:10.745
1207,338594,0.0404,0.0,0.0,2026-05-06 18:47:10.745
1208,339070,0.0584,0.0,0.0,2026-05-06 18:47:11.425
1209,339293,0.0584,0.0,0.0,2026-05-06 18:47:11.425
1210,339535,0.0858,0.0,0.0,2026-05-06 18:47:11.425
1211,339755,0.0858,0.0,0.0,2026-05-06 18:47:11.425
1212,339998,0.015,0.0,0.0,2026-05-06 18:47:11.425
1213,340351,0.005,0.0,0.0,2026-05-06 18:47:11.425
1214,340691,0.01,0.0,0.0,2026-05-06 18:47:11.425
1215,340933,0.0088,0.0,0.0,2026-05-06 18:47:11.425
1216,341154,0.0088,0.0,0.0,2026-05-06 18:47:11.425
1217,341457,0.0208,0.0,0.0,2026-05-06 18:47:11.425
1218,341676,0.0208,0.0,0.0,2026-05-06 18:47:11.425
1219,341863,0.0488,0.0,0.0,2026-05-06 18:47:11.425
1220,342337,0.0838,0.0,0.0,2026-05-06 18:47:11.425
1221,342555,0.0838,0.0,0.0,2026-05-06 18:47:11.425
1222,343019,0.1238,0.0,0.0,2026-05-06 18:47:11.425
1223,343266,0.1588,0.0,0.0,2026-05-06 18:47:11.425
1224,343618,0.1938,0.0,0.0,2026-05-06 18:47:11.425
1225,343957,0.1988,0.0,0.0,2026-05-06 18:47:11.425
1226,344201,0.2338,0.0,0.0,2026-05-06 18:47:11.425
1227,344419,0.2338,0.0,0.0,2026-05-06 18:47:11.425
1228,344834,0.2738,0.0,0.0,2026-05-06 18:47:11.425
1229,345132,0.3088,0.0,0.0,2026-05-06 18:47:11.425
1230,345604,0.35,0.0,0.0,2026-05-06 18:47:11.425
1231,345821,0.35,0.0,0.0,2026-05-06 18:47:11.425
1232,346065,0.35,0.0,0.0,2026-05-06 18:47:11.425
1233,346283,0.35,0.0,0.0,2026-05-06 18:47:11.425
1234,346526,0.35,0.0,0.0,2026-05-06 18:47:11.425
1235,346879,0.35,0.0,0.0,2026-05-06 18:47:12.134
1236,347219,0.35,0.0,0.0,2026-05-06 18:47:12.134
1237,347461,0.35,0.0,0.0,2026-05-06 18:47:12.134
1238,347680,0.35,0.0,0.0,2026-05-06 18:47:12.134
1239,347979,0.3495,0.0,0.0,2026-05-06 18:47:12.134
1240,348199,0.3495,0.0,0.0,2026-05-06 18:47:12.134
1241,348385,0.3445,0.0,0.0,2026-05-06 18:47:12.134
1242,348739,0.3354,0.0,0.0,2026-05-06 18:47:12.134
1243,349076,0.3335,0.0,0.0,2026-05-06 18:47:12.134
1244,349320,0.3155,0.0,0.0,2026-05-06 18:47:12.134
1245,349537,0.3155,0.0,0.0,2026-05-06 18:47:12.134
1246,349780,0.3088,0.0,0.0,2026-05-06 18:47:12.134
1247,350425,0.3038,0.0,0.0,2026-05-06 18:47:12.134
1248,350725,0.2986,0.0,0.0,2026-05-06 18:47:12.134
1249,350944,0.2986,0.0,0.0,2026-05-06 18:47:12.134
1250,351187,0.2914,0.0,0.0,2026-05-06 18:47:12.134
1251,351406,0.2914,0.0,0.0,2026-05-06 18:47:12.134
1252,351649,0.284,0.0,0.0,2026-05-06 18:47:12.134
1253,352059,0.2753,0.0,0.0,2026-05-06 18:47:12.134
1254,352398,0.2739,0.0,0.0,2026-05-06 18:47:12.134
1255,352584,0.2635,0.0,0.0,2026-05-06 18:47:12.134
1256,352801,0.2635,0.0,0.0,2026-05-06 18:47:12.134
1257,353045,0.2511,0.0,0.0,2026-05-06 18:47:12.134
1258,353397,0.2367,0.0,0.0,2026-05-06 18:47:12.134
1259,353735,0.2345,0.0,0.0,2026-05-06 18:47:12.134
1260,353979,0.2173,0.0,0.0,2026-05-06 18:47:12.134
1261,354197,0.2173,0.0,0.0,2026-05-06 18:47:12.134
1262,354440,0.1943,0.0,0.0,2026-05-06 18:47:12.134
1263,354657,0.1943,0.0,0.0,2026-05-06 18:47:12.134
1264,354901,0.1709,0.0,0.0,2026-05-06 18:47:12.848
1265,355313,0.1443,0.0,0.0,2026-05-06 18:47:12.848
1266,355651,0.1402,0.0,0.0,2026-05-06 18:47:12.848
1267,355838,0.1099,0.0,0.0,2026-05-06 18:47:12.848
1268,356056,0.1099,0.0,0.0,2026-05-06 18:47:12.848
1269,356299,0.0765,0.0,0.0,2026-05-06 18:47:12.848
1270,356943,0.0352,0.0,0.0,2026-05-06 18:47:12.848
1271,357242,-0.0027,0.0,0.0,2026-05-06 18:47:12.848
1272,357464,-0.0027,0.0,0.0,2026-05-06 18:47:12.848
1273,357709,-0.0466,0.0,0.0,2026-05-06 18:47:12.848
1274,357931,-0.0466,0.0,0.0,2026-05-06 18:47:12.848
1275,358175,-0.0843,0.0,0.0,2026-05-06 18:47:12.848
1276,358655,-0.1202,0.0,0.0,2026-05-06 18:47:12.848
1277,358880,-0.1202,0.0,0.0,2026-05-06 18:47:12.848
1278,359192,-0.1581,0.0,0.0,2026-05-06 18:47:12.848
1279,359417,-0.1581,0.0,0.0,2026-05-06 18:47:12.848
1280,359597,-0.1878,0.0,0.0,2026-05-06 18:47:12.848
1281,359954,-0.2142,0.0,0.0,2026-05-06 18:47:12.848
1282,360301,-0.2177,0.0,0.0,2026-05-06 18:47:12.848
1283,360545,-0.2404,0.0,0.0,2026-05-06 18:47:12.848
1284,360770,-0.2404,0.0,0.0,2026-05-06 18:47:12.848
1285,361072,-0.2626,0.0,0.0,2026-05-06 18:47:12.848
1286,361297,-0.2626,0.0,0.0,2026-05-06 18:47:12.848
1287,361482,-0.2791,0.0,0.0,2026-05-06 18:47:12.848
1288,361960,-0.2932,0.0,0.0,2026-05-06 18:47:12.848
1289,362184,-0.2932,0.0,0.0,2026-05-06 18:47:12.848
1290,362428,-0.3067,0.0,0.0,2026-05-06 18:47:12.848
1291,362654,-0.3067,0.0,0.0,2026-05-06 18:47:12.848
1292,362900,-0.3166,0.0,0.0,2026-05-06 18:47:13.351
1293,363260,-0.325,0.0,0.0,2026-05-06 18:47:13.351
1294,363606,-0.3261,0.0,0.0,2026-05-06 18:47:13.351
1295,363850,-0.3331,0.0,0.0,2026-05-06 18:47:13.351
1296,364074,-0.3331,0.0,0.0,2026-05-06 18:47:13.351
1297,364376,-0.3397,0.0,0.0,2026-05-06 18:47:13.351
1298,364601,-0.3397,0.0,0.0,2026-05-06 18:47:13.351
1299,364786,-0.3446,0.0,0.0,2026-05-06 18:47:13.351
1300,365265,-0.3487,0.0,0.0,2026-05-06 18:47:13.351
1301,365491,-0.3487,0.0,0.0,2026-05-06 18:47:13.351
1302,365737,-0.35,0.0,0.0,2026-05-06 18:47:13.351
1303,365964,-0.35,0.0,0.0,2026-05-06 18:47:13.351
1304,366207,-0.35,0.0,0.0,2026-05-06 18:47:13.351
1305,366564,-0.35,0.0,0.0,2026-05-06 18:47:13.351
1306,366911,-0.35,0.0,0.0,2026-05-06 18:47:13.351
1307,367154,-0.35,0.0,0.0,2026-05-06 18:47:13.351
1308,367379,-0.35,0.0,0.0,2026-05-06 18:47:13.351
1309,367680,-0.35,0.0,0.0,2026-05-06 18:47:13.351
1310,367905,-0.35,0.0,0.0,2026-05-06 18:47:13.351
1311,368091,-0.35,0.0,0.0,2026-05-06 18:47:13.477
1312,368570,-0.35,0.0,0.0,2026-05-06 18:47:13.477
1313,368796,-0.35,0.0,0.0,2026-05-06 18:47:13.477
1314,369039,-0.35,0.0,0.0,2026-05-06 18:47:13.477
1315,369265,-0.35,0.0,0.0,2026-05-06 18:47:13.477
1316,369508,-0.35,0.0,0.0,2026-05-06 18:47:13.477
1317,369865,-0.35,0.0,0.0,2026-05-06 18:47:13.507
1318,370213,-0.35,0.0,0.0,2026-05-06 18:47:14.185
1319,370456,-0.35,0.0,0.0,2026-05-06 18:47:14.185
1320,370683,-0.35,0.0,0.0,2026-05-06 18:47:14.185
1321,370985,-0.35,0.0,0.0,2026-05-06 18:47:14.185
1322,371210,-0.35,0.0,0.0,2026-05-06 18:47:14.185
1323,371395,-0.35,0.0,0.0,2026-05-06 18:47:14.185
1324,371874,-0.35,0.0,0.0,2026-05-06 18:47:14.185
1325,372099,-0.35,0.0,0.0,2026-05-06 18:47:14.185
1326,372342,-0.35,0.0,0.0,2026-05-06 18:47:14.185
1327,372566,-0.35,0.0,0.0,2026-05-06 18:47:14.185
1328,372809,-0.3477,0.0,0.0,2026-05-06 18:47:14.185
1329,373167,-0.3412,0.0,0.0,2026-05-06 18:47:14.185
1330,373515,-0.3399,0.0,0.0,2026-05-06 18:47:14.185
1331,373761,-0.3271,0.0,0.0,2026-05-06 18:47:14.185
1332,373987,-0.3271,0.0,0.0,2026-05-06 18:47:14.185
1333,374290,-0.2994,0.0,0.0,2026-05-06 18:47:14.185
1334,374516,-0.2994,0.0,0.0,2026-05-06 18:47:14.185
1335,374700,-0.2564,0.0,0.0,2026-05-06 18:47:14.185
1336,375179,-0.1922,0.0,0.0,2026-05-06 18:47:14.185
1337,375404,-0.1922,0.0,0.0,2026-05-06 18:47:14.185
1338,375648,-0.1111,0.0,0.0,2026-05-06 18:47:14.185
1339,375873,-0.1111,0.0,0.0,2026-05-06 18:47:14.185
1340,376117,-0.0589,0.0,0.0,2026-05-06 18:47:14.185
1341,376474,-0.0284,0.0,0.0,2026-05-06 18:47:14.185
1342,376822,-0.0254,0.0,0.0,2026-05-06 18:47:14.185
1343,377066,-0.0105,0.0,0.0,2026-05-06 18:47:14.185
1344,377291,-0.0105,0.0,0.0,2026-05-06 18:47:14.185
1345,377412,-0.0027,0.0,0.0,2026-05-06 18:47:14.185
1346,377759,-0.002,0.0,0.0,2026-05-06 18:47:14.185
1347,377880,0.0,0.0,0.0,2026-05-06 18:47:14.672
1348,378170,0.0,0.0,0.0,2026-05-06 18:47:14.672
1349,378342,0.0,0.0,0.0,2026-05-06 18:47:14.672
1350,378562,0.0,0.0,0.0,2026-05-06 18:47:14.672
1351,378782,0.0,0.0,0.0,2026-05-06 18:47:14.672
1352,378832,0.0,0.0,0.0,2026-05-06 18:47:14.672
1353,379053,0.0,0.0,0.0,2026-05-06 18:47:14.672
1354,379290,0.0,0.0,0.0,2026-05-06 18:47:14.672
1355,379510,0.0,0.0,0.0,2026-05-06 18:47:14.672
1356,379730,0.0,0.0,0.0,2026-05-06 18:47:14.672
1357,379778,0.0,0.0,0.0,2026-05-06 18:47:14.672
1358,379998,0.0,0.0,0.0,2026-05-06 18:47:14.672
1359,380219,0.0,0.0,0.0,2026-05-06 18:47:14.672
1360,380264,0.0,0.0,0.0,2026-05-06 18:47:14.672
1361,380484,0.0,0.0,0.0,2026-05-06 18:47:14.672
1362,380704,0.0,0.0,0.0,2026-05-06 18:47:14.672
1363,380749,0.0,0.0,0.0,2026-05-06 18:47:14.672
1364,380970,0.0,0.0,0.0,2026-05-06 18:47:14.672
1365,381191,0.0,0.0,0.0,2026-05-06 18:47:14.672
1366,381236,0.0,0.0,0.0,2026-05-06 18:47:14.672
1367,381460,0.0,0.0,0.0,2026-05-06 18:47:14.672
1368,381680,0.0,0.0,0.0,2026-05-06 18:47:14.672
1369,381900,0.0,0.0,0.0,2026-05-06 18:47:14.672
1370,382121,0.0,0.0,0.0,2026-05-06 18:47:14.672
1371,382358,0.0,0.0,0.0,2026-05-06 18:47:14.672
1372,382578,0.0,0.0,0.0,2026-05-06 18:47:14.672
1373,382645,0.0,0.0011,0.0,2026-05-06 18:47:14.672
1374,382987,0.0,0.0017,0.0,2026-05-06 18:47:15.353
1375,383229,0.0,0.0105,0.0,2026-05-06 18:47:15.353
1376,383453,0.0,0.0105,0.0,2026-05-06 18:47:15.353
1377,383695,0.0,0.0329,0.0,2026-05-06 18:47:15.353
1378,384289,0.0,0.074,0.0,2026-05-06 18:47:15.353
1379,384646,0.0,0.0939,0.0,2026-05-06 18:47:15.353
1380,384873,0.0,0.0939,0.0,2026-05-06 18:47:15.353
1381,385114,0.0,0.1,0.0,2026-05-06 18:47:15.353
1382,385340,0.0,0.1,0.0,2026-05-06 18:47:15.353
1383,385581,0.0,0.1,0.0,2026-05-06 18:47:15.353
1384,385999,0.0,0.1,0.0,2026-05-06 18:47:15.353
1385,386346,0.0,0.1,0.0,2026-05-06 18:47:15.353
1386,386528,0.0,0.1,0.0,2026-05-06 18:47:15.353
1387,386755,0.0,0.1,0.0,2026-05-06 18:47:15.353
1388,386995,0.0,0.0341,0.0,2026-05-06 18:47:15.353
1389,387354,0.0,0.0866,0.0,2026-05-06 18:47:15.353
1390,387701,0.0,0.1,0.0,2026-05-06 18:47:15.353
1391,387941,0.0,0.1,0.0,2026-05-06 18:47:15.353
1392,388168,0.0,0.1,0.0,2026-05-06 18:47:15.353
1393,388409,0.0,0.1,0.0,2026-05-06 18:47:15.353
1394,388767,0.0,0.0908,0.0,2026-05-06 18:47:15.353
1395,389117,0.0,0.0875,0.0,2026-05-06 18:47:15.353
1396,389357,0.0,0.0318,0.0,2026-05-06 18:47:15.353
1397,389584,0.0,0.0318,0.0,2026-05-06 18:47:15.353
1398,389887,0.0,0.0003,0.0,2026-05-06 18:47:15.353
1399,390114,0.0,0.0003,0.0,2026-05-06 18:47:15.353
1400,390175,0.0,0.0,0.0,2026-05-06 18:47:15.353
1401,390399,0.0,0.0,0.0,2026-05-06 18:47:15.353
1402,390639,0.0,0.0,0.0,2026-05-06 18:47:15.353
1403,390863,0.0,0.0,0.0,2026-05-06 18:47:15.353
1404,391095,0.0,0.0,0.0,2026-05-06 18:47:15.415
1405,391319,0.0,0.0,0.0,2026-05-06 18:47:16.087
1406,391544,0.0,0.0,0.0,2026-05-06 18:47:16.087
1407,391594,0.0,0.0,0.0,2026-05-06 18:47:16.087
1408,391818,0.0,0.0,0.0,2026-05-06 18:47:16.087
1409,392058,0.0,0.0,0.0,2026-05-06 18:47:16.087
1410,392282,0.0,0.0,0.0,2026-05-06 18:47:16.087
1411,392522,0.0,0.0,0.0,2026-05-06 18:47:16.087
1412,392746,0.0,0.0,0.0,2026-05-06 18:47:16.087
1413,393160,0.0,0.0,0.0,2026-05-06 18:47:16.087
1414,393385,0.0,0.0,0.0,2026-05-06 18:47:16.087
1415,393565,0.0005,0.0,0.0,2026-05-06 18:47:16.087
1416,393787,0.0005,0.0,0.0,2026-05-06 18:47:16.087
1417,394069,0.0047,0.0,0.0,2026-05-06 18:47:16.087
1418,394422,0.0104,0.0,0.0,2026-05-06 18:47:16.087
1419,394760,0.0113,0.0,0.0,2026-05-06 18:47:16.087
1420,395003,0.0194,0.0,0.0,2026-05-06 18:47:16.087
1421,395221,0.0194,0.0,0.0,2026-05-06 18:47:16.087
1422,395467,0.0322,0.0,0.0,2026-05-06 18:47:16.087
1423,395686,0.0322,0.0,0.0,2026-05-06 18:47:16.087
1424,395929,0.0475,0.0,0.0,2026-05-06 18:47:16.087
1425,396402,0.0678,0.0,0.0,2026-05-06 18:47:16.087
1426,396621,0.0678,0.0,0.0,2026-05-06 18:47:16.087
1427,396864,0.0981,0.0,0.0,2026-05-06 18:47:16.087
1428,397083,0.0981,0.0,0.0,2026-05-06 18:47:16.087
1429,397328,0.131,0.0,0.0,2026-05-06 18:47:16.087
1430,397681,0.1683,0.0,0.0,2026-05-06 18:47:16.087
1431,398020,0.1738,0.0,0.0,2026-05-06 18:47:16.087
1432,398263,0.2118,0.0,0.0,2026-05-06 18:47:16.087
1433,398482,0.2118,0.0,0.0,2026-05-06 18:47:16.087
1434,398605,0.2464,0.0,0.0,2026-05-06 18:47:16.087
1435,398942,0.2509,0.0,0.0,2026-05-06 18:47:16.087
1436,399241,0.2789,0.0,0.0,2026-05-06 18:47:16.433
1437,399461,0.2824,0.0,0.0,2026-05-06 18:47:16.433
1438,399646,0.3007,0.0,0.0,2026-05-06 18:47:16.433
1439,399865,0.3007,0.0,0.0,2026-05-06 18:47:16.433
1440,400108,0.3112,0.0,0.0,2026-05-06 18:47:16.433
1441,400327,0.3112,0.0,0.0,2026-05-06 18:47:16.433
1442,400570,0.3048,0.0,0.0,2026-05-06 18:47:16.433
1443,401037,0.2925,0.0,0.0,2026-05-06 18:47:16.433
1444,401511,0.264,0.0,0.0,2026-05-06 18:47:16.433
1445,401729,0.264,0.0,0.0,2026-05-06 18:47:16.433
1446,401972,0.2173,0.0,0.0,2026-05-06 18:47:16.433
1447,402618,0.1384,0.0,0.0,2026-05-06 18:47:16.433
1448,402920,0.0738,0.0,0.0,2026-05-06 18:47:17.112
1449,403139,0.0738,0.0,0.0,2026-05-06 18:47:17.112
1450,403382,0.0301,0.0,0.0,2026-05-06 18:47:17.112
1451,403600,0.0301,0.0,0.0,2026-05-06 18:47:17.112
1452,403843,0.0119,0.0,0.0,2026-05-06 18:47:17.112
1453,404195,0.003,0.0,0.0,2026-05-06 18:47:17.112
1454,404533,0.0022,0.0,0.0,2026-05-06 18:47:17.112
1455,404656,0.0,0.0,0.0,2026-05-06 18:47:17.112
1456,404877,0.0,0.0,0.0,2026-05-06 18:47:17.112
1457,405117,0.0,0.0,0.0,2026-05-06 18:47:17.112
1458,405340,0.0,0.0,0.0,2026-05-06 18:47:17.112
1459,405571,0.0,0.0,0.0,2026-05-06 18:47:17.112
1460,405794,0.0,0.0,0.0,2026-05-06 18:47:17.112
1461,406018,0.0,0.0,0.0,2026-05-06 18:47:17.112
1462,406071,0.0,0.0,0.0,2026-05-06 18:47:17.112
1463,406293,0.0,0.0,0.0,2026-05-06 18:47:17.112
1464,406533,0.0,0.0,0.0,2026-05-06 18:47:17.112
1465,406756,0.0,0.0,0.0,2026-05-06 18:47:17.112
1466,406995,0.0,0.0,0.0,2026-05-06 18:47:17.112
1467,407218,0.0,0.0,0.0,2026-05-06 18:47:17.112
1468,407663,0.0,0.0,0.0,2026-05-06 18:47:17.112
1469,407887,0.0,0.0,0.0,2026-05-06 18:47:17.112
1470,407947,0.0,0.0,0.0,2026-05-06 18:47:17.112
1471,408170,0.0,0.0,0.0,2026-05-06 18:47:17.112
1472,408393,0.0,0.0,0.0,2026-05-06 18:47:17.112
1473,408438,0.0,0.0,0.0,2026-05-06 18:47:17.112
1474,408661,0.0,0.0,0.0,2026-05-06 18:47:17.112
1475,408914,0.0,0.0,0.0,2026-05-06 18:47:17.112
1476,409138,0.0,0.0,0.0,2026-05-06 18:47:17.112
1477,409547,0.0,0.0,0.0,2026-05-06 18:47:17.112
1478,409770,0.0,0.0,0.0,2026-05-06 18:47:17.112
1479,410051,0.0,0.0,0.0,2026-05-06 18:47:17.112
1480,410274,0.0,0.0,0.0,2026-05-06 18:47:17.112
1481,410337,0.0,0.0,0.0,2026-05-06 18:47:17.112
1482,410560,0.0,0.0,0.0,2026-05-06 18:47:17.112
1483,410783,0.0,0.0,0.0,2026-05-06 18:47:17.822
1484,410829,0.0,0.0,0.0,2026-05-06 18:47:17.822
1485,411052,0.0,0.0,0.0,2026-05-06 18:47:17.822
1486,411348,0.0,0.0,0.0,2026-05-06 18:47:17.822
1487,411571,0.0,0.0,0.0,2026-05-06 18:47:17.822
1488,411921,0.0,0.0,0.0,2026-05-06 18:47:17.822
1489,412144,0.0,0.0,0.0,2026-05-06 18:47:17.822
1490,412428,0.0,0.0,0.0,2026-05-06 18:47:17.822
1491,412650,0.0,0.0,0.0,2026-05-06 18:47:17.822
1492,412888,0.0,0.0,0.0,2026-05-06 18:47:17.822
1493,413110,0.0,0.0,0.0,2026-05-06 18:47:17.822
1494,413348,0.0,0.0,0.0,2026-05-06 18:47:17.822
1495,413569,0.0,0.0,0.0,2026-05-06 18:47:17.822
1496,413805,0.0,0.0,0.0,2026-05-06 18:47:17.822
1497,414024,0.0,0.0,0.0,2026-05-06 18:47:17.822
1498,414127,0.0,0.0,0.0,2026-05-06 18:47:17.822
1499,414351,0.0,0.0,0.0,2026-05-06 18:47:17.822
1500,414589,0.0,0.0,0.0,2026-05-06 18:47:17.822
1501,414811,0.0,0.0,0.0,2026-05-06 18:47:17.822
1502,415033,0.0,0.0,0.0,2026-05-06 18:47:17.822
1503,415254,0.0,0.0,0.0,2026-05-06 18:47:17.822
1504,415475,0.0,0.0,0.0,2026-05-06 18:47:17.822
1505,415711,0.0,0.0,0.0,2026-05-06 18:47:17.822
1506,415931,0.0,0.0,0.0,2026-05-06 18:47:17.822
1507,415991,0.0,0.0,0.0,2026-05-06 18:47:17.822
1508,416211,0.0,0.0,0.0,2026-05-06 18:47:17.822
1509,416431,0.0,0.0,0.0,2026-05-06 18:47:17.822
1510,416484,0.0,0.0,0.0,2026-05-06 18:47:17.822
1511,416704,0.0,0.0,0.0,2026-05-06 18:47:17.822
1512,416925,0.0,0.0,0.0,2026-05-06 18:47:17.822
1513,417144,0.0,0.0,0.0,2026-05-06 18:47:17.822
1514,417365,0.0,0.0,0.0,2026-05-06 18:47:17.822
1515,417602,0.0,0.0,0.0,2026-05-06 18:47:17.822
1516,417824,0.0,0.0,0.0,2026-05-06 18:47:17.822
1517,417891,0.0,0.0,0.0,2026-05-06 18:47:17.822
1518,418113,0.0,0.0,0.0,2026-05-06 18:47:17.822
1519,418334,0.0,0.0,0.0,2026-05-06 18:47:17.822
1520,418383,0.0,0.0,0.0,2026-05-06 18:47:17.822
1521,418603,0.0,0.0,0.0,2026-05-06 18:47:17.822
1522,418823,0.0,0.0,0.0,2026-05-06 18:47:18.478
1523,418868,0.0,0.0,0.0,2026-05-06 18:47:18.478
1524,419088,0.0,0.0,0.0,2026-05-06 18:47:18.478
1525,419309,0.0,0.0,0.0,2026-05-06 18:47:18.478
1526,419354,0.0,0.0,0.0,2026-05-06 18:47:18.478
1527,419574,0.0,0.0,0.0,2026-05-06 18:47:18.478
1528,419793,0.0,0.0,0.0,2026-05-06 18:47:18.478
1529,419840,0.0,0.0,0.0,2026-05-06 18:47:18.478
1530,420061,0.0,0.0,0.0,2026-05-06 18:47:18.478
1531,420290,0.0,0.0,0.0,2026-05-06 18:47:18.478
1532,420510,0.0,0.0,0.0,2026-05-06 18:47:18.478
1533,420731,0.0,0.0,0.0,2026-05-06 18:47:18.478
1534,420786,0.0,0.0,0.0,2026-05-06 18:47:18.478
1535,421005,0.0,0.0,0.0,2026-05-06 18:47:18.478
1536,421226,0.0,0.0,0.0,2026-05-06 18:47:18.478
1537,421271,0.0,0.0,0.0,2026-05-06 18:47:18.478
1538,421490,0.0,0.0,0.0,2026-05-06 18:47:18.478
1539,421709,0.0,0.0,0.0,2026-05-06 18:47:18.478
1540,421756,0.0,0.0,0.0,2026-05-06 18:47:18.478
1541,421978,0.0,0.0,0.0,2026-05-06 18:47:18.478
1542,422214,0.0,0.0,0.0,2026-05-06 18:47:18.478
1543,422437,0.0,0.0,0.0,2026-05-06 18:47:18.478
1544,422657,0.0,0.0,0.0,2026-05-06 18:47:18.478
1545,422704,0.0,0.0,0.0,2026-05-06 18:47:18.478
1546,422925,0.0,0.0,0.0,2026-05-06 18:47:18.478
1547,423145,0.0,0.0,0.0,2026-05-06 18:47:18.478
1548,423190,0.0,0.0,0.0,2026-05-06 18:47:18.478
1549,423412,0.0,0.0,0.0,2026-05-06 18:47:18.478
1550,423648,0.0,0.0,0.0,2026-05-06 18:47:18.478
1551,423870,0.0,0.0,0.0,2026-05-06 18:47:18.478
1552,424090,0.0,0.0,0.0,2026-05-06 18:47:18.478
1553,424311,0.0,0.0,0.0,2026-05-06 18:47:18.478
1554,424531,0.0,0.0,0.0,2026-05-06 18:47:18.478
1555,424768,0.0,0.0,0.0,2026-05-06 18:47:18.478
1556,424988,0.0,0.0,0.0,2026-05-06 18:47:18.478
1557,425224,0.0,0.0,0.0,2026-05-06 18:47:18.478
1558,425446,0.0,0.0,0.0,2026-05-06 18:47:18.478
1559,425553,0.0,0.0,0.0,2026-05-06 18:47:18.478
1560,425775,0.0,0.0,0.0,2026-05-06 18:47:19.145
1561,426013,0.0,0.0,0.0,2026-05-06 18:47:19.145
1562,426233,0.0,0.0,0.0,2026-05-06 18:47:19.145
1563,426454,0.0,0.0,0.0,2026-05-06 18:47:19.145
1564,426675,0.0,0.0,0.0,2026-05-06 18:47:19.145
1565,426895,0.0,0.0,0.0,2026-05-06 18:47:19.145
1566,427075,0.0,0.0,0.0,2026-05-06 18:47:19.145
1567,427296,0.0,0.0,0.0,2026-05-06 18:47:19.145
1568,427413,0.0,0.0,0.0,2026-05-06 18:47:19.145
1569,427632,0.0,0.0,0.0,2026-05-06 18:47:19.145
1570,427852,0.0,0.0,0.0,2026-05-06 18:47:19.145
1571,427905,0.0,0.0,0.0,2026-05-06 18:47:19.145
1572,428126,0.0,0.0,0.0,2026-05-06 18:47:19.145
1573,428360,0.0,0.0,0.0,2026-05-06 18:47:19.145
1574,428581,0.0,0.0,0.0,2026-05-06 18:47:19.145
1575,428803,0.0,0.0,0.0,2026-05-06 18:47:19.145
1576,429030,0.0,0.0,0.0,2026-05-06 18:47:19.145
1577,429251,0.0,0.0,0.0,2026-05-06 18:47:19.145
1578,429488,0.0,0.0,0.0,2026-05-06 18:47:19.145
1579,429710,0.0,0.0,0.0,2026-05-06 18:47:19.145
1580,429770,0.0,0.0,0.0,2026-05-06 18:47:19.145
1581,429990,0.0,0.0,0.0,2026-05-06 18:47:19.145
1582,430209,0.0,0.0,0.0,2026-05-06 18:47:19.145
1583,430262,0.0,0.0,0.0,2026-05-06 18:47:19.145
1584,430483,0.0,0.0,0.0,2026-05-06 18:47:19.145
1585,430888,0.0,0.0,0.0,2026-05-06 18:47:19.145
1586,431110,0.0,0.0,0.0,2026-05-06 18:47:19.145
1587,431390,0.0,0.0,0.0,2026-05-06 18:47:19.145
1588,431611,0.0,0.0,0.0,2026-05-06 18:47:19.145
1589,431671,0.0,0.0,0.0,2026-05-06 18:47:19.145
1590,431891,0.0,0.0,0.0,2026-05-06 18:47:19.145
1591,432112,0.0,0.0,0.0,2026-05-06 18:47:19.145
1592,432162,0.0,0.0,0.0,2026-05-06 18:47:19.145
1593,432382,0.0,0.0,0.0,2026-05-06 18:47:19.145
1594,432603,0.0,0.0,0.0,2026-05-06 18:47:19.145
1595,432826,0.0,0.0,0.0,2026-05-06 18:47:19.145
1596,433045,0.0,0.0,0.0,2026-05-06 18:47:19.145
1597,433281,0.0,0.0,0.0,2026-05-06 18:47:19.145
1598,433502,0.0,0.0,0.0,2026-05-06 18:47:19.145
1599,433682,0.0,0.0,0.0,2026-05-06 18:47:19.869
1600,433902,0.0,0.0,0.0,2026-05-06 18:47:19.869
1601,434063,0.0,0.0,0.0,2026-05-06 18:47:19.869
1602,434283,0.0,0.0,0.0,2026-05-06 18:47:19.869
1603,434503,0.0,0.0,0.0,2026-05-06 18:47:19.869
1604,434723,0.0,0.0,0.0,2026-05-06 18:47:19.869
1605,434943,0.0,0.0,0.0,2026-05-06 18:47:19.869
1606,435178,0.0,0.0,0.0,2026-05-06 18:47:19.869
1607,435400,0.0,0.0,0.0,2026-05-06 18:47:19.869
1608,435637,0.0,0.0,0.0,2026-05-06 18:47:19.869
1609,435856,0.0,0.0,0.0,2026-05-06 18:47:19.869
1610,435961,0.0,0.0,0.0,2026-05-06 18:47:19.869
1611,436182,0.0,0.0,0.0,2026-05-06 18:47:19.869
1612,436420,0.0,0.0,0.0,2026-05-06 18:47:19.869
1613,436640,0.0,0.0,0.0,2026-05-06 18:47:19.869
1614,436860,0.0,0.0,0.0,2026-05-06 18:47:19.869
1615,437082,0.0,0.0,0.0,2026-05-06 18:47:19.869
1616,437303,0.0,0.0,0.0,2026-05-06 18:47:19.869
1617,437481,0.0,0.0,0.0,2026-05-06 18:47:19.869
1618,437701,0.0,0.0,0.0,2026-05-06 18:47:19.869
1619,437818,0.0,0.0,0.0,2026-05-06 18:47:19.869
1620,438039,0.0,0.0,0.0,2026-05-06 18:47:19.869
1621,438260,0.0,0.0,0.0,2026-05-06 18:47:19.869
1622,438314,0.0,0.0,0.0,2026-05-06 18:47:19.869
1623,438536,0.0,0.0,0.0,2026-05-06 18:47:19.869
1624,438755,0.0,0.0,0.0,2026-05-06 18:47:19.869
1625,439020,0.0,0.0,0.0,2026-05-06 18:47:19.869
1626,439241,0.0,0.0,0.0,2026-05-06 18:47:19.869
1627,439462,0.0,0.0,0.0,2026-05-06 18:47:19.869
1628,439682,0.0,0.0,0.0,2026-05-06 18:47:19.869
1629,439919,0.0,0.0,0.0,2026-05-06 18:47:19.869
1630,440139,0.0,0.0,0.0,2026-05-06 18:47:19.869
1631,440199,0.0,0.0,0.0,2026-05-06 18:47:19.869
1632,440423,0.0,0.0,0.0,2026-05-06 18:47:19.869
1633,440645,0.0,0.0,0.0,2026-05-06 18:47:19.869
1634,440697,0.0,0.0,0.0,2026-05-06 18:47:19.869
1635,440919,0.0,0.0,0.0,2026-05-06 18:47:19.869
1636,441328,0.0,0.0,0.0,2026-05-06 18:47:19.869
1637,441551,0.0,0.0,0.0,2026-05-06 18:47:19.869
1638,441833,0.0,0.0,0.0,2026-05-06 18:47:20.597
1639,442056,0.0,0.0,0.0,2026-05-06 18:47:20.597
1640,442116,0.0,0.0,0.0,2026-05-06 18:47:20.597
1641,442340,0.0,0.0,0.0,2026-05-06 18:47:20.597
1642,442562,0.0,0.0,0.0,2026-05-06 18:47:20.597
1643,442608,0.0,0.0,0.0,2026-05-06 18:47:20.597
1644,442830,0.0,0.0,0.0,2026-05-06 18:47:20.597
1645,443239,0.0,0.0,0.0,2026-05-06 18:47:20.597
1646,443461,0.0,0.0,0.0,2026-05-06 18:47:20.597
1647,443565,0.0,0.0,0.0,2026-05-06 18:47:20.597
1648,443787,0.0,0.0,0.0,2026-05-06 18:47:20.597
1649,444025,0.0,0.0,0.0,2026-05-06 18:47:20.597
1650,444246,0.0,0.0,0.0,2026-05-06 18:47:20.597
1651,444468,0.0,0.0,0.0,2026-05-06 18:47:20.597
1652,444689,0.0,0.0,0.0,2026-05-06 18:47:20.597
1653,444909,0.0,0.0,0.0,2026-05-06 18:47:20.597
1654,445149,0.0,0.0,0.0,2026-05-06 18:47:20.597
1655,445373,0.0,0.0,0.0,2026-05-06 18:47:20.597
1656,445610,0.0,0.0,0.0,2026-05-06 18:47:20.597
1657,445833,0.0,0.0,0.0,2026-05-06 18:47:20.597
1658,445893,0.0,0.0,0.0,2026-05-06 18:47:20.597
1659,446114,0.0,0.0,0.0,2026-05-06 18:47:20.597
1660,446337,0.0,0.0,0.0,2026-05-06 18:47:20.597
1661,446388,0.0,0.0,0.0,2026-05-06 18:47:20.597
1662,446612,0.0,0.0,0.0,2026-05-06 18:47:20.597
1663,446851,0.0,0.0,0.0,2026-05-06 18:47:20.597
1664,447074,0.0,0.0,0.0,2026-05-06 18:47:20.597
1665,447483,0.0,0.0,0.0,2026-05-06 18:47:20.597
1666,447706,0.0,0.0,0.0,2026-05-06 18:47:20.597
1667,447990,0.0,0.0,0.0,2026-05-06 18:47:20.597
1668,448214,0.0,0.0,0.0,2026-05-06 18:47:20.597
1669,448274,0.0,0.0,0.0,2026-05-06 18:47:20.597
1670,448498,0.0,0.0,0.0,2026-05-06 18:47:20.597
1671,448721,0.0,0.0,0.0,2026-05-06 18:47:20.597
1672,448766,0.0,0.0,0.0,2026-05-06 18:47:20.597
1673,448987,0.0,0.0,0.0,2026-05-06 18:47:20.597
1674,449226,0.0,0.0,0.0,2026-05-06 18:47:20.597
1675,449494,0.0,0.0,0.0,2026-05-06 18:47:20.597
1676,449896,0.0,0.0,0.0,2026-05-06 18:47:21.309
1677,450120,0.0,0.0,0.0,2026-05-06 18:47:21.309
1678,450358,0.0,0.0,0.0,2026-05-06 18:47:21.309
1679,450580,0.0,0.0,0.0,2026-05-06 18:47:21.309
1680,450640,0.0,0.0,0.0,2026-05-06 18:47:21.309
1681,450864,0.0,0.0,0.0,2026-05-06 18:47:21.309
1682,451086,0.0,0.0,0.0,2026-05-06 18:47:21.309
1683,451133,0.0,0.0,0.0,2026-05-06 18:47:21.309
1684,451353,0.0,0.0,0.0,2026-05-06 18:47:21.309
1685,451575,0.0,0.0,0.0,2026-05-06 18:47:21.309
1686,451797,0.0,0.0,0.0,2026-05-06 18:47:21.309
1687,452019,0.0,0.0,0.0,2026-05-06 18:47:21.309
1688,452079,0.0,0.0,0.0,2026-05-06 18:47:21.309
1689,452301,0.0,0.0,0.0,2026-05-06 18:47:21.309
1690,452525,0.0,0.0,0.0,2026-05-06 18:47:21.309
1691,452571,0.0,0.0,0.0,2026-05-06 18:47:21.309
1692,452794,0.0,0.0,0.0,2026-05-06 18:47:21.309
1693,453204,0.0,0.0,0.0,2026-05-06 18:47:21.309
1694,453428,0.0,0.0,0.0,2026-05-06 18:47:21.309
1695,453667,0.0,0.0,0.0,2026-05-06 18:47:21.309
1696,453888,0.0,0.0,0.0,2026-05-06 18:47:21.309
1697,453993,0.0,0.0,0.0,2026-05-06 18:47:21.309
1698,454216,0.0,0.0,0.0,2026-05-06 18:47:21.309
1699,454455,0.0,0.0,0.0,2026-05-06 18:47:21.309
1700,454677,0.0,0.0,0.0,2026-05-06 18:47:21.309
1701,454916,0.0,0.0,0.0,2026-05-06 18:47:21.309
1702,455138,0.0,0.0,0.0,2026-05-06 18:47:21.309
1703,455362,0.0,0.0,0.0,2026-05-06 18:47:21.309
1704,455587,0.0,0.0,0.0,2026-05-06 18:47:21.309
1705,455811,0.0,0.0,0.0,2026-05-06 18:47:21.309
1706,456048,0.0,0.0,0.0,2026-05-06 18:47:21.309
1707,456270,0.0,0.0,0.0,2026-05-06 18:47:21.309
1708,456330,0.0,0.0,0.0,2026-05-06 18:47:21.309
1709,456551,0.0,0.0,0.0,2026-05-06 18:47:21.309
1710,456775,0.0,0.0,0.0,2026-05-06 18:47:21.309
1711,456823,0.0,0.0,0.0,2026-05-06 18:47:21.309
1712,457045,0.0,0.0,0.0,2026-05-06 18:47:21.309
1713,457285,0.0,0.0,0.0,2026-05-06 18:47:21.309
1714,457628,0.0,0.0,0.0,2026-05-06 18:47:21.309
1715,457871,0.0,0.0,0.0,2026-05-06 18:47:22.035
1716,458095,0.0,0.0,0.0,2026-05-06 18:47:22.035
1717,458337,0.0,0.0,0.0,2026-05-06 18:47:22.035
1718,458559,0.0,0.0,0.0,2026-05-06 18:47:22.035
1719,458681,0.0,0.0,0.0,2026-05-06 18:47:22.035
1720,459025,0.0,0.0,0.0,2026-05-06 18:47:22.035
1721,459148,0.0,0.0,0.0,2026-05-06 18:47:22.035
1722,459489,0.0,0.0,0.0,2026-05-06 18:47:22.035
1723,459732,0.0,0.0,0.0,2026-05-06 18:47:22.035
1724,459954,0.0,0.0,0.0,2026-05-06 18:47:22.035
1725,460196,0.0,0.0,0.0,2026-05-06 18:47:22.035
1726,460419,0.0,0.0,0.0,2026-05-06 18:47:22.035
1727,460541,0.0,0.0,0.0,2026-05-06 18:47:22.035
1728,460885,0.0,0.0,0.0,2026-05-06 18:47:22.035
1729,461127,0.0,0.0,0.0,2026-05-06 18:47:22.035
1730,461351,0.0,0.0,0.0,2026-05-06 18:47:22.035
1731,461474,0.0,0.0,0.0,2026-05-06 18:47:22.035
1732,461817,0.0,0.0,0.0,2026-05-06 18:47:22.035
1733,462060,0.0,0.0,0.0,2026-05-06 18:47:22.035
1734,462282,0.0,0.0,0.0,2026-05-06 18:47:22.035
1735,462583,0.0,0.0,0.0,2026-05-06 18:47:22.035
1736,462806,0.0,0.0,0.0,2026-05-06 18:47:22.035
1737,463217,0.0,0.0,0.0,2026-05-06 18:47:22.035
1738,463460,0.0,0.0,0.0,2026-05-06 18:47:22.035
1739,463683,0.0,0.0,0.0,2026-05-06 18:47:22.035
1740,463926,0.0,0.0,0.0,2026-05-06 18:47:22.035
1741,464149,0.0,0.0,0.0,2026-05-06 18:47:22.035
1742,464272,0.0,0.0,0.0,2026-05-06 18:47:22.035
1743,464614,0.0,0.0,0.0,2026-05-06 18:47:22.035
1744,464736,0.0,0.0,0.0,2026-05-06 18:47:22.035
1745,465079,0.0,0.0,0.0,2026-05-06 18:47:22.035
1746,465322,0.0,0.0,0.0,2026-05-06 18:47:22.035
1747,465546,0.0,0.0,0.0,2026-05-06 18:47:22.726
1748,465668,0.0,0.0,0.0,2026-05-06 18:47:22.726
1749,466011,0.0,0.0,0.0,2026-05-06 18:47:22.726
1750,466254,0.0,0.0,0.0,2026-05-06 18:47:22.726
1751,466474,0.0,0.0,0.0,2026-05-06 18:47:22.726
1752,466717,0.0,0.0,0.0,2026-05-06 18:47:22.726
1753,466939,0.0,0.0,0.0,2026-05-06 18:47:22.726
1754,467062,0.0,0.0,0.0,2026-05-06 18:47:22.726
1755,467401,0.0,0.0,0.0,2026-05-06 18:47:22.726
1756,467524,0.0,0.0,0.0,2026-05-06 18:47:22.726
1757,467864,0.0,0.0,0.0,2026-05-06 18:47:22.726
1758,467987,0.0,0.0,0.0,2026-05-06 18:47:22.726
1759,468326,0.0,0.0,0.0,2026-05-06 18:47:22.726
1760,468569,0.0,0.0,0.0,2026-05-06 18:47:22.726
1761,468791,0.0,0.0,0.0,2026-05-06 18:47:22.726
1762,469033,0.0,0.0,0.0,2026-05-06 18:47:22.726
1763,469253,0.0,0.0,0.0,2026-05-06 18:47:22.726
1764,469496,0.0,0.0,0.0,2026-05-06 18:47:22.726
1765,469715,0.0,0.0,0.0,2026-05-06 18:47:22.726
1766,469959,0.0,0.0,0.0,2026-05-06 18:47:22.726
1767,470180,0.0,0.0,0.0,2026-05-06 18:47:22.726
1768,470347,0.0,0.0,0.0,2026-05-06 18:47:22.726
1769,470690,0.0,0.0,0.0,2026-05-06 18:47:22.726
1770,470795,0.0,0.0,0.0,2026-05-06 18:47:22.726
1771,471135,0.0,0.0,0.0,2026-05-06 18:47:22.726
1772,471259,0.0,0.0,0.0,2026-05-06 18:47:22.726
1773,471601,0.0,0.0,0.0,2026-05-06 18:47:22.726
1774,471843,0.0,0.0,0.0,2026-05-06 18:47:22.726
1775,472063,0.0,0.0,0.0,2026-05-06 18:47:22.726
1776,472186,0.0,0.0,0.0,2026-05-06 18:47:22.726
1777,472528,0.0,0.0,0.0,2026-05-06 18:47:22.726
1778,472650,0.0,0.0,0.0,2026-05-06 18:47:22.726
1779,472989,0.0,0.0,0.0,2026-05-06 18:47:22.726
1780,473232,0.0,0.0,0.0,2026-05-06 18:47:22.726
1781,473453,0.0,0.0,0.0,2026-05-06 18:47:23.448
1782,473696,0.0,0.0,0.0,2026-05-06 18:47:23.448
1783,473916,0.0,0.0,0.0,2026-05-06 18:47:23.448
1784,474160,0.0,0.0,0.0,2026-05-06 18:47:23.448
1785,474379,0.0,0.0,0.0,2026-05-06 18:47:23.448
1786,474502,0.0,0.0,0.0,2026-05-06 18:47:23.448
1787,474842,0.0,0.0,0.0,2026-05-06 18:47:23.448
1788,475085,0.0,0.0,0.0,2026-05-06 18:47:23.448
1789,475305,0.0,0.0,0.0,2026-05-06 18:47:23.448
1790,475429,0.0,0.0,0.0,2026-05-06 18:47:23.448
1791,475770,0.0,0.0,0.0,2026-05-06 18:47:23.448
1792,476013,0.0,0.0,0.0,2026-05-06 18:47:23.448
1793,476233,0.0,0.0,0.0,2026-05-06 18:47:23.448
1794,476476,0.0,0.0,0.0,2026-05-06 18:47:23.448
1795,476696,0.0,0.0,0.0,2026-05-06 18:47:23.448
1796,476820,0.0,0.0,0.0,2026-05-06 18:47:23.448
1797,477160,0.0,0.0,0.0,2026-05-06 18:47:23.448
1798,477403,0.0,0.0,0.0,2026-05-06 18:47:23.448
1799,477624,0.0,0.0,0.0,2026-05-06 18:47:23.448
1800,477747,0.0,0.0,0.0,2026-05-06 18:47:23.448
1801,478089,0.0,0.0,0.0,2026-05-06 18:47:23.448
1802,478212,0.0,0.0,0.0,2026-05-06 18:47:23.448
1803,478552,0.0,0.0,0.0,2026-05-06 18:47:23.448
1804,478675,0.0,0.0,0.0,2026-05-06 18:47:23.448
1805,479015,0.0,0.0,0.0,2026-05-06 18:47:23.448
1806,479258,0.0,0.0,0.0,2026-05-06 18:47:23.448
1807,479478,0.0,0.0,0.0,2026-05-06 18:47:23.448
1808,479601,0.0,0.0,0.0,2026-05-06 18:47:23.448
1809,479942,0.0,0.0,0.0,2026-05-06 18:47:23.448
1810,480065,0.0,0.0,0.0,2026-05-06 18:47:23.448
1811,480406,0.0,0.0,0.0,2026-05-06 18:47:23.448
1812,480648,0.0,0.0,0.0,2026-05-06 18:47:23.448
1813,480868,0.0,0.0,0.0,2026-05-06 18:47:23.448
1814,480992,0.0,0.0,0.0,2026-05-06 18:47:23.448
1815,481333,0.0,0.0,0.0,2026-05-06 18:47:23.448
1816,481456,0.0,0.0,0.0,2026-05-06 18:47:23.448
1817,481797,0.0,0.0,0.0,2026-05-06 18:47:24.170
1818,482040,0.0,0.0,0.0,2026-05-06 18:47:24.170
1819,482260,0.0,0.0,0.0,2026-05-06 18:47:24.170
1820,482503,0.0,0.0,0.0,2026-05-06 18:47:24.170
1821,482723,0.0,0.0,0.0,2026-05-06 18:47:24.170
1822,482967,0.0,0.0,0.0,2026-05-06 18:47:24.170
1823,483187,0.0,0.0,0.0,2026-05-06 18:47:24.170
1824,483430,0.0,0.0,0.0,2026-05-06 18:47:24.170
1825,483651,0.0,0.0,0.0,2026-05-06 18:47:24.170
1826,483774,0.0,0.0,0.0,2026-05-06 18:47:24.170
1827,484114,0.0,0.0,0.0,2026-05-06 18:47:24.170
1828,484237,0.0,0.0,0.0,2026-05-06 18:47:24.170
1829,484577,0.0,0.0,0.0,2026-05-06 18:47:24.170
1830,484700,0.0,0.0,0.0,2026-05-06 18:47:24.170
1831,485040,0.0,0.0,0.0,2026-05-06 18:47:24.170
1832,485163,0.0,0.0,0.0,2026-05-06 18:47:24.170
1833,485505,0.0,0.0,0.0,2026-05-06 18:47:24.170
1834,485628,0.0,0.0,0.0,2026-05-06 18:47:24.170
1835,485968,0.0,0.0,0.0,2026-05-06 18:47:24.170
1836,486091,0.0,0.0,0.0,2026-05-06 18:47:24.170
1837,486432,0.0,0.0,0.0,2026-05-06 18:47:24.170
1838,486555,0.0,0.0,0.0,2026-05-06 18:47:24.170
1839,486895,0.0,0.0,0.0,2026-05-06 18:47:24.170
1840,487018,0.0,0.0,0.0,2026-05-06 18:47:24.170
1841,487359,0.0,0.0,0.0,2026-05-06 18:47:24.170
1842,487482,0.0,0.0,0.0,2026-05-06 18:47:24.170
1843,487821,0.0,0.0,0.0,2026-05-06 18:47:24.170
1844,488064,0.0,0.0,0.0,2026-05-06 18:47:24.170
1845,488283,0.0,0.0,0.0,2026-05-06 18:47:24.170
1846,488527,0.0,0.0,0.0,2026-05-06 18:47:24.170
1847,488747,0.0,0.0,0.0,2026-05-06 18:47:24.170
1848,488990,0.0,0.0,0.0,2026-05-06 18:47:24.170
1849,489211,0.0,0.0,0.0,2026-05-06 18:47:24.170
1850,489454,0.0,0.0,0.0,2026-05-06 18:47:24.170
1851,489675,0.0,0.0,0.0,2026-05-06 18:47:24.881
1852,489798,0.0,0.0,0.0,2026-05-06 18:47:24.881
1853,490138,0.0,0.0,0.0,2026-05-06 18:47:24.881
1854,490261,0.0,0.0,0.0,2026-05-06 18:47:24.881
1855,490601,0.0,0.0,0.0,2026-05-06 18:47:24.881
1856,490844,0.0,0.0,0.0,2026-05-06 18:47:24.881
1857,491065,0.0,0.0,0.0,2026-05-06 18:47:24.881
1858,491308,0.0,0.0,0.0,2026-05-06 18:47:24.881
1859,491782,0.0,0.0,0.0,2026-05-06 18:47:24.881
1860,492003,0.0,0.0,0.0,2026-05-06 18:47:24.881
1861,492246,0.0,0.0,0.0,2026-05-06 18:47:24.881
1862,492465,0.0,0.0,0.0,2026-05-06 18:47:24.881
1863,492931,0.0,0.0,0.0,2026-05-06 18:47:24.881
1864,493175,0.0,0.0,0.0,2026-05-06 18:47:24.881
1865,493396,0.0,0.0,0.0,2026-05-06 18:47:24.881
1866,493639,0.0,0.0,0.0,2026-05-06 18:47:24.881
1867,493858,0.0,0.0,0.0,2026-05-06 18:47:24.881
1868,493981,0.0,0.0,0.0,2026-05-06 18:47:24.881
1869,494321,0.0,0.0,0.0,2026-05-06 18:47:24.881
1870,494444,0.0,0.0,0.0,2026-05-06 18:47:24.881
1871,494784,0.0,0.0,0.0,2026-05-06 18:47:24.881
1872,495027,0.0,0.0,0.0,2026-05-06 18:47:24.881
1873,495247,0.0,0.0,0.0,2026-05-06 18:47:24.881
1874,495370,0.0,0.0,0.0,2026-05-06 18:47:24.881
1875,495709,0.0,0.0,0.0,2026-05-06 18:47:24.881
1876,495832,0.0,0.0,0.0,2026-05-06 18:47:24.881
1877,496172,0.0,0.0,0.0,2026-05-06 18:47:24.881
1878,496415,0.0,0.0,0.0,2026-05-06 18:47:24.881
1879,496635,0.0,0.0,0.0,2026-05-06 18:47:24.881
1880,496758,0.0,0.0,0.0,2026-05-06 18:47:24.881
1881,497098,0.0,0.0,0.0,2026-05-06 18:47:24.881
1882,497341,0.0,0.0,0.0,2026-05-06 18:47:24.881
1883,497561,0.0,0.0,0.0,2026-05-06 18:47:25.591
1884,497685,0.0,0.0,0.0,2026-05-06 18:47:25.591
1885,498024,0.0,0.0,0.0,2026-05-06 18:47:25.591
1886,498147,0.0,0.0,0.0,2026-05-06 18:47:25.591
1887,498488,0.0,0.0,0.0,2026-05-06 18:47:25.591
1888,498788,0.0,0.0,0.0,2026-05-06 18:47:25.591
1889,499008,0.0,0.0,0.0,2026-05-06 18:47:25.591
1890,499194,0.0,0.0,0.0,2026-05-06 18:47:25.591
1891,499415,0.0,0.0,0.0,2026-05-06 18:47:25.591
1892,499538,0.0,0.0,0.0,2026-05-06 18:47:25.591
1893,499878,0.0,0.0,0.0,2026-05-06 18:47:25.591
1894,500001,0.0,0.0,0.0,2026-05-06 18:47:25.591
1895,500344,0.0,0.0,0.0,2026-05-06 18:47:25.591
1896,500467,0.0,0.0,0.0,2026-05-06 18:47:25.591
1897,500806,0.0,0.0,0.0,2026-05-06 18:47:25.591
1898,500929,0.0,0.0,0.0,2026-05-06 18:47:25.591
1899,501270,0.0,0.0,0.0,2026-05-06 18:47:25.591
1900,501393,0.0,0.0,0.0,2026-05-06 18:47:25.591
1901,501732,0.0,0.0,0.0,2026-05-06 18:47:25.591
1902,501975,0.0,0.0,0.0,2026-05-06 18:47:25.591
1903,502196,0.0,0.0,0.0,2026-05-06 18:47:25.591
1904,502438,0.0,0.0,0.0,2026-05-06 18:47:25.591
1905,502657,0.0,0.0,0.0,2026-05-06 18:47:25.591
1906,502900,0.0,0.0,0.0,2026-05-06 18:47:25.591
1907,503121,0.0,0.0,0.0,2026-05-06 18:47:25.591
1908,503364,0.0,0.0,0.0,2026-05-06 18:47:25.591
1909,503838,0.0,0.0,0.0,2026-05-06 18:47:25.591
1910,504058,0.0,0.0,0.0,2026-05-06 18:47:25.591
1911,504302,0.0,0.0,0.0,2026-05-06 18:47:25.591
1912,504775,0.0,0.0,0.0,2026-05-06 18:47:25.591
1913,504996,0.0,0.0,0.0,2026-05-06 18:47:25.591
1914,505239,0.0,0.0,0.0,2026-05-06 18:47:25.591
1915,505458,0.0,0.0,0.0,2026-05-06 18:47:25.591
1916,505581,0.0,0.0,0.0,2026-05-06 18:47:26.299
1917,505922,0.0,0.0,0.0,2026-05-06 18:47:26.299
1918,506165,0.0,0.0,0.0,2026-05-06 18:47:26.299
1919,506385,0.0,0.0,0.0,2026-05-06 18:47:26.299
1920,506629,0.0,0.0,0.0,2026-05-06 18:47:26.299
1921,506849,0.0,0.0,0.0,2026-05-06 18:47:26.299
1922,507092,0.0,0.0,0.0,2026-05-06 18:47:26.299
1923,507312,0.0,0.0,0.0,2026-05-06 18:47:26.299
1924,507779,0.0,0.0,0.0,2026-05-06 18:47:26.299
1925,508022,0.0,0.0,0.0,2026-05-06 18:47:26.299
1926,508243,0.0,0.0,0.0,2026-05-06 18:47:26.299
1927,508366,0.0,0.0,0.0,2026-05-06 18:47:26.299
1928,508706,0.0,0.0,0.0,2026-05-06 18:47:26.299
1929,508829,0.0,0.0,0.0,2026-05-06 18:47:26.299
1930,509169,0.0,0.0,0.0,2026-05-06 18:47:26.299
1931,509470,0.0,0.0,0.0,2026-05-06 18:47:26.299
1932,509691,0.0,0.0,0.0,2026-05-06 18:47:26.299
1933,509876,0.0,0.0,0.0,2026-05-06 18:47:26.299
1934,510097,0.0,0.0,0.0,2026-05-06 18:47:26.299
1935,510340,0.0,0.0,0.0,2026-05-06 18:47:26.299
1936,510559,0.0,0.0,0.0,2026-05-06 18:47:26.299
1937,510682,0.0,0.0,0.0,2026-05-06 18:47:26.299
1938,511022,0.0,0.0,0.0,2026-05-06 18:47:26.299
1939,511145,0.0,0.0,0.0,2026-05-06 18:47:26.299
1940,511486,0.0,0.0,0.0,2026-05-06 18:47:26.299
1941,511609,0.0,0.0,0.0,2026-05-06 18:47:26.299
1942,511950,0.0,0.0,0.0,2026-05-06 18:47:26.299
1943,512073,0.0,0.0,0.0,2026-05-06 18:47:26.299
1944,512414,0.0,0.0,0.0,2026-05-06 18:47:26.299
1945,512657,0.0,0.0,0.0,2026-05-06 18:47:26.299
1946,512878,0.0,0.0,0.0,2026-05-06 18:47:26.299
1947,513121,0.0,0.0,0.0,2026-05-06 18:47:26.299
1948,513343,0.0,0.0,0.0,2026-05-06 18:47:26.299
1949,513586,0.0,0.0,0.0,2026-05-06 18:47:27.008
1950,513806,0.0,0.0,0.0,2026-05-06 18:47:27.008
1951,514050,0.0,0.0,0.0,2026-05-06 18:47:27.008
1952,514270,0.0,0.0,0.0,2026-05-06 18:47:27.008
1953,514513,0.0,0.0,0.0,2026-05-06 18:47:27.008
1954,514735,0.0,0.0,0.0,2026-05-06 18:47:27.008
1955,515202,0.0,0.0,0.0,2026-05-06 18:47:27.008
1956,515445,0.0,0.0,0.0,2026-05-06 18:47:27.008
1957,515664,0.0,0.0,0.0,2026-05-06 18:47:27.008
1958,515788,0.0,0.0,0.0,2026-05-06 18:47:27.008
1959,516128,0.0,0.0,0.0,2026-05-06 18:47:27.008
1960,516371,0.0,0.0,0.0,2026-05-06 18:47:27.008
1961,516591,0.0,0.0,0.0,2026-05-06 18:47:27.008
1962,516835,0.0,0.0,0.0,2026-05-06 18:47:27.008
1963,517057,0.0,0.0,0.0,2026-05-06 18:47:27.008
1964,517179,0.0,0.0,0.0,2026-05-06 18:47:27.008
1965,517519,0.0,0.0,0.0,2026-05-06 18:47:27.008
1966,517821,0.0,0.0,0.0,2026-05-06 18:47:27.008
1967,518043,0.0,0.0,0.0,2026-05-06 18:47:27.008
1968,518228,0.0,0.0,0.0,2026-05-06 18:47:27.008
1969,518449,0.0,0.0,0.0,2026-05-06 18:47:27.008
1970,518692,0.0,0.0,0.0,2026-05-06 18:47:27.008
1971,518912,0.0,0.0,0.0,2026-05-06 18:47:27.008
1972,519155,0.0,0.0,0.0,2026-05-06 18:47:27.008
1973,519376,0.0,0.0,0.0,2026-05-06 18:47:27.008
1974,519619,0.0,0.0,0.0,2026-05-06 18:47:27.008
1975,519839,0.0,0.0,0.0,2026-05-06 18:47:27.008
1976,519962,0.0,0.0,0.0,2026-05-06 18:47:27.008
1977,520303,0.0,0.0,0.0,2026-05-06 18:47:27.008
1978,520546,0.0,0.0,0.0,2026-05-06 18:47:27.008
1979,520767,0.0,0.0,0.0,2026-05-06 18:47:27.008
1980,520890,0.0,0.0,0.0,2026-05-06 18:47:27.008
1981,521232,0.0,0.0,0.0,2026-05-06 18:47:27.008
1982,521355,0.0,0.0,0.0,2026-05-06 18:47:27.008
1983,521695,0.0,0.0,0.0,2026-05-06 18:47:27.729
1984,521938,0.0,0.0,0.0,2026-05-06 18:47:27.729
1985,522158,0.0,0.0,0.0,2026-05-06 18:47:27.729
1986,522624,0.0,0.0,0.0,2026-05-06 18:47:27.729
1987,522870,0.0,0.0,0.0,2026-05-06 18:47:27.729
1988,523091,0.0,0.0,0.0,2026-05-06 18:47:27.729
1989,523214,0.0,0.0,0.0,2026-05-06 18:47:27.729
1990,523554,0.0,0.0,0.0,2026-05-06 18:47:27.729
1991,523677,0.0,0.0,0.0,2026-05-06 18:47:27.729
1992,524017,0.0,0.0,0.0,2026-05-06 18:47:27.729
1993,524140,0.0,0.0,0.0,2026-05-06 18:47:27.729
1994,524480,0.0,0.0,0.0,2026-05-06 18:47:27.729
1995,524603,0.0,0.0,0.0,2026-05-06 18:47:27.729
1996,524944,0.0,0.0,0.0,2026-05-06 18:47:27.729
1997,525186,0.0,0.0,0.0,2026-05-06 18:47:27.729
1998,525407,0.0,0.0,0.0,2026-05-06 18:47:27.729
1999,525651,0.0,0.0,0.0,2026-05-06 18:47:27.729
2000,525872,0.0,0.0,0.0,2026-05-06 18:47:27.729
2001,526115,0.0,0.0,0.0,2026-05-06 18:47:27.729
2002,526336,0.0,0.0,0.0,2026-05-06 18:47:27.729
2003,526579,0.0,0.0,0.0,2026-05-06 18:47:27.729
2004,526800,0.0,0.0,0.0,2026-05-06 18:47:27.729
2005,526922,0.0,0.0,0.0,2026-05-06 18:47:27.729
2006,527263,0.0,0.0,0.0,2026-05-06 18:47:27.729
2007,527506,0.0,0.0,0.0,2026-05-06 18:47:27.729
2008,527726,0.0,0.0,0.0,2026-05-06 18:47:27.729
2009,527850,0.0,0.0,0.0,2026-05-06 18:47:27.729
2010,528192,0.0,0.0,0.0,2026-05-06 18:47:27.729
2011,528435,0.0,0.0,0.0,2026-05-06 18:47:27.729
2012,528656,0.0,0.0,0.0,2026-05-06 18:47:27.729
2013,528899,0.0,0.0,0.0,2026-05-06 18:47:27.729
2014,529120,0.0,0.0,0.0,2026-05-06 18:47:27.729
2015,529243,0.0,0.0,0.0,2026-05-06 18:47:27.729
2016,529585,0.0,0.0,0.0,2026-05-06 18:47:28.435
2017,530186,0.0,0.0,0.0,2026-05-06 18:47:28.435
2018,530526,0.0,0.0,0.0,2026-05-06 18:47:28.435
2019,530769,0.0,0.0,0.0,2026-05-06 18:47:28.435
2020,530989,0.0,0.0,0.0,2026-05-06 18:47:28.435
2021,531232,0.0,0.0,0.0,2026-05-06 18:47:28.435
2022,531585,0.0,0.0,0.0,2026-05-06 18:47:28.435
2023,531926,0.0,0.0,0.0,2026-05-06 18:47:28.435
2024,532169,0.0,0.0,0.0,2026-05-06 18:47:28.435
2025,532388,0.0,0.0,0.0,2026-05-06 18:47:28.435
2026,532632,0.0,0.0,0.0,2026-05-06 18:47:28.435
2027,532985,0.0,0.0,0.0,2026-05-06 18:47:28.435
2028,533325,0.0,0.0,0.0,2026-05-06 18:47:28.435
2029,533448,0.0,0.0,0.0,2026-05-06 18:47:28.435
2030,533790,0.0,0.0,0.0,2026-05-06 18:47:28.435
2031,533913,0.0,0.0,0.0,2026-05-06 18:47:28.435
2032,534253,0.0,0.0,0.0,2026-05-06 18:47:28.435
2033,534496,0.0,0.0,0.0,2026-05-06 18:47:28.435
2034,534715,0.0,0.0,0.0,2026-05-06 18:47:28.435
2035,534839,0.0,0.0,0.0,2026-05-06 18:47:28.435
2036,535179,0.0,0.0,0.0,2026-05-06 18:47:28.435
2037,535302,0.0,0.0,0.0,2026-05-06 18:47:28.435
2038,535643,0.0,0.0,0.0,2026-05-06 18:47:28.435
2039,535766,0.0,0.0,0.0,2026-05-06 18:47:28.435
2040,536106,0.0,0.0,0.0,2026-05-06 18:47:28.435
2041,536230,0.0,0.0,0.0,2026-05-06 18:47:28.435
2042,536571,0.0,0.0,0.0,2026-05-06 18:47:28.435
2043,536694,0.0,0.0,0.0,2026-05-06 18:47:28.435
2044,537035,0.0,0.0,0.0,2026-05-06 18:47:28.435
2045,537157,0.0,0.0,0.0,2026-05-06 18:47:28.435
2046,537501,0.0,0.0,0.0,2026-05-06 18:47:29.152
2047,537744,0.0,0.0,0.0,2026-05-06 18:47:29.152
2048,537965,0.0,0.0,0.0,2026-05-06 18:47:29.152
2049,538088,0.0,0.0,0.0,2026-05-06 18:47:29.152
2050,538428,0.0,0.0,0.0,2026-05-06 18:47:29.152
2051,538672,0.0,0.0,0.0,2026-05-06 18:47:29.152
2052,538892,0.0,0.0,0.0,2026-05-06 18:47:29.152
2053,539135,0.0,0.0,0.0,2026-05-06 18:47:29.152
2054,539356,0.0,0.0,0.0,2026-05-06 18:47:29.152
2055,539479,0.0,0.0,0.0,2026-05-06 18:47:29.152
2056,539820,0.0,0.0,0.0,2026-05-06 18:47:29.152
2057,540063,0.0,0.0,0.0,2026-05-06 18:47:29.152
2058,540416,0.0,0.0,0.0,2026-05-06 18:47:29.152
2059,540757,0.0,0.0,0.0,2026-05-06 18:47:29.152
2060,541000,0.0,0.0,0.0,2026-05-06 18:47:29.152
2061,541220,0.0,0.0,0.0,2026-05-06 18:47:29.152
2062,541343,0.0,0.0,0.0,2026-05-06 18:47:29.152
2063,541684,0.0,0.0,0.0,2026-05-06 18:47:29.152
2064,541927,0.0,0.0,0.0,2026-05-06 18:47:29.152
2065,542148,0.0,0.0,0.0,2026-05-06 18:47:29.152
2066,542390,0.0,0.0,0.0,2026-05-06 18:47:29.152
2067,542745,0.0,0.0,0.0,2026-05-06 18:47:29.152
2068,543085,0.0,0.0,0.0,2026-05-06 18:47:29.152
2069,543328,0.0,0.0,0.0,2026-05-06 18:47:29.152
2070,543548,0.0,0.0,0.0,2026-05-06 18:47:29.152
2071,543671,0.0,0.0,0.0,2026-05-06 18:47:29.152
2072,544011,0.0,0.0,0.0,2026-05-06 18:47:29.152
2073,544134,0.0,0.0,0.0,2026-05-06 18:47:29.152
2074,544475,0.0,0.0,0.0,2026-05-06 18:47:29.152
2075,544941,0.0,0.0,0.0,2026-05-06 18:47:29.152
2076,545064,0.0,0.0,0.0,2026-05-06 18:47:29.152
2077,545405,0.0,0.0,0.0,2026-05-06 18:47:29.152
2078,545648,0.0,0.0,0.0,2026-05-06 18:47:29.858
2079,546002,0.0,0.0,0.0,2026-05-06 18:47:29.858
2080,546343,0.0,0.0,0.0,2026-05-06 18:47:29.858
2081,546586,0.0,0.0,0.0,2026-05-06 18:47:29.858
2082,546807,0.0,0.0,0.0,2026-05-06 18:47:29.858
2083,547050,0.0,0.0,0.0,2026-05-06 18:47:29.858
2084,547270,0.0,0.0,0.0,2026-05-06 18:47:29.858
2085,547513,0.0,0.0,0.0,2026-05-06 18:47:29.858
2086,547733,0.0,0.0,0.0,2026-05-06 18:47:29.858
2087,547856,0.0,0.0,0.0,2026-05-06 18:47:29.858
2088,548197,0.0,0.0,0.0,2026-05-06 18:47:29.858
2089,548439,0.0,0.0,0.0,2026-05-06 18:47:29.858
2090,548659,0.0,0.0,0.0,2026-05-06 18:47:29.858
2091,548902,0.0,0.0,0.0,2026-05-06 18:47:29.858
2092,549122,0.0,0.0,0.0,2026-05-06 18:47:29.858
2093,549365,0.0,0.0,0.0,2026-05-06 18:47:29.858
2094,549584,0.0,0.0,0.0,2026-05-06 18:47:29.858
2095,549827,0.0,0.0,0.0,2026-05-06 18:47:29.858
2096,550047,0.0,0.0,0.0,2026-05-06 18:47:29.858
2097,550171,0.0,0.0,0.0,2026-05-06 18:47:29.858
2098,550510,0.0,0.0,0.0,2026-05-06 18:47:29.858
2099,550633,0.0,0.0,0.0,2026-05-06 18:47:29.858
2100,550974,0.0,0.0,0.0,2026-05-06 18:47:29.858
2101,551217,0.0,0.0,0.0,2026-05-06 18:47:29.858
2102,551438,0.0,0.0,0.0,2026-05-06 18:47:29.858
2103,551680,0.0,0.0,0.0,2026-05-06 18:47:29.858
2104,551901,0.0,0.0,0.0,2026-05-06 18:47:29.858
2105,552024,0.0,0.0,0.0,2026-05-06 18:47:29.858
2106,552368,0.0,0.0,0.0,2026-05-06 18:47:29.858
2107,552491,0.0,0.0,0.0,2026-05-06 18:47:29.858
2108,552831,0.0,0.0,0.0,2026-05-06 18:47:29.858
2109,552954,0.0,0.0,0.0,2026-05-06 18:47:29.858
2110,553295,0.0,0.0,0.0,2026-05-06 18:47:29.858
2111,553538,0.0,0.0,0.0,2026-05-06 18:47:30.583
2112,553758,0.0,0.0,0.0,2026-05-06 18:47:30.583
2113,553881,0.0,0.0,0.0,2026-05-06 18:47:30.583
2114,554222,0.0,0.0,0.0,2026-05-06 18:47:30.583
2115,554465,0.0,0.0,0.0,2026-05-06 18:47:30.583
2116,554685,0.0,0.0,0.0,2026-05-06 18:47:30.583
2117,554809,0.0,0.0,0.0,2026-05-06 18:47:30.583
2118,555150,0.0,0.0,0.0,2026-05-06 18:47:30.583
2119,555273,0.0,0.0,0.0,2026-05-06 18:47:30.583
2120,555612,0.0,0.0,0.0,2026-05-06 18:47:30.583
2121,555735,0.0,0.0,0.0,2026-05-06 18:47:30.583
2122,556074,0.0,0.0,0.0,2026-05-06 18:47:30.583
2123,556197,0.0,0.0,0.0,2026-05-06 18:47:30.583
2124,556538,0.0,0.0,0.0,2026-05-06 18:47:30.583
2125,556780,0.0,0.0,0.0,2026-05-06 18:47:30.583
2126,556999,0.0,0.0,0.0,2026-05-06 18:47:30.583
2127,557243,0.0,0.0,0.0,2026-05-06 18:47:30.583
2128,557464,0.0,0.0,0.0,2026-05-06 18:47:30.583
2129,557707,0.0,0.0,0.0,2026-05-06 18:47:30.583
2130,557927,0.0,0.0,0.0,2026-05-06 18:47:30.583
2131,558170,0.0,0.0,0.0,2026-05-06 18:47:30.583
2132,558643,0.0,0.0,0.0,2026-05-06 18:47:30.583
2133,558864,0.0,0.0,0.0,2026-05-06 18:47:30.583
2134,558987,0.0,0.0,0.0,2026-05-06 18:47:30.583
2135,559327,0.0,0.0,0.0,2026-05-06 18:47:30.583
2136,559450,0.0,0.0,0.0,2026-05-06 18:47:30.583
2137,559794,0.0,0.0,0.0,2026-05-06 18:47:30.583
2138,560037,0.0,0.0,0.0,2026-05-06 18:47:30.583
2139,560258,0.0,0.0,0.0,2026-05-06 18:47:30.583
2140,560381,0.0,0.0,0.0,2026-05-06 18:47:30.583
2141,560722,0.0,0.0,0.0,2026-05-06 18:47:30.583
2142,560965,0.0,0.0,0.0,2026-05-06 18:47:30.583
2143,561185,0.0,0.0,0.0,2026-05-06 18:47:30.583
2144,561308,0.0,0.0,0.0,2026-05-06 18:47:30.583
2145,561649,0.0,0.0,0.0,2026-05-06 18:47:31.292
2146,561892,0.0,0.0,0.0,2026-05-06 18:47:31.292
2147,562365,0.0,0.0,0.0,2026-05-06 18:47:31.292
2148,562719,0.0,0.0,0.0,2026-05-06 18:47:31.292
2149,563059,0.0,0.0,0.0,2026-05-06 18:47:31.292
2150,563302,0.0,0.0,0.0,2026-05-06 18:47:31.292
2151,563522,0.0,0.0,0.0,2026-05-06 18:47:31.292
2152,563645,0.0,0.0,0.0,2026-05-06 18:47:31.292
2153,563984,0.0,0.0,0.0,2026-05-06 18:47:31.292
2154,564108,0.0,0.0,0.0,2026-05-06 18:47:31.292
2155,564449,0.0,0.0,0.0,2026-05-06 18:47:31.292
2156,564694,0.0,0.0,0.0,2026-05-06 18:47:31.292
2157,564916,0.0,0.0,0.0,2026-05-06 18:47:31.292
2158,565158,0.0,0.0,0.0,2026-05-06 18:47:31.292
2159,565379,0.0,0.0,0.0,2026-05-06 18:47:31.292
2160,565622,0.0,0.0,0.0,2026-05-06 18:47:31.292
2161,565866,0.0,0.0,0.0,2026-05-06 18:47:31.292
2162,565980,0.0,0.0,0.0,2026-05-06 18:47:31.292
2163,566320,0.0,0.0,0.0,2026-05-06 18:47:31.292
2164,566443,0.0,0.0,0.0,2026-05-06 18:47:31.292
2165,566783,0.0,0.0,0.0,2026-05-06 18:47:31.292
2166,566906,0.0,0.0,0.0,2026-05-06 18:47:31.292
2167,567249,0.0,0.0,0.0,2026-05-06 18:47:31.292
2168,567372,0.0,0.0,0.0,2026-05-06 18:47:31.292
2169,567713,0.0,0.0,0.0,2026-05-06 18:47:31.292
2170,567956,0.0,0.0,0.0,2026-05-06 18:47:31.292
2171,568177,0.0,0.0,0.0,2026-05-06 18:47:31.292
2172,568300,0.0,0.0,0.0,2026-05-06 18:47:31.292
2173,568640,0.0,0.0,0.0,2026-05-06 18:47:31.292
2174,568883,0.0,0.0,0.0,2026-05-06 18:47:31.292
2175,569104,0.0,0.0,0.0,2026-05-06 18:47:31.292
2176,569227,0.0,0.0,0.0,2026-05-06 18:47:31.292
2177,569567,0.0,0.0,0.0,2026-05-06 18:47:32.003
2178,569811,0.0,0.0,0.0,2026-05-06 18:47:32.003
2179,570032,0.0,0.0,0.0,2026-05-06 18:47:32.003
2180,570154,0.0,0.0,0.0,2026-05-06 18:47:32.003
2181,570495,0.0,0.0,0.0,2026-05-06 18:47:32.003
2182,570797,0.0,0.0,0.0,2026-05-06 18:47:32.003
2183,571016,0.0,0.0,0.0,2026-05-06 18:47:32.003
2184,571202,0.0,0.0,0.0,2026-05-06 18:47:32.003
2185,571422,0.0,0.0,0.0,2026-05-06 18:47:32.003
2186,571545,0.0,0.0,0.0,2026-05-06 18:47:32.003
2187,571886,0.0,0.0,0.0,2026-05-06 18:47:32.003
2188,572129,0.0,0.0,0.0,2026-05-06 18:47:32.003
2189,572349,0.0,0.0,0.0,2026-05-06 18:47:32.003
2190,572472,0.0,0.0,0.0,2026-05-06 18:47:32.003
2191,572812,0.0,0.0,0.0,2026-05-06 18:47:32.003
2192,572935,0.0,0.0,0.0,2026-05-06 18:47:32.003
2193,573275,0.0,0.0,0.0,2026-05-06 18:47:32.003
2194,573518,0.0,0.0,0.0,2026-05-06 18:47:32.003
2195,573737,0.0,0.0,0.0,2026-05-06 18:47:32.003
2196,573861,0.0,0.0,0.0,2026-05-06 18:47:32.003
2197,574202,0.0,0.0,0.0,2026-05-06 18:47:32.003
2198,574325,0.0,0.0,0.0,2026-05-06 18:47:32.003
2199,574667,0.0,0.0,0.0,2026-05-06 18:47:32.003
2200,574910,0.0,0.0,0.0,2026-05-06 18:47:32.003
2201,575264,0.0,0.0,0.0,2026-05-06 18:47:32.003
2202,575605,0.0,0.0,0.0,2026-05-06 18:47:32.003
2203,575848,0.0,0.0,0.0,2026-05-06 18:47:32.003
2204,576322,0.0,0.0,0.0,2026-05-06 18:47:32.003
2205,576542,0.0,0.0,0.0,2026-05-06 18:47:32.003
2206,576785,0.0,0.0,0.0,2026-05-06 18:47:32.003
2207,577005,0.0,0.0,0.0,2026-05-06 18:47:32.003
2208,577248,0.0,0.0,0.0,2026-05-06 18:47:32.003
2209,577469,0.0,0.0,0.0,2026-05-06 18:47:32.708
2210,577592,0.0,0.0,0.0,2026-05-06 18:47:32.708
2211,577932,0.0,0.0,0.0,2026-05-06 18:47:32.708
2212,578291,0.0,0.0,0.0,2026-05-06 18:47:32.708
2213,578524,0.0,0.0,0.0,2026-05-06 18:47:32.708
2214,578864,0.0,0.0,0.0,2026-05-06 18:47:32.708
2215,578987,0.0,0.0,0.0,2026-05-06 18:47:32.708
2216,579328,0.0,0.0,0.0,2026-05-06 18:47:32.708
2217,579571,0.0,0.0,0.0,2026-05-06 18:47:32.708
2218,579791,0.0,0.0,0.0,2026-05-06 18:47:32.708
2219,579915,0.0,0.0,0.0,2026-05-06 18:47:32.708
2220,580256,0.0,0.0,0.0,2026-05-06 18:47:32.708
2221,580379,0.0,0.0,0.0,2026-05-06 18:47:32.708
2222,580720,0.0,0.0,0.0,2026-05-06 18:47:32.708
2223,580963,0.0,0.0,0.0,2026-05-06 18:47:32.708
2224,581184,0.0,0.0,0.0,2026-05-06 18:47:32.708
2225,581307,0.0,0.0,0.0,2026-05-06 18:47:32.708
2226,581648,0.0,0.0,0.0,2026-05-06 18:47:32.708
2227,581771,0.0,0.0,0.0,2026-05-06 18:47:32.708
2228,582114,0.0,0.0,0.0,2026-05-06 18:47:32.708
2229,582357,0.0,0.0,0.0,2026-05-06 18:47:32.708
2230,582578,0.0,0.0,0.0,2026-05-06 18:47:32.708
2231,582701,0.0,0.0,0.0,2026-05-06 18:47:32.708
2232,583041,0.0,0.0,0.0,2026-05-06 18:47:32.708
2233,583284,0.0,0.0,0.0,2026-05-06 18:47:32.708
2234,583504,0.0,0.0,0.0,2026-05-06 18:47:32.708
2235,583747,0.0,0.0,0.0,2026-05-06 18:47:32.708
2236,584220,0.0,0.0,0.0,2026-05-06 18:47:32.708
2237,584440,0.0,0.0,0.0,2026-05-06 18:47:32.708
2238,584683,0.0,0.0,0.0,2026-05-06 18:47:32.708
2239,585036,0.0,0.0,0.0,2026-05-06 18:47:32.708
2240,585300,0.0,0.0,0.0,2026-05-06 18:47:32.708
2241,585641,0.0,0.0,0.0,2026-05-06 18:47:33.429
2242,585860,0.0,0.0,0.0,2026-05-06 18:47:33.429
2243,585984,0.0,0.0,0.0,2026-05-06 18:47:33.429
