idx,char_pos,cmdVx,cmdVy,cmdVw,ts
0,3,0.0,0.0,0.0062,2026-05-06 15:21:59.527
1,228,0.0,0.0,0.0072,2026-05-06 15:21:59.527
2,468,0.0,0.0,0.0149,2026-05-06 15:21:59.527
3,695,0.0,0.0,0.0166,2026-05-06 15:21:59.527
4,935,0.0,0.0,0.0323,2026-05-06 15:21:59.527
5,1165,0.0,0.0,0.0323,2026-05-06 15:21:59.527
6,1405,0.0,0.0,0.0616,2026-05-06 15:21:59.527
7,1635,0.0,0.0,0.0616,2026-05-06 15:21:59.527
8,1875,0.0,0.0,0.0973,2026-05-06 15:21:59.527
9,2103,0.0,0.0,0.1028,2026-05-06 15:21:59.527
10,2525,0.0,0.0,0.1345,2026-05-06 15:21:59.527
11,2753,0.0,0.0,0.1393,2026-05-06 15:21:59.527
12,2813,0.0,0.0,0.1666,2026-05-06 15:21:59.527
13,3042,0.0,0.0,0.1666,2026-05-06 15:21:59.527
14,3283,0.0,0.0,0.1836,2026-05-06 15:21:59.527
15,3512,0.0,0.0,0.1854,2026-05-06 15:21:59.527
16,3752,0.0,0.0,0.1935,2026-05-06 15:21:59.527
17,3980,0.0,0.0,0.1945,2026-05-06 15:21:59.527
18,4221,0.0,0.0,0.1997,2026-05-06 15:21:59.527
19,4450,0.0,0.0,0.1997,2026-05-06 15:21:59.527
20,4751,0.0,0.0,0.2,2026-05-06 15:21:59.527
21,4980,0.0,0.0,0.2,2026-05-06 15:21:59.527
22,5161,0.0,0.0,0.2,2026-05-06 15:21:59.527
23,5390,0.0,0.0,0.2,2026-05-06 15:21:59.527
24,5691,0.0,0.0,0.2,2026-05-06 15:21:59.527
25,5923,0.0,0.0,0.2,2026-05-06 15:21:59.527
26,6104,0.0,0.0,0.2,2026-05-06 15:21:59.527
27,6333,0.0,0.0,0.2,2026-05-06 15:21:59.527
28,6574,0.0,0.0,0.2,2026-05-06 15:21:59.527
29,6803,0.0,0.0,0.2,2026-05-06 15:21:59.527
30,7044,0.0,0.0,0.2,2026-05-06 15:21:59.527
31,7273,0.0,0.0,0.2,2026-05-06 15:21:59.527
32,7514,0.0,0.0,0.2,2026-05-06 15:21:59.527
33,7743,0.0,0.0,0.2,2026-05-06 15:21:59.527
34,7984,0.0,0.0,0.2,2026-05-06 15:21:59.527
35,8213,0.0,0.0,0.2,2026-05-06 15:21:59.527
36,8454,0.0,0.0,0.2,2026-05-06 15:21:59.527
37,8683,0.0,0.0,0.2,2026-05-06 15:21:59.527
38,9043,0.0,0.0,0.2,2026-05-06 15:21:59.527
39,9272,0.0,0.0,0.2,2026-05-06 15:21:59.527
40,9394,0.0,0.0,0.2,2026-05-06 15:21:59.527
41,9623,0.0,0.0,0.2,2026-05-06 15:21:59.527
42,9864,0.0,0.0,0.2,2026-05-06 15:21:59.527
43,10093,0.0,0.0,0.2,2026-05-06 15:21:59.527
44,10334,0.0,0.0,0.2,2026-05-06 15:21:59.527
45,10563,0.0,0.0,0.2,2026-05-06 15:21:59.527
46,10804,0.0,0.0,0.2,2026-05-06 15:21:59.527
47,11033,0.0,0.0,0.2,2026-05-06 15:21:59.527
48,11393,0.0,0.0,0.2,2026-05-06 15:21:59.527
49,11622,0.0,0.0,0.2,2026-05-06 15:21:59.527
50,11744,0.0,0.0,0.2,2026-05-06 15:21:59.527
51,11973,0.0,0.0,0.2,2026-05-06 15:21:59.527
52,12274,0.0,0.0,0.2,2026-05-06 15:21:59.527
53,12503,0.0,0.0,0.2,2026-05-06 15:21:59.527
54,12684,0.0,0.0,0.2,2026-05-06 15:21:59.527
55,12913,0.0,0.0,0.2,2026-05-06 15:21:59.527
56,13154,0.0,0.0,0.2,2026-05-06 15:21:59.527
57,13386,0.0,0.0,0.2,2026-05-06 15:21:59.527
58,13627,0.0,0.0,0.2,2026-05-06 15:21:59.527
59,13856,0.0,0.0,0.2,2026-05-06 15:21:59.527
60,14097,0.0,0.0,0.2,2026-05-06 15:21:59.527
61,14326,0.0,0.0,0.2,2026-05-06 15:22:00.241
62,14567,0.0,0.0,0.2,2026-05-06 15:22:00.241
63,14796,0.0,0.0,0.2,2026-05-06 15:22:00.241
64,15037,0.0,0.0,0.2,2026-05-06 15:22:00.241
65,15266,0.0,0.0,0.2,2026-05-06 15:22:00.241
66,15507,0.0,0.0,0.2,2026-05-06 15:22:00.241
67,15736,0.0,0.0,0.2,2026-05-06 15:22:00.241
68,15977,0.0,0.0,0.2,2026-05-06 15:22:00.241
69,16206,0.0,0.0,0.2,2026-05-06 15:22:00.241
70,16447,0.0,0.0,0.2,2026-05-06 15:22:00.241
71,16676,0.0,0.0,0.2,2026-05-06 15:22:00.241
72,16917,0.0,0.0,0.2,2026-05-06 15:22:00.241
73,17146,0.0,0.0,0.2,2026-05-06 15:22:00.241
74,17387,0.0,0.0,0.2,2026-05-06 15:22:00.241
75,17616,0.0,0.0,0.2,2026-05-06 15:22:00.241
76,17976,0.0,0.0,0.2,2026-05-06 15:22:00.241
77,18205,0.0,0.0,0.2,2026-05-06 15:22:00.241
78,18327,0.0,0.0,0.2,2026-05-06 15:22:00.241
79,18556,0.0,0.0,0.2,2026-05-06 15:22:00.241
80,18797,0.0,0.0,0.2,2026-05-06 15:22:00.241
81,19026,0.0,0.0,0.2,2026-05-06 15:22:00.241
82,19267,0.0,0.0,0.2,2026-05-06 15:22:00.241
83,19496,0.0,0.0,0.2,2026-05-06 15:22:00.241
84,19737,0.0,0.0,0.2,2026-05-06 15:22:00.241
85,19966,0.0,0.0,0.2,2026-05-06 15:22:00.241
86,20207,0.0,0.0,0.2,2026-05-06 15:22:00.241
87,20436,0.0,0.0,0.2,2026-05-06 15:22:00.241
88,20677,0.0,0.0,0.2,2026-05-06 15:22:00.241
89,20909,0.0,0.0,0.2,2026-05-06 15:22:00.241
90,21150,0.0,0.0,0.2,2026-05-06 15:22:00.241
91,21379,0.0,0.0,0.2,2026-05-06 15:22:00.241
92,21739,0.0,0.0,0.2,2026-05-06 15:22:00.241
93,21968,0.0,0.0,0.2,2026-05-06 15:22:00.241
94,22090,0.0,0.0,0.2,2026-05-06 15:22:00.241
95,22319,0.0,0.0,0.2,2026-05-06 15:22:00.950
96,22560,0.0,0.0,0.2,2026-05-06 15:22:00.950
97,22789,0.0,0.0,0.2,2026-05-06 15:22:00.950
98,23030,0.0,0.0,0.1995,2026-05-06 15:22:00.950
99,23259,0.0,0.0,0.1989,2026-05-06 15:22:00.950
100,23619,0.0,0.0,0.193,2026-05-06 15:22:00.950
101,23848,0.0,0.0,0.1914,2026-05-06 15:22:00.950
102,23970,0.0,0.0,0.1706,2026-05-06 15:22:00.950
103,24199,0.0,0.0,0.1706,2026-05-06 15:22:00.950
104,24440,0.0,0.0,0.1205,2026-05-06 15:22:00.950
105,24669,0.0,0.0,0.1105,2026-05-06 15:22:00.950
106,24910,0.0,0.0,0.0513,2026-05-06 15:22:00.950
107,25139,0.0,0.0,0.0436,2026-05-06 15:22:00.950
108,25380,0.0,0.0,0.0115,2026-05-06 15:22:00.950
109,25609,0.0,0.0,0.0115,2026-05-06 15:22:00.950
110,25850,0.0,0.0,0.0006,2026-05-06 15:22:00.950
111,26079,0.0,0.0,0.0006,2026-05-06 15:22:00.950
112,26320,0.0,0.0,0.0,2026-05-06 15:22:00.950
113,26548,0.0,0.0,0.0,2026-05-06 15:22:00.950
114,26789,0.0,0.0,0.0,2026-05-06 15:22:00.950
115,27017,0.0,0.0,0.0,2026-05-06 15:22:00.950
116,27258,0.0,0.0,0.0,2026-05-06 15:22:00.950
117,27486,0.0,0.0,0.0,2026-05-06 15:22:00.950
118,27727,0.0,0.0,0.0,2026-05-06 15:22:00.950
119,27954,0.0,0.0,0.0,2026-05-06 15:22:00.950
120,28195,0.0,0.0,0.0,2026-05-06 15:22:00.950
121,28426,0.0,0.0,0.0,2026-05-06 15:22:00.950
122,28845,0.0,0.0,0.0,2026-05-06 15:22:00.950
123,29074,0.0,0.0,0.0,2026-05-06 15:22:00.950
124,29317,0.0,0.0,0.0,2026-05-06 15:22:00.950
125,29544,0.0,0.0,0.0,2026-05-06 15:22:00.950
126,29603,0.0,0.0,0.0,2026-05-06 15:22:00.950
127,29831,0.0,0.0,0.0,2026-05-06 15:22:00.950
128,30072,0.0,0.0,0.0,2026-05-06 15:22:00.950
129,30301,0.0,0.0,0.0,2026-05-06 15:22:01.670
130,30541,0.0,0.0,0.0,2026-05-06 15:22:01.670
131,30769,0.0,0.0,0.0,2026-05-06 15:22:01.670
132,31010,0.0,0.0,0.0,2026-05-06 15:22:01.670
133,31237,0.0,0.0,0.0,2026-05-06 15:22:01.670
134,31478,0.0,0.0,0.0,2026-05-06 15:22:01.670
135,31706,0.0,0.0,0.0,2026-05-06 15:22:01.670
136,32126,0.0,0.0,0.0,2026-05-06 15:22:01.670
137,32354,0.0,0.0,0.0,2026-05-06 15:22:01.670
138,32599,0.0,0.0,0.0,2026-05-06 15:22:01.670
139,32827,0.0,0.0,0.0,2026-05-06 15:22:01.670
140,33066,0.0,0.0,0.0,2026-05-06 15:22:01.670
141,33293,0.0,0.0,0.0,2026-05-06 15:22:01.670
142,33536,0.0,0.0,0.0,2026-05-06 15:22:01.670
143,33765,0.0,0.0,0.0,2026-05-06 15:22:01.670
144,34006,0.0,0.0,0.0,2026-05-06 15:22:01.670
145,34234,0.0,0.0,0.0,2026-05-06 15:22:01.670
146,34473,0.0,0.0,0.0,2026-05-06 15:22:01.670
147,34700,0.0,0.0,0.0,2026-05-06 15:22:01.670
148,34760,0.0,0.0,0.0,2026-05-06 15:22:01.670
149,34988,0.0,0.0,0.0,2026-05-06 15:22:01.670
150,35229,0.0,0.0,0.0,2026-05-06 15:22:01.670
151,35458,0.0,0.0,0.0,2026-05-06 15:22:01.670
152,35698,0.0,0.0,0.0,2026-05-06 15:22:01.670
153,35929,0.0,0.0,0.0,2026-05-06 15:22:01.670
154,36170,0.0,0.0,0.0,2026-05-06 15:22:01.670
155,36398,0.0,0.0,0.0,2026-05-06 15:22:01.670
156,36820,0.0,0.0,0.0,2026-05-06 15:22:01.670
157,37047,0.0,0.0,0.0,2026-05-06 15:22:01.670
158,37289,0.0,0.0,0.0,2026-05-06 15:22:01.670
159,37517,0.0,0.0,0.0,2026-05-06 15:22:01.670
160,37757,0.0,0.0,0.0,2026-05-06 15:22:01.670
161,37984,0.0,0.0,0.0,2026-05-06 15:22:01.670
162,38224,0.0,0.0,0.0,2026-05-06 15:22:02.411
163,38451,0.0,0.0,0.0,2026-05-06 15:22:02.411
164,38692,0.0,0.0,0.0,2026-05-06 15:22:02.411
165,38920,0.0,0.0,0.0,2026-05-06 15:22:02.411
166,39161,0.0,0.0,0.0,2026-05-06 15:22:02.411
167,39390,0.0,0.0,0.0,2026-05-06 15:22:02.411
168,39630,0.0,0.0,0.0,2026-05-06 15:22:02.411
169,39857,0.0,0.0,0.0,2026-05-06 15:22:02.411
170,40099,0.0,0.0,0.0,2026-05-06 15:22:02.411
171,40327,0.0,0.0,0.0,2026-05-06 15:22:02.411
172,40567,0.0,0.0,0.0,2026-05-06 15:22:02.411
173,40795,0.0,0.0,0.0,2026-05-06 15:22:02.411
174,41035,0.0005,0.0,0.0,2026-05-06 15:22:02.411
175,41257,0.001,0.0,0.0,2026-05-06 15:22:02.411
176,41318,0.0054,0.0,0.0,2026-05-06 15:22:02.411
177,41542,0.0054,0.0,0.0,2026-05-06 15:22:02.411
178,41782,0.0124,0.0,0.0,2026-05-06 15:22:02.411
179,42005,0.0124,0.0,0.0,2026-05-06 15:22:02.411
180,42245,0.0208,0.0,0.0,2026-05-06 15:22:02.411
181,42467,0.0222,0.0,0.0,2026-05-06 15:22:02.411
182,42706,0.0322,0.0,0.0,2026-05-06 15:22:02.411
183,42929,0.0322,0.0,0.0,2026-05-06 15:22:02.411
184,43169,0.0501,0.0,0.0,2026-05-06 15:22:02.411
185,43395,0.0501,0.0,0.0,2026-05-06 15:22:02.411
186,43635,0.0711,0.0,0.0,2026-05-06 15:22:02.411
187,43858,0.0746,0.0,0.0,2026-05-06 15:22:02.411
188,44098,0.0981,0.0,0.0,2026-05-06 15:22:02.411
189,44321,0.1025,0.0,0.0,2026-05-06 15:22:02.411
190,44561,0.1362,0.0,0.0,2026-05-06 15:22:02.411
191,44784,0.1362,0.0,0.0,2026-05-06 15:22:02.411
192,45024,0.1793,0.0,0.0,2026-05-06 15:22:02.411
193,45247,0.1793,0.0,0.0,2026-05-06 15:22:02.411
194,45487,0.217,0.0,0.0,2026-05-06 15:22:02.411
195,45710,0.2222,0.0,0.0,2026-05-06 15:22:02.411
196,45950,0.2509,0.0,0.0,2026-05-06 15:22:02.411
197,46173,0.2509,0.0,0.0,2026-05-06 15:22:03.119
198,46413,0.2824,0.0,0.0,2026-05-06 15:22:03.119
199,46636,0.2824,0.0,0.0,2026-05-06 15:22:03.119
200,46876,0.3033,0.0,0.0,2026-05-06 15:22:03.119
201,47099,0.3058,0.0,0.0,2026-05-06 15:22:03.119
202,47339,0.319,0.0,0.0,2026-05-06 15:22:03.119
203,47562,0.3208,0.0,0.0,2026-05-06 15:22:03.119
204,47802,0.3319,0.0,0.0,2026-05-06 15:22:03.119
205,48025,0.3319,0.0,0.0,2026-05-06 15:22:03.119
206,48265,0.3409,0.0,0.0,2026-05-06 15:22:03.119
207,48488,0.3409,0.0,0.0,2026-05-06 15:22:03.119
208,48728,0.3464,0.0,0.0,2026-05-06 15:22:03.119
209,48951,0.3471,0.0,0.0,2026-05-06 15:22:03.119
210,49191,0.35,0.0,0.0,2026-05-06 15:22:03.119
211,49414,0.35,0.0,0.0,2026-05-06 15:22:03.119
212,49654,0.35,0.0,0.0,2026-05-06 15:22:03.119
213,49877,0.35,0.0,0.0,2026-05-06 15:22:03.119
214,50117,0.35,0.0,0.0,2026-05-06 15:22:03.119
215,50340,0.35,0.0,0.0,2026-05-06 15:22:03.119
216,50580,0.35,0.0,0.0,2026-05-06 15:22:03.119
217,50806,0.35,0.0,0.0,2026-05-06 15:22:03.119
218,51046,0.35,0.0,0.0,2026-05-06 15:22:03.119
219,51269,0.35,0.0,0.0,2026-05-06 15:22:03.119
220,51508,0.35,0.0,0.0,2026-05-06 15:22:03.119
221,51731,0.35,0.0,0.0,2026-05-06 15:22:03.119
222,51972,0.35,0.0,0.0,2026-05-06 15:22:03.119
223,52195,0.35,0.0,0.0,2026-05-06 15:22:03.119
224,52435,0.35,0.0,0.0,2026-05-06 15:22:03.119
225,52658,0.35,0.0,0.0,2026-05-06 15:22:03.119
226,52898,0.35,0.0,0.0,2026-05-06 15:22:03.119
227,53121,0.35,0.0,0.0,2026-05-06 15:22:03.119
228,53361,0.35,0.0,0.0,2026-05-06 15:22:03.119
229,53584,0.35,0.0,0.0,2026-05-06 15:22:03.119
230,53824,0.35,0.0,0.0,2026-05-06 15:22:03.119
231,54047,0.35,0.0,0.0,2026-05-06 15:22:03.119
232,54300,0.35,0.0,0.0,2026-05-06 15:22:03.824
233,54523,0.35,0.0,0.0,2026-05-06 15:22:03.824
234,54763,0.35,0.0,0.0,2026-05-06 15:22:03.824
235,54986,0.35,0.0,0.0,2026-05-06 15:22:03.824
236,55284,0.35,0.0,0.0,2026-05-06 15:22:03.824
237,55507,0.35,0.0,0.0,2026-05-06 15:22:03.824
238,55689,0.35,0.0,0.0,2026-05-06 15:22:03.824
239,55912,0.35,0.0,0.0,2026-05-06 15:22:03.824
240,56152,0.35,0.0,0.0,2026-05-06 15:22:03.824
241,56375,0.35,0.0,0.0,2026-05-06 15:22:03.824
242,56615,0.35,0.0,0.0,2026-05-06 15:22:03.824
243,56838,0.35,0.0,0.0,2026-05-06 15:22:03.824
244,57078,0.35,0.0,0.0,2026-05-06 15:22:03.824
245,57301,0.35,0.0,0.0,2026-05-06 15:22:03.824
246,57541,0.35,0.0,0.0,2026-05-06 15:22:03.824
247,57764,0.35,0.0,0.0,2026-05-06 15:22:03.824
248,58004,0.35,0.0,0.0,2026-05-06 15:22:03.824
249,58230,0.35,0.0,0.0,2026-05-06 15:22:03.824
250,58470,0.35,0.0,0.0,2026-05-06 15:22:03.824
251,58693,0.35,0.0,0.0,2026-05-06 15:22:03.824
252,58933,0.35,0.0,0.0,2026-05-06 15:22:03.824
253,59156,0.35,0.0,0.0,2026-05-06 15:22:03.824
254,59396,0.35,0.0,0.0,2026-05-06 15:22:03.824
255,59619,0.35,0.0,0.0,2026-05-06 15:22:03.824
256,59859,0.3477,0.0,0.0,2026-05-06 15:22:03.824
257,60082,0.347,0.0,0.0,2026-05-06 15:22:03.824
258,60322,0.3412,0.0,0.0,2026-05-06 15:22:03.824
259,60545,0.3412,0.0,0.0,2026-05-06 15:22:03.824
260,60785,0.3271,0.0,0.0,2026-05-06 15:22:03.824
261,61008,0.3271,0.0,0.0,2026-05-06 15:22:03.824
262,61248,0.3039,0.0,0.0,2026-05-06 15:22:03.824
263,61471,0.2994,0.0,0.0,2026-05-06 15:22:03.824
264,61711,0.2639,0.0,0.0,2026-05-06 15:22:03.824
265,61934,0.2564,0.0,0.0,2026-05-06 15:22:03.824
266,62182,0.1922,0.0,0.0,2026-05-06 15:22:04.537
267,62405,0.1818,0.0,0.0,2026-05-06 15:22:04.537
268,62645,0.1111,0.0,0.0,2026-05-06 15:22:04.537
269,62862,0.1022,0.0,0.0,2026-05-06 15:22:04.537
270,63079,0.1022,0.0,0.0,2026-05-06 15:22:04.537
271,63127,0.0483,0.0,0.0,2026-05-06 15:22:04.537
272,63345,0.0483,0.0,0.0,2026-05-06 15:22:04.537
273,63563,0.0436,0.0,0.0,2026-05-06 15:22:04.537
274,63610,0.0226,0.0,0.0,2026-05-06 15:22:04.537
275,63828,0.0201,0.0,0.0,2026-05-06 15:22:04.537
276,64046,0.0201,0.0,0.0,2026-05-06 15:22:04.537
277,64093,0.009,0.0,0.0,2026-05-06 15:22:04.537
278,64311,0.0077,0.0,0.0,2026-05-06 15:22:04.537
279,64529,0.0065,0.0,0.0,2026-05-06 15:22:04.537
280,64576,0.0013,0.0,0.0,2026-05-06 15:22:04.537
281,64794,0.0013,0.0,0.0,2026-05-06 15:22:04.537
282,65012,0.0007,0.0,0.0,2026-05-06 15:22:04.537
283,65059,0.0,0.0,0.0,2026-05-06 15:22:04.537
284,65278,0.0,0.0,0.0,2026-05-06 15:22:04.537
285,65497,0.0,0.0,0.0,2026-05-06 15:22:04.537
286,65543,0.0,0.0,0.0,2026-05-06 15:22:04.537
287,65767,0.0,0.0,0.0,2026-05-06 15:22:04.537
288,65988,0.0,0.0,0.0,2026-05-06 15:22:04.537
289,66033,0.0,0.0,0.0,2026-05-06 15:22:04.537
290,66254,0.0,0.0,0.0,2026-05-06 15:22:04.537
291,66474,0.0,0.0,0.0,2026-05-06 15:22:04.537
292,66519,0.0,0.0,0.0,2026-05-06 15:22:04.537
293,66739,0.0,0.0,0.0,2026-05-06 15:22:04.537
294,66958,0.0,0.0,0.0,2026-05-06 15:22:04.537
295,67179,0.0,0.0,0.0,2026-05-06 15:22:04.537
296,67401,0.0,0.0,0.0,2026-05-06 15:22:04.537
297,67461,0.0005,0.0,0.0,2026-05-06 15:22:04.537
298,67679,0.0005,0.0,0.0,2026-05-06 15:22:04.537
299,67897,0.001,0.0,0.0,2026-05-06 15:22:04.537
300,67948,0.0047,0.0,0.0,2026-05-06 15:22:04.537
301,68167,0.0054,0.0,0.0,2026-05-06 15:22:04.537
302,68386,0.0061,0.0,0.0,2026-05-06 15:22:04.537
303,68432,0.0113,0.0,0.0,2026-05-06 15:22:04.537
304,68650,0.0124,0.0,0.0,2026-05-06 15:22:04.537
305,68868,0.0134,0.0,0.0,2026-05-06 15:22:04.537
306,68915,0.0208,0.0,0.0,2026-05-06 15:22:04.537
307,69133,0.0222,0.0,0.0,2026-05-06 15:22:04.537
308,69351,0.0237,0.0,0.0,2026-05-06 15:22:04.537
309,69455,0.0361,0.0,0.0,2026-05-06 15:22:04.537
310,69674,0.0382,0.0,0.0,2026-05-06 15:22:04.537
311,69837,0.0382,0.0,0.0,2026-05-06 15:22:04.537
312,69997,0.0555,0.0,0.0,2026-05-06 15:22:04.537
313,70216,0.0555,0.0,0.0,2026-05-06 15:22:05.258
314,70341,0.0782,0.0,0.0,2026-05-06 15:22:05.258
315,70559,0.082,0.0,0.0,2026-05-06 15:22:05.258
316,70777,0.082,0.0,0.0,2026-05-06 15:22:05.258
317,70824,0.107,0.0,0.0,2026-05-06 15:22:05.258
318,71042,0.107,0.0,0.0,2026-05-06 15:22:05.258
319,71260,0.1116,0.0,0.0,2026-05-06 15:22:05.258
320,71307,0.1466,0.0,0.0,2026-05-06 15:22:05.258
321,71525,0.1466,0.0,0.0,2026-05-06 15:22:05.258
322,71743,0.152,0.0,0.0,2026-05-06 15:22:05.258
323,71790,0.1848,0.0,0.0,2026-05-06 15:22:05.258
324,72008,0.1902,0.0,0.0,2026-05-06 15:22:05.258
325,72226,0.1902,0.0,0.0,2026-05-06 15:22:05.258
326,72273,0.2222,0.0,0.0,2026-05-06 15:22:05.258
327,72491,0.2272,0.0,0.0,2026-05-06 15:22:05.258
328,72709,0.2322,0.0,0.0,2026-05-06 15:22:05.258
329,72756,0.2595,0.0,0.0,2026-05-06 15:22:05.258
330,73097,0.2595,0.0,0.0,2026-05-06 15:22:05.258
331,73216,0.2857,0.0,0.0,2026-05-06 15:22:05.258
332,73437,0.2889,0.0,0.0,2026-05-06 15:22:05.258
333,73655,0.2889,0.0,0.0,2026-05-06 15:22:05.258
334,73702,0.3083,0.0,0.0,2026-05-06 15:22:05.258
335,73920,0.3106,0.0,0.0,2026-05-06 15:22:05.258
336,74137,0.3106,0.0,0.0,2026-05-06 15:22:05.258
337,74185,0.3226,0.0,0.0,2026-05-06 15:22:05.258
338,74402,0.3226,0.0,0.0,2026-05-06 15:22:05.258
339,74619,0.3244,0.0,0.0,2026-05-06 15:22:05.258
340,74667,0.3344,0.0,0.0,2026-05-06 15:22:05.258
341,74885,0.3344,0.0,0.0,2026-05-06 15:22:05.258
342,75103,0.3356,0.0,0.0,2026-05-06 15:22:05.258
343,75150,0.3418,0.0,0.0,2026-05-06 15:22:05.258
344,75368,0.3426,0.0,0.0,2026-05-06 15:22:05.258
345,75586,0.3426,0.0,0.0,2026-05-06 15:22:05.258
346,75633,0.3471,0.0,0.0,2026-05-06 15:22:05.258
347,75851,0.3477,0.0,0.0,2026-05-06 15:22:05.258
348,76069,0.3483,0.0,0.0,2026-05-06 15:22:05.258
349,76116,0.35,0.0,0.0,2026-05-06 15:22:05.258
350,76334,0.35,0.0,0.0,2026-05-06 15:22:05.258
351,76552,0.35,0.0,0.0,2026-05-06 15:22:05.258
352,76599,0.35,0.0,0.0,2026-05-06 15:22:05.258
353,76817,0.35,0.0,0.0,2026-05-06 15:22:05.258
354,77035,0.35,0.0,0.0,2026-05-06 15:22:05.258
355,77196,0.35,0.0,0.0,2026-05-06 15:22:05.258
356,77414,0.35,0.0,0.0,2026-05-06 15:22:05.258
357,77539,0.35,0.0,0.0,2026-05-06 15:22:05.258
358,77757,0.35,0.0,0.0,2026-05-06 15:22:05.258
359,77975,0.35,0.0,0.0,2026-05-06 15:22:05.258
360,78022,0.35,0.0,0.0,2026-05-06 15:22:05.258
361,78240,0.35,0.0,0.0,2026-05-06 15:22:05.744
362,78461,0.35,0.0,0.0,2026-05-06 15:22:05.744
363,78508,0.35,0.0,0.0,2026-05-06 15:22:05.744
364,78726,0.35,0.0,0.0,2026-05-06 15:22:05.744
365,78944,0.35,0.0,0.0,2026-05-06 15:22:05.744
366,78991,0.35,0.0,0.0,2026-05-06 15:22:05.744
367,79209,0.35,0.0,0.0,2026-05-06 15:22:05.744
368,79427,0.35,0.0,0.0,2026-05-06 15:22:05.744
369,79474,0.35,0.0,0.0,2026-05-06 15:22:05.744
370,79692,0.35,0.0,0.0,2026-05-06 15:22:05.744
371,79910,0.35,0.0,0.0,2026-05-06 15:22:05.744
372,79957,0.35,0.0,0.0,2026-05-06 15:22:05.744
373,80175,0.35,0.0,0.0,2026-05-06 15:22:05.744
374,80393,0.35,0.0,0.0,2026-05-06 15:22:05.744
375,80497,0.35,0.0,0.0,2026-05-06 15:22:05.744
376,80715,0.35,0.0,0.0,2026-05-06 15:22:05.744
377,80877,0.35,0.0,0.0,2026-05-06 15:22:05.744
378,80923,0.35,0.0,0.0,2026-05-06 15:22:05.744
379,81141,0.35,0.0,0.0,2026-05-06 15:22:05.744
380,81359,0.35,0.0,0.0,2026-05-06 15:22:05.744
381,81406,0.35,0.0,0.0,2026-05-06 15:22:05.744
382,81624,0.35,0.0,0.0,2026-05-06 15:22:05.744
383,81842,0.35,0.0,0.0,2026-05-06 15:22:05.744
384,81889,0.35,0.0,0.0,2026-05-06 15:22:05.744
385,82107,0.35,0.0,0.0,2026-05-06 15:22:05.744
386,82325,0.35,0.0,0.0,2026-05-06 15:22:05.744
387,82372,0.35,0.0,0.0,2026-05-06 15:22:05.744
388,82590,0.35,0.0,0.0,2026-05-06 15:22:05.744
389,82808,0.35,0.0,0.0,2026-05-06 15:22:05.744
390,82855,0.35,0.0,0.0,2026-05-06 15:22:05.744
391,83073,0.35,0.0,0.0,2026-05-06 15:22:05.744
392,83291,0.35,0.0,0.0,2026-05-06 15:22:05.744
393,83338,0.35,0.0,0.0,2026-05-06 15:22:05.744
394,83556,0.35,0.0,0.0,2026-05-06 15:22:06.404
395,83774,0.35,0.0,0.0,2026-05-06 15:22:06.404
396,83821,0.35,0.0,0.0,2026-05-06 15:22:06.404
397,84039,0.35,0.0,0.0,2026-05-06 15:22:06.404
398,84257,0.35,0.0,0.0,2026-05-06 15:22:06.404
399,84304,0.35,0.0,0.0,2026-05-06 15:22:06.404
400,84522,0.35,0.0,0.0,2026-05-06 15:22:06.404
401,84740,0.35,0.0,0.0,2026-05-06 15:22:06.404
402,84901,0.35,0.0,0.0,2026-05-06 15:22:06.404
403,85119,0.35,0.0,0.0,2026-05-06 15:22:06.404
404,85244,0.35,0.0,0.0,2026-05-06 15:22:06.404
405,85462,0.35,0.0,0.0,2026-05-06 15:22:06.404
406,85683,0.35,0.0,0.0,2026-05-06 15:22:06.404
407,85730,0.35,0.0,0.0,2026-05-06 15:22:06.404
408,85948,0.35,0.0,0.0,2026-05-06 15:22:06.404
409,86166,0.35,0.0,0.0,2026-05-06 15:22:06.404
410,86213,0.35,0.0,0.0,2026-05-06 15:22:06.404
411,86431,0.35,0.0,0.0,2026-05-06 15:22:06.404
412,86649,0.35,0.0,0.0,2026-05-06 15:22:06.404
413,86696,0.35,0.0,0.0,2026-05-06 15:22:06.404
414,86914,0.35,0.0,0.0,2026-05-06 15:22:06.404
415,87132,0.35,0.0,0.0,2026-05-06 15:22:06.404
416,87179,0.35,0.0,0.0,2026-05-06 15:22:06.404
417,87397,0.35,0.0,0.0,2026-05-06 15:22:06.404
418,87615,0.35,0.0,0.0,2026-05-06 15:22:06.404
419,87662,0.35,0.0,0.0,2026-05-06 15:22:06.404
420,87880,0.35,0.0,0.0,2026-05-06 15:22:06.404
421,88098,0.35,0.0,0.0,2026-05-06 15:22:06.404
422,88145,0.35,0.0,0.0,2026-05-06 15:22:06.404
423,88363,0.35,0.0,0.0,2026-05-06 15:22:06.404
424,88581,0.35,0.0,0.0,2026-05-06 15:22:06.404
425,88628,0.35,0.0,0.0,2026-05-06 15:22:06.404
426,88846,0.35,0.0,0.0,2026-05-06 15:22:06.404
427,89064,0.35,0.0,0.0,2026-05-06 15:22:06.404
428,89111,0.35,0.0,0.0,2026-05-06 15:22:06.404
429,89582,0.35,0.0,0.0,2026-05-06 15:22:06.404
430,89800,0.35,0.0,0.0,2026-05-06 15:22:06.404
431,90018,0.35,0.0,0.0,2026-05-06 15:22:06.404
432,90065,0.35,0.0,0.0,2026-05-06 15:22:06.404
433,90283,0.35,0.0,0.0,2026-05-06 15:22:06.404
434,90501,0.35,0.0,0.0,2026-05-06 15:22:06.404
435,90548,0.35,0.0,0.0,2026-05-06 15:22:06.404
436,90766,0.35,0.0,0.0,2026-05-06 15:22:06.404
437,90984,0.35,0.0,0.0,2026-05-06 15:22:06.404
438,91031,0.35,0.0,0.0,2026-05-06 15:22:07.022
439,91249,0.35,0.0,0.0,2026-05-06 15:22:07.022
440,91467,0.35,0.0,0.0,2026-05-06 15:22:07.022
441,91514,0.35,0.0,0.0,2026-05-06 15:22:07.022
442,91732,0.35,0.0,0.0,2026-05-06 15:22:07.022
443,91950,0.35,0.0,0.0,2026-05-06 15:22:07.022
444,92054,0.35,0.0,0.0,2026-05-06 15:22:07.022
445,92275,0.35,0.0,0.0,2026-05-06 15:22:07.022
446,92437,0.35,0.0,0.0,2026-05-06 15:22:07.022
447,92483,0.35,0.0,0.0,2026-05-06 15:22:07.022
448,92701,0.35,0.0,0.0,2026-05-06 15:22:07.022
449,92919,0.35,0.0,0.0,2026-05-06 15:22:07.022
450,92966,0.35,0.0,0.0,2026-05-06 15:22:07.022
451,93184,0.35,0.0,0.0,2026-05-06 15:22:07.022
452,93402,0.35,0.0,0.0,2026-05-06 15:22:07.022
453,93449,0.35,0.0,0.0,2026-05-06 15:22:07.022
454,93667,0.35,0.0,0.0,2026-05-06 15:22:07.022
455,93885,0.35,0.0,0.0,2026-05-06 15:22:07.022
456,93932,0.35,0.0,0.0,2026-05-06 15:22:07.022
457,94150,0.35,0.0,0.0,2026-05-06 15:22:07.022
458,94368,0.35,0.0,0.0,2026-05-06 15:22:07.022
459,94415,0.35,0.0,0.0,2026-05-06 15:22:07.022
460,94633,0.35,0.0,0.0,2026-05-06 15:22:07.022
461,94851,0.35,0.0,0.0,2026-05-06 15:22:07.022
462,94898,0.35,0.0,0.0,2026-05-06 15:22:07.022
463,95116,0.35,0.0,0.0,2026-05-06 15:22:07.022
464,95334,0.35,0.0,0.0,2026-05-06 15:22:07.022
465,95438,0.35,0.0,0.0,2026-05-06 15:22:07.022
466,95656,0.35,0.0,0.0,2026-05-06 15:22:07.022
467,95818,0.35,0.0,0.0,2026-05-06 15:22:07.022
468,95865,0.35,0.0,0.0,2026-05-06 15:22:07.022
469,96083,0.35,0.0,0.0,2026-05-06 15:22:07.022
470,96301,0.35,0.0,0.0,2026-05-06 15:22:07.022
471,96348,0.35,0.0,0.0,2026-05-06 15:22:07.022
472,96566,0.35,0.0,0.0,2026-05-06 15:22:07.022
473,96784,0.35,0.0,0.0,2026-05-06 15:22:07.022
474,96831,0.35,0.0,0.0,2026-05-06 15:22:07.022
475,97049,0.35,0.0,0.0,2026-05-06 15:22:07.022
476,97267,0.35,0.0,0.0,2026-05-06 15:22:07.022
477,97314,0.35,0.0,0.0,2026-05-06 15:22:07.022
478,97532,0.35,0.0,0.0,2026-05-06 15:22:07.022
479,97750,0.35,0.0,0.0,2026-05-06 15:22:07.022
480,97797,0.35,0.0,0.0,2026-05-06 15:22:07.022
481,98015,0.35,0.0,0.0,2026-05-06 15:22:07.696
482,98233,0.35,0.0,0.0,2026-05-06 15:22:07.696
483,98280,0.35,0.0,0.0,2026-05-06 15:22:07.696
484,98498,0.35,0.0,0.0,2026-05-06 15:22:07.696
485,98716,0.35,0.0,0.0,2026-05-06 15:22:07.696
486,98820,0.35,0.0,0.0,2026-05-06 15:22:07.696
487,99038,0.3495,0.0,0.0,2026-05-06 15:22:07.696
488,99200,0.3495,0.0,0.0,2026-05-06 15:22:07.696
489,99246,0.3454,0.0,0.0,2026-05-06 15:22:07.696
490,99464,0.3454,0.0,0.0,2026-05-06 15:22:07.696
491,99682,0.3445,0.0,0.0,2026-05-06 15:22:07.696
492,99729,0.3354,0.0,0.0,2026-05-06 15:22:07.696
493,99950,0.3354,0.0,0.0,2026-05-06 15:22:07.696
494,100168,0.3335,0.0,0.0,2026-05-06 15:22:07.696
495,100215,0.3188,0.0,0.0,2026-05-06 15:22:07.696
496,100433,0.3155,0.0,0.0,2026-05-06 15:22:07.696
497,100651,0.3155,0.0,0.0,2026-05-06 15:22:07.696
498,100697,0.2893,0.0,0.0,2026-05-06 15:22:07.696
499,100915,0.2893,0.0,0.0,2026-05-06 15:22:07.696
500,101133,0.2836,0.0,0.0,2026-05-06 15:22:07.696
501,101182,0.2312,0.0,0.0,2026-05-06 15:22:07.696
502,101400,0.2312,0.0,0.0,2026-05-06 15:22:07.696
503,101618,0.222,0.0,0.0,2026-05-06 15:22:07.696
504,101665,0.1608,0.0,0.0,2026-05-06 15:22:07.696
505,101883,0.1504,0.0,0.0,2026-05-06 15:22:07.696
506,102101,0.1504,0.0,0.0,2026-05-06 15:22:07.696
507,102319,0.0858,0.0,0.0,2026-05-06 15:22:07.696
508,102537,0.0784,0.0,0.0,2026-05-06 15:22:07.696
509,102605,0.0436,0.0,0.0,2026-05-06 15:22:07.696
510,102823,0.0436,0.0,0.0,2026-05-06 15:22:07.696
511,103041,0.0393,0.0,0.0,2026-05-06 15:22:07.696
512,103088,0.0178,0.0,0.0,2026-05-06 15:22:07.696
513,103306,0.0178,0.0,0.0,2026-05-06 15:22:07.696
514,103524,0.0157,0.0,0.0,2026-05-06 15:22:07.696
515,103571,0.0065,0.0,0.0,2026-05-06 15:22:07.696
516,103789,0.0055,0.0,0.0,2026-05-06 15:22:07.696
517,104007,0.0055,0.0,0.0,2026-05-06 15:22:07.696
518,104054,0.0007,0.0,0.0,2026-05-06 15:22:07.696
519,104272,0.0007,0.0,0.0,2026-05-06 15:22:07.696
520,104490,0.0001,0.0,0.0,2026-05-06 15:22:07.696
521,104537,0.0,0.0,0.0,2026-05-06 15:22:07.696
522,104756,0.0,0.0,0.0,2026-05-06 15:22:07.696
523,104975,0.0,0.0,0.0,2026-05-06 15:22:07.696
524,105021,0.0,0.0,0.0,2026-05-06 15:22:07.696
525,105242,0.0,0.0,0.0,2026-05-06 15:22:07.696
526,105463,0.0,0.0,0.0,2026-05-06 15:22:07.696
527,105508,0.0,0.0,0.0,2026-05-06 15:22:07.696
528,105730,0.0,0.0,0.0,2026-05-06 15:22:07.696
529,105968,0.0,0.0,0.0,2026-05-06 15:22:07.696
530,106189,0.0,0.0,0.0,2026-05-06 15:22:08.420
531,106412,0.0,0.0,0.0,2026-05-06 15:22:08.420
532,106457,0.0,0.0,0.0,2026-05-06 15:22:08.420
533,106680,0.0,0.0,0.0,2026-05-06 15:22:08.420
534,106910,0.0,0.0,0.0,2026-05-06 15:22:08.420
535,107133,0.0,0.0,0.0,2026-05-06 15:22:08.420
536,107355,0.0,0.0,0.0,2026-05-06 15:22:08.420
537,107408,0.0,0.0,0.0,2026-05-06 15:22:08.420
538,107570,0.0,0.0,0.0,2026-05-06 15:22:08.420
539,107793,0.0,0.0,0.0,2026-05-06 15:22:08.420
540,108201,0.0,0.0,0.0,2026-05-06 15:22:08.420
541,108423,0.0,0.0,0.0,2026-05-06 15:22:08.420
542,108844,0.0,0.0,-0.2,2026-05-06 15:22:08.420
543,109076,0.0,0.0,-0.2,2026-05-06 15:22:08.420
544,109195,0.0,0.0,-0.2,2026-05-06 15:22:08.420
545,109427,0.0,0.0,-0.2,2026-05-06 15:22:08.420
546,109668,0.0,0.0,-0.2,2026-05-06 15:22:08.420
547,109900,0.0,0.0,-0.2,2026-05-06 15:22:08.420
548,110142,0.0,0.0,-0.2,2026-05-06 15:22:08.420
549,110374,0.0,0.0,-0.2,2026-05-06 15:22:08.420
550,110615,0.0,0.0,-0.2,2026-05-06 15:22:08.420
551,110847,0.0,0.0,-0.2,2026-05-06 15:22:08.420
552,111089,0.0,0.0,-0.2,2026-05-06 15:22:08.420
553,111321,0.0,0.0,-0.2,2026-05-06 15:22:08.420
554,111562,0.0,0.0,-0.2,2026-05-06 15:22:08.420
555,111794,0.0,0.0,-0.2,2026-05-06 15:22:08.420
556,112038,0.0,0.0,-0.2,2026-05-06 15:22:08.420
557,112270,0.0,0.0,-0.2,2026-05-06 15:22:08.420
558,112513,0.0,0.0,-0.2,2026-05-06 15:22:08.420
559,112745,0.0,0.0,-0.2,2026-05-06 15:22:08.420
560,112986,0.0,0.0,-0.2,2026-05-06 15:22:08.420
561,113218,0.0,0.0,-0.2,2026-05-06 15:22:08.420
562,113460,0.0,0.0,-0.2,2026-05-06 15:22:08.420
563,113692,0.0,0.0,-0.2,2026-05-06 15:22:08.420
564,113933,0.0,0.0,-0.2,2026-05-06 15:22:08.420
565,114165,0.0,0.0,-0.2,2026-05-06 15:22:31.508
566,114470,0.0,0.0,-0.2,2026-05-06 15:22:31.508
567,114702,0.0,0.0,-0.2,2026-05-06 15:22:31.508
568,114880,0.0,0.0,-0.2,2026-05-06 15:22:31.508
569,115112,0.0,0.0,-0.2,2026-05-06 15:22:31.508
570,115416,0.0,0.0,-0.2,2026-05-06 15:22:31.508
571,115648,0.0,0.0,-0.2,2026-05-06 15:22:31.508
572,115828,0.0,0.0,-0.2,2026-05-06 15:22:31.508
573,116060,0.0,0.0,-0.2,2026-05-06 15:22:31.508
574,116301,0.0,0.0,-0.2,2026-05-06 15:22:31.508
575,116533,0.0,0.0,-0.2,2026-05-06 15:22:31.508
576,116775,0.0,0.0,-0.2,2026-05-06 15:22:31.508
577,117007,0.0,0.0,-0.2,2026-05-06 15:22:31.508
578,117248,0.0,0.0,-0.2,2026-05-06 15:22:31.508
579,117480,0.0,0.0,-0.2,2026-05-06 15:22:31.508
580,117722,0.0,0.0,-0.1975,2026-05-06 15:22:31.508
581,117954,0.0,0.0,-0.1975,2026-05-06 15:22:31.508
582,118195,0.0,0.0,-0.1874,2026-05-06 15:22:31.508
583,118427,0.0,0.0,-0.1849,2026-05-06 15:22:31.508
584,118853,0.0,0.0,-0.1601,2026-05-06 15:22:32.182
585,119085,0.0,0.0,-0.1537,2026-05-06 15:22:32.182
586,119143,0.0,0.0,-0.0896,2026-05-06 15:22:32.182
587,119375,0.0,0.0,-0.0896,2026-05-06 15:22:32.182
588,119619,0.0,0.0,-0.0308,2026-05-06 15:22:32.182
589,119851,0.0,0.0,-0.0257,2026-05-06 15:22:32.182
590,120093,0.0,0.0,-0.0073,2026-05-06 15:22:32.182
591,120325,0.0,0.0,-0.0056,2026-05-06 15:22:32.182
592,120566,0.0,0.0,0.0,2026-05-06 15:22:32.182
593,120795,0.0,0.0,0.0,2026-05-06 15:22:32.182
594,121036,0.0,0.0,0.0,2026-05-06 15:22:32.182
595,121264,0.0,0.0,0.0,2026-05-06 15:22:32.182
596,121506,0.0016,0.0,0.0,2026-05-06 15:22:32.182
597,121730,0.0016,0.0,0.0,2026-05-06 15:22:32.182
598,121970,0.0069,0.0,0.0,2026-05-06 15:22:32.182
599,122192,0.0077,0.0,0.0,2026-05-06 15:22:32.182
600,122548,0.0145,0.0,0.0,2026-05-06 15:22:32.182
601,122771,0.0157,0.0,0.0,2026-05-06 15:22:32.182
602,122895,0.0237,0.0,0.0,2026-05-06 15:22:32.182
603,123118,0.0253,0.0,0.0,2026-05-06 15:22:32.182
604,123358,0.0382,0.0,0.0,2026-05-06 15:22:32.182
605,123581,0.0404,0.0,0.0,2026-05-06 15:22:32.182
606,123821,0.0584,0.0,0.0,2026-05-06 15:22:32.182
607,124045,0.0584,0.0,0.0,2026-05-06 15:22:32.182
608,124285,0.0858,0.0,0.0,2026-05-06 15:22:32.182
609,124506,0.0858,0.0,0.0,2026-05-06 15:22:32.182
610,124745,0.1211,0.0,0.0,2026-05-06 15:22:32.182
611,124966,0.1211,0.0,0.0,2026-05-06 15:22:32.182
612,125187,0.126,0.0,0.0,2026-05-06 15:22:32.182
613,125232,0.1574,0.0,0.0,2026-05-06 15:22:32.182
614,125453,0.1628,0.0,0.0,2026-05-06 15:22:32.182
615,125692,0.2011,0.0,0.0,2026-05-06 15:22:32.182
616,125797,0.2065,0.0,0.0,2026-05-06 15:22:32.182
617,126134,0.2118,0.0,0.0,2026-05-06 15:22:32.182
618,126179,0.2464,0.0,0.0,2026-05-06 15:22:32.182
619,126400,0.2464,0.0,0.0,2026-05-06 15:22:32.182
620,126639,0.2753,0.0,0.0,2026-05-06 15:22:32.182
621,126861,0.2789,0.0,0.0,2026-05-06 15:22:32.898
622,127104,0.2979,0.0,0.0,2026-05-06 15:22:32.898
623,127322,0.3007,0.0,0.0,2026-05-06 15:22:32.898
624,127540,0.3033,0.0,0.0,2026-05-06 15:22:32.898
625,127587,0.317,0.0,0.0,2026-05-06 15:22:32.898
626,127805,0.317,0.0,0.0,2026-05-06 15:22:32.898
627,128023,0.319,0.0,0.0,2026-05-06 15:22:32.898
628,128070,0.3291,0.0,0.0,2026-05-06 15:22:32.898
629,128288,0.3305,0.0,0.0,2026-05-06 15:22:32.898
630,128506,0.3305,0.0,0.0,2026-05-06 15:22:32.898
631,128609,0.3389,0.0,0.0,2026-05-06 15:22:32.898
632,128827,0.3399,0.0,0.0,2026-05-06 15:22:32.898
633,128990,0.3399,0.0,0.0,2026-05-06 15:22:32.898
634,129036,0.345,0.0,0.0,2026-05-06 15:22:32.898
635,129254,0.345,0.0,0.0,2026-05-06 15:22:32.898
636,129472,0.3457,0.0,0.0,2026-05-06 15:22:32.898
637,129519,0.35,0.0,0.0,2026-05-06 15:22:32.898
638,129737,0.35,0.0,0.0,2026-05-06 15:22:32.898
639,129955,0.35,0.0,0.0,2026-05-06 15:22:32.898
640,130002,0.35,0.0,0.0,2026-05-06 15:22:32.898
641,130220,0.35,0.0,0.0,2026-05-06 15:22:32.898
642,130438,0.35,0.0,0.0,2026-05-06 15:22:32.898
643,130485,0.35,0.0,0.0,2026-05-06 15:22:32.898
644,130703,0.35,0.0,0.0,2026-05-06 15:22:32.898
645,130921,0.35,0.0,0.0,2026-05-06 15:22:32.898
646,130968,0.35,0.0,0.0,2026-05-06 15:22:32.898
647,131186,0.35,0.0,0.0,2026-05-06 15:22:32.898
648,131404,0.35,0.0,0.0,2026-05-06 15:22:32.898
649,131451,0.35,0.0,0.0,2026-05-06 15:22:32.898
650,131669,0.35,0.0,0.0,2026-05-06 15:22:32.898
651,131887,0.35,0.0,0.0,2026-05-06 15:22:32.898
652,131990,0.35,0.0,0.0,2026-05-06 15:22:32.898
653,132208,0.35,0.0,0.0,2026-05-06 15:22:32.898
654,132371,0.35,0.0,0.0,2026-05-06 15:22:32.898
655,132418,0.35,0.0,0.0,2026-05-06 15:22:32.898
656,132636,0.35,0.0,0.0,2026-05-06 15:22:32.898
657,132854,0.35,0.0,0.0,2026-05-06 15:22:32.898
658,132901,0.35,0.0,0.0,2026-05-06 15:22:32.898
659,133119,0.35,0.0,0.0,2026-05-06 15:22:32.898
660,133337,0.35,0.0,0.0,2026-05-06 15:22:32.898
661,133384,0.35,0.0,0.0,2026-05-06 15:22:32.898
662,133602,0.35,0.0,0.0,2026-05-06 15:22:32.898
663,133820,0.35,0.0,0.0,2026-05-06 15:22:32.898
664,133867,0.35,0.0,0.0,2026-05-06 15:22:32.898
665,134085,0.35,0.0,0.0,2026-05-06 15:22:32.898
666,134303,0.35,0.0,0.0,2026-05-06 15:22:32.898
667,134350,0.35,0.0,0.0,2026-05-06 15:22:32.898
668,134568,0.35,0.0,0.0,2026-05-06 15:22:32.898
669,134789,0.35,0.0,0.0,2026-05-06 15:22:33.617
670,135007,0.35,0.0,0.0,2026-05-06 15:22:33.617
671,135225,0.35,0.0,0.0,2026-05-06 15:22:33.617
672,135293,0.35,0.0,0.0,2026-05-06 15:22:33.617
673,135511,0.35,0.0,0.0,2026-05-06 15:22:33.617
674,135729,0.35,0.0,0.0,2026-05-06 15:22:33.617
675,135776,0.35,0.0,0.0,2026-05-06 15:22:33.617
676,135994,0.35,0.0,0.0,2026-05-06 15:22:33.617
677,136212,0.35,0.0,0.0,2026-05-06 15:22:33.617
678,136259,0.35,0.0,0.0,2026-05-06 15:22:33.617
679,136477,0.35,0.0,0.0,2026-05-06 15:22:33.617
680,136695,0.35,0.0,0.0,2026-05-06 15:22:33.617
681,136742,0.35,0.0,0.0,2026-05-06 15:22:33.617
682,136960,0.3495,0.0,0.0,2026-05-06 15:22:33.617
683,137178,0.3495,0.0,0.0,2026-05-06 15:22:33.617
684,137225,0.3454,0.0,0.0,2026-05-06 15:22:33.617
685,137443,0.3445,0.0,0.0,2026-05-06 15:22:33.617
686,137661,0.3435,0.0,0.0,2026-05-06 15:22:33.617
687,137708,0.3354,0.0,0.0,2026-05-06 15:22:33.617
688,137926,0.3354,0.0,0.0,2026-05-06 15:22:33.617
689,138144,0.3335,0.0,0.0,2026-05-06 15:22:33.617
690,138191,0.3188,0.0,0.0,2026-05-06 15:22:33.617
691,138409,0.3155,0.0,0.0,2026-05-06 15:22:33.617
692,138627,0.3155,0.0,0.0,2026-05-06 15:22:33.617
693,138788,0.2836,0.0,0.0,2026-05-06 15:22:33.617
694,139006,0.2775,0.0,0.0,2026-05-06 15:22:33.617
695,139131,0.2312,0.0,0.0,2026-05-06 15:22:33.617
696,139349,0.2312,0.0,0.0,2026-05-06 15:22:33.617
697,139567,0.222,0.0,0.0,2026-05-06 15:22:33.617
698,139614,0.1504,0.0,0.0,2026-05-06 15:22:33.617
699,139832,0.1504,0.0,0.0,2026-05-06 15:22:33.617
700,140050,0.1402,0.0,0.0,2026-05-06 15:22:33.617
701,140097,0.0858,0.0,0.0,2026-05-06 15:22:33.617
702,140315,0.0784,0.0,0.0,2026-05-06 15:22:33.617
703,140533,0.0784,0.0,0.0,2026-05-06 15:22:33.617
704,140580,0.0436,0.0,0.0,2026-05-06 15:22:33.617
705,140798,0.0393,0.0,0.0,2026-05-06 15:22:33.617
706,141016,0.0353,0.0,0.0,2026-05-06 15:22:33.617
707,141063,0.0178,0.0,0.0,2026-05-06 15:22:33.617
708,141281,0.0178,0.0,0.0,2026-05-06 15:22:33.617
709,141499,0.0157,0.0,0.0,2026-05-06 15:22:33.617
710,141546,0.0065,0.0,0.0,2026-05-06 15:22:33.617
711,141764,0.0055,0.0,0.0,2026-05-06 15:22:33.617
712,141982,0.0055,0.0,0.0,2026-05-06 15:22:33.617
713,142085,0.0001,0.0,0.0,2026-05-06 15:22:33.617
714,142470,0.0,0.0,0.0,2026-05-06 15:22:33.617
715,142516,0.0,0.0,0.0,2026-05-06 15:22:33.617
716,142735,0.0,0.0,0.0,2026-05-06 15:22:33.617
717,142954,0.0,0.0,0.0,2026-05-06 15:22:34.330
718,143000,0.0,0.0,0.0,2026-05-06 15:22:34.330
719,143222,0.0,0.0,0.0,2026-05-06 15:22:34.330
720,143460,0.0,0.0,0.0,2026-05-06 15:22:34.330
721,143682,0.0,0.0,0.0,2026-05-06 15:22:34.330
722,143904,0.0,0.0,0.0,2026-05-06 15:22:34.330
723,143950,0.0,0.0,0.0,2026-05-06 15:22:34.330
724,144172,0.0,0.0,0.0,2026-05-06 15:22:34.330
725,144410,0.0,0.0,0.0,2026-05-06 15:22:34.330
726,144632,0.0,0.0,0.0,2026-05-06 15:22:34.330
727,144854,0.0,0.0,0.0,2026-05-06 15:22:34.330
728,145075,0.0,0.0,0.0,2026-05-06 15:22:34.330
729,145297,0.0,0.0,0.0,2026-05-06 15:22:34.330
730,145418,0.0,0.0,0.0,2026-05-06 15:22:34.330
731,145640,0.0,0.0,0.0,2026-05-06 15:22:34.330
732,145814,0.0,0.0,0.0,2026-05-06 15:22:34.330
733,146036,0.0,0.0,0.0,2026-05-06 15:22:34.330
734,146258,0.0,0.0,0.0,2026-05-06 15:22:34.330
735,146311,0.0,0.0,0.0,2026-05-06 15:22:34.330
736,146533,0.0,0.0,0.0,2026-05-06 15:22:34.330
737,146828,0.0,0.0,-0.0005,2026-05-06 15:22:34.330
738,147054,0.0,0.0,-0.001,2026-05-06 15:22:34.330
739,147239,0.0,0.0,-0.0062,2026-05-06 15:22:34.330
740,147465,0.0,0.0,-0.0062,2026-05-06 15:22:34.330
741,147703,0.0,0.0,-0.0149,2026-05-06 15:22:34.330
742,147927,0.0,0.0,-0.0166,2026-05-06 15:22:34.330
743,148167,0.0,0.0,-0.0296,2026-05-06 15:22:34.330
744,148395,0.0,0.0,-0.0323,2026-05-06 15:22:34.330
745,148636,0.0,0.0,-0.0572,2026-05-06 15:22:34.330
746,148864,0.0,0.0,-0.0572,2026-05-06 15:22:34.330
747,149105,0.0,0.0,-0.0973,2026-05-06 15:22:34.330
748,149332,0.0,0.0,-0.0973,2026-05-06 15:22:34.330
749,149572,0.0,0.0,-0.1345,2026-05-06 15:22:34.330
750,149799,0.0,0.0,-0.1393,2026-05-06 15:22:34.330
751,150101,0.0,0.0,-0.1634,2026-05-06 15:22:34.330
752,150328,0.0,0.0,-0.1666,2026-05-06 15:22:34.330
753,150511,0.0,0.0,-0.1836,2026-05-06 15:22:34.330
754,150738,0.0,0.0,-0.1836,2026-05-06 15:22:34.330
755,150978,0.0,0.0,-0.1935,2026-05-06 15:22:35.042
756,151206,0.0,0.0,-0.1945,2026-05-06 15:22:35.042
757,151447,0.0,0.0,-0.1991,2026-05-06 15:22:35.042
758,151675,0.0,0.0,-0.1997,2026-05-06 15:22:35.042
759,151916,0.0,0.0,-0.2,2026-05-06 15:22:35.042
760,152144,0.0,0.0,-0.2,2026-05-06 15:22:35.042
761,152385,0.0,0.0,-0.2,2026-05-06 15:22:35.042
762,152613,0.0,0.0,-0.2,2026-05-06 15:22:35.042
763,152854,0.0,0.0,-0.2,2026-05-06 15:22:35.042
764,153082,0.0,0.0,-0.2,2026-05-06 15:22:35.042
765,153382,0.0,0.0,-0.2,2026-05-06 15:22:35.042
766,153610,0.0,0.0,-0.2,2026-05-06 15:22:35.042
767,153792,0.0,0.0,-0.2,2026-05-06 15:22:35.042
768,154020,0.0,0.0,-0.2,2026-05-06 15:22:35.042
769,154261,0.0,0.0,-0.2,2026-05-06 15:22:35.042
770,154489,0.0,0.0,-0.2,2026-05-06 15:22:35.042
771,154730,0.0,0.0,-0.2,2026-05-06 15:22:35.042
772,154958,0.0,0.0,-0.2,2026-05-06 15:22:35.042
773,155199,0.0,0.0,-0.2,2026-05-06 15:22:35.042
774,155427,0.0,0.0,-0.2,2026-05-06 15:22:35.042
775,155668,0.0,0.0,-0.2,2026-05-06 15:22:35.042
776,155896,0.0,0.0,-0.2,2026-05-06 15:22:35.042
777,156137,0.0,0.0,-0.2,2026-05-06 15:22:35.042
778,156365,0.0,0.0,-0.2,2026-05-06 15:22:35.042
779,156605,0.0,0.0,-0.2,2026-05-06 15:22:35.042
780,156833,0.0,0.0,-0.2,2026-05-06 15:22:35.042
781,157075,0.0,0.0,-0.2,2026-05-06 15:22:35.042
782,157303,0.0,0.0,-0.2,2026-05-06 15:22:35.042
783,157550,0.0,0.0,-0.2,2026-05-06 15:22:35.042
784,157778,0.0,0.0,-0.2,2026-05-06 15:22:35.042
785,158019,0.0,0.0,-0.2,2026-05-06 15:22:35.042
786,158247,0.0,0.0,-0.2,2026-05-06 15:22:35.042
787,158488,0.0,0.0,-0.2,2026-05-06 15:22:35.042
788,158716,0.0,0.0,-0.2,2026-05-06 15:22:35.042
789,159076,0.0,0.0,-0.2,2026-05-06 15:22:35.750
790,159304,0.0,0.0,-0.2,2026-05-06 15:22:35.750
791,159426,0.0,0.0,-0.2,2026-05-06 15:22:35.750
792,159654,0.0,0.0,-0.2,2026-05-06 15:22:35.750
793,159895,0.0,0.0,-0.2,2026-05-06 15:22:35.750
794,160123,0.0,0.0,-0.2,2026-05-06 15:22:35.750
795,160364,0.0,0.0,-0.2,2026-05-06 15:22:35.750
796,160592,0.0,0.0,-0.2,2026-05-06 15:22:35.750
797,160833,0.0,0.0,-0.2,2026-05-06 15:22:35.750
798,161061,0.0,0.0,-0.2,2026-05-06 15:22:35.750
799,161302,0.0,0.0,-0.2,2026-05-06 15:22:35.750
800,161530,0.0,0.0,-0.2,2026-05-06 15:22:35.750
801,161771,0.0,0.0,-0.2,2026-05-06 15:22:35.750
802,161999,0.0,0.0,-0.2,2026-05-06 15:22:35.750
803,162420,0.0,0.0,-0.2,2026-05-06 15:22:35.750
804,162648,0.0,0.0,-0.2,2026-05-06 15:22:35.750
805,162767,0.0,0.0,-0.2,2026-05-06 15:22:35.750
806,162995,0.0,0.0,-0.2,2026-05-06 15:22:35.750
807,163178,0.0,0.0,-0.2,2026-05-06 15:22:35.750
808,163406,0.0,0.0,-0.2,2026-05-06 15:22:35.750
809,163647,0.0,0.0,-0.2,2026-05-06 15:22:35.750
810,163875,0.0,0.0,-0.2,2026-05-06 15:22:35.750
811,164116,0.0,0.0,-0.2,2026-05-06 15:22:35.750
812,164344,0.0,0.0,-0.2,2026-05-06 15:22:35.750
813,164643,0.0,0.0,-0.2,2026-05-06 15:22:35.750
814,164871,0.0,0.0,-0.2,2026-05-06 15:22:35.750
815,165057,0.0,0.0,-0.2,2026-05-06 15:22:35.750
816,165285,0.0,0.0,-0.2,2026-05-06 15:22:35.750
817,165584,0.0,0.0,-0.2,2026-05-06 15:22:35.750
818,165812,0.0,0.0,-0.2,2026-05-06 15:22:35.750
819,165995,0.0,0.0,-0.2,2026-05-06 15:22:35.750
820,166223,0.0,0.0,-0.2,2026-05-06 15:22:35.750
821,166464,0.0,0.0,-0.2,2026-05-06 15:22:35.750
822,166692,0.0,0.0,-0.2,2026-05-06 15:22:35.750
823,166933,0.0,0.0,-0.2,2026-05-06 15:22:35.782
824,167161,0.0,0.0,-0.2,2026-05-06 15:22:36.472
825,167402,0.0,0.0,-0.2,2026-05-06 15:22:36.472
826,167630,0.0,0.0,-0.2,2026-05-06 15:22:36.472
827,167871,0.0,0.0,-0.2,2026-05-06 15:22:36.472
828,168099,0.0,0.0,-0.2,2026-05-06 15:22:36.472
829,168340,0.0,0.0,-0.2,2026-05-06 15:22:36.472
830,168568,0.0,0.0,-0.2,2026-05-06 15:22:36.472
831,168809,0.0,0.0,-0.2,2026-05-06 15:22:36.472
832,169037,0.0,0.0,-0.2,2026-05-06 15:22:36.472
833,169278,0.0,0.0,-0.2,2026-05-06 15:22:36.472
834,169506,0.0,0.0,-0.2,2026-05-06 15:22:36.472
835,169806,0.0,0.0,-0.2,2026-05-06 15:22:36.472
836,170034,0.0,0.0,-0.2,2026-05-06 15:22:36.472
837,170216,0.0,0.0,-0.2,2026-05-06 15:22:36.472
838,170444,0.0,0.0,-0.2,2026-05-06 15:22:36.472
839,170685,0.0,0.0,-0.1989,2026-05-06 15:22:36.472
840,170913,0.0,0.0,-0.1983,2026-05-06 15:22:36.472
841,171166,0.0,0.0,-0.1914,2026-05-06 15:22:36.472
842,171394,0.0,0.0,-0.1895,2026-05-06 15:22:36.472
843,171635,0.0,0.0,-0.1657,2026-05-06 15:22:36.472
844,171863,0.0,0.0,-0.1657,2026-05-06 15:22:36.472
845,172104,0.0,0.0,-0.1001,2026-05-06 15:22:36.472
846,172332,0.0,0.0,-0.1001,2026-05-06 15:22:36.472
847,172576,0.0,0.0,-0.0368,2026-05-06 15:22:36.472
848,172804,0.0,0.0,-0.0308,2026-05-06 15:22:36.472
849,173103,0.0,0.0,-0.0092,2026-05-06 15:22:36.472
850,173331,0.0,0.0,-0.0073,2026-05-06 15:22:36.472
851,173514,0.0027,0.0,-0.0072,2026-05-06 15:22:36.472
852,173742,0.0027,0.0,-0.0072,2026-05-06 15:22:36.472
853,173983,0.0077,0.0,-0.0138,2026-05-06 15:22:36.472
854,174212,0.0086,0.0,-0.015,2026-05-06 15:22:36.472
855,174511,0.0157,0.0,-0.0271,2026-05-06 15:22:36.472
856,174739,0.0169,0.0,-0.0294,2026-05-06 15:22:36.472
857,174922,0.0253,0.0,-0.047,2026-05-06 15:22:36.472
858,175150,0.0253,0.0,-0.047,2026-05-06 15:22:37.181
859,175391,0.0404,0.0,-0.0517,2026-05-06 15:22:37.181
860,175620,0.0404,0.0,-0.0517,2026-05-06 15:22:37.181
861,175861,0.0584,0.0,-0.0023,2026-05-06 15:22:37.181
862,176087,0.0614,0.0,-0.0006,2026-05-06 15:22:37.181
863,176328,0.0858,0.0,0.0,2026-05-06 15:22:37.181
864,176552,0.0898,0.0,0.0,2026-05-06 15:22:37.181
865,176792,0.1211,0.0,0.0,2026-05-06 15:22:37.181
866,177013,0.1211,0.0,0.0,2026-05-06 15:22:37.181
867,177252,0.1574,0.0,0.0,2026-05-06 15:22:37.181
868,177475,0.1628,0.0,0.0,2026-05-06 15:22:37.181
869,177715,0.2011,0.0,0.0,2026-05-06 15:22:37.181
870,177937,0.2065,0.0,0.0,2026-05-06 15:22:37.181
871,178234,0.237,0.0,0.0,2026-05-06 15:22:37.181
872,178457,0.2418,0.0,0.0,2026-05-06 15:22:37.181
873,178639,0.2715,0.0,0.0,2026-05-06 15:22:37.181
874,178862,0.2715,0.0,0.0,2026-05-06 15:22:37.181
875,179102,0.295,0.0,0.0,2026-05-06 15:22:37.181
876,179325,0.2979,0.0,0.0,2026-05-06 15:22:37.181
877,179623,0.315,0.0,0.0,2026-05-06 15:22:37.181
878,179846,0.317,0.0,0.0,2026-05-06 15:22:37.181
879,180031,0.3276,0.0,0.0,2026-05-06 15:22:37.181
880,180254,0.3276,0.0,0.0,2026-05-06 15:22:37.181
881,180494,0.3379,0.0,0.0,2026-05-06 15:22:37.181
882,180717,0.3379,0.0,0.0,2026-05-06 15:22:37.181
883,180963,0.3443,0.0,0.0,2026-05-06 15:22:37.181
884,181186,0.345,0.0,0.0,2026-05-06 15:22:37.181
885,181426,0.3489,0.0,0.0,2026-05-06 15:22:37.181
886,181646,0.3494,0.0,0.0,2026-05-06 15:22:37.181
887,181866,0.35,0.0,0.0,2026-05-06 15:22:37.181
888,181911,0.35,0.0,0.0,2026-05-06 15:22:37.181
889,182129,0.35,0.0,0.0,2026-05-06 15:22:37.181
890,182347,0.35,0.0,0.0,2026-05-06 15:22:37.181
891,182565,0.35,0.0,0.0,2026-05-06 15:22:37.181
892,182783,0.35,0.0,0.0,2026-05-06 15:22:37.181
893,182851,0.35,0.0,0.0,2026-05-06 15:22:37.181
894,183069,0.35,0.0,0.0,2026-05-06 15:22:37.890
895,183287,0.35,0.0,0.0,2026-05-06 15:22:37.890
896,183334,0.35,0.0,0.0,2026-05-06 15:22:37.890
897,183552,0.35,0.0,0.0,2026-05-06 15:22:37.890
898,183770,0.35,0.0,0.0,2026-05-06 15:22:37.890
899,183817,0.35,0.0,0.0,2026-05-06 15:22:37.890
900,184035,0.35,0.0,0.0,2026-05-06 15:22:37.890
901,184253,0.35,0.0,0.0,2026-05-06 15:22:37.890
902,184300,0.35,0.0,0.0,2026-05-06 15:22:37.890
903,184518,0.35,0.0,0.0,2026-05-06 15:22:37.890
904,184736,0.35,0.0,0.0,2026-05-06 15:22:37.890
905,184783,0.35,0.0,0.0,2026-05-06 15:22:37.890
906,185001,0.35,0.0,0.0,2026-05-06 15:22:37.890
907,185219,0.35,0.0,0.0,2026-05-06 15:22:37.890
908,185266,0.35,0.0,0.0,2026-05-06 15:22:37.890
909,185487,0.35,0.0,0.0,2026-05-06 15:22:37.890
910,185705,0.35,0.0,0.0,2026-05-06 15:22:37.890
911,185752,0.35,0.0,0.0,2026-05-06 15:22:37.890
912,185970,0.35,0.0,0.0,2026-05-06 15:22:37.890
913,186188,0.35,0.0,0.0,2026-05-06 15:22:37.890
914,186292,0.35,0.0,0.0,2026-05-06 15:22:37.890
915,186510,0.35,0.0,0.0,2026-05-06 15:22:37.890
916,186672,0.35,0.0,0.0,2026-05-06 15:22:37.890
917,186719,0.35,0.0,0.0,2026-05-06 15:22:37.890
918,186937,0.35,0.0,0.0,2026-05-06 15:22:37.890
919,187155,0.35,0.0,0.0,2026-05-06 15:22:37.890
920,187202,0.35,0.0,0.0,2026-05-06 15:22:37.890
921,187420,0.35,0.0,0.0,2026-05-06 15:22:37.890
922,187638,0.35,0.0,0.0,2026-05-06 15:22:37.890
923,187685,0.35,0.0,0.0,2026-05-06 15:22:37.890
924,187903,0.35,0.0,0.0,2026-05-06 15:22:37.890
925,188121,0.35,0.0,0.0,2026-05-06 15:22:37.890
926,188168,0.35,0.0,0.0,2026-05-06 15:22:37.890
927,188386,0.35,0.0,0.0,2026-05-06 15:22:37.890
928,188607,0.35,0.0,0.0,2026-05-06 15:22:37.890
929,188654,0.35,0.0,0.0,2026-05-06 15:22:37.890
930,188872,0.35,0.0,0.0,2026-05-06 15:22:37.890
931,189090,0.35,0.0,0.0,2026-05-06 15:22:37.890
932,189137,0.35,0.0,0.0,2026-05-06 15:22:37.890
933,189355,0.35,0.0,0.0,2026-05-06 15:22:37.890
934,189573,0.35,0.0,0.0,2026-05-06 15:22:37.890
935,189734,0.35,0.0,0.0,2026-05-06 15:22:37.890
936,189952,0.35,0.0,0.0,2026-05-06 15:22:37.890
937,190077,0.35,0.0,0.0,2026-05-06 15:22:37.890
938,190295,0.35,0.0,0.0,2026-05-06 15:22:37.890
939,190513,0.35,0.0,0.0,2026-05-06 15:22:37.890
940,190560,0.35,0.0,0.0,2026-05-06 15:22:37.890
941,190778,0.35,0.0,0.0,2026-05-06 15:22:37.890
942,190996,0.35,0.0,0.0,2026-05-06 15:22:37.890
943,191043,0.35,0.0,0.0,2026-05-06 15:22:38.016
944,191261,0.35,0.0,0.0,2026-05-06 15:22:38.016
945,191479,0.35,0.0,0.0,2026-05-06 15:22:38.016
946,191526,0.35,0.0,0.0,2026-05-06 15:22:38.016
947,191744,0.35,0.0,0.0,2026-05-06 15:22:38.016
948,191962,0.35,0.0,0.0,2026-05-06 15:22:38.016
949,192009,0.35,0.0,0.0,2026-05-06 15:22:38.016
950,192227,0.35,0.0,0.0,2026-05-06 15:22:38.440
951,192445,0.35,0.0,0.0,2026-05-06 15:22:38.440
952,192492,0.35,0.0,0.0,2026-05-06 15:22:38.440
953,192710,0.35,0.0,0.0,2026-05-06 15:22:38.440
954,192928,0.35,0.0,0.0,2026-05-06 15:22:38.440
955,192975,0.35,0.0,0.0,2026-05-06 15:22:38.440
956,193193,0.35,0.0,0.0,2026-05-06 15:22:38.440
957,193411,0.35,0.0,0.0,2026-05-06 15:22:38.440
958,193458,0.35,0.0,0.0,2026-05-06 15:22:38.440
959,193676,0.35,0.0,0.0,2026-05-06 15:22:38.440
960,193894,0.35,0.0,0.0,2026-05-06 15:22:38.440
961,193941,0.35,0.0,0.0,2026-05-06 15:22:38.440
962,194159,0.35,0.0,0.0,2026-05-06 15:22:38.440
963,194377,0.35,0.0,0.0,2026-05-06 15:22:38.440
964,194424,0.35,0.0,0.0,2026-05-06 15:22:38.440
965,194642,0.35,0.0,0.0,2026-05-06 15:22:38.440
966,194860,0.35,0.0,0.0,2026-05-06 15:22:38.440
967,194907,0.35,0.0,0.0,2026-05-06 15:22:38.440
968,195125,0.35,0.0,0.0,2026-05-06 15:22:38.440
969,195343,0.35,0.0,0.0,2026-05-06 15:22:38.440
970,195390,0.3454,0.0,0.0,2026-05-06 15:22:38.440
971,195608,0.3454,0.0,0.0,2026-05-06 15:22:38.440
972,195826,0.3445,0.0,0.0,2026-05-06 15:22:38.440
973,195873,0.337,0.0,0.0,2026-05-06 15:22:38.440
974,196091,0.3354,0.0,0.0,2026-05-06 15:22:38.440
975,196312,0.3354,0.0,0.0,2026-05-06 15:22:38.440
976,196359,0.3218,0.0,0.0,2026-05-06 15:22:38.440
977,196577,0.3188,0.0,0.0,2026-05-06 15:22:38.440
978,196795,0.3155,0.0,0.0,2026-05-06 15:22:38.440
979,196842,0.2893,0.0,0.0,2026-05-06 15:22:38.440
980,197060,0.2893,0.0,0.0,2026-05-06 15:22:38.737
981,197278,0.2836,0.0,0.0,2026-05-06 15:22:38.737
982,197325,0.2312,0.0,0.0,2026-05-06 15:22:38.737
983,197543,0.2312,0.0,0.0,2026-05-06 15:22:38.737
984,197761,0.222,0.0,0.0,2026-05-06 15:22:38.737
985,197808,0.1608,0.0,0.0,2026-05-06 15:22:38.737
986,198026,0.1504,0.0,0.0,2026-05-06 15:22:38.737
987,198244,0.1504,0.0,0.0,2026-05-06 15:22:38.737
988,198291,0.0938,0.0,0.0,2026-05-06 15:22:38.737
989,198509,0.0938,0.0,0.0,2026-05-06 15:22:38.737
990,198727,0.0858,0.0,0.0,2026-05-06 15:22:38.737
991,198774,0.0436,0.0,0.0,2026-05-06 15:22:38.737
992,198992,0.0436,0.0,0.0,2026-05-06 15:22:38.737
993,199210,0.0393,0.0,0.0,2026-05-06 15:22:38.737
994,199257,0.0201,0.0,0.0,2026-05-06 15:22:38.737
995,199475,0.0178,0.0,0.0,2026-05-06 15:22:38.737
996,199693,0.0178,0.0,0.0,2026-05-06 15:22:38.737
997,199740,0.0077,0.0,0.0,2026-05-06 15:22:38.737
998,199958,0.0065,0.0,0.0,2026-05-06 15:22:38.737
999,200176,0.0055,0.0,0.0,2026-05-06 15:22:38.737
1000,200223,0.0007,0.0,0.0,2026-05-06 15:22:38.737
1001,200441,0.0007,0.0,0.0,2026-05-06 15:22:39.415
1002,200659,0.0001,0.0,0.0,2026-05-06 15:22:39.415
1003,200706,0.0,0.0,0.0,2026-05-06 15:22:39.415
1004,200925,0.0,0.0,0.0,2026-05-06 15:22:39.415
1005,201144,0.0,0.0,0.0,2026-05-06 15:22:39.415
1006,201190,0.0,0.0,0.0,2026-05-06 15:22:39.415
1007,201412,0.0,0.0,0.0,2026-05-06 15:22:39.415
1008,201642,0.0,0.0,0.0,2026-05-06 15:22:39.415
1009,201864,0.0,0.0,0.0,2026-05-06 15:22:39.415
1010,202086,0.0,0.0,0.0,2026-05-06 15:22:39.415
1011,202316,0.0,0.0,0.0,2026-05-06 15:22:39.415
1012,202538,0.0,0.0,0.0,2026-05-06 15:22:39.415
1013,202776,0.0,0.0,0.0,2026-05-06 15:22:39.415
1014,202999,0.0,0.0,0.0,2026-05-06 15:22:39.415
1015,203059,0.0,0.0,0.0,2026-05-06 15:22:39.415
1016,203281,0.0,0.0,0.0,2026-05-06 15:22:39.415
1017,203503,0.0,0.0,0.0,2026-05-06 15:22:39.415
1018,203552,0.0,0.0,0.0,2026-05-06 15:22:39.415
1019,203774,0.0,0.0,0.0,2026-05-06 15:22:39.415
1020,204079,0.0,0.0,0.0,2026-05-06 15:22:39.415
1021,204296,0.0,0.0,0.0,2026-05-06 15:22:39.415
1022,204344,0.0,0.0,0.0,2026-05-06 15:22:39.415
1023,204562,0.0,0.0,0.0,2026-05-06 15:22:39.415
1024,204780,0.0,0.0,0.0,2026-05-06 15:22:39.415
1025,204827,0.0,0.0,0.0,2026-05-06 15:22:39.415
1026,205045,0.0,0.0,0.0,2026-05-06 15:22:39.415
1027,205263,0.0,0.0,0.0,2026-05-06 15:22:39.415
1028,205310,0.0,0.0,0.0,2026-05-06 15:22:39.415
1029,205527,0.0,0.0,0.0,2026-05-06 15:22:39.415
1030,205746,0.0,0.0,0.0,2026-05-06 15:22:39.415
1031,205793,0.0,0.0,0.0,2026-05-06 15:22:39.415
1032,206012,0.0,0.0,0.0,2026-05-06 15:22:39.415
1033,206231,0.0,0.0,0.0,2026-05-06 15:22:39.415
1034,206277,0.0,0.0,0.0,2026-05-06 15:22:39.415
1035,206494,0.0,0.0,0.0,2026-05-06 15:22:39.415
1036,206711,0.0,0.0,0.0,2026-05-06 15:22:39.415
1037,206759,0.0,0.0,0.0,2026-05-06 15:22:39.415
1038,206977,0.0,0.0,0.0,2026-05-06 15:22:39.415
1039,207194,0.0,0.0,0.0,2026-05-06 15:22:39.415
1040,207242,0.0,0.0,0.0,2026-05-06 15:22:39.415
1041,207459,0.0,0.0,0.0,2026-05-06 15:22:39.415
1042,207677,0.0,0.0,0.0,2026-05-06 15:22:39.415
1043,207724,0.0,0.0,0.0,2026-05-06 15:22:39.415
1044,207942,0.0,0.0,0.0,2026-05-06 15:22:39.415
1045,208160,0.0,0.0,0.0,2026-05-06 15:22:39.415
1046,208207,0.0,0.0,0.0,2026-05-06 15:22:39.415
1047,208424,0.0,0.0,0.0,2026-05-06 15:22:40.124
1048,208641,0.0,0.0,0.0,2026-05-06 15:22:40.124
1049,208689,0.0,0.0,0.0,2026-05-06 15:22:40.124
1050,208906,0.0,0.0,0.0,2026-05-06 15:22:40.124
1051,209123,0.0,0.0,0.0,2026-05-06 15:22:40.124
1052,209171,0.0,0.0,0.0,2026-05-06 15:22:40.124
1053,209388,0.0,0.0,0.0,2026-05-06 15:22:40.124
1054,209605,0.0,0.0,0.0,2026-05-06 15:22:40.124
1055,209653,0.0,0.0,0.0,2026-05-06 15:22:40.124
1056,209870,0.0,0.0,0.0,2026-05-06 15:22:40.124
1057,210088,0.0,0.0,0.0,2026-05-06 15:22:40.124
1058,210136,0.0,0.0,0.0,2026-05-06 15:22:40.124
1059,210354,0.0,0.0,0.0,2026-05-06 15:22:40.124
1060,210572,0.0,0.0,0.0,2026-05-06 15:22:40.124
1061,210619,0.0,0.0,0.0,2026-05-06 15:22:40.124
1062,210837,0.0,0.0,0.0,2026-05-06 15:22:40.124
1063,211054,0.0,0.0,0.0,2026-05-06 15:22:40.124
1064,211101,0.0,0.0,0.0,2026-05-06 15:22:40.124
1065,211318,0.0,0.0,0.0,2026-05-06 15:22:40.124
1066,211535,0.0,0.0,0.0,2026-05-06 15:22:40.124
1067,211583,0.0,0.0,0.0,2026-05-06 15:22:40.124
1068,211804,0.0,0.0,0.0,2026-05-06 15:22:40.124
1069,212021,0.0,0.0,0.0,2026-05-06 15:22:40.124
1070,212069,0.0,0.0,0.0,2026-05-06 15:22:40.124
1071,212286,0.0,0.0,0.0,2026-05-06 15:22:40.124
1072,212503,0.0,0.0,0.0,2026-05-06 15:22:40.124
1073,212551,0.0,0.0,0.0,2026-05-06 15:22:40.124
1074,212770,0.0,0.0,0.0,2026-05-06 15:22:40.124
1075,212989,0.0,0.0,0.0,2026-05-06 15:22:40.124
1076,213035,0.0,0.0,0.0,2026-05-06 15:22:40.124
1077,213254,0.0,0.0,0.0,2026-05-06 15:22:40.124
1078,213471,0.0,0.0,0.0,2026-05-06 15:22:40.124
1079,213518,0.0,0.0,0.0,2026-05-06 15:22:40.124
1080,213736,0.0,0.0,0.0,2026-05-06 15:22:40.124
1081,213954,0.0,0.0,0.0,2026-05-06 15:22:40.124
1082,214001,0.0,0.0,0.0,2026-05-06 15:22:40.124
1083,214218,0.0,0.0,0.0,2026-05-06 15:22:40.124
1084,214436,0.0,0.0,0.0,2026-05-06 15:22:40.124
1085,214484,0.0,0.0,0.0,2026-05-06 15:22:40.124
1086,214701,0.0,0.0,0.0,2026-05-06 15:22:40.124
1087,214920,0.0,0.0,0.0,2026-05-06 15:22:40.124
1088,214967,0.0,0.0,0.0,2026-05-06 15:22:40.124
1089,215184,0.0,0.0,0.0,2026-05-06 15:22:40.124
1090,215402,0.0,0.0,0.0,2026-05-06 15:22:40.124
1091,215449,0.0,0.0,0.0,2026-05-06 15:22:40.124
1092,215668,0.0,0.0,0.0,2026-05-06 15:22:40.124
1093,215885,0.0,0.0,0.0,2026-05-06 15:22:40.124
1094,215932,0.0,0.0,0.0,2026-05-06 15:22:40.124
1095,216151,0.0,0.0,0.0,2026-05-06 15:22:40.124
1096,216368,0.0,0.0,0.0,2026-05-06 15:22:40.124
1097,216415,0.0,0.0,0.0,2026-05-06 16:02:24.279
1098,216633,0.0,0.0,0.0,2026-05-06 16:02:24.279
1099,216850,0.0,0.0,0.0,2026-05-06 16:02:24.279
1100,216898,0.0,0.0,0.0,2026-05-06 16:02:24.279
1101,217115,0.0,0.0,0.0,2026-05-06 16:02:24.279
1102,217334,0.0,0.0,0.0,2026-05-06 16:02:24.279
1103,217381,0.0,0.0,0.0,2026-05-06 16:02:24.279
1104,217599,0.0,0.0,0.0,2026-05-06 16:02:24.279
1105,217817,0.0,0.0,0.0,2026-05-06 16:02:24.279
1106,217864,0.0,0.0,0.0,2026-05-06 16:02:24.279
1107,218082,0.0,0.0,0.0,2026-05-06 16:02:24.279
1108,218300,0.0,0.0,0.0,2026-05-06 16:02:24.279
1109,218347,0.0,0.0,0.0,2026-05-06 16:02:24.279
1110,218564,0.0,0.0,0.0,2026-05-06 16:02:24.279
1111,218783,0.0,0.0,0.0,2026-05-06 16:02:24.279
1112,218830,0.0,0.0,0.0,2026-05-06 16:02:24.279
1113,219047,0.0,0.0,0.0,2026-05-06 16:02:24.279
1114,219265,0.0,0.0,0.0,2026-05-06 16:02:24.279
1115,219312,0.0,0.0,0.0,2026-05-06 16:02:24.279
1116,219532,0.0,0.0,0.0,2026-05-06 16:02:24.279
1117,219749,0.0,0.0,0.0,2026-05-06 16:02:24.279
1118,219797,0.0,0.0,0.0,2026-05-06 16:02:24.279
1119,220015,0.0,0.0,0.0,2026-05-06 16:02:24.279
1120,220233,0.0,0.0,0.0,2026-05-06 16:02:24.279
1121,220280,0.0,0.0,0.0,2026-05-06 16:02:24.279
1122,220498,0.0,0.0,0.0,2026-05-06 16:02:24.279
1123,220715,0.0,0.0,0.0,2026-05-06 16:02:24.279
1124,220763,0.0,0.0,0.0,2026-05-06 16:02:24.279
1125,220980,0.0,0.0,0.0,2026-05-06 16:02:24.279
1126,221197,0.0,0.0,0.0,2026-05-06 16:02:24.279
1127,221245,0.0,0.0,0.0,2026-05-06 16:02:24.279
1128,221462,0.0,0.0,0.0,2026-05-06 16:02:24.279
1129,221679,0.0,0.0,0.0,2026-05-06 16:02:24.279
1130,221727,0.0,0.0,0.0,2026-05-06 16:02:24.279
1131,221945,0.0,0.0,0.0,2026-05-06 16:02:24.279
1132,222163,0.0,0.0,0.0,2026-05-06 16:02:24.279
1133,222210,0.0,0.0,0.0,2026-05-06 16:02:24.279
1134,222430,0.0,0.0,0.0,2026-05-06 16:02:24.279
1135,222648,0.0,0.0,0.0,2026-05-06 16:02:24.279
1136,222695,0.0,0.0,0.0,2026-05-06 16:02:24.279
1137,222912,0.0,0.0,0.0,2026-05-06 16:02:24.279
1138,223129,0.0,0.0,0.0,2026-05-06 16:02:24.279
1139,223177,0.0,0.0,0.0,2026-05-06 16:02:24.279
1140,223395,0.0,0.0,0.0,2026-05-06 16:02:24.279
1141,223612,0.0,0.0,0.0,2026-05-06 16:02:24.279
1142,223660,0.0,0.0,0.0,2026-05-06 16:02:24.279
1143,223877,0.0,0.0,0.0,2026-05-06 16:02:24.279
1144,224095,0.0,0.0,0.0,2026-05-06 16:02:24.279
1145,224142,0.0,0.0,0.0,2026-05-06 16:02:24.279
1146,224360,0.0,0.0,0.0,2026-05-06 16:02:24.279
1147,224584,0.0,0.0,0.0,2026-05-06 16:02:24.990
1148,224630,0.0,0.0,0.0,2026-05-06 16:02:24.990
1149,224847,0.0,0.0,0.0,2026-05-06 16:02:24.990
1150,225064,0.0,0.0,0.0,2026-05-06 16:02:24.990
1151,225112,0.0,0.0,0.0,2026-05-06 16:02:24.990
1152,225330,0.0,0.0,0.0,2026-05-06 16:02:24.990
1153,225547,0.0,0.0,0.0,2026-05-06 16:02:24.990
1154,225595,0.0,0.0,0.0,2026-05-06 16:02:24.990
1155,225813,0.0,0.0,0.0,2026-05-06 16:02:24.990
1156,226031,0.0,0.0,0.0,2026-05-06 16:02:24.990
1157,226078,0.0,0.0,0.0,2026-05-06 16:02:24.990
1158,226296,0.0,0.0,0.0,2026-05-06 16:02:24.990
1159,226513,0.0,0.0,0.0,2026-05-06 16:02:24.990
1160,226560,0.0,0.0,0.0,2026-05-06 16:02:24.990
1161,226778,0.0,0.0,0.0,2026-05-06 16:02:24.990
1162,227002,0.0,0.0,0.0,2026-05-06 16:02:24.990
1163,227049,0.0,0.0,0.0,2026-05-06 16:02:24.990
1164,227266,0.0,0.0,0.0,2026-05-06 16:02:24.990
1165,227483,0.0,0.0,0.0,2026-05-06 16:02:24.990
1166,227531,0.0,0.0,0.0,2026-05-06 16:02:24.990
1167,227748,0.0,0.0,0.0,2026-05-06 16:02:24.990
1168,227965,0.0,0.0,0.0,2026-05-06 16:02:24.990
1169,228013,0.0,0.0,0.0,2026-05-06 16:02:24.990
1170,228231,0.0,0.0,0.0,2026-05-06 16:02:24.990
1171,228449,0.0,0.0,0.0,2026-05-06 16:02:24.990
1172,228496,0.0,0.0,0.0,2026-05-06 16:02:24.990
1173,228713,0.0,0.0,0.0,2026-05-06 16:02:24.990
1174,228982,0.0,0.0,0.0,2026-05-06 16:02:24.990
1175,229199,0.0,0.0,0.0,2026-05-06 16:02:24.990
1176,229416,0.0,0.0,0.0,2026-05-06 16:02:24.990
1177,229464,0.0,0.0,0.0,2026-05-06 16:02:24.990
1178,229681,0.0,0.0,0.0,2026-05-06 16:02:24.990
1179,229898,0.0,0.0,0.0,2026-05-06 16:02:24.990
1180,229946,0.0,0.0,0.0,2026-05-06 16:02:24.990
1181,230163,0.0,0.0,0.0,2026-05-06 16:02:24.990
1182,230380,0.0,0.0,0.0,2026-05-06 16:02:24.990
1183,230428,0.0,0.0,0.0,2026-05-06 16:02:24.990
1184,230646,0.0,0.0,0.0,2026-05-06 16:02:24.990
1185,230864,0.0,0.0,0.0,2026-05-06 16:02:24.990
1186,230911,0.0,0.0,0.0,2026-05-06 16:02:24.990
1187,231129,0.0,0.0,0.0,2026-05-06 16:02:24.990
1188,231347,0.0,0.0,0.0,2026-05-06 16:02:24.990
1189,231394,0.0,0.0,0.0,2026-05-06 16:02:24.990
1190,231611,0.0,0.0,0.0,2026-05-06 16:02:24.990
1191,231829,0.0,0.0,0.0,2026-05-06 16:02:24.990
1192,231876,0.0,0.0,0.0,2026-05-06 16:02:24.990
1193,232093,0.0,0.0,0.0,2026-05-06 16:02:24.990
1194,232310,0.0,0.0,0.0,2026-05-06 16:02:24.990
1195,232358,0.0,0.0,0.0,2026-05-06 16:02:24.990
1196,232576,0.0,0.0,0.0,2026-05-06 16:02:25.307
1197,232794,0.0,0.0,0.0,2026-05-06 16:02:25.307
1198,232841,0.0,0.0,0.0,2026-05-06 16:02:25.307
1199,233059,0.0,0.0,0.0,2026-05-06 16:02:25.307
1200,233277,0.0,0.0,0.0,2026-05-06 16:02:25.307
1201,233324,0.0,0.0,0.0,2026-05-06 16:02:25.307
1202,233541,0.0,0.0,0.0,2026-05-06 16:02:25.307
1203,233758,0.0,0.0,0.0,2026-05-06 16:02:25.307
1204,233806,0.0,0.0,0.0,2026-05-06 16:02:25.307
1205,234023,0.0,0.0,0.0,2026-05-06 16:02:25.307
1206,234240,0.0,0.0,0.0,2026-05-06 16:02:25.307
1207,234288,0.0,0.0,0.0,2026-05-06 16:02:25.307
1208,234505,0.0,0.0,0.0,2026-05-06 16:02:25.307
1209,234722,0.0,0.0,0.0,2026-05-06 16:02:25.307
1210,234770,0.0,0.0,0.0,2026-05-06 16:02:25.307
1211,234988,0.0,0.0,0.0,2026-05-06 16:02:25.307
1212,235206,0.0,0.0,0.0,2026-05-06 16:02:25.307
1213,235253,0.0,0.0,0.0,2026-05-06 16:02:25.307
1214,235470,0.0,0.0,0.0,2026-05-06 16:02:25.307
1215,235687,0.0,0.0,0.0,2026-05-06 16:02:25.307
1216,235735,0.0,0.0,0.0,2026-05-06 16:02:25.307
1217,235952,0.0,0.0,0.0,2026-05-06 16:02:25.493
1218,236169,0.0,0.0,0.0,2026-05-06 16:02:25.493
1219,236217,0.0,0.0,0.0,2026-05-06 16:02:25.493
1220,236434,0.0,0.0,0.0,2026-05-06 16:02:25.493
1221,236702,0.0,0.0,0.0,2026-05-06 16:02:25.493
1222,236920,0.0,0.0,0.0,2026-05-06 16:02:25.493
1223,237138,0.0,0.0,0.0,2026-05-06 16:02:25.493
1224,237185,0.0,0.0,0.0,2026-05-06 16:02:25.493
1225,237402,0.0,0.0,0.0,2026-05-06 16:02:25.493
1226,237619,0.0,0.0,0.0,2026-05-06 16:02:25.493
1227,237667,0.0,0.0,0.0,2026-05-06 16:02:25.493
1228,237884,0.0,0.0,0.0,2026-05-06 16:02:25.493
1229,238102,0.0,0.0,0.0,2026-05-06 16:02:25.713
1230,238150,0.0,0.0,0.0,2026-05-06 16:02:25.713
1231,238367,0.0,0.0,0.0,2026-05-06 16:02:25.713
1232,238584,0.0,0.0,0.0,2026-05-06 16:02:25.713
1233,238632,0.0,0.0,0.0,2026-05-06 16:02:25.713
1234,238850,0.0,0.0,0.0,2026-05-06 16:02:25.713
1235,239068,0.0,0.0,0.0,2026-05-06 16:02:25.713
1236,239115,0.0,0.0,0.0,2026-05-06 16:02:25.713
1237,239333,0.0,0.0,0.0,2026-05-06 16:02:25.713
1238,239550,0.0,0.0,0.0,2026-05-06 16:02:25.713
1239,239597,0.0,0.0,0.0,2026-05-06 16:02:25.713
1240,239816,0.0,0.0,0.0,2026-05-06 16:02:25.713
1241,240035,0.0,0.0,0.0,2026-05-06 16:02:25.713
1242,240082,0.0,0.0,0.0,2026-05-06 16:02:25.713
1243,240299,0.0,0.0,0.0,2026-05-06 16:02:25.713
1244,240516,0.0,0.0,0.0,2026-05-06 16:02:25.713
1245,240622,0.0,0.0,0.0,2026-05-06 16:02:25.900
1246,240839,0.0,0.0,0.0,2026-05-06 16:02:25.900
1247,241001,0.0,0.0,0.0,2026-05-06 16:02:25.900
1248,241046,0.0,0.0,0.0,2026-05-06 16:02:25.900
1249,241263,0.0,0.0,0.0,2026-05-06 16:02:25.900
1250,241481,0.0,0.0,0.0,2026-05-06 16:02:25.900
1251,241528,0.0,0.0,0.0,2026-05-06 16:02:25.900
1252,241746,0.0,0.0,0.0,2026-05-06 16:02:25.900
1253,241963,0.0,0.0,0.0,2026-05-06 16:02:25.900
1254,242011,0.0,0.0,0.0,2026-05-06 16:02:25.900
1255,242231,0.0,0.0,0.0,2026-05-06 16:02:25.900
1256,242449,0.0,0.0,0.0,2026-05-06 16:02:25.900
1257,242496,0.0,0.0,0.0,2026-05-06 16:02:25.900
1258,242716,0.0,0.0,0.0,2026-05-06 16:02:25.900
1259,242934,0.0,0.0,0.0,2026-05-06 16:02:26.587
1260,242981,0.0,0.0,0.0,2026-05-06 16:02:26.587
1261,243198,0.0,0.0,0.0,2026-05-06 16:02:26.587
1262,243415,0.0,0.0,0.0,2026-05-06 16:02:26.587
1263,243463,0.0,0.0,0.0,2026-05-06 16:02:26.587
1264,243680,0.0,0.0,0.0,2026-05-06 16:02:26.587
1265,243900,0.0,0.0,0.0,2026-05-06 16:02:26.587
1266,243948,0.0,0.0,0.0,2026-05-06 16:02:26.587
1267,244165,0.0,0.0,0.0,2026-05-06 16:02:26.587
1268,244382,0.0,0.0,0.0,2026-05-06 16:02:26.587
1269,244430,0.0,0.0,0.0,2026-05-06 16:02:26.587
1270,244648,0.0,0.0,0.0,2026-05-06 16:02:26.587
1271,244865,0.0,0.0,0.0,2026-05-06 16:02:26.587
1272,244912,0.0,0.0,0.0,2026-05-06 16:02:26.587
1273,245130,0.0,0.0,0.0,2026-05-06 16:02:26.587
1274,245349,0.0,0.0,0.0,2026-05-06 16:02:26.587
1275,245396,0.0,0.0,0.0,2026-05-06 16:02:26.587
1276,245613,0.0,0.0,0.0,2026-05-06 16:02:26.587
1277,245830,0.0,0.0,0.0,2026-05-06 16:02:26.587
1278,245878,0.0,0.0,0.0,2026-05-06 16:02:26.587
1279,246095,0.0,0.0,0.0,2026-05-06 16:02:26.587
1280,246312,0.0,0.0,0.0,2026-05-06 16:02:26.587
1281,246360,0.0,0.0,0.0,2026-05-06 16:02:26.587
1282,246577,0.0,0.0,0.0,2026-05-06 16:02:26.587
1283,246794,0.0,0.0,0.0,2026-05-06 16:02:26.587
1284,246842,0.0,0.0,0.0,2026-05-06 16:02:26.587
1285,247059,0.0,0.0,0.0,2026-05-06 16:02:26.587
1286,247277,0.0,0.0,0.0,2026-05-06 16:02:26.587
1287,247324,0.0,0.0,0.0,2026-05-06 16:02:26.587
1288,247541,0.0,0.0,0.0,2026-05-06 16:02:26.587
1289,247758,0.0,0.0,0.0,2026-05-06 16:02:26.587
1290,247806,0.0,0.0,0.0,2026-05-06 16:02:26.587
1291,248023,0.0,0.0,0.0,2026-05-06 16:02:26.587
1292,248240,0.0,0.0,0.0,2026-05-06 16:02:26.587
1293,248288,0.0,0.0,0.0,2026-05-06 16:02:26.587
1294,248505,0.0,0.0,0.0,2026-05-06 16:02:26.587
1295,248723,0.0,0.0,0.0,2026-05-06 16:02:26.587
1296,248771,0.0,0.0,0.0,2026-05-06 16:02:26.587
1297,248988,0.0,0.0,0.0,2026-05-06 16:02:26.587
1298,249205,0.0,0.0,0.0,2026-05-06 16:02:26.587
1299,249253,0.0,0.0,0.0,2026-05-06 16:02:26.587
1300,249470,0.0,0.0,0.0,2026-05-06 16:02:26.587
1301,249687,0.0,0.0,0.0,2026-05-06 16:02:26.587
1302,249735,0.0,0.0,0.0,2026-05-06 16:02:26.587
1303,249955,0.0,0.0,0.0,2026-05-06 16:02:26.587
1304,250173,0.0,0.0,0.0,2026-05-06 16:02:26.587
1305,250220,0.0,0.0,0.0,2026-05-06 16:02:26.587
1306,250437,0.0,0.0,0.0,2026-05-06 16:02:26.587
1307,250654,0.0,0.0,0.0,2026-05-06 16:02:26.587
1308,250702,0.0,0.0,0.0,2026-05-06 16:02:26.587
1309,250921,0.0,0.0,0.0,2026-05-06 16:02:27.119
1310,251140,0.0,0.0,0.0,2026-05-06 16:02:27.119
1311,251187,0.0,0.0,0.0,2026-05-06 16:02:27.119
1312,251406,0.0,0.0,0.0,2026-05-06 16:02:27.119
1313,251624,0.0,0.0,0.0,2026-05-06 16:02:27.119
1314,251671,0.0,0.0,0.0,2026-05-06 16:02:27.119
1315,251890,0.0,0.0,0.0,2026-05-06 16:02:27.119
1316,252110,0.0,0.0,0.0,2026-05-06 16:02:27.119
1317,252156,0.0,0.0,0.0,2026-05-06 16:02:27.119
1318,252374,0.0,0.0,0.0,2026-05-06 16:02:27.119
1319,252593,0.0,0.0,0.0,2026-05-06 16:02:27.119
1320,252640,0.0,0.0,0.0,2026-05-06 16:02:27.119
1321,252858,0.0,0.0,0.0,2026-05-06 16:02:27.119
1322,253075,0.0,0.0,0.0,2026-05-06 16:02:27.119
1323,253122,0.0,0.0,0.0,2026-05-06 16:02:27.119
1324,253341,0.0,0.0,0.0,2026-05-06 16:02:27.119
1325,253559,0.0,0.0,0.0,2026-05-06 16:02:27.119
1326,253606,0.0,0.0,0.0,2026-05-06 16:02:27.119
1327,253823,0.0,0.0,0.0,2026-05-06 16:02:27.119
1328,254041,0.0,0.0,0.0,2026-05-06 16:02:27.119
1329,254088,0.0,0.0,0.0,2026-05-06 16:02:27.119
1330,254307,0.0,0.0,0.0,2026-05-06 16:02:27.119
1331,254525,0.0,0.0,0.0,2026-05-06 16:02:27.119
1332,254572,0.0,0.0,0.0,2026-05-06 16:02:27.119
1333,254789,0.0,0.0,0.0,2026-05-06 16:02:27.119
1334,255006,0.0,0.0,0.0,2026-05-06 16:02:27.119
1335,255054,0.0,0.0,0.0,2026-05-06 16:02:27.119
1336,255271,0.0,0.0,0.0,2026-05-06 16:02:27.119
1337,255490,0.0,0.0,0.0,2026-05-06 16:02:27.119
1338,255537,0.0,0.0,0.0,2026-05-06 16:02:27.119
1339,255755,0.0,0.0,0.0,2026-05-06 16:02:27.119
1340,255972,0.0,0.0,0.0,2026-05-06 16:02:27.119
1341,256019,0.0,0.0,0.0,2026-05-06 16:02:27.119
1342,256236,0.0,0.0,0.0,2026-05-06 16:02:27.119
1343,256453,0.0,0.0,0.0,2026-05-06 16:02:27.119
1344,256501,0.0,0.0,0.0,2026-05-06 16:02:27.119
1345,256718,0.0,0.0,0.0,2026-05-06 16:02:27.264
1346,256983,0.0,0.0,0.0,2026-05-06 16:02:27.264
1347,257201,0.0,0.0,0.0,2026-05-06 16:02:27.264
1348,257420,0.0,0.0,0.0,2026-05-06 16:02:27.264
1349,257467,0.0,0.0,0.0,2026-05-06 16:02:27.264
1350,257687,0.0,0.0,0.0,2026-05-06 16:02:27.264
1351,257904,0.0,0.0,0.0,2026-05-06 16:02:27.264
1352,258009,0.0,0.0,0.0,2026-05-06 16:02:27.264
1353,258228,0.0,0.0,0.0,2026-05-06 16:02:27.264
1354,258392,0.0,0.0,0.0,2026-05-06 16:02:27.817
1355,258437,0.0,0.0,0.0,2026-05-06 16:02:27.817
1356,258655,0.0,0.0,0.0,2026-05-06 16:02:27.817
1357,258873,0.0,0.0,0.0,2026-05-06 16:02:27.817
1358,259034,0.0,0.0,0.0,2026-05-06 16:02:27.817
1359,259252,0.0,0.0,0.0,2026-05-06 16:02:27.817
1360,259376,0.0,0.0,0.0,2026-05-06 16:02:27.817
1361,259593,0.0,0.0,0.0,2026-05-06 16:02:27.817
1362,259810,0.0,0.0,0.0,2026-05-06 16:02:27.817
1363,259858,0.0,0.0,0.0,2026-05-06 16:02:27.817
1364,260075,0.0,0.0,0.0,2026-05-06 16:02:27.817
1365,260293,0.0,0.0,0.0,2026-05-06 16:02:27.817
1366,260340,0.0,0.0,0.0,2026-05-06 16:02:27.817
1367,260558,0.0,0.0,0.0,2026-05-06 16:02:27.817
1368,260776,0.0,0.0,0.0,2026-05-06 16:02:27.817
1369,260823,0.0,0.0,0.0,2026-05-06 16:02:27.817
1370,261041,0.0,0.0,0.0,2026-05-06 16:02:27.817
1371,261259,0.0,0.0,0.0,2026-05-06 16:02:27.817
1372,261306,0.0,0.0,0.0,2026-05-06 16:02:27.817
1373,261524,0.0,0.0,0.0,2026-05-06 16:02:27.817
1374,261742,0.0,0.0,0.0,2026-05-06 16:02:27.817
1375,261789,0.0,0.0,0.0,2026-05-06 16:02:27.817
1376,262006,0.0,0.0,0.0,2026-05-06 16:02:27.817
1377,262223,0.0,0.0,0.0,2026-05-06 16:02:27.817
1378,262271,0.0,0.0,0.0,2026-05-06 16:02:27.817
1379,262490,0.0,0.0,0.0,2026-05-06 16:02:27.817
1380,262708,0.0,0.0,0.0,2026-05-06 16:02:27.817
1381,262755,0.0,0.0,0.0,2026-05-06 16:02:27.817
1382,262972,0.0,0.0,0.0,2026-05-06 16:02:27.817
1383,263189,0.0,0.0,0.0,2026-05-06 16:02:27.817
1384,263237,0.0,0.0,0.0,2026-05-06 16:02:27.817
1385,263455,0.0,0.0,0.0,2026-05-06 16:02:27.817
1386,263673,0.0,0.0,0.0,2026-05-06 16:02:27.817
1387,263720,0.0,0.0,0.0,2026-05-06 16:02:27.817
1388,263937,0.0,0.0,0.0,2026-05-06 16:02:27.817
1389,264156,0.0,0.0,0.0,2026-05-06 16:02:27.817
1390,264203,0.0,0.0,0.0,2026-05-06 16:02:27.817
1391,264422,0.0,0.0,0.0,2026-05-06 16:02:27.817
1392,264641,0.0,0.0,0.0,2026-05-06 16:02:27.817
1393,264687,0.0,0.0,0.0,2026-05-06 16:02:28.512
1394,264905,0.0,0.0,0.0,2026-05-06 16:02:28.512
1395,265122,0.0,0.0,0.0,2026-05-06 16:02:28.512
1396,265170,0.0,0.0,0.0,2026-05-06 16:02:28.512
1397,265392,0.0,0.0,0.0,2026-05-06 16:02:28.512
1398,265610,0.0,0.0,0.0,2026-05-06 16:02:28.512
1399,265657,0.0,0.0,0.0,2026-05-06 16:02:28.512
1400,265874,0.0,0.0,0.0,2026-05-06 16:02:28.512
1401,266093,0.0,0.0,0.0,2026-05-06 16:02:28.512
1402,266140,0.0,0.0,0.0,2026-05-06 16:02:28.512
1403,266359,0.0,0.0,0.0,2026-05-06 16:02:28.512
1404,266576,0.0,0.0,0.0,2026-05-06 16:02:28.512
1405,266623,0.0,0.0,0.0,2026-05-06 16:02:28.512
1406,266841,0.0,0.0,0.0,2026-05-06 16:02:28.512
1407,267060,0.0,0.0,0.0,2026-05-06 16:02:28.512
1408,267107,0.0,0.0,0.0,2026-05-06 16:02:28.512
1409,267325,0.0,0.0,0.0,2026-05-06 16:02:28.512
1410,267542,0.0,0.0,0.0,2026-05-06 16:02:28.512
1411,267589,0.0,0.0,0.0,2026-05-06 16:02:28.512
1412,267806,0.0,0.0,0.0,2026-05-06 16:02:28.512
1413,268025,0.0,0.0,0.0,2026-05-06 16:02:28.512
1414,268072,0.0,0.0,0.0,2026-05-06 16:02:28.512
1415,268290,0.0,0.0,0.0,2026-05-06 16:02:28.512
1416,268507,0.0,0.0,0.0,2026-05-06 16:02:28.512
1417,268555,0.0,0.0,0.0,2026-05-06 16:02:28.512
1418,268774,0.0,0.0,0.0,2026-05-06 16:02:28.512
1419,268992,0.0,0.0,0.0,2026-05-06 16:02:28.512
1420,269039,0.0,0.0,0.0,2026-05-06 16:02:28.512
1421,269256,0.0,0.0,0.0,2026-05-06 16:02:28.512
1422,269473,0.0,0.0,0.0,2026-05-06 16:02:28.512
1423,269521,0.0,0.0,0.0,2026-05-06 16:02:28.512
1424,269738,0.0,0.0,0.0,2026-05-06 16:02:28.512
1425,269955,0.0,0.0,0.0,2026-05-06 16:02:28.512
1426,270003,0.0,0.0,0.0,2026-05-06 16:02:28.512
1427,270221,0.0,0.0,0.0,2026-05-06 16:02:28.512
1428,270441,0.0,0.0,0.0,2026-05-06 16:02:28.512
1429,270486,0.0,0.0,0.0,2026-05-06 16:02:28.512
1430,270703,0.0,0.0,0.0,2026-05-06 16:02:28.512
1431,270920,0.0,0.0,0.0,2026-05-06 16:02:28.512
1432,270969,0.0,0.0,0.0,2026-05-06 16:02:28.512
1433,271188,0.0,0.0,0.0,2026-05-06 16:02:28.512
1434,271406,0.0,0.0,0.0,2026-05-06 16:02:28.512
1435,271453,0.0,0.0,0.0,2026-05-06 16:02:28.512
1436,271671,0.0,0.0,0.0,2026-05-06 16:02:28.512
1437,271889,0.0,0.0,0.0,2026-05-06 16:02:28.512
1438,271936,0.0,0.0,0.0,2026-05-06 16:02:28.512
1439,272153,0.0,0.0,0.0,2026-05-06 16:02:28.512
1440,272370,0.0,0.0,0.0,2026-05-06 16:02:28.512
1441,272418,0.0,0.0,0.0,2026-05-06 16:02:28.512
1442,272635,0.0,0.0,0.0,2026-05-06 16:02:28.512
1443,272853,0.0,0.0,0.0,2026-05-06 16:02:29.223
1444,272900,0.0,0.0,0.0,2026-05-06 16:02:29.223
1445,273122,0.0,0.0,0.0,2026-05-06 16:02:29.223
1446,273341,0.0,0.0,0.0,2026-05-06 16:02:29.223
1447,273388,0.0,0.0,0.0,2026-05-06 16:02:29.223
1448,273605,0.0,0.0,0.0,2026-05-06 16:02:29.223
1449,273822,0.0,0.0,0.0,2026-05-06 16:02:29.223
1450,273870,0.0,0.0,0.0,2026-05-06 16:02:29.223
1451,274088,0.0,0.0,0.0,2026-05-06 16:02:29.223
1452,274305,0.0,0.0,0.0,2026-05-06 16:02:29.223
1453,274352,0.0,0.0,0.0,2026-05-06 16:02:29.223
1454,274569,0.0,0.0,0.0,2026-05-06 16:02:29.223
1455,274789,0.0,0.0,0.0,2026-05-06 16:02:29.223
1456,274837,0.0,0.0,0.0,2026-05-06 16:02:29.223
1457,275054,0.0,0.0,0.0,2026-05-06 16:02:29.223
1458,275272,0.0,0.0,0.0,2026-05-06 16:02:29.223
1459,275320,0.0,0.0,0.0,2026-05-06 16:02:29.223
1460,275538,0.0,0.0,0.0,2026-05-06 16:02:29.223
1461,275756,0.0,0.0,0.0,2026-05-06 16:02:29.223
1462,275803,0.0,0.0,0.0,2026-05-06 16:02:29.223
1463,276021,0.0,0.0,0.0,2026-05-06 16:02:29.223
1464,276238,0.0,0.0,0.0,2026-05-06 16:02:29.223
1465,276285,0.0,0.0,0.0,2026-05-06 16:02:29.223
1466,276503,0.0,0.0,0.0,2026-05-06 16:02:29.223
1467,276720,0.0,0.0,0.0,2026-05-06 16:02:29.223
1468,276768,0.0,0.0,0.0,2026-05-06 16:02:29.223
1469,276986,0.0,0.0,0.0,2026-05-06 16:02:29.223
1470,277205,0.0,0.0,0.0,2026-05-06 16:02:29.223
1471,277252,0.0,0.0,0.0,2026-05-06 16:02:29.223
1472,277470,0.0,0.0,0.0,2026-05-06 16:02:29.223
1473,277687,0.0,0.0,0.0,2026-05-06 16:02:29.223
1474,277734,0.0,0.0,0.0,2026-05-06 16:02:29.223
1475,277952,0.0,0.0,0.0,2026-05-06 16:02:29.223
1476,278170,0.0,0.0,0.0,2026-05-06 16:02:29.223
1477,278217,0.0,0.0,0.0,2026-05-06 16:02:29.223
1478,278435,0.0,0.0,0.0,2026-05-06 16:02:29.223
1479,278700,0.0,0.0,0.0,2026-05-06 16:02:29.223
1480,278918,0.0,0.0,0.0,2026-05-06 16:02:29.223
1481,279135,0.0,0.0,0.0,2026-05-06 16:02:29.223
1482,279182,0.0,0.0,0.0,2026-05-06 16:02:29.223
1483,279400,0.0,0.0,0.0,2026-05-06 16:02:29.223
1484,279618,0.0,0.0,0.0,2026-05-06 16:02:29.223
1485,279665,0.0,0.0,0.0,2026-05-06 16:02:29.223
1486,279882,0.0,0.0,0.0,2026-05-06 16:02:29.223
1487,280099,0.0,0.0,0.0,2026-05-06 16:02:29.223
1488,280147,0.0,0.0,0.0,2026-05-06 16:02:29.223
1489,280366,0.0,0.0,0.0,2026-05-06 16:02:29.223
1490,280585,0.0,0.0,0.0,2026-05-06 16:02:29.223
1491,280632,0.0,0.0,0.0,2026-05-06 16:02:29.223
1492,280849,0.0,0.0,0.0,2026-05-06 16:02:29.934
1493,281066,0.0,0.0,0.0,2026-05-06 16:02:29.934
1494,281114,0.0,0.0,0.0,2026-05-06 16:02:29.934
1495,281335,0.0,0.0,0.0,2026-05-06 16:02:29.934
1496,281553,0.0,0.0,0.0,2026-05-06 16:02:29.934
1497,281600,0.0,0.0,0.0,2026-05-06 16:02:29.934
1498,281818,0.0,0.0,0.0,2026-05-06 16:02:29.934
1499,282036,0.0,0.0,0.0,2026-05-06 16:02:29.934
1500,282083,0.0,0.0,0.0,2026-05-06 16:02:29.934
1501,282300,0.0,0.0,0.0,2026-05-06 16:02:29.934
1502,282568,0.0,0.0,0.0,2026-05-06 16:02:29.934
1503,282787,0.0,0.0,0.0,2026-05-06 16:02:29.934
1504,283004,0.0,0.0,0.0,2026-05-06 16:02:29.934
1505,283051,0.0,0.0,0.0,2026-05-06 16:02:29.934
1506,283270,0.0,0.0,0.0,2026-05-06 16:02:29.934
1507,283489,0.0,0.0,0.0,2026-05-06 16:02:29.934
1508,283535,0.0,0.0,0.0,2026-05-06 16:02:29.934
1509,283753,0.0,0.0,0.0,2026-05-06 16:02:29.934
1510,283972,0.0,0.0,0.0,2026-05-06 16:02:29.934
1511,284019,0.0,0.0,0.0,2026-05-06 16:02:29.934
1512,284236,0.0,0.0,0.0,2026-05-06 16:02:29.934
1513,284453,0.0,0.0,0.0,2026-05-06 16:02:29.934
1514,284501,0.0,0.0,0.0,2026-05-06 16:02:29.934
1515,284718,0.0,0.0,0.0,2026-05-06 16:02:29.934
1516,284935,0.0,0.0,0.0,2026-05-06 16:02:29.934
1517,284983,0.0,0.0,0.0,2026-05-06 16:02:29.934
1518,285421,0.0,0.0,0.0,2026-05-06 16:02:29.934
1519,285468,0.0,0.0,0.0,2026-05-06 16:02:29.934
1520,285687,0.0,0.0,0.0,2026-05-06 16:02:29.934
1521,285905,0.0,0.0,0.0,2026-05-06 16:02:29.934
1522,285952,0.0,0.0,0.0,2026-05-06 16:02:29.934
1523,286169,0.0,0.0,0.0,2026-05-06 16:02:29.934
1524,286386,0.0,0.0,0.0,2026-05-06 16:02:29.934
1525,286434,0.0,0.0,0.0,2026-05-06 16:02:29.934
1526,286652,0.0,0.0,0.0,2026-05-06 16:02:29.934
1527,286870,0.0,0.0,0.0,2026-05-06 16:02:29.934
1528,286917,0.0,0.0,0.0,2026-05-06 16:02:29.934
1529,287135,0.0,0.0,0.0,2026-05-06 16:02:29.934
1530,287354,0.0,0.0,0.0,2026-05-06 16:02:29.934
1531,287401,0.0,0.0,0.0,2026-05-06 16:02:29.934
1532,287618,0.0,0.0,0.0,2026-05-06 16:02:29.934
1533,287835,0.0,0.0,0.0,2026-05-06 16:02:29.934
1534,287883,0.0,0.0,0.0,2026-05-06 16:02:29.934
1535,288102,0.0,0.0,0.0,2026-05-06 16:02:29.934
1536,288319,0.0,0.0,0.0,2026-05-06 16:02:29.934
1537,288366,0.0,0.0,0.0,2026-05-06 16:02:29.934
1538,288585,0.0,0.0,0.0,2026-05-06 16:02:29.934
1539,288802,0.0,0.0,0.0,2026-05-06 16:02:29.934
1540,288849,0.0,0.0,0.0,2026-05-06 16:02:29.934
1541,289066,0.0,0.0,0.0,2026-05-06 16:02:30.123
1542,289283,0.0,0.0,0.0,2026-05-06 16:02:30.123
1543,289331,0.0,0.0,0.0,2026-05-06 16:02:30.123
1544,289549,0.0,0.0,0.0,2026-05-06 16:02:30.123
1545,289768,0.0,0.0,0.0,2026-05-06 16:02:30.123
1546,289815,0.0,0.0,0.0,2026-05-06 16:02:30.123
1547,290033,0.0,0.0,0.0,2026-05-06 16:02:30.123
1548,290251,0.0,0.0,0.0,2026-05-06 16:02:30.123
1549,290298,0.0,0.0,0.0,2026-05-06 16:02:30.123
1550,290517,0.0,0.0,0.0,2026-05-06 16:02:30.123
1551,290734,0.0,0.0,0.0,2026-05-06 16:02:30.123
1552,290781,0.0,0.0,0.0,2026-05-06 16:02:30.123
1553,291003,0.0,0.0,0.0,2026-05-06 16:02:30.723
1554,291222,0.0,0.0,0.0,2026-05-06 16:02:30.723
1555,291268,0.0,0.0,0.0,2026-05-06 16:02:30.723
1556,291486,0.0,0.0,0.0,2026-05-06 16:02:30.723
1557,291704,0.0,0.0,0.0,2026-05-06 16:02:30.723
1558,291751,0.0,0.0,0.0,2026-05-06 16:02:30.723
1559,291969,0.0,0.0,0.0,2026-05-06 16:02:30.723
1560,292187,0.0,0.0,0.0,2026-05-06 16:02:30.723
1561,292234,0.0,0.0,0.0,2026-05-06 16:02:30.723
1562,292452,0.0,0.0,0.0,2026-05-06 16:02:30.723
1563,292671,0.0,0.0,0.0,2026-05-06 16:02:30.723
1564,292718,0.0,0.0,0.0,2026-05-06 16:02:30.723
1565,292935,0.0,0.0,0.0,2026-05-06 16:02:30.723
1566,293152,0.0,0.0,0.0,2026-05-06 16:02:30.723
1567,293200,0.0,0.0,0.0,2026-05-06 16:02:30.723
1568,293419,0.0,0.0,0.0,2026-05-06 16:02:30.723
1569,293637,0.0,0.0,0.0,2026-05-06 16:02:30.723
1570,293684,0.0,0.0,0.0,2026-05-06 16:02:30.723
1571,293903,0.0,0.0,0.0,2026-05-06 16:02:30.723
1572,294122,0.0,0.0,0.0,2026-05-06 16:02:30.723
1573,294168,0.0,0.0,0.0,2026-05-06 16:02:30.723
1574,294386,0.0,0.0,0.0,2026-05-06 16:02:30.723
1575,294604,0.0,0.0,0.0,2026-05-06 16:02:30.723
1576,294651,0.0,0.0,0.0,2026-05-06 16:02:30.723
1577,294870,0.0,0.0,0.0,2026-05-06 16:02:30.723
1578,295089,0.0,0.0,0.0,2026-05-06 16:02:30.723
1579,295136,0.0,0.0,0.0,2026-05-06 16:02:30.723
1580,295354,0.0,0.0,0.0,2026-05-06 16:02:30.723
1581,295572,0.0,0.0,0.0,2026-05-06 16:02:30.723
1582,295619,0.0,0.0,0.0,2026-05-06 16:02:30.723
1583,295836,0.0,0.0,0.0,2026-05-06 16:02:30.723
1584,296054,0.0,0.0,0.0,2026-05-06 16:02:30.723
1585,296101,0.0,0.0,0.0,2026-05-06 16:02:30.723
1586,296318,0.0,0.0,0.0,2026-05-06 16:02:30.723
1587,296535,0.0,0.0,0.0,2026-05-06 16:02:30.723
1588,296583,0.0,0.0,0.0,2026-05-06 16:02:30.723
1589,296801,0.0,0.0,0.0,2026-05-06 16:02:30.723
1590,297019,0.0,0.0,0.0,2026-05-06 16:02:30.723
1591,297066,0.0,0.0,0.0,2026-05-06 16:02:30.723
1592,297284,0.0,0.0,0.0,2026-05-06 16:02:30.723
1593,297501,0.0,0.0,0.0,2026-05-06 16:02:30.723
1594,297549,0.0,0.0,0.0,2026-05-06 16:02:30.723
1595,297766,0.0,0.0,0.0,2026-05-06 16:02:30.849
1596,297983,0.0,0.0,0.0,2026-05-06 16:02:30.849
1597,298031,0.0,0.0,0.0,2026-05-06 16:02:30.849
1598,298248,0.0,0.0,0.0,2026-05-06 16:02:30.849
1599,298465,0.0,0.0,0.0,2026-05-06 16:02:30.849
1600,298513,0.0,0.0,0.0,2026-05-06 16:02:30.849
1601,298734,0.0,0.0,0.0,2026-05-06 16:02:30.849
1602,298953,0.0,0.0,0.0,2026-05-06 16:02:30.849
1603,299000,0.0,0.0,0.0,2026-05-06 16:02:31.083
1604,299219,0.0,0.0,0.0,2026-05-06 16:02:31.083
1605,299437,0.0,0.0,0.0,2026-05-06 16:02:31.083
1606,299484,0.0,0.0,0.0,2026-05-06 16:02:31.083
1607,299704,0.0,0.0,0.0,2026-05-06 16:02:31.083
1608,299922,0.0,0.0,0.0,2026-05-06 16:02:31.083
1609,299968,0.0,0.0,0.0,2026-05-06 16:02:31.083
1610,300185,0.0,0.0,0.0,2026-05-06 16:02:31.083
1611,300450,0.0,0.0,0.0,2026-05-06 16:02:31.083
1612,300667,0.0,0.0,0.0,2026-05-06 16:02:31.083
1613,300884,0.0,0.0,0.0,2026-05-06 16:02:31.083
1614,300932,0.0,0.0,0.0,2026-05-06 16:02:31.083
1615,301150,0.0,0.0,0.0,2026-05-06 16:02:31.083
1616,301367,0.0,0.0,0.0,2026-05-06 16:02:31.083
1617,301414,0.0,0.0,0.0,2026-05-06 16:02:31.083
1618,301633,0.0,0.0,0.0,2026-05-06 16:02:31.083
1619,301850,0.0,0.0,0.0,2026-05-06 16:02:31.616
1620,301897,0.0,0.0,0.0,2026-05-06 16:02:31.616
1621,302116,0.0,0.0,0.0,2026-05-06 16:02:31.616
1622,302334,0.0,0.0,0.0,2026-05-06 16:02:31.616
1623,302381,0.0,0.0,0.0,2026-05-06 16:02:31.616
1624,302598,0.0,0.0,0.0,2026-05-06 16:02:31.616
1625,302815,0.0,0.0,0.0,2026-05-06 16:02:31.616
1626,302863,0.0,0.0,0.0,2026-05-06 16:02:31.616
1627,303083,0.0,0.0,0.0,2026-05-06 16:02:31.616
1628,303302,0.0,0.0,0.0,2026-05-06 16:02:31.616
1629,303348,0.0,0.0,0.0,2026-05-06 16:02:31.616
1630,303565,0.0,0.0,0.0,2026-05-06 16:02:31.616
1631,303782,0.0,0.0,0.0,2026-05-06 16:02:31.616
1632,303830,0.0,0.0,0.0,2026-05-06 16:02:31.616
1633,304049,0.0,0.0,0.0,2026-05-06 16:02:31.616
1634,304267,0.0,0.0,0.0,2026-05-06 16:02:31.616
1635,304314,0.0,0.0,0.0,2026-05-06 16:02:31.616
1636,304531,0.0,0.0,0.0,2026-05-06 16:02:31.616
1637,304748,0.0,0.0,0.0,2026-05-06 16:02:31.616
1638,304796,0.0,0.0,0.0,2026-05-06 16:02:31.616
1639,305016,0.0,0.0,0.0,2026-05-06 16:02:31.616
1640,305234,0.0,0.0,0.0,2026-05-06 16:02:31.616
1641,305280,0.0,0.0,0.0,2026-05-06 16:02:31.616
1642,305498,0.0,0.0,0.0,2026-05-06 16:02:31.616
1643,305715,0.0,0.0,0.0,2026-05-06 16:02:31.616
1644,305763,0.0,0.0,0.0,2026-05-06 16:02:31.616
1645,305980,0.0,0.0,0.0,2026-05-06 16:02:31.616
1646,306197,0.0,0.0,0.0,2026-05-06 16:02:31.616
1647,306245,0.0,0.0,0.0,2026-05-06 16:02:31.616
1648,306466,0.0,0.0,0.0,2026-05-06 16:02:31.616
1649,306684,0.0,0.0,0.0,2026-05-06 16:02:31.616
1650,306731,0.0,0.0,0.0,2026-05-06 16:02:31.616
1651,306949,0.0,0.0,0.0,2026-05-06 16:02:31.616
1652,307167,0.0,0.0,0.0,2026-05-06 16:02:31.616
1653,307214,0.0,0.0,0.0,2026-05-06 16:02:31.616
1654,307454,0.0,0.0,0.0,2026-05-06 16:02:31.616
1655,307683,0.0,0.0,0.0,2026-05-06 16:02:31.616
1656,307901,0.0,0.0,0.0,2026-05-06 16:02:32.295
1657,308120,0.0,0.0,0.0,2026-05-06 16:02:32.295
1658,308167,0.0,0.0,0.0,2026-05-06 16:02:32.295
1659,308384,0.0,0.0,0.0,2026-05-06 16:02:32.295
1660,308601,0.0,0.0,0.0,2026-05-06 16:02:32.295
1661,308649,0.0,0.0,0.0,2026-05-06 16:02:32.295
1662,308867,0.0,0.0,0.0,2026-05-06 16:02:32.295
1663,309086,0.0,0.0,0.0,2026-05-06 16:02:32.295
1664,309133,0.0,0.0,0.0,2026-05-06 16:02:32.295
1665,309351,0.0,0.0,0.0,2026-05-06 16:02:32.295
1666,309570,0.0,0.0,0.0,2026-05-06 16:02:32.295
1667,309617,0.0,0.0,0.0,2026-05-06 16:02:32.295
1668,309836,0.0,0.0,0.0,2026-05-06 16:02:32.295
1669,310056,0.0,0.0,0.0,2026-05-06 16:02:32.295
1670,310102,0.0,0.0,0.0,2026-05-06 16:02:32.295
1671,310319,0.0,0.0,0.0,2026-05-06 16:02:32.295
1672,310536,0.0,0.0,0.0,2026-05-06 16:02:32.295
1673,310584,0.0,0.0,0.0,2026-05-06 16:02:32.295
1674,310801,0.0,0.0,0.0,2026-05-06 16:02:32.295
1675,311018,0.0,0.0,0.0,2026-05-06 16:02:32.295
1676,311066,0.0,0.0,0.0,2026-05-06 16:02:32.295
1677,311283,0.0,0.0,0.0,2026-05-06 16:02:32.295
1678,311500,0.0,0.0,0.0,2026-05-06 16:02:32.295
1679,311548,0.0,0.0,0.0,2026-05-06 16:02:32.295
1680,311766,0.0,0.0,0.0,2026-05-06 16:02:32.295
1681,311985,0.0,0.0,0.0,2026-05-06 16:02:32.295
1682,312032,0.0,0.0,0.0,2026-05-06 16:02:32.295
1683,312249,0.0,0.0,0.0,2026-05-06 16:02:32.295
1684,312468,0.0,0.0,0.0,2026-05-06 16:02:32.295
1685,312515,0.0,0.0,0.0,2026-05-06 16:02:32.295
1686,312733,0.0,0.0,0.0,2026-05-06 16:02:32.295
1687,312950,0.0,0.0,0.0,2026-05-06 16:02:32.295
1688,312997,0.0,0.0,0.0,2026-05-06 16:02:32.295
1689,313215,0.0,0.0,0.0,2026-05-06 16:02:32.295
1690,313432,0.0,0.0,0.0,2026-05-06 16:02:32.295
1691,313480,0.0,0.0,0.0,2026-05-06 16:02:32.295
1692,313698,0.0,0.0,0.0,2026-05-06 16:02:32.295
1693,313917,0.0,0.0,0.0,2026-05-06 16:02:32.295
1694,313964,0.0,0.0,0.0,2026-05-06 16:02:32.295
1695,314185,0.0,0.0,0.0,2026-05-06 16:02:32.295
1696,314403,0.0,0.0,0.0,2026-05-06 16:02:32.295
1697,314450,0.0,0.0,0.0,2026-05-06 16:02:32.295
1698,314667,0.0,0.0,0.0,2026-05-06 16:02:32.295
1699,314884,0.0,0.0,0.0,2026-05-06 16:02:32.295
1700,314932,0.0,0.0,0.0,2026-05-06 16:02:32.295
1701,315150,0.0,0.0,0.0,2026-05-06 16:02:32.295
1702,315367,0.0,0.0,0.0,2026-05-06 16:02:32.295
1703,315414,0.0,0.0,0.0,2026-05-06 16:02:32.295
1704,315631,0.0,0.0,0.0,2026-05-06 16:02:32.295
1705,315848,0.0,0.0,0.0,2026-05-06 16:02:32.295
1706,315896,0.0,0.0,0.0,2026-05-06 16:02:33.004
1707,316114,0.0,0.0,0.0,2026-05-06 16:02:33.004
1708,316332,0.0,0.0,0.0,2026-05-06 16:02:33.004
1709,316379,0.0,0.0,0.0,2026-05-06 16:02:33.004
1710,316598,0.0,0.0,0.0,2026-05-06 16:02:33.004
1711,316816,0.0,0.0,0.0,2026-05-06 16:02:33.004
1712,316863,0.0,0.0,0.0,2026-05-06 16:02:33.004
1713,317080,0.0,0.0,0.0,2026-05-06 16:02:33.004
1714,317299,0.0,0.0,0.0,2026-05-06 16:02:33.004
1715,317346,0.0,0.0,0.0,2026-05-06 16:02:33.004
1716,317564,0.0,0.0,0.0,2026-05-06 16:02:33.004
1717,317782,0.0,0.0,0.0,2026-05-06 16:02:33.004
1718,317829,0.0,0.0,0.0,2026-05-06 16:02:33.004
1719,318046,0.0,0.0,0.0,2026-05-06 16:02:33.004
1720,318263,0.0,0.0,0.0,2026-05-06 16:02:33.004
1721,318311,0.0,0.0,0.0,2026-05-06 16:02:33.004
1722,318530,0.0,0.0,0.0,2026-05-06 16:02:33.004
1723,318749,0.0,0.0,0.0,2026-05-06 16:02:33.004
1724,319015,0.0,0.0,0.0,2026-05-06 16:02:33.004
1725,319232,0.0,0.0,0.0,2026-05-06 16:02:33.004
1726,319280,0.0,0.0,0.0,2026-05-06 16:02:33.004
1727,319501,0.0,0.0,0.0,2026-05-06 16:02:33.004
1728,319722,0.0,0.0,0.0,2026-05-06 16:02:33.004
1729,319767,0.0,0.0,0.0,2026-05-06 16:02:33.004
1730,319987,0.0,0.0,0.0,2026-05-06 16:02:33.004
1731,320206,0.0,0.0,0.0,2026-05-06 16:02:33.004
1732,320252,0.0,0.0,0.0,2026-05-06 16:02:33.004
1733,320469,0.0,0.0,0.0,2026-05-06 16:02:33.004
1734,320687,0.0,0.0,0.0,2026-05-06 16:02:33.004
1735,320734,0.0,0.0,0.0,2026-05-06 16:02:33.004
1736,320953,0.0,0.0,0.0,2026-05-06 16:02:33.004
1737,321172,0.0,0.0,0.0,2026-05-06 16:02:33.004
1738,321219,0.0,0.0,0.0,2026-05-06 16:02:33.004
1739,321438,0.0,0.0,0.0,2026-05-06 16:02:33.004
1740,321657,0.0,0.0,0.0,2026-05-06 16:02:33.004
1741,321703,0.0,0.0,0.0,2026-05-06 16:02:33.004
1742,321923,0.0,0.0,0.0,2026-05-06 16:02:33.004
1743,322189,0.0,0.0,0.0,2026-05-06 16:02:33.004
1744,322408,0.0,0.0,0.0,2026-05-06 16:02:33.004
1745,322625,0.0,0.0,0.0,2026-05-06 16:02:33.004
1746,322787,0.0,0.0,0.0,2026-05-06 16:02:33.004
1747,323005,0.0,0.0,0.0,2026-05-06 16:02:33.004
1748,323130,0.0,0.0,0.0,2026-05-06 16:02:33.004
1749,323347,0.0,0.0,0.0,2026-05-06 16:02:33.004
1750,323565,0.0,0.0,0.0,2026-05-06 16:02:33.004
1751,323612,0.0,0.0,0.0,2026-05-06 16:02:33.004
1752,323830,0.0,0.0,0.0,2026-05-06 16:02:33.004
1753,324048,0.0,0.0,0.0,2026-05-06 16:02:33.722
1754,324095,0.0,0.0,0.0,2026-05-06 16:02:33.722
1755,324314,0.0,0.0,0.0,2026-05-06 16:02:33.722
1756,324534,0.0,0.0,0.0,2026-05-06 16:02:33.722
1757,324580,0.0,0.0,0.0,2026-05-06 16:02:33.722
1758,324798,0.0,0.0,0.0,2026-05-06 16:02:33.722
1759,325015,0.0,0.0,0.0,2026-05-06 16:02:33.722
1760,325063,0.0,0.0,0.0,2026-05-06 16:02:33.722
1761,325280,0.0,0.0,0.0,2026-05-06 16:02:33.722
1762,325499,0.0,0.0,0.0,2026-05-06 16:02:33.722
1763,325546,0.0,0.0,0.0,2026-05-06 16:02:33.722
1764,325763,0.0,0.0,0.0,2026-05-06 16:02:33.722
1765,325981,0.0,0.0,0.0,2026-05-06 16:02:33.722
1766,326028,0.0,0.0,0.0,2026-05-06 16:02:33.722
1767,326245,0.0,0.0,0.0,2026-05-06 16:02:33.722
1768,326462,0.0,0.0,0.0,2026-05-06 16:02:33.722
1769,326732,0.0,0.0,0.0,2026-05-06 16:02:33.722
1770,326950,0.0,0.0,0.0,2026-05-06 16:02:33.722
1771,326997,0.0,0.0,0.0,2026-05-06 16:02:33.722
1772,327216,0.0,0.0,0.0,2026-05-06 16:02:33.722
1773,327433,0.0,0.0,0.0,2026-05-06 16:02:33.722
1774,327480,0.0,0.0,0.0,2026-05-06 16:02:33.722
1775,327697,0.0,0.0,0.0,2026-05-06 16:02:33.722
1776,327914,0.0,0.0,0.0,2026-05-06 16:02:33.722
1777,327962,0.0,0.0,0.0,2026-05-06 16:02:33.722
1778,328179,0.0,0.0,0.0,2026-05-06 16:02:33.722
1779,328396,0.0,0.0,0.0,2026-05-06 16:02:33.722
1780,328444,0.0,0.0,0.0,2026-05-06 16:02:33.722
1781,328662,0.0,0.0,0.0,2026-05-06 16:02:33.722
1782,328880,0.0,0.0,0.0,2026-05-06 16:02:33.722
1783,328927,0.0,0.0,0.0,2026-05-06 16:02:33.722
1784,329144,0.0,0.0,0.0,2026-05-06 16:02:33.722
1785,329361,0.0,0.0,0.0,2026-05-06 16:02:33.722
1786,329409,0.0,0.0,0.0,2026-05-06 16:02:33.722
1787,329627,0.0,0.0,0.0,2026-05-06 16:02:33.722
1788,329845,0.0,0.0,0.0,2026-05-06 16:02:33.722
1789,329892,0.0,0.0,0.0,2026-05-06 16:02:33.722
1790,330110,0.0,0.0,0.0,2026-05-06 16:02:33.722
1791,330329,0.0,0.0,0.0,2026-05-06 16:02:33.722
1792,330376,0.0,0.0,0.0,2026-05-06 16:02:33.722
1793,330594,0.0,0.0,0.0,2026-05-06 16:02:33.722
1794,330812,0.0,0.0,0.0,2026-05-06 16:02:33.722
1795,330859,0.0,0.0,0.0,2026-05-06 16:02:33.722
1796,331079,0.0,0.0,0.0,2026-05-06 16:02:33.722
1797,331299,0.0,0.0,0.0,2026-05-06 16:02:33.722
1798,331401,0.0,0.0,0.0,2026-05-06 16:02:33.722
1799,331619,0.0,0.0,0.0,2026-05-06 16:02:33.722
1800,331782,0.0,0.0,0.0,2026-05-06 16:02:33.722
1801,331828,0.0,0.0,0.0,2026-05-06 16:02:33.722
1802,332047,0.0,0.0,0.0,2026-05-06 16:02:33.722
1803,332264,0.0,0.0,0.0,2026-05-06 16:02:34.182
1804,332311,0.0,0.0,0.0,2026-05-06 16:02:34.182
1805,332529,0.0,0.0,0.0,2026-05-06 16:02:34.182
1806,332748,0.0,0.0,0.0,2026-05-06 16:02:34.182
1807,332795,0.0,0.0,0.0,2026-05-06 16:02:34.182
1808,333013,0.0,0.0,0.0,2026-05-06 16:02:34.182
1809,333231,0.0,0.0,0.0,2026-05-06 16:02:34.182
1810,333278,0.0,0.0,0.0,2026-05-06 16:02:34.182
1811,333495,0.0,0.0,0.0,2026-05-06 16:02:34.182
1812,333712,0.0,0.0,0.0,2026-05-06 16:02:34.182
1813,333760,0.0,0.0,0.0,2026-05-06 16:02:34.182
1814,333978,0.0,0.0,0.0,2026-05-06 16:02:34.182
1815,334198,0.0,0.0,0.0,2026-05-06 16:02:34.182
1816,334464,0.0,0.0,0.0,2026-05-06 16:02:34.182
1817,334682,0.0,0.0,0.0,2026-05-06 16:02:34.182
1818,334730,0.0,0.0,0.0,2026-05-06 16:02:34.182
1819,334948,0.0,0.0,0.0,2026-05-06 16:02:34.182
1820,335166,0.0,0.0,0.0,2026-05-06 16:02:34.182
1821,335213,0.0,0.0,0.0,2026-05-06 16:02:34.182
1822,335430,0.0,0.0,0.0,2026-05-06 16:02:34.182
1823,335648,0.0,0.0,0.0,2026-05-06 16:02:34.182
1824,335695,0.0,0.0,0.0,2026-05-06 16:02:34.182
1825,335912,0.0,0.0,0.0,2026-05-06 16:02:34.182
1826,336129,0.0,0.0,0.0,2026-05-06 16:02:34.182
1827,336177,0.0,0.0,0.0,2026-05-06 16:02:34.182
1828,336394,0.0,0.0,0.0,2026-05-06 16:02:34.182
1829,336613,0.0,0.0,0.0,2026-05-06 16:02:34.182
1830,336660,0.0,0.0,0.0,2026-05-06 16:02:34.182
1831,336878,0.0,0.0,0.0,2026-05-06 16:02:34.182
1832,337096,0.0,0.0,0.0,2026-05-06 16:02:34.869
1833,337199,0.0,0.0,0.0,2026-05-06 16:02:34.869
1834,337417,0.0,0.0,0.0,2026-05-06 16:02:34.869
1835,337580,0.0,0.0,0.0,2026-05-06 16:02:34.869
1836,337848,0.0,0.0,0.0,2026-05-06 16:02:34.869
1837,338066,0.0,0.0,0.0,2026-05-06 16:02:34.869
1838,338113,0.0,0.0,0.0,2026-05-06 16:02:34.869
1839,338331,0.0,0.0,0.0,2026-05-06 16:02:34.869
1840,338548,0.0,0.0,0.0,2026-05-06 16:02:34.869
1841,338595,0.0,0.0,0.0,2026-05-06 16:02:34.869
1842,338814,0.0,0.0,0.0,2026-05-06 16:02:34.869
1843,339033,0.0,0.0,0.0,2026-05-06 16:02:34.869
1844,339080,0.0,0.0,0.0,2026-05-06 16:02:34.869
1845,339297,0.0,0.0,0.0,2026-05-06 16:02:34.869
1846,339515,0.0,0.0,0.0,2026-05-06 16:02:34.869
1847,339562,0.0,0.0,0.0,2026-05-06 16:02:34.869
1848,339779,0.0,0.0,0.0,2026-05-06 16:02:34.869
1849,339996,0.0,0.0,0.0,2026-05-06 16:02:34.869
1850,340044,0.0,0.0,0.0,2026-05-06 16:02:34.869
1851,340262,0.0,0.0,0.0,2026-05-06 16:02:34.869
1852,340480,0.0,0.0,0.0,2026-05-06 16:02:34.869
1853,340527,0.0,0.0,0.0,2026-05-06 16:02:34.869
1854,340746,0.0,0.0,0.0,2026-05-06 16:02:34.869
1855,340965,0.0,0.0,0.0,2026-05-06 16:02:34.869
1856,341012,0.0,0.0,0.0,2026-05-06 16:02:34.869
1857,341230,0.0,0.0,0.0,2026-05-06 16:02:34.869
1858,341447,0.0,0.0,0.0,2026-05-06 16:02:34.869
1859,341494,0.0,0.0,0.0,2026-05-06 16:02:34.869
1860,341712,0.0,0.0,0.0,2026-05-06 16:02:34.869
1861,341929,0.0,0.0,0.0,2026-05-06 16:02:34.869
1862,341977,0.0,0.0,0.0,2026-05-06 16:02:34.869
1863,342196,0.0,0.0,0.0,2026-05-06 16:02:34.869
1864,342414,0.0,0.0,0.0,2026-05-06 16:02:34.869
1865,342461,0.0,0.0,0.0,2026-05-06 16:02:34.869
1866,342678,0.0,0.0,0.0,2026-05-06 16:02:34.869
1867,342896,0.0,0.0,0.0,2026-05-06 16:02:34.869
1868,342943,0.0,0.0,0.0,2026-05-06 16:02:34.869
1869,343163,0.0,0.0,0.0,2026-05-06 16:02:34.869
1870,343381,0.0,0.0,0.0,2026-05-06 16:02:34.869
1871,343428,0.0,0.0,0.0,2026-05-06 16:02:34.869
1872,343690,0.0,0.0,0.0,2026-05-06 16:02:34.869
1873,343910,0.0,0.0,0.0,2026-05-06 16:02:34.869
1874,344127,0.0,0.0,0.0,2026-05-06 16:02:34.869
1875,344344,0.0,0.0,0.0,2026-05-06 16:02:34.869
1876,344392,0.0,0.0,0.0,2026-05-06 16:02:34.869
1877,344609,0.0,0.0,0.0,2026-05-06 16:02:34.869
1878,344827,0.0,0.0,0.0,2026-05-06 16:02:34.869
1879,344874,0.0,0.0,0.0,2026-05-06 16:02:34.869
1880,345091,0.0,0.0,0.0,2026-05-06 16:02:34.869
1881,345308,0.0,0.0,0.0,2026-05-06 16:02:35.580
1882,345576,0.0,0.0,0.0,2026-05-06 16:02:35.580
1883,345793,0.0,0.0,0.0,2026-05-06 16:02:35.580
1884,345841,0.0,0.0,0.0,2026-05-06 16:02:35.580
1885,346059,0.0,0.0,0.0,2026-05-06 16:02:35.580
1886,346277,0.0,0.0,0.0,2026-05-06 16:02:35.580
1887,346324,0.0,0.0,0.0,2026-05-06 16:02:35.580
1888,346542,0.0,0.0,0.0,2026-05-06 16:02:35.580
1889,346760,0.0,0.0,0.0,2026-05-06 16:02:35.580
1890,346807,0.0,0.0,0.0,2026-05-06 16:02:35.580
1891,347024,0.0,0.0,0.0,2026-05-06 16:02:35.580
1892,347241,0.0,0.0,0.0,2026-05-06 16:02:35.580
1893,347289,0.0,0.0,0.0,2026-05-06 16:02:35.580
1894,347507,0.0,0.0,0.0,2026-05-06 16:02:35.580
1895,347725,0.0,0.0,0.0,2026-05-06 16:02:35.580
1896,347772,0.0,0.0,0.0,2026-05-06 16:02:35.580
1897,347989,0.0,0.0,0.0,2026-05-06 16:02:35.580
1898,348207,0.0,0.0,0.0,2026-05-06 16:02:35.580
1899,348255,0.0,0.0,0.0,2026-05-06 16:02:35.580
1900,348472,0.0,0.0,0.0,2026-05-06 16:02:35.580
1901,348693,0.0,0.0,0.0,2026-05-06 16:02:35.580
1902,348740,0.0,0.0,0.0,2026-05-06 16:02:35.580
1903,348957,0.0,0.0,0.0,2026-05-06 16:02:35.580
1904,349176,0.0,0.0,0.0,2026-05-06 16:02:35.580
1905,349223,0.0,0.0,0.0,2026-05-06 16:02:35.580
1906,349441,0.0,0.0,0.0,2026-05-06 16:02:35.580
1907,349660,0.0,0.0,0.0,2026-05-06 16:02:35.580
1908,349707,0.0,0.0,0.0,2026-05-06 16:02:35.580
1909,349926,0.0,0.0,0.0,2026-05-06 16:02:35.580
1910,350145,0.0,0.0,0.0,2026-05-06 16:02:35.580
1911,350191,0.0,0.0,0.0,2026-05-06 16:02:35.580
1912,350408,0.0,0.0,0.0,2026-05-06 16:02:35.580
1913,350626,0.0,0.0,0.0,2026-05-06 16:02:35.580
1914,350674,0.0,0.0,0.0,2026-05-06 16:02:35.580
1915,350891,0.0,0.0,0.0,2026-05-06 16:02:35.580
1916,351109,0.0,0.0,0.0,2026-05-06 16:02:35.580
1917,351156,0.0,0.0,0.0,2026-05-06 16:02:35.580
1918,351374,0.0,0.0,0.0,2026-05-06 16:02:35.580
1919,351593,0.0,0.0,0.0,2026-05-06 16:02:35.580
1920,351640,0.0,0.0,0.0,2026-05-06 16:02:35.580
1921,351858,0.0,0.0,0.0,2026-05-06 16:02:35.580
1922,352076,0.0,0.0,0.0,2026-05-06 16:02:35.580
1923,352123,0.0,0.0,0.0,2026-05-06 16:02:35.580
1924,352342,0.0,0.0,0.0,2026-05-06 16:02:35.580
1925,352560,0.0,0.0,0.0,2026-05-06 16:02:35.580
1926,352607,0.0,0.0,0.0,2026-05-06 16:02:35.580
1927,352825,0.0,0.0,0.0,2026-05-06 16:02:35.580
1928,353042,0.0,0.0,0.0,2026-05-06 16:02:35.580
1929,353089,0.0,0.0,0.0,2026-05-06 16:02:35.580
1930,353307,0.0,0.0,0.0,2026-05-06 16:02:35.942
1931,353524,0.0,0.0,0.0,2026-05-06 16:02:35.942
1932,353572,0.0,0.0,0.0,2026-05-06 16:02:35.942
1933,353790,0.0,0.0,0.0,2026-05-06 16:02:35.942
1934,354008,0.0,0.0,0.0,2026-05-06 16:02:35.942
1935,354055,0.0,0.0,0.0,2026-05-06 16:02:35.942
1936,354273,0.0,0.0,0.0,2026-05-06 16:02:35.942
1937,354491,0.0,0.0,0.0,2026-05-06 16:02:35.942
1938,354538,0.0,0.0,0.0,2026-05-06 16:02:35.942
1939,354756,0.0,0.0,0.0,2026-05-06 16:02:35.942
1940,354975,0.0,0.0,0.0,2026-05-06 16:02:35.942
1941,355022,0.0,0.0,0.0,2026-05-06 16:02:35.942
1942,355240,0.0,0.0,0.0,2026-05-06 16:02:35.942
1943,355458,0.0,0.0,0.0,2026-05-06 16:02:35.942
1944,355505,0.0,0.0,0.0,2026-05-06 16:02:35.942
1945,355722,0.0,0.0,0.0,2026-05-06 16:02:35.942
1946,355940,0.0,0.0,0.0,2026-05-06 16:02:35.942
1947,355987,0.0,0.0,0.0,2026-05-06 16:02:35.942
1948,356205,0.0,0.0,0.0,2026-05-06 16:02:35.942
1949,356426,0.0,0.0,0.0,2026-05-06 16:02:35.942
1950,356473,0.0,0.0,0.0,2026-05-06 16:02:35.942
1951,356690,0.0,0.0,0.0,2026-05-06 16:02:35.942
1952,356907,0.0,0.0,0.0,2026-05-06 16:02:36.599
1953,356955,0.0,0.0,0.0,2026-05-06 16:02:36.599
1954,357173,0.0,0.0,0.0,2026-05-06 16:02:36.599
1955,357392,0.0,0.0,0.0,2026-05-06 16:02:36.599
1956,357439,0.0,0.0,0.0,2026-05-06 16:02:36.599
1957,357656,0.0,0.0,0.0,2026-05-06 16:02:36.599
1958,357876,0.0,0.0,0.0,2026-05-06 16:02:36.599
1959,357923,0.0,0.0,0.0,2026-05-06 16:02:36.599
1960,358144,0.0,0.0,0.0,2026-05-06 16:02:36.599
1961,358364,0.0,0.0,0.0,2026-05-06 16:02:36.599
1962,358409,0.0,0.0,0.0,2026-05-06 16:02:36.599
1963,358626,0.0,0.0,0.0,2026-05-06 16:02:36.599
1964,358844,0.0,0.0,0.0,2026-05-06 16:02:36.599
1965,358891,0.0,0.0,0.0,2026-05-06 16:02:36.599
1966,359110,0.0,0.0,0.0,2026-05-06 16:02:36.599
1967,359329,0.0,0.0,0.0,2026-05-06 16:02:36.599
1968,359376,0.0,0.0,0.0,2026-05-06 16:02:36.599
1969,359593,0.0,0.0,0.0,2026-05-06 16:02:36.599
1970,359811,0.0,0.0,0.0,2026-05-06 16:02:36.599
1971,359858,0.0,0.0,0.0,2026-05-06 16:02:36.599
1972,360075,0.0,0.0,0.0,2026-05-06 16:02:36.599
1973,360292,0.0,0.0,0.0,2026-05-06 16:02:36.599
1974,360340,0.0,0.0,0.0,2026-05-06 16:02:36.599
1975,360558,0.0,0.0,0.0,2026-05-06 16:02:36.599
1976,360775,0.0,0.0,0.0,2026-05-06 16:02:36.599
1977,360823,0.0,0.0,0.0,2026-05-06 16:02:36.599
1978,361040,0.0,0.0,0.0,2026-05-06 16:02:36.599
1979,361257,0.0,0.0,0.0,2026-05-06 16:02:36.599
1980,361305,0.0,0.0,0.0,2026-05-06 16:02:36.599
1981,361522,0.0,0.0,0.0,2026-05-06 16:02:36.599
1982,361739,0.0,0.0,0.0,2026-05-06 16:02:36.599
1983,361787,0.0,0.0,0.0,2026-05-06 16:02:36.599
1984,362004,0.0,0.0,0.0,2026-05-06 16:02:36.599
1985,362221,0.0,0.0,0.0,2026-05-06 16:02:36.599
1986,362269,0.0,0.0,0.0,2026-05-06 16:02:36.599
1987,362487,0.0,0.0,0.0,2026-05-06 16:02:36.599
1988,362705,0.0,0.0,0.0,2026-05-06 16:02:36.599
1989,362752,0.0,0.0,0.0,2026-05-06 16:02:36.599
1990,362972,0.0,0.0,0.0,2026-05-06 16:02:36.599
1991,363189,0.0,0.0,0.0,2026-05-06 16:02:36.599
1992,363237,0.0,0.0,0.0,2026-05-06 16:02:36.599
1993,363455,0.0,0.0,0.0,2026-05-06 16:02:36.599
1994,363672,0.0,0.0,0.0,2026-05-06 16:02:36.599
1995,363719,0.0,0.0,0.0,2026-05-06 16:02:36.599
1996,363936,0.0,0.0,0.0,2026-05-06 16:02:36.599
1997,364156,0.0,0.0,0.0,2026-05-06 16:02:36.599
1998,364204,0.0,0.0,0.0,2026-05-06 16:02:36.599
1999,364421,0.0,0.0,0.0,2026-05-06 16:02:36.599
2000,364638,0.0,0.0,0.0,2026-05-06 16:02:36.599
2001,364686,0.0,0.0,0.0,2026-05-06 16:02:36.599
2002,364903,0.0,0.0,0.0,2026-05-06 16:02:36.946
2003,365121,0.0,0.0,0.0,2026-05-06 16:02:36.946
2004,365169,0.0,0.0,0.0,2026-05-06 16:02:36.946
2005,365390,0.0,0.0,0.0,2026-05-06 16:02:36.946
2006,365655,0.0,0.0,0.0,2026-05-06 16:02:36.946
2007,365872,0.0,0.0,0.0,2026-05-06 16:02:36.946
2008,366090,0.0,0.0,0.0,2026-05-06 16:02:36.946
2009,366137,0.0,0.0,0.0,2026-05-06 16:02:36.946
2010,366354,0.0,0.0,0.0,2026-05-06 16:02:36.946
2011,366571,0.0,0.0,0.0,2026-05-06 16:02:36.946
2012,366619,0.0,0.0,0.0,2026-05-06 16:02:36.946
2013,366836,0.0,0.0,0.0,2026-05-06 16:02:36.946
2014,367054,0.0,0.0,0.0,2026-05-06 16:02:36.946
2015,367102,0.0,0.0,0.0,2026-05-06 16:02:36.946
2016,367321,0.0,0.0,0.0,2026-05-06 16:02:36.946
2017,367539,0.0,0.0,0.0,2026-05-06 16:02:36.946
2018,367586,0.0,0.0,0.0,2026-05-06 16:02:36.946
2019,367805,0.0,0.0,0.0,2026-05-06 16:02:36.946
2020,368022,0.0,0.0,0.0,2026-05-06 16:02:36.946
2021,368069,0.0,0.0,0.0,2026-05-06 16:02:36.946
2022,368286,0.0,0.0,0.0,2026-05-06 16:02:36.946
2023,368504,0.0,0.0,0.0,2026-05-06 16:02:37.607
2024,368551,0.0,0.0,0.0,2026-05-06 16:02:37.607
2025,368769,0.0,0.0,0.0,2026-05-06 16:02:37.607
2026,368987,0.0,0.0,0.0,2026-05-06 16:02:37.607
2027,369034,0.0,0.0,0.0,2026-05-06 16:02:37.607
2028,369251,0.0,0.0,0.0,2026-05-06 16:02:37.607
2029,369468,0.0,0.0,0.0,2026-05-06 16:02:37.607
2030,369516,0.0,0.0,0.0,2026-05-06 16:02:37.607
2031,369733,0.0,0.0,0.0,2026-05-06 16:02:37.607
2032,369951,0.0,0.0,0.0,2026-05-06 16:02:37.607
2033,369999,0.0,0.0,0.0,2026-05-06 16:02:37.607
2034,370217,0.0,0.0,0.0,2026-05-06 16:02:37.607
2035,370436,0.0,0.0,0.0,2026-05-06 16:02:37.607
2036,370483,0.0,0.0,0.0,2026-05-06 16:02:37.607
2037,370700,0.0,0.0,0.0,2026-05-06 16:02:37.607
2038,370917,0.0,0.0,0.0,2026-05-06 16:02:37.607
2039,370965,0.0,0.0,0.0,2026-05-06 16:02:37.607
2040,371183,0.0,0.0,0.0,2026-05-06 16:02:37.607
2041,371401,0.0,0.0,0.0,2026-05-06 16:02:37.607
2042,371448,0.0,0.0,0.0,2026-05-06 16:02:37.607
2043,371665,0.0,0.0,0.0,2026-05-06 16:02:37.607
2044,371933,0.0,0.0,0.0,2026-05-06 16:02:37.607
2045,372151,0.0,0.0,0.0,2026-05-06 16:02:37.607
2046,372369,0.0,0.0,0.0,2026-05-06 16:02:37.607
2047,372416,0.0,0.0,0.0,2026-05-06 16:02:37.607
2048,372634,0.0,0.0,0.0,2026-05-06 16:02:37.607
2049,372852,0.0,0.0,0.0,2026-05-06 16:02:37.607
2050,372899,0.0,0.0,0.0,2026-05-06 16:02:37.607
2051,373117,0.0,0.0,0.0,2026-05-06 16:02:37.607
2052,373334,0.0,0.0,0.0,2026-05-06 16:02:37.607
2053,373381,0.0,0.0,0.0,2026-05-06 16:02:37.607
2054,373599,0.0,0.0,0.0,2026-05-06 16:02:37.607
2055,373816,0.0,0.0,0.0,2026-05-06 16:02:37.607
2056,373864,0.0,0.0,0.0,2026-05-06 16:02:37.607
2057,374081,0.0,0.0,0.0,2026-05-06 16:02:37.607
2058,374299,0.0,0.0,0.0,2026-05-06 16:02:37.607
2059,374346,0.0,0.0,0.0,2026-05-06 16:02:37.607
2060,374564,0.0,0.0,0.0,2026-05-06 16:02:37.607
2061,374782,0.0,0.0,0.0,2026-05-06 16:02:37.607
2062,374829,0.0,0.0,0.0,2026-05-06 16:02:37.607
2063,375048,0.0,0.0,0.0,2026-05-06 16:02:37.607
2064,375316,0.0,0.0,0.0,2026-05-06 16:02:37.607
2065,375533,0.0,0.0,0.0,2026-05-06 16:02:37.607
2066,375750,0.0,0.0,0.0,2026-05-06 16:02:37.607
2067,375798,0.0,0.0,0.0,2026-05-06 16:02:37.607
2068,376015,0.0,0.0,0.0,2026-05-06 16:02:37.607
2069,376233,0.0,0.0,0.0,2026-05-06 16:02:37.607
2070,376280,0.0,0.0,0.0,2026-05-06 16:02:37.607
2071,376499,0.0,0.0,0.0,2026-05-06 16:02:38.254
2072,376718,0.0,0.0,0.0,2026-05-06 16:02:38.254
2073,376765,0.0,0.0,0.0,2026-05-06 16:02:38.254
2074,376983,0.0,0.0,0.0,2026-05-06 16:02:38.254
2075,377201,0.0,0.0,0.0,2026-05-06 16:02:38.254
2076,377248,0.0,0.0,0.0,2026-05-06 16:02:38.254
2077,377467,0.0,0.0,0.0,2026-05-06 16:02:38.254
2078,377684,0.0,0.0,0.0,2026-05-06 16:02:38.254
2079,377788,0.0,0.0,0.0,2026-05-06 16:02:38.254
2080,378006,0.0,0.0,0.0,2026-05-06 16:02:38.254
2081,378168,0.0,0.0,0.0,2026-05-06 16:02:38.254
2082,378214,0.0,0.0,0.0,2026-05-06 16:02:38.254
2083,378433,0.0,0.0,0.0,2026-05-06 16:02:38.254
2084,378652,0.0,0.0,0.0,2026-05-06 16:02:38.254
2085,378699,0.0,0.0,0.0,2026-05-06 16:02:38.254
2086,378918,0.0,0.0,0.0,2026-05-06 16:02:38.254
2087,379137,0.0,0.0,0.0,2026-05-06 16:02:38.254
2088,379183,0.0,0.0,0.0,2026-05-06 16:02:38.254
2089,379400,0.0,0.0,0.0,2026-05-06 16:02:38.254
2090,379668,0.0,0.0,0.0,2026-05-06 16:02:38.254
2091,379886,0.0,0.0,0.0,2026-05-06 16:02:38.254
2092,380104,0.0,0.0,0.0,2026-05-06 16:02:38.254
2093,380151,0.0,0.0,0.0,2026-05-06 16:02:38.254
2094,380370,0.0,0.0,0.0,2026-05-06 16:02:38.254
2095,380588,0.0,0.0,0.0,2026-05-06 16:02:38.254
2096,380635,0.0,0.0,0.0,2026-05-06 16:02:38.254
2097,380854,0.0,0.0,0.0,2026-05-06 16:02:38.254
2098,381073,0.0,0.0,0.0,2026-05-06 16:02:38.254
2099,381119,0.0,0.0,0.0,2026-05-06 16:02:38.254
2100,381336,0.0,0.0,0.0,2026-05-06 16:02:38.254
2101,381554,0.0,0.0,0.0,2026-05-06 16:02:38.254
2102,381602,0.0,0.0,0.0,2026-05-06 16:02:38.254
2103,381820,0.0,0.0,0.0,2026-05-06 16:02:38.254
2104,382038,0.0,0.0,0.0,2026-05-06 16:02:38.254
2105,382085,0.0,0.0,0.0,2026-05-06 16:02:38.254
2106,382303,0.0,0.0,0.0,2026-05-06 16:02:38.254
2107,382521,0.0,0.0,0.0,2026-05-06 16:02:38.254
2108,382568,0.0,0.0,0.0,2026-05-06 16:02:38.254
2109,382785,0.0,0.0,0.0,2026-05-06 16:02:38.254
2110,383002,0.0,0.0,0.0,2026-05-06 16:02:38.254
2111,383050,0.0,0.0,0.0,2026-05-06 16:02:38.254
2112,383267,0.0,0.0,0.0,2026-05-06 16:02:38.363
2113,383485,0.0,0.0,0.0,2026-05-06 16:02:38.363
2114,383532,0.0,0.0,0.0,2026-05-06 16:02:38.363
2115,383749,0.0,0.0,0.0,2026-05-06 16:02:38.363
2116,383967,0.0,0.0,0.0,2026-05-06 16:02:38.363
2117,384187,0.0,0.0,0.0,2026-05-06 16:02:38.363
2118,384404,0.0,0.0,0.0,2026-05-06 16:02:38.363
2119,384472,0.0,0.0,0.0,2026-05-06 16:02:38.457
2120,384690,0.0,0.0,0.0,2026-05-06 16:02:38.457
2121,384908,0.0,0.0,0.0,2026-05-06 16:02:38.457
2122,384955,0.0,0.0,0.0,2026-05-06 16:02:38.457
2123,385173,0.0,0.0,0.0,2026-05-06 16:02:38.457
2124,385393,0.0,0.0,0.0,2026-05-06 16:02:38.457
2125,385440,0.0,0.0,0.0,2026-05-06 16:02:38.457
2126,385657,0.0,0.0,0.0,2026-05-06 16:02:38.457
2127,385875,0.0,0.0,0.0,2026-05-06 16:02:39.079
2128,385923,0.0,0.0,0.0,2026-05-06 16:02:39.079
2129,386141,0.0,0.0,0.0,2026-05-06 16:02:39.079
2130,386358,0.0,0.0,0.0,2026-05-06 16:02:39.079
2131,386405,0.0,0.0,0.0,2026-05-06 16:02:39.079
2132,386622,0.0,0.0,0.0,2026-05-06 16:02:39.079
2133,386843,0.0,0.0,0.0,2026-05-06 16:02:39.079
2134,386890,0.0,0.0,0.0,2026-05-06 16:02:39.079
2135,387152,0.0,0.0,0.0,2026-05-06 16:02:39.079
2136,387375,0.0,0.0,0.0,2026-05-06 16:02:39.079
2137,387593,0.0,0.0,0.0,2026-05-06 16:02:39.079
2138,387811,0.0,0.0,0.0,2026-05-06 16:02:39.079
2139,387858,0.0,0.0,0.0,2026-05-06 16:02:39.079
2140,388076,0.0,0.0,0.0,2026-05-06 16:02:39.079
2141,388294,0.0,0.0,0.0,2026-05-06 16:02:39.079
2142,388341,0.0,0.0,0.0,2026-05-06 16:02:39.079
2143,388559,0.0,0.0,0.0,2026-05-06 16:02:39.079
2144,388776,0.0,0.0,0.0,2026-05-06 16:02:39.079
2145,388823,0.0,0.0,0.0,2026-05-06 16:02:39.079
2146,389041,0.0,0.0,0.0,2026-05-06 16:02:39.079
2147,389259,0.0,0.0,0.0,2026-05-06 16:02:39.079
2148,389306,0.0,0.0,0.0,2026-05-06 16:02:39.079
2149,389523,0.0,0.0,0.0,2026-05-06 16:02:39.079
2150,389740,0.0,0.0,0.0,2026-05-06 16:02:39.079
2151,389788,0.0,0.0,0.0,2026-05-06 16:02:39.079
2152,390005,0.0,0.0,0.0,2026-05-06 16:02:39.079
2153,390223,0.0,0.0,0.0,2026-05-06 16:02:39.079
2154,390271,0.0,0.0,0.0,2026-05-06 16:02:39.079
2155,390490,0.0,0.0,0.0,2026-05-06 16:02:39.079
2156,390708,0.0,0.0,0.0,2026-05-06 16:02:39.079
2157,390755,0.0,0.0,0.0,2026-05-06 16:02:39.079
2158,390972,0.0,0.0,0.0,2026-05-06 16:02:39.079
2159,391190,0.0,0.0,0.0,2026-05-06 16:02:39.079
2160,391237,0.0,0.0,0.0,2026-05-06 16:02:39.079
2161,391454,0.0,0.0,0.0,2026-05-06 16:02:39.079
2162,391672,0.0,0.0,0.0,2026-05-06 16:02:39.079
2163,391720,0.0,0.0,0.0,2026-05-06 16:02:39.079
2164,391939,0.0,0.0,0.0,2026-05-06 16:02:39.079
2165,392157,0.0,0.0,0.0,2026-05-06 16:02:39.079
2166,392374,0.0,0.0,0.0,2026-05-06 16:02:39.079
2167,392591,0.0,0.0,0.0,2026-05-06 16:02:39.079
2168,392660,0.0,0.0,0.0,2026-05-06 16:02:39.079
2169,392878,0.0,0.0,0.0,2026-05-06 16:02:39.378
2170,393095,0.0,0.0,0.0,2026-05-06 16:02:39.378
2171,393142,0.0,0.0,0.0,2026-05-06 16:02:39.378
2172,393360,0.0,0.0,0.0,2026-05-06 16:02:39.378
2173,393578,0.0,0.0,0.0,2026-05-06 16:02:39.378
2174,393625,0.0,0.0,0.0,2026-05-06 16:02:39.378
2175,393842,0.0,0.0,0.0,2026-05-06 16:02:39.378
2176,394059,0.0,0.0,0.0,2026-05-06 16:02:39.378
2177,394107,0.0,0.0,0.0,2026-05-06 16:02:39.378
2178,394324,0.0,0.0,0.0,2026-05-06 16:02:39.378
2179,394541,0.0,0.0,0.0,2026-05-06 16:02:39.378
2180,394589,0.0,0.0,0.0,2026-05-06 16:02:39.378
2181,394807,0.0,0.0,0.0,2026-05-06 16:02:39.378
2182,395028,0.0,0.0,0.0,2026-05-06 16:02:39.378
2183,395075,0.0,0.0,0.0,2026-05-06 16:02:39.378
2184,395292,0.0,0.0,0.0,2026-05-06 16:02:39.378
2185,395510,0.0,0.0,0.0,2026-05-06 16:02:39.378
2186,395558,0.0,0.0,0.0,2026-05-06 16:02:39.378
2187,395775,0.0,0.0,0.0,2026-05-06 16:02:39.378
2188,395992,0.0,0.0,0.0,2026-05-06 16:02:39.378
2189,396040,0.0,0.0,0.0,2026-05-06 16:02:39.378
2190,396257,0.0,0.0,0.0,2026-05-06 16:02:39.378
2191,396474,0.0,0.0,0.0,2026-05-06 16:02:39.785
2192,396522,0.0,0.0,0.0,2026-05-06 16:02:39.785
2193,396740,0.0,0.0,0.0,2026-05-06 16:02:39.785
2194,396957,0.0,0.0,0.0,2026-05-06 16:02:39.785
2195,397004,0.0,0.0,0.0,2026-05-06 16:02:39.785
2196,397225,0.0,0.0,0.0,2026-05-06 16:02:39.785
2197,397446,0.0,0.0,0.0,2026-05-06 16:02:39.785
2198,397491,0.0,0.0,0.0,2026-05-06 16:02:39.785
2199,397709,0.0,0.0,0.0,2026-05-06 16:02:39.785
2200,397927,0.0,0.0,0.0,2026-05-06 16:02:39.785
2201,397974,0.0,0.0,0.0,2026-05-06 16:02:39.785
2202,398193,0.0,0.0,0.0,2026-05-06 16:02:39.785
2203,398412,0.0,0.0,0.0,2026-05-06 16:02:39.785
2204,398458,0.0,0.0,0.0,2026-05-06 16:02:39.785
2205,398676,0.0,0.0,0.0,2026-05-06 16:02:39.785
2206,398894,0.0,0.0,0.0,2026-05-06 16:02:39.785
2207,398941,0.0,0.0,0.0,2026-05-06 16:02:39.785
2208,399158,0.0,0.0,0.0,2026-05-06 16:02:39.785
2209,399375,0.0,0.0,0.0,2026-05-06 16:02:39.785
2210,399423,0.0,0.0,0.0,2026-05-06 16:02:39.785
2211,399642,0.0,0.0,0.0,2026-05-06 16:02:39.785
2212,399861,0.0,0.0,0.0,2026-05-06 16:02:39.785
2213,399908,0.0,0.0,0.0,2026-05-06 16:02:39.785
2214,400125,0.0,0.0,0.0,2026-05-06 16:02:39.785
2215,400343,0.0,0.0,0.0,2026-05-06 16:02:39.785
2216,400390,0.0,0.0,0.0,2026-05-06 16:02:39.785
2217,400608,0.0,0.0,0.0,2026-05-06 16:02:39.785
2218,400826,0.0,0.0,0.0,2026-05-06 16:02:39.785
2219,400873,0.0,0.0,0.0,2026-05-06 16:02:40.302
2220,401091,0.0,0.0,0.0,2026-05-06 16:02:40.302
2221,401308,0.0,0.0,0.0,2026-05-06 16:02:40.302
2222,401356,0.0,0.0,0.0,2026-05-06 16:02:40.302
2223,401573,0.0,0.0,0.0,2026-05-06 16:02:40.302
2224,401790,0.0,0.0,0.0,2026-05-06 16:02:40.302
2225,401838,0.0,0.0,0.0,2026-05-06 16:02:40.302
2226,402057,0.0,0.0,0.0,2026-05-06 16:02:40.302
2227,402276,0.0,0.0,0.0,2026-05-06 16:02:40.302
2228,402322,0.0,0.0,0.0,2026-05-06 16:02:40.302
2229,402540,0.0,0.0,0.0,2026-05-06 16:02:40.302
2230,402761,0.0,0.0,0.0,2026-05-06 16:02:40.302
2231,402808,0.0,0.0,0.0,2026-05-06 16:02:40.302
2232,403025,0.0,0.0,0.0,2026-05-06 16:02:40.302
2233,403243,0.0,0.0,0.0,2026-05-06 16:02:40.302
2234,403291,0.0,0.0,0.0,2026-05-06 16:02:40.302
2235,403508,0.0,0.0,0.0,2026-05-06 16:02:40.302
2236,403727,0.0,0.0,0.0,2026-05-06 16:02:40.302
2237,403774,0.0,0.0,0.0,2026-05-06 16:02:40.302
2238,403991,0.0,0.0,0.0,2026-05-06 16:02:40.302
2239,404211,0.0,0.0,0.0,2026-05-06 16:02:40.302
2240,404258,0.0,0.0,0.0,2026-05-06 16:02:40.302
2241,404476,0.0,0.0,0.0,2026-05-06 16:02:40.302
2242,404694,0.0,0.0,0.0,2026-05-06 16:02:40.302
2243,404741,0.0,0.0,0.0,2026-05-06 16:02:40.302
2244,404959,0.0,0.0,0.0,2026-05-06 16:02:40.302
2245,405177,0.0,0.0,0.0,2026-05-06 16:02:40.302
2246,405224,0.0,0.0,0.0,2026-05-06 16:02:40.302
2247,405443,0.0,0.0,0.0,2026-05-06 16:02:40.302
2248,405661,0.0,0.0,0.0,2026-05-06 16:02:40.302
2249,405708,0.0,0.0,0.0,2026-05-06 16:02:40.302
2250,405925,0.0,0.0,0.0,2026-05-06 16:02:40.302
2251,406142,0.0,0.0,0.0,2026-05-06 16:02:40.302
2252,406190,0.0,0.0,0.0,2026-05-06 16:02:40.302
2253,406409,0.0,0.0,0.0,2026-05-06 16:02:40.302
2254,406626,0.0,0.0,0.0,2026-05-06 16:02:40.302
2255,406673,0.0,0.0,0.0,2026-05-06 16:02:40.302
2256,406890,0.0,0.0,0.0,2026-05-06 16:02:40.493
2257,407107,0.0,0.0,0.0,2026-05-06 16:02:40.493
2258,407155,0.0,0.0,0.0,2026-05-06 16:02:40.493
2259,407372,0.0,0.0,0.0,2026-05-06 16:02:40.493
2260,407590,0.0,0.0,0.0,2026-05-06 16:02:40.493
2261,407637,0.0,0.0,0.0,2026-05-06 16:02:40.493
2262,407854,0.0,0.0,0.0,2026-05-06 16:02:40.493
2263,408071,0.0,0.0,0.0,2026-05-06 16:02:40.493
2264,408119,0.0,0.0,0.0,2026-05-06 16:02:40.493
2265,408337,0.0,0.0,0.0,2026-05-06 16:02:40.493
2266,408554,0.0,0.0,0.0,2026-05-06 16:02:40.493
2267,408646,0.0,0.0,0.0,2026-05-06 16:02:40.493
2268,408863,0.0,0.0,0.0,2026-05-06 16:02:40.493
2269,409083,0.0,0.0,0.0,2026-05-06 16:02:41.163
2270,409301,0.0,0.0,0.0,2026-05-06 16:02:41.163
2271,409519,0.0,0.0,0.0,2026-05-06 16:02:41.163
2272,409566,0.0,0.0,0.0,2026-05-06 16:02:41.163
2273,409783,0.0,0.0,0.0,2026-05-06 16:02:41.163
2274,410000,0.0,0.0,0.0,2026-05-06 16:02:41.163
2275,410048,0.0,0.0,0.0,2026-05-06 16:02:41.163
2276,410265,0.0,0.0,0.0,2026-05-06 16:02:41.163
2277,410485,0.0,0.0,0.0,2026-05-06 16:02:41.163
2278,410533,0.0,0.0,0.0,2026-05-06 16:02:41.163
2279,410751,0.0,0.0,0.0,2026-05-06 16:02:41.163
2280,410968,0.0,0.0,0.0,2026-05-06 16:02:41.163
2281,411016,0.0,0.0,0.0,2026-05-06 16:02:41.163
2282,411233,0.0,0.0,0.0,2026-05-06 16:02:41.163
2283,411450,0.0,0.0,0.0,2026-05-06 16:02:41.163
2284,411498,0.0,0.0,0.0,2026-05-06 16:02:41.163
2285,411716,0.0,0.0,0.0,2026-05-06 16:02:41.163
2286,411934,0.0,0.0,0.0,2026-05-06 16:02:41.163
2287,411981,0.0,0.0,0.0,2026-05-06 16:02:41.163
2288,412198,0.0,0.0,0.0,2026-05-06 16:02:41.163
2289,412416,0.0,0.0,0.0,2026-05-06 16:02:41.163
2290,412463,0.0,0.0,0.0,2026-05-06 16:02:41.163
2291,412682,0.0,0.0,0.0,2026-05-06 16:02:41.163
2292,412899,0.0,0.0,0.0,2026-05-06 16:02:41.163
2293,412946,0.0,0.0,0.0,2026-05-06 16:02:41.163
2294,413163,0.0,0.0,0.0,2026-05-06 16:02:41.163
2295,413381,0.0,0.0,0.0,2026-05-06 16:02:41.163
2296,413429,0.0,0.0,0.0,2026-05-06 16:02:41.163
2297,413647,0.0,0.0,0.0,2026-05-06 16:02:41.163
2298,413865,0.0,0.0,0.0,2026-05-06 16:02:41.163
2299,413912,0.0,0.0,0.0,2026-05-06 16:02:41.163
2300,414129,0.0,0.0,0.0,2026-05-06 16:02:41.163
2301,414346,0.0,0.0,0.0,2026-05-06 16:02:41.163
2302,414394,0.0,0.0,0.0,2026-05-06 16:02:41.163
2303,414613,0.0,0.0,0.0,2026-05-06 16:02:41.163
2304,414830,0.0,0.0,0.0,2026-05-06 16:02:41.163
2305,414877,0.0,0.0,0.0,2026-05-06 16:02:41.163
2306,415094,0.0,0.0,0.0,2026-05-06 16:02:41.163
2307,415312,0.0,0.0,0.0,2026-05-06 16:02:41.163
2308,415359,0.0,0.0,0.0,2026-05-06 16:02:41.163
2309,415577,0.0,0.0,0.0,2026-05-06 16:02:41.163
2310,415798,0.0,0.0,0.0,2026-05-06 16:02:41.163
2311,415845,0.0,0.0,0.0,2026-05-06 16:02:41.163
2312,416065,0.0,0.0,0.0,2026-05-06 16:02:41.163
2313,416285,0.0,0.0,0.0,2026-05-06 16:02:41.163
2314,416331,0.0,0.0,0.0,2026-05-06 16:02:41.163
2315,416549,0.0,0.0,0.0,2026-05-06 16:02:41.163
2316,416767,0.0,0.0,0.0,2026-05-06 16:02:41.163
2317,416814,0.0,0.0,0.0,2026-05-06 16:02:41.163
2318,417032,0.0,0.0,0.0,2026-05-06 16:02:41.883
2319,417250,0.0,0.0,0.0,2026-05-06 16:02:41.883
2320,417297,0.0,0.0,0.0,2026-05-06 16:02:41.883
2321,417515,0.0,0.0,0.0,2026-05-06 16:02:41.883
2322,417734,0.0,0.0,0.0,2026-05-06 16:02:41.883
2323,417781,0.0,0.0,0.0,2026-05-06 16:02:41.883
2324,418001,0.0,0.0,0.0,2026-05-06 16:02:41.883
2325,418221,0.0,0.0,0.0,2026-05-06 16:02:41.883
2326,418266,0.0,0.0,0.0,2026-05-06 16:02:41.883
2327,418483,0.0,0.0,0.0,2026-05-06 16:02:41.883
2328,418701,0.0,0.0,0.0,2026-05-06 16:02:41.883
2329,418749,0.0,0.0,0.0,2026-05-06 16:02:41.883
2330,418966,0.0,0.0,0.0,2026-05-06 16:02:41.883
2331,419187,0.0,0.0,0.0,2026-05-06 16:02:41.883
2332,419234,0.0,0.0,0.0,2026-05-06 16:02:41.883
2333,419453,0.0,0.0,0.0,2026-05-06 16:02:41.883
2334,419671,0.0,0.0,0.0,2026-05-06 16:02:41.883
2335,419718,0.0,0.0,0.0,2026-05-06 16:02:41.883
2336,419935,0.0,0.0,0.0,2026-05-06 16:02:41.883
2337,420153,0.0,0.0,0.0,2026-05-06 16:02:41.883
2338,420200,0.0,0.0,0.0,2026-05-06 16:02:41.883
2339,420417,0.0,0.0,0.0,2026-05-06 16:02:41.883
2340,420634,0.0,0.0,0.0,2026-05-06 16:02:41.883
2341,420682,0.0,0.0,0.0,2026-05-06 16:02:41.883
2342,420900,0.0,0.0,0.0,2026-05-06 16:02:41.883
2343,421118,0.0,0.0,0.0,2026-05-06 16:02:41.883
2344,421165,0.0,0.0,0.0,2026-05-06 16:02:41.883
2345,421383,0.0,0.0,0.0,2026-05-06 16:02:41.883
2346,421600,0.0,0.0,0.0,2026-05-06 16:02:41.883
2347,421648,0.0,0.0,0.0,2026-05-06 16:02:41.883
2348,421865,0.0,0.0,0.0,2026-05-06 16:02:41.883
2349,422082,0.0,0.0,0.0,2026-05-06 16:02:41.883
2350,422130,0.0,0.0,0.0,2026-05-06 16:02:41.883
2351,422348,0.0,0.0,0.0,2026-05-06 16:02:41.883
2352,422566,0.0,0.0,0.0,2026-05-06 16:02:41.883
2353,422613,0.0,0.0,0.0,2026-05-06 16:02:41.883
2354,422832,0.0,0.0,0.0,2026-05-06 16:02:41.883
2355,423051,0.0,0.0,0.0,2026-05-06 16:02:41.883
2356,423097,0.0,0.0,0.0,2026-05-06 16:02:41.883
2357,423314,0.0,0.0,0.0,2026-05-06 16:02:41.883
2358,423531,0.0,0.0,0.0,2026-05-06 16:02:41.883
2359,423579,0.0,0.0,0.0,2026-05-06 16:02:41.883
2360,423797,0.0,0.0,0.0,2026-05-06 16:02:41.883
2361,424018,0.0,0.0,0.0,2026-05-06 16:02:41.883
2362,424064,0.0,0.0,0.0,2026-05-06 16:02:41.883
2363,424281,0.0,0.0,0.0,2026-05-06 16:02:41.883
2364,424499,0.0,0.0,0.0,2026-05-06 16:02:41.883
2365,424547,0.0,0.0,0.0,2026-05-06 16:02:41.883
2366,424764,0.0,0.0,0.0,2026-05-06 16:02:41.883
2367,424981,0.0,0.0,0.0,2026-05-06 16:02:41.883
2368,425029,0.0,0.0,0.0,2026-05-06 16:02:41.883
2369,425246,0.0,0.0,0.0,2026-05-06 16:02:42.587
2370,425463,0.0,0.0,0.0,2026-05-06 16:02:42.587
2371,425511,0.0,0.0,0.0,2026-05-06 16:02:42.587
2372,425729,0.0,0.0,0.0,2026-05-06 16:02:42.587
2373,425946,0.0,0.0,0.0,2026-05-06 16:02:42.587
2374,425993,0.0,0.0,0.0,2026-05-06 16:02:42.587
2375,426212,0.0,0.0,0.0,2026-05-06 16:02:42.587
2376,426431,0.0,0.0,0.0,2026-05-06 16:02:42.587
2377,426478,0.0,0.0,0.0,2026-05-06 16:02:42.587
2378,426695,0.0,0.0,0.0,2026-05-06 16:02:42.587
2379,426917,0.0,0.0,0.0,2026-05-06 16:02:42.587
2380,426964,0.0,0.0,0.0,2026-05-06 16:02:42.587
2381,427181,0.0,0.0,0.0,2026-05-06 16:02:42.587
2382,427398,0.0,0.0,0.0,2026-05-06 16:02:42.587
2383,427446,0.0,0.0,0.0,2026-05-06 16:02:42.587
2384,427664,0.0,0.0,0.0,2026-05-06 16:02:42.587
2385,427881,0.0,0.0,0.0,2026-05-06 16:02:42.587
2386,427928,0.0,0.0,0.0,2026-05-06 16:02:42.587
2387,428145,0.0,0.0,0.0,2026-05-06 16:02:42.587
2388,428362,0.0,0.0,0.0,2026-05-06 16:02:42.587
2389,428410,0.0,0.0,0.0,2026-05-06 16:02:42.587
2390,428628,0.0,0.0,0.0,2026-05-06 16:02:42.587
2391,428845,0.0,0.0,0.0,2026-05-06 16:02:42.587
2392,428893,0.0,0.0,0.0,2026-05-06 16:02:42.587
2393,429111,0.0,0.0,0.0,2026-05-06 16:02:42.587
2394,429329,0.0,0.0,0.0,2026-05-06 16:02:42.587
2395,429376,0.0,0.0,0.0,2026-05-06 16:02:42.587
2396,429593,0.0,0.0,0.0,2026-05-06 16:02:42.587
2397,429812,0.0,0.0,0.0,2026-05-06 16:02:42.587
2398,429859,0.0,0.0,0.0,2026-05-06 16:02:42.587
2399,430079,0.0,0.0,0.0,2026-05-06 16:02:42.587
2400,430299,0.0,0.0,0.0,2026-05-06 16:02:42.587
2401,430388,0.0,0.0,0.0,2026-05-06 16:02:42.587
2402,430607,0.0,0.0,0.0,2026-05-06 16:02:42.587
2403,430828,0.0,0.0,0.0,2026-05-06 16:02:42.587
2404,431267,0.0,0.0,0.0,2026-05-06 16:02:42.587
2405,431314,0.0,0.0,0.0,2026-05-06 16:02:42.587
2406,431531,0.0,0.0,0.0,2026-05-06 16:02:42.587
2407,431748,0.0,0.0,0.0,2026-05-06 16:02:42.587
2408,431796,0.0,0.0,0.0,2026-05-06 16:02:42.587
2409,432015,0.0,0.0,0.0,2026-05-06 16:02:42.587
2410,432234,0.0,0.0,0.0,2026-05-06 16:02:42.587
2411,432281,0.0,0.0,0.0,2026-05-06 16:02:42.587
2412,432498,0.0,0.0,0.0,2026-05-06 16:02:42.587
2413,432716,0.0,0.0,0.0,2026-05-06 16:02:42.587
2414,432763,0.0,0.0,0.0,2026-05-06 16:02:42.587
2415,432980,0.0,0.0,0.0,2026-05-06 16:02:42.587
2416,433198,0.0,0.0,0.0,2026-05-06 16:02:43.121
2417,433246,0.0,0.0,0.0,2026-05-06 16:02:43.121
2418,433464,0.0,0.0,0.0,2026-05-06 16:02:43.121
2419,433682,0.0,0.0,0.0,2026-05-06 16:02:43.121
2420,433729,0.0,0.0,0.0,2026-05-06 16:02:43.121
2421,433948,0.0,0.0,0.0,2026-05-06 16:02:43.121
2422,434165,0.0,0.0,0.0,2026-05-06 16:02:43.121
2423,434212,0.0,0.0,0.0,2026-05-06 16:02:43.121
2424,434429,0.0,0.0,0.0,2026-05-06 16:02:43.121
2425,434646,0.0,0.0,0.0,2026-05-06 16:02:43.121
2426,434694,0.0,0.0,0.0,2026-05-06 16:02:43.121
2427,434911,0.0,0.0,0.0,2026-05-06 16:02:43.121
2428,435128,0.0,0.0,0.0,2026-05-06 16:02:43.121
2429,435176,0.0,0.0,0.0,2026-05-06 16:02:43.121
2430,435394,0.0,0.0,0.0,2026-05-06 16:02:43.121
2431,435611,0.0,0.0,0.0,2026-05-06 16:02:43.121
2432,435658,0.0,0.0,0.0,2026-05-06 16:02:43.121
2433,435876,0.0,0.0,0.0,2026-05-06 16:02:43.121
2434,436094,0.0,0.0,0.0,2026-05-06 16:02:43.121
2435,436141,0.0,0.0,0.0,2026-05-06 16:02:43.121
2436,436359,0.0,0.0,0.0,2026-05-06 16:02:43.121
2437,436577,0.0,0.0,0.0,2026-05-06 16:02:43.121
2438,436624,0.0,0.0,0.0,2026-05-06 16:02:43.121
2439,436843,0.0,0.0,0.0,2026-05-06 16:02:43.121
2440,437060,0.0,0.0,0.0,2026-05-06 16:02:43.121
2441,437107,0.0,0.0,0.0,2026-05-06 16:02:43.121
2442,437325,0.0,0.0,0.0,2026-05-06 16:02:43.121
2443,437543,0.0,0.0,0.0,2026-05-06 16:02:43.121
2444,437590,0.0,0.0,0.0,2026-05-06 16:02:43.121
2445,437809,0.0,0.0,0.0,2026-05-06 16:02:43.121
2446,438027,0.0,0.0,0.0,2026-05-06 16:02:43.121
2447,438074,0.0,0.0,0.0,2026-05-06 16:02:43.121
2448,438293,0.0,0.0,0.0,2026-05-06 16:02:43.121
2449,438511,0.0,0.0,0.0,2026-05-06 16:02:43.121
2450,438558,0.0,0.0,0.0,2026-05-06 16:02:43.121
2451,439001,0.0,0.0,0.0,2026-05-06 16:02:43.440
2452,439046,0.0,0.0,0.0,2026-05-06 16:02:43.440
2453,439264,0.0,0.0,0.0,2026-05-06 16:02:43.440
2454,439483,0.0,0.0,0.0,2026-05-06 16:02:43.440
2455,439530,0.0,0.0,0.0,2026-05-06 16:02:43.440
2456,439750,0.0,0.0,0.0,2026-05-06 16:02:43.440
2457,439970,0.0,0.0,0.0,2026-05-06 16:02:43.440
2458,440015,0.0,0.0,0.0,2026-05-06 16:02:43.440
2459,440235,0.0,0.0,0.0,2026-05-06 16:02:43.440
2460,440455,0.0,0.0,0.0,2026-05-06 16:02:43.440
2461,440501,0.0,0.0,0.0,2026-05-06 16:02:43.440
2462,440719,0.0,0.0,0.0,2026-05-06 16:02:43.440
2463,440936,0.0,0.0,0.0,2026-05-06 16:02:43.440
2464,440983,0.0,0.0,0.0,2026-05-06 16:02:43.440
2465,441201,0.0,0.0,0.0,2026-05-06 16:02:43.440
2466,441420,0.0,0.0,0.0,2026-05-06 16:02:43.440
2467,441467,0.0,0.0,0.0,2026-05-06 16:02:43.440
2468,441686,0.0,0.0,0.0,2026-05-06 16:02:43.440
2469,441904,0.0,0.0,0.0,2026-05-06 16:02:43.440
2470,441951,0.0,0.0,0.0,2026-05-06 16:02:43.440
2471,442170,0.0,0.0,0.0,2026-05-06 16:02:43.440
2472,442387,0.0,0.0,0.0,2026-05-06 16:02:44.117
2473,442434,0.0,0.0,0.0,2026-05-06 16:02:44.117
2474,442651,0.0,0.0,0.0,2026-05-06 16:02:44.117
2475,442868,0.0,0.0,0.0,2026-05-06 16:02:44.117
2476,442916,0.0,0.0,0.0,2026-05-06 16:02:44.117
2477,443133,0.0,0.0,0.0,2026-05-06 16:02:44.117
2478,443352,0.0,0.0,0.0,2026-05-06 16:02:44.117
2479,443399,0.0,0.0,0.0,2026-05-06 16:02:44.117
2480,443617,0.0,0.0,0.0,2026-05-06 16:02:44.117
2481,443835,0.0,0.0,0.0,2026-05-06 16:02:44.117
2482,443882,0.0,0.0,0.0,2026-05-06 16:02:44.117
2483,444099,0.0,0.0,0.0,2026-05-06 16:02:44.117
2484,444316,0.0,0.0,0.0,2026-05-06 16:02:44.117
2485,444364,0.0,0.0,0.0,2026-05-06 16:02:44.117
2486,444581,0.0,0.0,0.0,2026-05-06 16:02:44.117
2487,444800,0.0,0.0,0.0,2026-05-06 16:02:44.117
2488,444847,0.0,0.0,0.0,2026-05-06 16:02:44.117
2489,445064,0.0,0.0,0.0,2026-05-06 16:02:44.117
2490,445281,0.0,0.0,0.0,2026-05-06 16:02:44.117
2491,445329,0.0,0.0,0.0,2026-05-06 16:02:44.117
2492,445547,0.0,0.0,0.0,2026-05-06 16:02:44.117
2493,445764,0.0,0.0,0.0,2026-05-06 16:02:44.117
2494,445811,0.0,0.0,0.0,2026-05-06 16:02:44.117
2495,446028,0.0,0.0,0.0,2026-05-06 16:02:44.117
2496,446245,0.0,0.0,0.0,2026-05-06 16:02:44.117
2497,446293,0.0,0.0,0.0,2026-05-06 16:02:44.117
2498,446732,0.0,0.0,0.0,2026-05-06 16:02:44.117
2499,446779,0.0,0.0,0.0,2026-05-06 16:02:44.117
2500,446997,0.0,0.0,0.0,2026-05-06 16:02:44.117
2501,447215,0.0,0.0,0.0,2026-05-06 16:02:44.117
2502,447262,0.0,0.0,0.0,2026-05-06 16:02:44.117
2503,447480,0.0,0.0,0.0,2026-05-06 16:02:44.117
2504,447698,0.0,0.0,0.0,2026-05-06 16:02:44.117
2505,447745,0.0,0.0,0.0,2026-05-06 16:02:44.117
2506,447963,0.0,0.0,0.0,2026-05-06 16:02:44.117
2507,448181,0.0,0.0,0.0,2026-05-06 16:02:44.117
2508,448228,0.0,0.0,0.0,2026-05-06 16:02:44.117
2509,448445,0.0,0.0,0.0,2026-05-06 16:02:44.117
2510,448662,0.0,0.0,0.0,2026-05-06 16:02:44.117
2511,448710,0.0,0.0,0.0,2026-05-06 16:02:44.117
2512,448928,0.0,0.0,0.0,2026-05-06 16:02:44.117
2513,449146,0.0,0.0,0.0,2026-05-06 16:02:44.117
2514,449193,0.0,0.0,0.0,2026-05-06 16:02:44.117
2515,449410,0.0,0.0,0.0,2026-05-06 16:02:44.117
2516,449628,0.0,0.0,0.0,2026-05-06 16:02:44.117
2517,449676,0.0,0.0,0.0,2026-05-06 16:02:44.117
2518,449894,0.0,0.0,0.0,2026-05-06 16:02:44.117
2519,450112,0.0,0.0,0.0,2026-05-06 16:02:44.117
2520,450159,0.0,0.0,0.0,2026-05-06 16:02:44.117
2521,450376,0.0,0.0,0.0,2026-05-06 16:02:44.521
2522,450594,0.0,0.0,0.0,2026-05-06 16:02:44.521
2523,450641,0.0,0.0,0.0,2026-05-06 16:02:44.521
2524,450860,0.0,0.0,0.0,2026-05-06 16:02:44.521
2525,451077,0.0,0.0,0.0,2026-05-06 16:02:44.521
2526,451124,0.0,0.0,0.0,2026-05-06 16:02:44.521
2527,451341,0.0,0.0,0.0,2026-05-06 16:02:44.521
2528,451558,0.0,0.0,0.0,2026-05-06 16:02:44.521
2529,451606,0.0,0.0,0.0,2026-05-06 16:02:44.521
2530,451823,0.0,0.0,0.0,2026-05-06 16:02:44.521
2531,452040,0.0,0.0,0.0,2026-05-06 16:02:44.521
2532,452088,0.0,0.0,0.0,2026-05-06 16:02:44.521
2533,452306,0.0,0.0,0.0,2026-05-06 16:02:44.521
2534,452524,0.0,0.0,0.0,2026-05-06 16:02:44.521
2535,452571,0.0,0.0,0.0,2026-05-06 16:02:44.521
2536,452789,0.0,0.0,0.0,2026-05-06 16:02:44.521
2537,453006,0.0,0.0,0.0,2026-05-06 16:02:44.521
2538,453054,0.0,0.0,0.0,2026-05-06 16:02:44.521
2539,453272,0.0,0.0,0.0,2026-05-06 16:02:44.521
2540,453489,0.0,0.0,0.0,2026-05-06 16:02:44.521
2541,453536,0.0,0.0,0.0,2026-05-06 16:02:44.521
2542,453753,0.0,0.0,0.0,2026-05-06 16:02:44.521
2543,453970,0.0,0.0,0.0,2026-05-06 16:02:44.521
2544,454018,0.0,0.0,0.0,2026-05-06 16:02:44.521
2545,454458,0.0,0.0,0.0,2026-05-06 16:02:44.521
2546,454505,0.0,0.0,0.0,2026-05-06 16:02:44.521
2547,454722,0.0,0.0,0.0,2026-05-06 16:02:44.521
2548,454940,0.0,0.0,0.0,2026-05-06 16:02:45.212
2549,454987,0.0,0.0,0.0,2026-05-06 16:02:45.212
2550,455206,0.0,0.0,0.0,2026-05-06 16:02:45.212
2551,455424,0.0,0.0,0.0,2026-05-06 16:02:45.212
2552,455471,0.0,0.0,0.0,2026-05-06 16:02:45.212
2553,455690,0.0,0.0,0.0,2026-05-06 16:02:45.212
2554,455909,0.0,0.0,0.0,2026-05-06 16:02:45.212
2555,455955,0.0,0.0,0.0,2026-05-06 16:02:45.212
2556,456172,0.0,0.0,0.0,2026-05-06 16:02:45.212
2557,456389,0.0,0.0,0.0,2026-05-06 16:02:45.212
2558,456437,0.0,0.0,0.0,2026-05-06 16:02:45.212
2559,456655,0.0,0.0,0.0,2026-05-06 16:02:45.212
2560,456872,0.0,0.0,0.0,2026-05-06 16:02:45.212
2561,456976,0.0,0.0,0.0,2026-05-06 16:02:45.212
2562,457194,0.0,0.0,0.0,2026-05-06 16:02:45.212
2563,457358,0.0,0.0,0.0,2026-05-06 16:02:45.212
2564,457404,0.0,0.0,0.0,2026-05-06 16:02:45.212
2565,457621,0.0,0.0,0.0,2026-05-06 16:02:45.212
2566,457838,0.0,0.0,0.0,2026-05-06 16:02:45.212
2567,457886,0.0,0.0,0.0,2026-05-06 16:02:45.212
2568,458104,0.0,0.0,0.0,2026-05-06 16:02:45.212
2569,458322,0.0,0.0,0.0,2026-05-06 16:02:45.212
2570,458369,0.0,0.0,0.0,2026-05-06 16:02:45.212
2571,458587,0.0,0.0,0.0,2026-05-06 16:02:45.212
2572,458804,0.0,0.0,0.0,2026-05-06 16:02:45.212
2573,458851,0.0,0.0,0.0,2026-05-06 16:02:45.212
2574,459070,0.0,0.0,0.0,2026-05-06 16:02:45.212
2575,459288,0.0,0.0,0.0,2026-05-06 16:02:45.212
2576,459335,0.0,0.0,0.0,2026-05-06 16:02:45.212
2577,459552,0.0,0.0,0.0,2026-05-06 16:02:45.212
2578,459769,0.0,0.0,0.0,2026-05-06 16:02:45.212
2579,459817,0.0,0.0,0.0,2026-05-06 16:02:45.212
2580,460034,0.0,0.0,0.0,2026-05-06 16:02:45.212
2581,460251,0.0,0.0,0.0,2026-05-06 16:02:45.212
2582,460299,0.0,0.0,0.0,2026-05-06 16:02:45.212
2583,460516,0.0,0.0,0.0,2026-05-06 16:02:45.212
2584,460733,0.0,0.0,0.0,2026-05-06 16:02:45.212
2585,460781,0.0,0.0,0.0,2026-05-06 16:02:45.212
2586,461000,0.0,0.0,0.0,2026-05-06 16:02:45.212
2587,461219,0.0,0.0,0.0,2026-05-06 16:02:45.212
2588,461265,0.0,0.0,0.0,2026-05-06 16:02:45.212
2589,461483,0.0,0.0,0.0,2026-05-06 16:02:45.212
2590,461700,0.0,0.0,0.0,2026-05-06 16:02:45.212
2591,461748,0.0,0.0,0.0,2026-05-06 16:02:45.212
2592,462185,0.0,0.0,0.0,2026-05-06 16:02:45.212
2593,462233,0.0,0.0,0.0,2026-05-06 16:02:45.212
2594,462453,0.0,0.0,0.0,2026-05-06 16:02:45.212
2595,462671,0.0,0.0,0.0,2026-05-06 16:02:45.212
2596,462717,0.0,0.0,0.0,2026-05-06 16:02:45.212
2597,462935,0.0,0.0,0.0,2026-05-06 16:02:45.925
2598,463153,0.0,0.0,0.0,2026-05-06 16:02:45.925
2599,463200,0.0,0.0,0.0,2026-05-06 16:02:45.925
2600,463417,0.0,0.0,0.0,2026-05-06 16:02:45.925
2601,463635,0.0,0.0,0.0,2026-05-06 16:02:45.925
2602,463683,0.0,0.0,0.0,2026-05-06 16:02:45.925
2603,463902,0.0,0.0,0.0,2026-05-06 16:02:45.925
2604,464120,0.0,0.0,0.0,2026-05-06 16:02:45.925
2605,464167,0.0,0.0,0.0,2026-05-06 16:02:45.925
2606,464385,0.0,0.0,0.0,2026-05-06 16:02:45.925
2607,464603,0.0,0.0,0.0,2026-05-06 16:02:45.925
2608,464650,0.0,0.0,0.0,2026-05-06 16:02:45.925
2609,464869,0.0,0.0,0.0,2026-05-06 16:02:45.925
2610,465088,0.0,0.0,0.0,2026-05-06 16:02:45.925
2611,465134,0.0,0.0,0.0,2026-05-06 16:02:45.925
2612,465351,0.0,0.0,0.0,2026-05-06 16:02:45.925
2613,465568,0.0,0.0,0.0,2026-05-06 16:02:45.925
2614,465616,0.0,0.0,0.0,2026-05-06 16:02:45.925
2615,465833,0.0,0.0,0.0,2026-05-06 16:02:45.925
2616,466050,0.0,0.0,0.0,2026-05-06 16:02:45.925
2617,466098,0.0,0.0,0.0,2026-05-06 16:02:45.925
2618,466315,0.0,0.0,0.0,2026-05-06 16:02:45.925
2619,466533,0.0,0.0,0.0,2026-05-06 16:02:45.925
2620,466581,0.0,0.0,0.0,2026-05-06 16:02:45.925
2621,466799,0.0,0.0,0.0,2026-05-06 16:02:45.925
2622,467017,0.0,0.0,0.0,2026-05-06 16:02:45.925
2623,467064,0.0,0.0,0.0,2026-05-06 16:02:45.925
2624,467282,0.0,0.0,0.0,2026-05-06 16:02:45.925
2625,467500,0.0,0.0,0.0,2026-05-06 16:02:45.925
2626,467547,0.0,0.0,0.0,2026-05-06 16:02:45.925
2627,467765,0.0,0.0,0.0,2026-05-06 16:02:45.925
2628,467984,0.0,0.0,0.0,2026-05-06 16:02:45.925
2629,468031,0.0,0.0,0.0,2026-05-06 16:02:45.925
2630,468251,0.0,0.0,0.0,2026-05-06 16:02:45.925
2631,468471,0.0,0.0,0.0,2026-05-06 16:02:45.925
2632,468516,0.0,0.0,0.0,2026-05-06 16:02:45.925
2633,468734,0.0,0.0,0.0,2026-05-06 16:02:45.925
2634,468951,0.0,0.0,0.0,2026-05-06 16:02:45.925
2635,468999,0.0,0.0,0.0,2026-05-06 16:02:45.925
2636,469218,0.0,0.0,0.0,2026-05-06 16:02:45.925
2637,469437,0.0,0.0,0.0,2026-05-06 16:02:45.925
2638,469483,0.0,0.0,0.0,2026-05-06 16:02:45.925
2639,469922,0.0,0.0,0.0,2026-05-06 16:02:45.925
2640,469969,0.0,0.0,0.0,2026-05-06 16:02:45.925
2641,470187,0.0,0.0,0.0,2026-05-06 16:02:45.925
2642,470439,0.0,0.0,0.0,2026-05-06 16:02:45.925
2643,470658,0.0,0.0,0.0,2026-05-06 16:02:45.925
2644,470876,0.0,0.0,0.0,2026-05-06 16:02:45.925
2645,470923,0.0,0.0,0.0,2026-05-06 16:02:45.925
2646,471141,0.0,0.0,0.0,2026-05-06 16:02:46.634
2647,471358,0.0,0.0,0.0,2026-05-06 16:02:46.634
2648,471405,0.0,0.0,0.0,2026-05-06 16:02:46.634
2649,471622,0.0,0.0,0.0,2026-05-06 16:02:46.634
2650,471842,0.0,0.0,0.0,2026-05-06 16:02:46.634
2651,471889,0.0,0.0,0.0,2026-05-06 16:02:46.634
2652,472107,0.0,0.0,0.0,2026-05-06 16:02:46.634
2653,472325,0.0,0.0,0.0,2026-05-06 16:02:46.634
2654,472372,0.0,0.0,0.0,2026-05-06 16:02:46.634
2655,472590,0.0,0.0,0.0,2026-05-06 16:02:46.634
2656,472808,0.0,0.0,0.0,2026-05-06 16:02:46.634
2657,472855,0.0,0.0,0.0,2026-05-06 16:02:46.634
2658,473072,0.0,0.0,0.0,2026-05-06 16:02:46.634
2659,473290,0.0,0.0,0.0,2026-05-06 16:02:46.634
2660,473337,0.0,0.0,0.0,2026-05-06 16:02:46.634
2661,473554,0.0,0.0,0.0,2026-05-06 16:02:46.634
2662,473771,0.0,0.0,0.0,2026-05-06 16:02:46.634
2663,473819,0.0,0.0,0.0,2026-05-06 16:02:46.634
2664,474037,0.0,0.0,0.0,2026-05-06 16:02:46.634
2665,474255,0.0,0.0,0.0,2026-05-06 16:02:46.634
2666,474302,0.0,0.0,0.0,2026-05-06 16:02:46.634
2667,474520,0.0,0.0,0.0,2026-05-06 16:02:46.634
2668,474740,0.0,0.0,0.0,2026-05-06 16:02:46.634
2669,474787,0.0,0.0,0.0,2026-05-06 16:02:46.634
2670,475008,0.0,0.0,0.0,2026-05-06 16:02:46.634
2671,475247,0.0,0.0,0.0,2026-05-06 16:02:46.634
2672,475464,0.0,0.0,0.0,2026-05-06 16:02:46.634
2673,475683,0.0,0.0,0.0,2026-05-06 16:02:46.634
2674,475730,0.0,0.0,0.0,2026-05-06 16:02:46.634
2675,475949,0.0,0.0,0.0,2026-05-06 16:02:46.634
2676,476166,0.0,0.0,0.0,2026-05-06 16:02:46.634
2677,476213,0.0,0.0,0.0,2026-05-06 16:02:46.634
2678,476431,0.0,0.0,0.0,2026-05-06 16:02:46.634
2679,476649,0.0,0.0,0.0,2026-05-06 16:02:46.634
2680,476696,0.0,0.0,0.0,2026-05-06 16:02:46.634
2681,476914,0.0,0.0,0.0,2026-05-06 16:02:46.634
2682,477133,0.0,0.0,0.0,2026-05-06 16:02:46.634
2683,477180,0.0,0.0,0.0,2026-05-06 16:02:46.634
2684,477618,0.0,0.0,0.0,2026-05-06 16:02:46.634
2685,477665,0.0,0.0,0.0,2026-05-06 16:02:46.634
2686,477882,0.0,0.0,0.0,2026-05-06 16:02:46.634
2687,478100,0.0,0.0,0.0,2026-05-06 16:02:46.634
2688,478148,0.0,0.0,0.0,2026-05-06 16:02:46.634
2689,478365,0.0,0.0,0.0,2026-05-06 16:02:46.634
2690,478582,0.0,0.0,0.0,2026-05-06 16:02:46.634
2691,478630,0.0,0.0,0.0,2026-05-06 16:02:46.634
2692,478850,0.0,0.0,0.0,2026-05-06 16:02:46.634
2693,479067,0.0,0.0,0.0,2026-05-06 16:02:46.634
2694,479114,0.0,0.0,0.0,2026-05-06 16:02:47.346
2695,479333,0.0,0.0,0.0,2026-05-06 16:02:47.346
2696,479552,0.0,0.0,0.0,2026-05-06 16:02:47.346
2697,479598,0.0,0.0,0.0,2026-05-06 16:02:47.346
2698,479815,0.0,0.0,0.0,2026-05-06 16:02:47.346
2699,480032,0.0,0.0,0.0,2026-05-06 16:02:47.346
2700,480080,0.0,0.0,0.0,2026-05-06 16:02:47.346
2701,480301,0.0,0.0,0.0,2026-05-06 16:02:47.346
2702,480521,0.0,0.0,0.0,2026-05-06 16:02:47.346
2703,480566,0.0,0.0,0.0,2026-05-06 16:02:47.346
2704,480784,0.0,0.0,0.0,2026-05-06 16:02:47.346
2705,481002,0.0,0.0,0.0,2026-05-06 16:02:47.346
2706,481049,0.0,0.0,0.0,2026-05-06 16:02:47.346
2707,481266,0.0,0.0,0.0,2026-05-06 16:02:47.346
2708,481483,0.0,0.0,0.0,2026-05-06 16:02:47.346
2709,481531,0.0,0.0,0.0,2026-05-06 16:02:47.346
2710,481749,0.0,0.0,0.0,2026-05-06 16:02:47.346
2711,481967,0.0,0.0,0.0,2026-05-06 16:02:47.346
2712,482014,0.0,0.0,0.0,2026-05-06 16:02:47.346
2713,482231,0.0,0.0,0.0,2026-05-06 16:02:47.346
2714,482448,0.0,0.0,0.0,2026-05-06 16:02:47.346
2715,482496,0.0,0.0,0.0,2026-05-06 16:02:47.346
2716,482716,0.0,0.0,0.0,2026-05-06 16:02:47.346
2717,482934,0.0,0.0,0.0,2026-05-06 16:02:47.346
2718,482981,0.0,0.0,0.0,2026-05-06 16:02:47.346
2719,483201,0.0,0.0,0.0,2026-05-06 16:02:47.346
2720,483420,0.0,0.0,0.0,2026-05-06 16:02:47.346
2721,483466,0.0,0.0,0.0,2026-05-06 16:02:47.346
2722,483684,0.0,0.0,0.0,2026-05-06 16:02:47.346
2723,483901,0.0,0.0,0.0,2026-05-06 16:02:47.346
2724,483948,0.0,0.0,0.0,2026-05-06 16:02:47.346
2725,484168,0.0,0.0,0.0,2026-05-06 16:02:47.346
2726,484385,0.0,0.0,0.0,2026-05-06 16:02:47.346
2727,484432,0.0,0.0,0.0,2026-05-06 16:02:47.346
2728,484694,0.0,0.0,0.0,2026-05-06 16:02:47.346
2729,484916,0.0,0.0,0.0,2026-05-06 16:02:47.346
2730,485359,0.0,0.0,0.0,2026-05-06 16:02:47.346
2731,485404,0.0,0.0,0.0,2026-05-06 16:02:47.346
2732,485623,0.0,0.0,0.0,2026-05-06 16:02:47.346
2733,485841,0.0,0.0,0.0,2026-05-06 16:02:47.346
2734,485888,0.0,0.0,0.0,2026-05-06 16:02:47.346
2735,486110,0.0,0.0,0.0,2026-05-06 16:02:47.346
2736,486349,0.0,0.0,0.0,2026-05-06 16:02:47.346
2737,486568,0.0,0.0,0.0,2026-05-06 16:02:47.346
2738,486785,0.0,0.0,0.0,2026-05-06 16:02:47.346
2739,486832,0.0,0.0,0.0,2026-05-06 16:02:47.346
2740,487051,0.0,0.0,0.0,2026-05-06 16:02:47.346
2741,487270,0.0,0.0,0.0,2026-05-06 16:02:48.056
2742,487317,0.0,0.0,0.0,2026-05-06 16:02:48.056
2743,487534,0.0,0.0,0.0,2026-05-06 16:02:48.056
2744,487751,0.0,0.0,0.0,2026-05-06 16:02:48.056
2745,487799,0.0,0.0,0.0,2026-05-06 16:02:48.056
2746,488018,0.0,0.0,0.0,2026-05-06 16:02:48.056
2747,488238,0.0,0.0,0.0,2026-05-06 16:02:48.056
2748,488284,0.0,0.0,0.0,2026-05-06 16:02:48.056
2749,488503,0.0,0.0,0.0,2026-05-06 16:02:48.056
2750,488723,0.0,0.0,0.0,2026-05-06 16:02:48.056
2751,488769,0.0,0.0,0.0,2026-05-06 16:02:48.056
2752,488990,0.0,0.0,0.0,2026-05-06 16:02:48.056
2753,489208,0.0,0.0,0.0,2026-05-06 16:02:48.056
2754,489255,0.0,0.0,0.0,2026-05-06 16:02:48.056
2755,489472,0.0,0.0,0.0,2026-05-06 16:02:48.056
2756,489691,0.0,0.0,0.0,2026-05-06 16:02:48.056
2757,489738,0.0,0.0,0.0,2026-05-06 16:02:48.056
2758,489957,0.0,0.0,0.0,2026-05-06 16:02:48.056
2759,490175,0.0,0.0,0.0,2026-05-06 16:02:48.056
2760,490222,0.0,0.0,0.0,2026-05-06 16:02:48.056
2761,490441,0.0,0.0,0.0,2026-05-06 16:02:48.056
2762,490659,0.0,0.0,0.0,2026-05-06 16:02:48.056
2763,490706,0.0,0.0,0.0,2026-05-06 16:02:48.056
2764,490927,0.0,0.0,0.0,2026-05-06 16:02:48.056
2765,491146,0.0,0.0,0.0,2026-05-06 16:02:48.056
2766,491191,0.0,0.0,0.0,2026-05-06 16:02:48.056
2767,491408,0.0,0.0,0.0,2026-05-06 16:02:48.056
2768,491627,0.0,0.0,0.0,2026-05-06 16:02:48.056
2769,491674,0.0,0.0,0.0,2026-05-06 16:02:48.056
2770,491894,0.0,0.0,0.0,2026-05-06 16:02:48.056
2771,492114,0.0,0.0,0.0,2026-05-06 16:02:48.056
2772,492160,0.0,0.0,0.0,2026-05-06 16:02:48.056
2773,492379,0.0,0.0,0.0,2026-05-06 16:02:48.056
2774,492598,0.0,0.0,0.0,2026-05-06 16:02:48.056
2775,492644,0.0,0.0,0.0,2026-05-06 16:02:48.056
2776,492862,0.0,0.0,0.0,2026-05-06 16:02:48.056
2777,493080,0.0,0.0,0.0,2026-05-06 16:02:48.056
2778,493127,0.0,0.0,0.0,2026-05-06 16:02:48.056
2779,493344,0.0,0.0,0.0,2026-05-06 16:02:48.056
2780,493563,0.0,0.0,0.0,2026-05-06 16:02:48.056
2781,493610,0.0,0.0,0.0,2026-05-06 16:02:48.056
2782,493830,0.0,0.0,0.0,2026-05-06 16:02:48.056
2783,494051,0.0,0.0,0.0,2026-05-06 16:02:48.056
2784,494096,0.0,0.0,0.0,2026-05-06 16:02:48.056
2785,494315,0.0,0.0,0.0,2026-05-06 16:02:48.056
2786,494534,0.0,0.0,0.0,2026-05-06 16:02:48.056
2787,494581,0.0,0.0,0.0,2026-05-06 16:02:48.056
2788,494801,0.0,0.0,0.0,2026-05-06 16:02:48.056
2789,495020,0.0,0.0,0.0,2026-05-06 16:02:48.056
2790,495066,0.0,0.0,0.0,2026-05-06 16:02:48.056
2791,495286,0.0,0.0,0.0,2026-05-06 16:02:48.768
2792,495506,0.0,0.0,0.0,2026-05-06 16:02:48.768
2793,495551,0.0,0.0,0.0,2026-05-06 16:02:48.768
2794,495770,0.0,0.0,0.0,2026-05-06 16:02:48.768
2795,495989,0.0,0.0,0.0,2026-05-06 16:02:48.768
2796,496036,0.0,0.0,0.0,2026-05-06 16:02:48.768
2797,496256,0.0,0.0,0.0,2026-05-06 16:02:48.768
2798,496475,0.0,0.0,0.0,2026-05-06 16:02:48.768
2799,496521,0.0,0.0,0.0,2026-05-06 16:02:48.768
2800,496742,0.0,0.0,0.0,2026-05-06 16:02:48.768
2801,496960,0.0,0.0,0.0,2026-05-06 16:02:48.768
2802,497007,0.0,0.0,0.0,2026-05-06 16:02:48.768
2803,497226,0.0,0.0,0.0,2026-05-06 16:02:48.768
2804,497443,0.0,0.0,0.0,2026-05-06 16:02:48.768
2805,497490,0.0,0.0,0.0,2026-05-06 16:02:48.768
2806,497708,0.0,0.0,0.0,2026-05-06 16:02:48.768
2807,497926,0.0,0.0,0.0,2026-05-06 16:02:48.768
2808,497973,0.0,0.0,0.0,2026-05-06 16:02:48.768
2809,498192,0.0,0.0,0.0,2026-05-06 16:02:48.768
2810,498410,0.0,0.0,0.0,2026-05-06 16:02:48.768
2811,498457,0.0,0.0,0.0,2026-05-06 16:02:48.768
2812,498676,0.0,0.0,0.0,2026-05-06 16:02:48.768
2813,498895,0.0,0.0,0.0,2026-05-06 16:02:48.768
2814,499055,0.0,0.0,0.0,2026-05-06 16:02:48.768
2815,499274,0.0,0.0,0.0,2026-05-06 16:02:48.768
2816,499399,0.0,0.0,0.0,2026-05-06 16:02:48.768
2817,499617,0.0,0.0,0.0,2026-05-06 16:02:48.768
2818,499836,0.0,0.0,0.0,2026-05-06 16:02:48.768
2819,499883,0.0,0.0,0.0,2026-05-06 16:02:48.768
2820,500102,0.0,0.0,0.0,2026-05-06 16:02:48.768
2821,500320,0.0,0.0,0.0,2026-05-06 16:02:48.768
2822,500367,0.0,0.0,0.0,2026-05-06 16:02:48.768
2823,500585,0.0,0.0,0.0,2026-05-06 16:02:48.768
2824,500803,0.0,0.0,0.0,2026-05-06 16:02:48.768
2825,500850,0.0,0.0,0.0,2026-05-06 16:02:48.768
2826,501067,0.0,0.0,0.0,2026-05-06 16:02:48.768
2827,501285,0.0,0.0,0.0,2026-05-06 16:02:48.768
2828,501332,0.0,0.0,0.0,2026-05-06 16:02:48.768
2829,501550,0.0,0.0,0.0,2026-05-06 16:02:48.768
2830,501768,0.0,0.0,0.0,2026-05-06 16:02:48.768
2831,501815,0.0,0.0,0.0,2026-05-06 16:02:48.768
2832,502035,0.0,0.0,0.0,2026-05-06 16:02:48.768
2833,502252,0.0,0.0,0.0,2026-05-06 16:02:48.768
2834,502299,0.0,0.0,0.0,2026-05-06 16:02:48.768
2835,502518,0.0,0.0,0.0,2026-05-06 16:02:48.768
2836,502737,0.0,0.0,0.0,2026-05-06 16:02:48.768
2837,502840,0.0,0.0,0.0,2026-05-06 16:02:48.768
2838,503060,0.0,0.0,0.0,2026-05-06 16:02:48.768
2839,503223,0.0,0.0,0.0,2026-05-06 16:02:48.768
2840,503268,0.0,0.0,0.0,2026-05-06 16:02:48.768
2841,503488,0.0,0.0,0.0,2026-05-06 16:02:49.475
2842,503708,0.0,0.0,0.0,2026-05-06 16:02:49.475
2843,503754,0.0,0.0,0.0,2026-05-06 16:02:49.475
2844,503973,0.0,0.0,0.0,2026-05-06 16:02:49.475
2845,504191,0.0,0.0,0.0,2026-05-06 16:02:49.475
2846,504238,0.0,0.0,0.0,2026-05-06 16:02:49.475
2847,504459,0.0,0.0,0.0,2026-05-06 16:02:49.475
2848,504677,0.0,0.0,0.0,2026-05-06 16:02:49.475
2849,504724,0.0,0.0,0.0,2026-05-06 16:02:49.475
2850,504942,0.0,0.0,0.0,2026-05-06 16:02:49.475
2851,505160,0.0,0.0,0.0,2026-05-06 16:02:49.475
2852,505207,0.0,0.0,0.0,2026-05-06 16:02:49.475
2853,505425,0.0,0.0,0.0,2026-05-06 16:02:49.475
2854,505644,0.0,0.0,0.0,2026-05-06 16:02:49.475
2855,505691,0.0,0.0,0.0,2026-05-06 16:02:49.475
2856,505910,0.0,0.0,0.0,2026-05-06 16:02:49.475
2857,506130,0.0,0.0,0.0,2026-05-06 16:02:49.475
2858,506176,0.0,0.0,0.0,2026-05-06 16:02:49.475
2859,506396,0.0,0.0,0.0,2026-05-06 16:02:49.475
2860,506661,0.0,0.0,0.0,2026-05-06 16:02:49.475
2861,506881,0.0,0.0,0.0,2026-05-06 16:02:49.475
2862,507102,0.0,0.0,0.0,2026-05-06 16:02:49.475
2863,507147,0.0,0.0,0.0,2026-05-06 16:02:49.475
2864,507365,0.0,0.0,0.0,2026-05-06 16:02:49.475
2865,507584,0.0,0.0,0.0,2026-05-06 16:02:49.475
2866,507631,0.0,0.0,0.0,2026-05-06 16:02:49.475
2867,507850,0.0,0.0,0.0,2026-05-06 16:02:49.475
2868,508067,0.0,0.0,0.0,2026-05-06 16:02:49.475
2869,508114,0.0,0.0,0.0,2026-05-06 16:02:49.475
2870,508333,0.0,0.0,0.0,2026-05-06 16:02:49.475
2871,508553,0.0,0.0,0.0,2026-05-06 16:02:49.475
2872,508599,0.0,0.0,0.0,2026-05-06 16:02:49.475
2873,508816,0.0,0.0,0.0,2026-05-06 16:02:49.475
2874,509033,0.0,0.0,0.0,2026-05-06 16:02:49.475
2875,509081,0.0,0.0,0.0,2026-05-06 16:02:49.475
2876,509301,0.0,0.0,0.0,2026-05-06 16:02:49.475
2877,509518,0.0,0.0,0.0,2026-05-06 16:02:49.475
2878,509565,0.0,0.0,0.0,2026-05-06 16:02:49.475
2879,509783,0.0,0.0,0.0,2026-05-06 16:02:49.475
2880,510002,0.0,0.0,0.0,2026-05-06 16:02:49.475
2881,510049,0.0,0.0,0.0,2026-05-06 16:02:49.475
2882,510267,0.0,0.0,0.0,2026-05-06 16:02:49.475
2883,510485,0.0,0.0,0.0,2026-05-06 16:02:49.475
2884,510532,0.0,0.0,0.0,2026-05-06 16:02:49.475
2885,510750,0.0,0.0,0.0,2026-05-06 16:02:49.475
2886,510969,0.0,0.0,0.0,2026-05-06 16:02:49.475
2887,511016,0.0,0.0,0.0,2026-05-06 16:02:49.475
2888,511236,0.0,0.0,0.0,2026-05-06 16:02:49.475
2889,511456,0.0,0.0,0.0,2026-05-06 16:02:49.851
2890,511501,0.0,0.0,0.0,2026-05-06 16:02:49.851
2891,511720,0.0,0.0,0.0,2026-05-06 16:02:49.851
2892,511939,0.0,0.0,0.0,2026-05-06 16:02:49.851
2893,512263,0.0,0.0,0.0,2026-05-06 16:02:49.851
2894,512427,0.0,0.0,0.0,2026-05-06 16:02:49.851
2895,512472,0.0,0.0,0.0,2026-05-06 16:02:49.851
2896,512690,0.0,0.0,0.0,2026-05-06 16:02:49.851
2897,512908,0.0,0.0,0.0,2026-05-06 16:02:49.851
2898,512955,0.0,0.0,0.0,2026-05-06 16:02:49.851
2899,513173,0.0,0.0,0.0,2026-05-06 16:02:49.851
2900,513391,0.0,0.0,0.0,2026-05-06 16:02:49.851
2901,513438,0.0,0.0,0.0,2026-05-06 16:02:49.851
2902,513657,0.0,0.0,0.0,2026-05-06 16:02:49.851
2903,513876,0.0,0.0,0.0,2026-05-06 16:02:49.851
2904,513922,0.0,0.0,0.0,2026-05-06 16:02:49.851
2905,514139,0.0,0.0,0.0,2026-05-06 16:02:49.851
2906,514356,0.0,0.0,0.0,2026-05-06 16:02:49.851
2907,514404,0.0,0.0,0.0,2026-05-06 16:02:49.851
2908,514623,0.0,0.0,0.0,2026-05-06 16:02:49.851
2909,514840,0.0,0.0,0.0,2026-05-06 16:02:49.851
2910,514887,0.0,0.0,0.0,2026-05-06 16:02:49.851
2911,515105,0.0,0.0,0.0,2026-05-06 16:02:49.851
2912,515322,0.0,0.0,0.0,2026-05-06 16:02:49.851
2913,515370,0.0,0.0,0.0,2026-05-06 16:02:50.537
2914,515587,0.0,0.0,0.0,2026-05-06 16:02:50.537
2915,515807,0.0,0.0,0.0,2026-05-06 16:02:50.537
2916,515854,0.0,0.0,0.0,2026-05-06 16:02:50.537
2917,516073,0.0,0.0,0.0,2026-05-06 16:02:50.537
2918,516292,0.0,0.0,0.0,2026-05-06 16:02:50.537
2919,516338,0.0,0.0,0.0,2026-05-06 16:02:50.537
2920,516556,0.0,0.0,0.0,2026-05-06 16:02:50.537
2921,516774,0.0,0.0,0.0,2026-05-06 16:02:50.537
2922,516877,0.0,0.0,0.0,2026-05-06 16:02:50.537
2923,517096,0.0,0.0,0.0,2026-05-06 16:02:50.537
2924,517260,0.0,0.0,0.0,2026-05-06 16:02:50.537
2925,517306,0.0,0.0,0.0,2026-05-06 16:02:50.537
2926,517523,0.0,0.0,0.0,2026-05-06 16:02:50.537
2927,517741,0.0,0.0,0.0,2026-05-06 16:02:50.537
2928,517788,0.0,0.0,0.0,2026-05-06 16:02:50.537
2929,518006,0.0,0.0,0.0,2026-05-06 16:02:50.537
2930,518224,0.0,0.0,0.0,2026-05-06 16:02:50.537
2931,518271,0.0,0.0,0.0,2026-05-06 16:02:50.537
2932,518489,0.0,0.0,0.0,2026-05-06 16:02:50.537
2933,518707,0.0,0.0,0.0,2026-05-06 16:02:50.537
2934,518754,0.0,0.0,0.0,2026-05-06 16:02:50.537
2935,518973,0.0,0.0,0.0,2026-05-06 16:02:50.537
2936,519193,0.0,0.0,0.0,2026-05-06 16:02:50.537
2937,519239,0.0,0.0,0.0,2026-05-06 16:02:50.537
2938,519457,0.0,0.0,0.0,2026-05-06 16:02:50.537
2939,519676,0.0,0.0,0.0,2026-05-06 16:02:50.537
2940,519723,0.0,0.0,0.0,2026-05-06 16:02:50.537
2941,519945,0.0,0.0,0.0,2026-05-06 16:02:50.537
2942,520163,0.0,0.0,0.0,2026-05-06 16:02:50.537
2943,520210,0.0,0.0,0.0,2026-05-06 16:02:50.537
2944,520427,0.0,0.0,0.0,2026-05-06 16:02:50.537
2945,520645,0.0,0.0,0.0,2026-05-06 16:02:50.537
2946,520692,0.0,0.0,0.0,2026-05-06 16:02:50.537
2947,520911,0.0,0.0,0.0,2026-05-06 16:02:50.537
2948,521130,0.0,0.0,0.0,2026-05-06 16:02:50.537
2949,521177,0.0,0.0,0.0,2026-05-06 16:02:50.537
2950,521396,0.0,0.0,0.0,2026-05-06 16:02:50.537
2951,521617,0.0,0.0,0.0,2026-05-06 16:02:50.537
2952,521662,0.0,0.0,0.0,2026-05-06 16:02:50.537
2953,521881,0.0,0.0,0.0,2026-05-06 16:02:50.537
2954,522099,0.0,0.0,0.0,2026-05-06 16:02:50.537
2955,522146,0.0,0.0,0.0,2026-05-06 16:02:50.537
2956,522364,0.0,0.0,0.0,2026-05-06 16:02:50.537
2957,522581,0.0,0.0,0.0,2026-05-06 16:02:50.537
2958,522628,0.0,0.0,0.0,2026-05-06 16:02:50.537
2959,522848,0.0,0.0,0.0,2026-05-06 16:02:50.537
2960,523068,0.0,0.0,0.0,2026-05-06 16:02:50.537
2961,523114,0.0,0.0,0.0,2026-05-06 16:02:50.537
2962,523331,0.0,0.0,0.0,2026-05-06 16:02:50.537
2963,523549,0.0,0.0,0.0,2026-05-06 16:02:51.240
2964,523596,0.0,0.0,0.0,2026-05-06 16:02:51.240
2965,523816,0.0,0.0,0.0,2026-05-06 16:02:51.240
2966,524033,0.0,0.0,0.0,2026-05-06 16:02:51.240
2967,524080,0.0,0.0,0.0,2026-05-06 16:02:51.240
2968,524297,0.0,0.0,0.0,2026-05-06 16:02:51.240
2969,524514,0.0,0.0,0.0,2026-05-06 16:02:51.240
2970,524562,0.0,0.0,0.0,2026-05-06 16:02:51.240
2971,524780,0.0,0.0,0.0,2026-05-06 16:02:51.240
2972,524997,0.0,0.0,0.0,2026-05-06 16:02:51.240
2973,525044,0.0,0.0,0.0,2026-05-06 16:02:51.240
2974,525263,0.0,0.0,0.0,2026-05-06 16:02:51.240
2975,525482,0.0,0.0,0.0,2026-05-06 16:02:51.240
2976,525529,0.0,0.0,0.0,2026-05-06 16:02:51.240
2977,525749,0.0,0.0,0.0,2026-05-06 16:02:51.240
2978,525968,0.0,0.0,0.0,2026-05-06 16:02:51.240
2979,526014,0.0,0.0,0.0,2026-05-06 16:02:51.240
2980,526231,0.0,0.0,0.0,2026-05-06 16:02:51.240
2981,526448,0.0,0.0,0.0,2026-05-06 16:02:51.240
2982,526496,0.0,0.0,0.0,2026-05-06 16:02:51.240
2983,526715,0.0,0.0,0.0,2026-05-06 16:02:51.240
2984,526934,0.0,0.0,0.0,2026-05-06 16:02:51.240
2985,526980,0.0,0.0,0.0,2026-05-06 16:02:51.240
2986,527198,0.0,0.0,0.0,2026-05-06 16:02:51.240
2987,527417,0.0,0.0,0.0,2026-05-06 16:02:51.240
2988,527464,0.0,0.0,0.0,2026-05-06 16:02:51.240
2989,527686,0.0,0.0,0.0,2026-05-06 16:02:51.240
2990,527905,0.0,0.0,0.0,2026-05-06 16:02:51.240
2991,527951,0.0,0.0,0.0,2026-05-06 16:02:51.240
2992,528172,0.0,0.0,0.0,2026-05-06 16:02:51.240
2993,528436,0.0,0.0,0.0,2026-05-06 16:02:51.240
2994,528656,0.0,0.0,0.0,2026-05-06 16:02:51.240
2995,528876,0.0,0.0,0.0,2026-05-06 16:02:51.240
2996,528922,0.0,0.0,0.0,2026-05-06 16:02:51.240
2997,529139,0.0,0.0,0.0,2026-05-06 16:02:51.240
2998,529357,0.0,0.0,0.0,2026-05-06 16:02:51.240
2999,529404,0.0,0.0,0.0,2026-05-06 16:02:51.240
3000,529622,0.0,0.0,0.0,2026-05-06 16:02:51.240
3001,529840,0.0,0.0,0.0,2026-05-06 16:02:51.240
3002,529887,0.0,0.0,0.0,2026-05-06 16:02:51.240
3003,530104,0.0,0.0,0.0,2026-05-06 16:02:51.240
3004,530322,0.0,0.0,0.0,2026-05-06 16:02:51.240
3005,530370,0.0,0.0,0.0,2026-05-06 16:02:51.240
3006,530591,0.0,0.0,0.0,2026-05-06 16:02:51.240
3007,530808,0.0,0.0,0.0,2026-05-06 16:02:51.240
3008,530854,0.0,0.0,0.0,2026-05-06 16:02:51.240
3009,531071,0.0,0.0,0.0,2026-05-06 16:02:51.240
3010,531288,0.0,0.0,0.0,2026-05-06 16:02:51.240
3011,531336,0.0,0.0,0.0,2026-05-06 16:02:51.240
3012,531555,0.0,0.0,0.0,2026-05-06 16:02:51.951
3013,531773,0.0,0.0,0.0,2026-05-06 16:02:51.951
3014,531820,0.0,0.0,0.0,2026-05-06 16:02:51.951
3015,532037,0.0,0.0,0.0,2026-05-06 16:02:51.951
3016,532254,0.0,0.0,0.0,2026-05-06 16:02:51.951
3017,532302,0.0,0.0,0.0,2026-05-06 16:02:51.951
3018,532519,0.0,0.0,0.0,2026-05-06 16:02:51.951
3019,532737,0.0,0.0,0.0,2026-05-06 16:02:51.951
3020,532784,0.0,0.0,0.0,2026-05-06 16:02:51.951
3021,533003,0.0,0.0,0.0,2026-05-06 16:02:51.951
3022,533221,0.0,0.0,0.0,2026-05-06 16:02:51.951
3023,533268,0.0,0.0,0.0,2026-05-06 16:02:51.951
3024,533486,0.0,0.0,0.0,2026-05-06 16:02:51.951
3025,533704,0.0,0.0,0.0,2026-05-06 16:02:51.951
3026,533751,0.0,0.0,0.0,2026-05-06 16:02:51.951
3027,533969,0.0,0.0,0.0,2026-05-06 16:02:51.951
3028,534187,0.0,0.0,0.0,2026-05-06 16:02:51.951
3029,534234,0.0,0.0,0.0,2026-05-06 16:02:51.951
3030,534451,0.0,0.0,0.0,2026-05-06 16:02:51.951
3031,534668,0.0,0.0,0.0,2026-05-06 16:02:51.951
3032,534716,0.0,0.0,0.0,2026-05-06 16:02:51.951
3033,534933,0.0,0.0,0.0,2026-05-06 16:02:51.951
3034,535151,0.0,0.0,0.0,2026-05-06 16:02:51.951
3035,535198,0.0,0.0,0.0,2026-05-06 16:02:51.951
3036,535420,0.0,0.0,0.0,2026-05-06 16:02:51.951
3037,535637,0.0,0.0,0.0,2026-05-06 16:02:51.951
3038,535684,0.0,0.0,0.0,2026-05-06 16:02:51.951
3039,535902,0.0,0.0,0.0,2026-05-06 16:02:51.951
3040,536121,0.0,0.0,0.0,2026-05-06 16:02:51.951
3041,536339,0.0,0.0,0.0,2026-05-06 16:02:51.951
3042,536558,0.0,0.0,0.0,2026-05-06 16:02:51.951
3043,536625,0.0,0.0,0.0,2026-05-06 16:02:51.951
3044,536844,0.0,0.0,0.0,2026-05-06 16:02:51.951
3045,537063,0.0,0.0,0.0,2026-05-06 16:02:51.951
3046,537110,0.0,0.0,0.0,2026-05-06 16:02:51.951
3047,537327,0.0,0.0,0.0,2026-05-06 16:02:51.951
3048,537544,0.0,0.0,0.0,2026-05-06 16:02:51.951
3049,537592,0.0,0.0,0.0,2026-05-06 16:02:51.951
3050,537810,0.0,0.0,0.0,2026-05-06 16:02:51.951
3051,538027,0.0,0.0,0.0,2026-05-06 16:02:51.951
3052,538074,0.0,0.0,0.0,2026-05-06 16:02:51.951
3053,538293,0.0,0.0,0.0,2026-05-06 16:02:51.951
3054,538512,0.0,0.0,0.0,2026-05-06 16:02:51.951
3055,538559,0.0,0.0,0.0,2026-05-06 16:02:51.951
3056,538776,0.0,0.0,0.0,2026-05-06 16:02:51.951
3057,538993,0.0,0.0,0.0,2026-05-06 16:02:51.951
3058,539041,0.0,0.0,0.0,2026-05-06 16:02:51.951
3059,539259,0.0,0.0,0.0,2026-05-06 16:02:51.951
3060,539477,0.0,0.0,0.0,2026-05-06 16:02:51.951
3061,539524,0.0,0.0,0.0,2026-05-06 16:02:51.951
3062,539742,0.0,0.0,0.0,2026-05-06 16:02:52.677
3063,539961,0.0,0.0,0.0,2026-05-06 16:02:52.677
3064,540008,0.0,0.0,0.0,2026-05-06 16:02:52.677
3065,540225,0.0,0.0,0.0,2026-05-06 16:02:52.677
3066,540444,0.0,0.0,0.0,2026-05-06 16:02:52.677
3067,540491,0.0,0.0,0.0,2026-05-06 16:02:52.677
3068,540709,0.0,0.0,0.0,2026-05-06 16:02:52.677
3069,540927,0.0,0.0,0.0,2026-05-06 16:02:52.677
3070,540974,0.0,0.0,0.0,2026-05-06 16:02:52.677
3071,541191,0.0,0.0,0.0,2026-05-06 16:02:52.677
3072,541408,0.0,0.0,0.0,2026-05-06 16:02:52.677
3073,541456,0.0,0.0,0.0,2026-05-06 16:02:52.677
3074,541674,0.0,0.0,0.0,2026-05-06 16:02:52.677
3075,541892,0.0,0.0,0.0,2026-05-06 16:02:52.677
3076,541939,0.0,0.0,0.0,2026-05-06 16:02:52.677
3077,542156,0.0,0.0,0.0,2026-05-06 16:02:52.677
3078,542374,0.0,0.0,0.0,2026-05-06 16:02:52.677
3079,542421,0.0,0.0,0.0,2026-05-06 16:02:52.677
3080,542639,0.0,0.0,0.0,2026-05-06 16:02:52.677
3081,542857,0.0,0.0,0.0,2026-05-06 16:02:52.677
3082,542904,0.0,0.0,0.0,2026-05-06 16:02:52.677
3083,543126,0.0,0.0,0.0,2026-05-06 16:02:52.677
3084,543345,0.0,0.0,0.0,2026-05-06 16:02:52.677
3085,543392,0.0,0.0,0.0,2026-05-06 16:02:52.677
3086,543609,0.0,0.0,0.0,2026-05-06 16:02:52.677
3087,543826,0.0,0.0,0.0,2026-05-06 16:02:52.677
3088,543874,0.0,0.0,0.0,2026-05-06 16:02:52.677
3089,544094,0.0,0.0,0.0,2026-05-06 16:02:52.677
3090,544313,0.0,0.0,0.0,2026-05-06 16:02:52.677
3091,544359,0.0,0.0,0.0,2026-05-06 16:02:52.677
3092,544577,0.0,0.0,0.0,2026-05-06 16:02:52.677
3093,544794,0.0,0.0,0.0,2026-05-06 16:02:52.677
3094,544841,0.0,0.0,0.0,2026-05-06 16:02:52.677
3095,545059,0.0,0.0,0.0,2026-05-06 16:02:52.677
3096,545277,0.0,0.0,0.0,2026-05-06 16:02:52.677
3097,545324,0.0,0.0,0.0,2026-05-06 16:02:52.677
3098,545541,0.0,0.0,0.0,2026-05-06 16:02:52.677
3099,545758,0.0,0.0,0.0,2026-05-06 16:02:52.677
3100,545806,0.0,0.0,0.0,2026-05-06 16:02:52.677
3101,546024,0.0,0.0,0.0,2026-05-06 16:02:52.677
3102,546242,0.0,0.0,0.0,2026-05-06 16:02:52.677
3103,546289,0.0,0.0,0.0,2026-05-06 16:02:52.677
3104,546506,0.0,0.0,0.0,2026-05-06 16:02:52.677
3105,546724,0.0,0.0,0.0,2026-05-06 16:02:52.677
3106,546772,0.0,0.0,0.0,2026-05-06 16:02:52.677
3107,546990,0.0,0.0,0.0,2026-05-06 16:02:52.677
3108,547208,0.0,0.0,0.0,2026-05-06 16:02:52.677
3109,547255,0.0,0.0,0.0,2026-05-06 16:02:52.677
3110,547472,0.0,0.0,0.0,2026-05-06 16:02:52.677
3111,547690,0.0,0.0,0.0,2026-05-06 16:02:52.677
3112,547737,0.0,0.0,0.0,2026-05-06 16:02:53.387
3113,547956,0.0,0.0,0.0,2026-05-06 16:02:53.387
3114,548173,0.0,0.0,0.0,2026-05-06 16:02:53.387
3115,548220,0.0,0.0,0.0,2026-05-06 16:02:53.387
3116,548437,0.0,0.0,0.0,2026-05-06 16:02:53.387
3117,548655,0.0,0.0,0.0,2026-05-06 16:02:53.387
3118,548703,0.0,0.0,0.0,2026-05-06 16:02:53.387
3119,548921,0.0,0.0,0.0,2026-05-06 16:02:53.387
3120,549139,0.0,0.0,0.0,2026-05-06 16:02:53.387
3121,549186,0.0,0.0,0.0,2026-05-06 16:02:53.387
3122,549404,0.0,0.0,0.0,2026-05-06 16:02:53.387
3123,549623,0.0,0.0,0.0,2026-05-06 16:02:53.387
3124,549670,0.0,0.0,0.0,2026-05-06 16:02:53.387
3125,549887,0.0,0.0,0.0,2026-05-06 16:02:53.387
3126,550151,0.0,0.0,0.0,2026-05-06 16:02:53.387
3127,550368,0.0,0.0,0.0,2026-05-06 16:02:53.387
3128,550585,0.0,0.0,0.0,2026-05-06 16:02:53.387
3129,550633,0.0,0.0,0.0,2026-05-06 16:02:53.387
3130,550853,0.0,0.0,0.0,2026-05-06 16:02:53.387
3131,551071,0.0,0.0,0.0,2026-05-06 16:02:53.387
3132,551119,0.0,0.0,0.0,2026-05-06 16:02:53.387
3133,551336,0.0,0.0,0.0,2026-05-06 16:02:53.387
3134,551555,0.0,0.0,0.0,2026-05-06 16:02:53.387
3135,551602,0.0,0.0,0.0,2026-05-06 16:02:53.387
3136,551821,0.0,0.0,0.0,2026-05-06 16:02:53.387
3137,552039,0.0,0.0,0.0,2026-05-06 16:02:53.387
3138,552086,0.0,0.0,0.0,2026-05-06 16:02:53.387
3139,552303,0.0,0.0,0.0,2026-05-06 16:02:53.387
3140,552522,0.0,0.0,0.0,2026-05-06 16:02:53.387
3141,552569,0.0,0.0,0.0,2026-05-06 16:02:53.387
3142,552786,0.0,0.0,0.0,2026-05-06 16:02:53.387
3143,553003,0.0,0.0,0.0,2026-05-06 16:02:53.387
3144,553051,0.0,0.0,0.0,2026-05-06 16:02:53.387
3145,553268,0.0,0.0,0.0,2026-05-06 16:02:53.387
3146,553485,0.0,0.0,0.0,2026-05-06 16:02:53.387
3147,553533,0.0,0.0,0.0,2026-05-06 16:02:53.387
3148,553750,0.0,0.0,0.0,2026-05-06 16:02:53.387
3149,553967,0.0,0.0,0.0,2026-05-06 16:02:53.387
3150,554015,0.0,0.0,0.0,2026-05-06 16:02:53.387
3151,554234,0.0,0.0,0.0,2026-05-06 16:02:53.387
3152,554452,0.0,0.0,0.0,2026-05-06 16:02:53.387
3153,554499,0.0,0.0,0.0,2026-05-06 16:02:53.387
3154,554718,0.0,0.0,0.0,2026-05-06 16:02:53.387
3155,554937,0.0,0.0,0.0,2026-05-06 16:02:53.387
3156,554983,0.0,0.0,0.0,2026-05-06 16:02:53.387
3157,555200,0.0,0.0,0.0,2026-05-06 16:02:53.387
3158,555417,0.0,0.0,0.0,2026-05-06 16:02:53.387
3159,555465,0.0,0.0,0.0,2026-05-06 16:02:53.387
3160,555682,0.0,0.0,0.0,2026-05-06 16:02:53.387
3161,555899,0.0,0.0,0.0,2026-05-06 16:02:54.098
3162,555947,0.0,0.0,0.0,2026-05-06 16:02:54.098
3163,556165,0.0,0.0,0.0,2026-05-06 16:02:54.098
3164,556382,0.0,0.0,0.0,2026-05-06 16:02:54.098
3165,556430,0.0,0.0,0.0,2026-05-06 16:02:54.098
3166,556648,0.0,0.0,0.0,2026-05-06 16:02:54.098
3167,556866,0.0,0.0,0.0,2026-05-06 16:02:54.098
3168,556913,0.0,0.0,0.0,2026-05-06 16:02:54.098
3169,557131,0.0,0.0,0.0,2026-05-06 16:02:54.098
3170,557350,0.0,0.0,0.0,2026-05-06 16:02:54.098
3171,557397,0.0,0.0,0.0,2026-05-06 16:02:54.098
3172,557614,0.0,0.0,0.0,2026-05-06 16:02:54.098
3173,557832,0.0,0.0,0.0,2026-05-06 16:02:54.098
3174,557879,0.0,0.0,0.0,2026-05-06 16:02:54.098
3175,558096,0.0,0.0,0.0,2026-05-06 16:02:54.098
3176,558313,0.0,0.0,0.0,2026-05-06 16:02:54.098
3177,558361,0.0,0.0,0.0,2026-05-06 16:02:54.098
3178,558581,0.0,0.0,0.0,2026-05-06 16:02:54.098
3179,558798,0.0,0.0,0.0,2026-05-06 16:02:54.098
3180,558846,0.0,0.0,0.0,2026-05-06 16:02:54.098
3181,559063,0.0,0.0,0.0,2026-05-06 16:02:54.098
3182,559281,0.0,0.0,0.0,2026-05-06 16:02:54.098
3183,559329,0.0,0.0,0.0,2026-05-06 16:02:54.098
3184,559547,0.0,0.0,0.0,2026-05-06 16:02:54.098
3185,559765,0.0,0.0,0.0,2026-05-06 16:02:54.098
3186,559812,0.0,0.0,0.0,2026-05-06 16:02:54.098
3187,560030,0.0,0.0,0.0,2026-05-06 16:02:54.098
3188,560248,0.0,0.0,0.0,2026-05-06 16:02:54.098
3189,560295,0.0,0.0,0.0,2026-05-06 16:02:54.098
3190,560513,0.0,0.0,0.0,2026-05-06 16:02:54.098
3191,560732,0.0,0.0,0.0,2026-05-06 16:02:54.098
3192,560779,0.0,0.0,0.0,2026-05-06 16:02:54.098
3193,560997,0.0,0.0,0.0,2026-05-06 16:02:54.098
3194,561215,0.0,0.0,0.0,2026-05-06 16:02:54.098
3195,561262,0.0,0.0,0.0,2026-05-06 16:02:54.098
3196,561480,0.0,0.0,0.0,2026-05-06 16:02:54.098
3197,561699,0.0,0.0,0.0,2026-05-06 16:02:54.098
3198,561746,0.0,0.0,0.0,2026-05-06 16:02:54.098
3199,561966,0.0,0.0,0.0,2026-05-06 16:02:54.098
3200,562184,0.0,0.0,0.0,2026-05-06 16:02:54.098
3201,562230,0.0,0.0,0.0,2026-05-06 16:02:54.098
3202,562447,0.0,0.0,0.0,2026-05-06 16:02:54.098
3203,562666,0.0,0.0,0.0,2026-05-06 16:02:54.098
3204,562713,0.0,0.0,0.0,2026-05-06 16:02:54.098
3205,562930,0.0,0.0,0.0,2026-05-06 16:02:54.098
3206,563147,0.0,0.0,0.0,2026-05-06 16:02:54.098
3207,563195,0.0,0.0,0.0,2026-05-06 16:02:54.098
3208,563412,0.0,0.0,0.0,2026-05-06 16:02:54.098
3209,563630,0.0,0.0,0.0,2026-05-06 16:02:54.098
3210,563678,0.0,0.0,0.0,2026-05-06 16:02:54.098
3211,563898,0.0,0.0,0.0,2026-05-06 16:02:54.800
3212,564117,0.0,0.0,0.0,2026-05-06 16:02:54.800
3213,564163,0.0,0.0,0.0,2026-05-06 16:02:54.800
3214,564380,0.0,0.0,0.0,2026-05-06 16:02:54.800
3215,564599,0.0,0.0,0.0,2026-05-06 16:02:54.800
3216,564703,0.0,0.0,0.0,2026-05-06 16:02:54.800
3217,564923,0.0,0.0,0.0,2026-05-06 16:02:54.800
3218,565085,0.0,0.0,0.0,2026-05-06 16:02:54.800
3219,565130,0.0,0.0,0.0,2026-05-06 16:02:54.800
3220,565349,0.0,0.0,0.0,2026-05-06 16:02:54.800
3221,565567,0.0,0.0,0.0,2026-05-06 16:02:54.800
3222,565614,0.0,0.0,0.0,2026-05-06 16:02:54.800
3223,565832,0.0,0.0,0.0,2026-05-06 16:02:54.800
3224,566049,0.0,0.0,0.0,2026-05-06 16:02:54.800
3225,566096,0.0,0.0,0.0,2026-05-06 16:02:54.800
3226,566316,0.0,0.0,0.0,2026-05-06 16:02:54.800
3227,566533,0.0,0.0,0.0,2026-05-06 16:02:54.800
3228,566751,0.0,0.0,0.0,2026-05-06 16:02:54.800
3229,566969,0.0,0.0,0.0,2026-05-06 16:02:54.800
3230,567038,0.0,0.0,0.0,2026-05-06 16:02:54.800
3231,567255,0.0,0.0,0.0,2026-05-06 16:02:54.800
3232,567472,0.0,0.0,0.0,2026-05-06 16:02:54.800
3233,567520,0.0,0.0,0.0,2026-05-06 16:02:54.800
3234,567738,0.0,0.0,0.0,2026-05-06 16:02:54.800
3235,567955,0.0,0.0,0.0,2026-05-06 16:02:54.800
3236,568002,0.0,0.0,0.0,2026-05-06 16:02:54.800
3237,568221,0.0,0.0,0.0,2026-05-06 16:02:54.800
3238,568440,0.0,0.0,0.0,2026-05-06 16:02:54.800
3239,568487,0.0,0.0,0.0,2026-05-06 16:02:54.800
3240,568705,0.0,0.0,0.0,2026-05-06 16:02:54.800
3241,568923,0.0,0.0,0.0,2026-05-06 16:02:54.800
3242,568970,0.0,0.0,0.0,2026-05-06 16:02:54.800
3243,569188,0.0,0.0,0.0,2026-05-06 16:02:54.800
3244,569406,0.0,0.0,0.0,2026-05-06 16:02:54.800
3245,569453,0.0,0.0,0.0,2026-05-06 16:02:54.800
3246,569672,0.0,0.0,0.0,2026-05-06 16:02:54.800
3247,569890,0.0,0.0,0.0,2026-05-06 16:02:54.800
3248,569937,0.0,0.0,0.0,2026-05-06 16:02:54.800
3249,570154,0.0,0.0,0.0,2026-05-06 16:02:54.800
3250,570371,0.0,0.0,0.0,2026-05-06 16:02:54.800
3251,570534,0.0,0.0,0.0,2026-05-06 16:02:54.800
3252,570751,0.0,0.0,0.0,2026-05-06 16:02:54.800
3253,570875,0.0,0.0,0.0,2026-05-06 16:02:54.800
3254,571094,0.0,0.0,0.0,2026-05-06 16:02:54.800
3255,571312,0.0,0.0,0.0,2026-05-06 16:02:54.800
3256,571359,0.0,0.0,0.0,2026-05-06 16:02:54.800
3257,571576,0.0,0.0,0.0,2026-05-06 16:02:54.800
3258,571840,0.0,0.0,0.0,2026-05-06 16:02:54.800
3259,572057,0.0,0.0,0.0,2026-05-06 16:02:55.510
3260,572276,0.0,0.0,0.0,2026-05-06 16:02:55.510
3261,572323,0.0,0.0,0.0,2026-05-06 16:02:55.510
3262,572541,0.0,0.0,0.0,2026-05-06 16:02:55.510
3263,572759,0.0,0.0,0.0,2026-05-06 16:02:55.510
3264,572806,0.0,0.0,0.0,2026-05-06 16:02:55.510
3265,573024,0.0,0.0,0.0,2026-05-06 16:02:55.510
3266,573242,0.0,0.0,0.0,2026-05-06 16:02:55.510
3267,573289,0.0,0.0,0.0,2026-05-06 16:02:55.510
3268,573507,0.0,0.0,0.0,2026-05-06 16:02:55.510
3269,573724,0.0,0.0,0.0,2026-05-06 16:02:55.510
3270,573772,0.0,0.0,0.0,2026-05-06 16:02:55.510
3271,573993,0.0,0.0,0.0,2026-05-06 16:02:55.510
3272,574210,0.0,0.0,0.0,2026-05-06 16:02:55.510
3273,574257,0.0,0.0,0.0,2026-05-06 16:02:55.510
3274,574476,0.0,0.0,0.0,2026-05-06 16:02:55.510
3275,574695,0.0,0.0,0.0,2026-05-06 16:02:55.510
3276,574742,0.0,0.0,0.0,2026-05-06 16:02:55.510
3277,574960,0.0,0.0,0.0,2026-05-06 16:02:55.510
3278,575177,0.0,0.0,0.0,2026-05-06 16:02:55.510
3279,575224,0.0,0.0,0.0,2026-05-06 16:02:55.510
3280,575441,0.0,0.0,0.0,2026-05-06 16:02:55.510
3281,575658,0.0,0.0,0.0,2026-05-06 16:02:55.510
3282,575706,0.0,0.0,0.0,2026-05-06 16:02:55.510
3283,575923,0.0,0.0,0.0,2026-05-06 16:02:55.510
3284,576142,0.0,0.0,0.0,2026-05-06 16:02:55.510
3285,576189,0.0,0.0,0.0,2026-05-06 16:02:55.510
3286,576407,0.0,0.0,0.0,2026-05-06 16:02:55.510
3287,576625,0.0,0.0,0.0,2026-05-06 16:02:55.510
3288,576672,0.0,0.0,0.0,2026-05-06 16:02:55.510
3289,576889,0.0,0.0,0.0,2026-05-06 16:02:55.510
3290,577106,0.0,0.0,0.0,2026-05-06 16:02:55.510
3291,577154,0.0,0.0,0.0,2026-05-06 16:02:55.510
3292,577372,0.0,0.0,0.0,2026-05-06 16:02:55.510
3293,577590,0.0,0.0,0.0,2026-05-06 16:02:55.510
3294,577637,0.0,0.0,0.0,2026-05-06 16:02:55.510
3295,577855,0.0,0.0,0.0,2026-05-06 16:02:55.510
3296,578073,0.0,0.0,0.0,2026-05-06 16:02:55.510
3297,578120,0.0,0.0,0.0,2026-05-06 16:02:55.510
3298,578337,0.0,0.0,0.0,2026-05-06 16:02:55.510
3299,578554,0.0,0.0,0.0,2026-05-06 16:02:55.510
3300,578602,0.0,0.0,0.0,2026-05-06 16:02:55.510
3301,578819,0.0,0.0,0.0,2026-05-06 16:02:55.510
3302,579037,0.0,0.0,0.0,2026-05-06 16:02:55.510
3303,579085,0.0,0.0,0.0,2026-05-06 16:02:55.510
3304,579302,0.0,0.0,0.0,2026-05-06 16:02:55.510
3305,579519,0.0,0.0,0.0,2026-05-06 16:02:55.510
3306,579567,0.0,0.0,0.0,2026-05-06 16:02:55.510
3307,579784,0.0,0.0,0.0,2026-05-06 16:02:55.510
3308,580002,0.0,0.0,0.0,2026-05-06 16:02:55.510
3309,580049,0.0,0.0,0.0,2026-05-06 16:02:55.510
3310,580266,0.0,0.0,0.0,2026-05-06 16:02:56.222
3311,580483,0.0,0.0,0.0,2026-05-06 16:02:56.222
3312,580531,0.0,0.0,0.0,2026-05-06 16:02:56.222
3313,580751,0.0,0.0,0.0,2026-05-06 16:02:56.222
3314,580970,0.0,0.0,0.0,2026-05-06 16:02:56.222
3315,581016,0.0,0.0,0.0,2026-05-06 16:02:56.222
3316,581233,0.0,0.0,0.0,2026-05-06 16:02:56.222
3317,581450,0.0,0.0,0.0,2026-05-06 16:02:56.222
3318,581498,0.0,0.0,0.0,2026-05-06 16:02:56.222
3319,581720,0.0,0.0,0.0,2026-05-06 16:02:56.222
3320,581939,0.0,0.0,0.0,2026-05-06 16:02:56.222
3321,581986,0.0,0.0,0.0,2026-05-06 16:02:56.222
3322,582205,0.0,0.0,0.0,2026-05-06 16:02:56.222
3323,582424,0.0,0.0,0.0,2026-05-06 16:02:56.222
3324,582470,0.0,0.0,0.0,2026-05-06 16:02:56.222
3325,582688,0.0,0.0,0.0,2026-05-06 16:02:56.222
3326,582906,0.0,0.0,0.0,2026-05-06 16:02:56.222
3327,582953,0.0,0.0,0.0,2026-05-06 16:02:56.222
3328,583171,0.0,0.0,0.0,2026-05-06 16:02:56.222
3329,583389,0.0,0.0,0.0,2026-05-06 16:02:56.222
3330,583436,0.0,0.0,0.0,2026-05-06 16:02:56.222
3331,583657,0.0,0.0,0.0,2026-05-06 16:02:56.222
3332,583875,0.0,0.0,0.0,2026-05-06 16:02:56.222
3333,583921,0.0,0.0,0.0,2026-05-06 16:02:56.222
3334,584139,0.0,0.0,0.0,2026-05-06 16:02:56.222
3335,584357,0.0,0.0,0.0,2026-05-06 16:02:56.222
3336,584404,0.0,0.0,0.0,2026-05-06 16:02:56.222
3337,584623,0.0,0.0,0.0,2026-05-06 16:02:56.222
3338,584841,0.0,0.0,0.0,2026-05-06 16:02:56.222
3339,584888,0.0,0.0,0.0,2026-05-06 16:02:56.222
3340,585107,0.0,0.0,0.0,2026-05-06 16:02:56.222
3341,585325,0.0,0.0,0.0,2026-05-06 16:02:56.222
3342,585372,0.0,0.0,0.0,2026-05-06 16:02:56.222
3343,585592,0.0,0.0,0.0,2026-05-06 16:02:56.222
3344,585811,0.0,0.0,0.0,2026-05-06 16:02:56.222
3345,585857,0.0,0.0,0.0,2026-05-06 16:02:56.222
3346,586076,0.0,0.0,0.0,2026-05-06 16:02:56.222
3347,586295,0.0,0.0,0.0,2026-05-06 16:02:56.222
3348,586341,0.0,0.0,0.0,2026-05-06 16:02:56.222
3349,586559,0.0,0.0,0.0,2026-05-06 16:02:56.222
3350,586780,0.0,0.0,0.0,2026-05-06 16:02:56.222
3351,586826,0.0,0.0,0.0,2026-05-06 16:02:56.222
3352,587044,0.0,0.0,0.0,2026-05-06 16:02:56.222
3353,587262,0.0,0.0,0.0,2026-05-06 16:02:56.222
3354,587309,0.0,0.0,0.0,2026-05-06 16:02:56.222
3355,587527,0.0,0.0,0.0,2026-05-06 16:02:56.222
3356,587744,0.0,0.0,0.0,2026-05-06 16:02:56.222
3357,587792,0.0,0.0,0.0,2026-05-06 16:02:56.222
3358,588010,0.0,0.0,0.0,2026-05-06 16:02:56.222
3359,588227,0.0,0.0,0.0,2026-05-06 16:02:56.946
3360,588274,0.0,0.0,0.0,2026-05-06 16:02:56.946
3361,588491,0.0,0.0,0.0,2026-05-06 16:02:56.946
3362,588709,0.0,0.0,0.0,2026-05-06 16:02:56.946
3363,588757,0.0,0.0,0.0,2026-05-06 16:02:56.946
3364,588974,0.0,0.0,0.0,2026-05-06 16:02:56.946
3365,589191,0.0,0.0,0.0,2026-05-06 16:02:56.946
3366,589239,0.0,0.0,0.0,2026-05-06 16:02:56.946
3367,589461,0.0,0.0,0.0,2026-05-06 16:02:56.946
3368,589680,0.0,0.0,0.0,2026-05-06 16:02:56.946
3369,589726,0.0,0.0,0.0,2026-05-06 16:02:56.946
3370,589943,0.0,0.0,0.0,2026-05-06 16:02:56.946
3371,590161,0.0,0.0,0.0,2026-05-06 16:02:56.946
3372,590209,0.0,0.0,0.0,2026-05-06 16:02:56.946
3373,590428,0.0,0.0,0.0,2026-05-06 16:02:56.946
3374,590646,0.0,0.0,0.0,2026-05-06 16:02:56.946
3375,590693,0.0,0.0,0.0,2026-05-06 16:02:56.946
3376,590911,0.0,0.0,0.0,2026-05-06 16:02:56.946
3377,591128,0.0,0.0,0.0,2026-05-06 16:02:56.946
3378,591175,0.0,0.0,0.0,2026-05-06 16:02:56.946
3379,591393,0.0,0.0,0.0,2026-05-06 16:02:56.946
3380,591611,0.0,0.0,0.0,2026-05-06 16:02:56.946
3381,591658,0.0,0.0,0.0,2026-05-06 16:02:56.946
3382,591876,0.0,0.0,0.0,2026-05-06 16:02:56.946
3383,592093,0.0,0.0,0.0,2026-05-06 16:02:56.946
3384,592141,0.0,0.0,0.0,2026-05-06 16:02:56.946
3385,592359,0.0,0.0,0.0,2026-05-06 16:02:56.946
3386,592577,0.0,0.0,0.0,2026-05-06 16:02:56.946
3387,592624,0.0,0.0,0.0,2026-05-06 16:02:56.946
3388,592843,0.0,0.0,0.0,2026-05-06 16:02:56.946
3389,593061,0.0,0.0,0.0,2026-05-06 16:02:56.946
3390,593108,0.0,0.0,0.0,2026-05-06 16:02:56.946
3391,593326,0.0,0.0,0.0,2026-05-06 16:02:56.946
3392,593591,0.0,0.0,0.0,2026-05-06 16:02:56.946
3393,593808,0.0,0.0,0.0,2026-05-06 16:02:56.946
3394,594025,0.0,0.0,0.0,2026-05-06 16:02:56.946
3395,594073,0.0,0.0,0.0,2026-05-06 16:02:56.946
3396,594291,0.0,0.0,0.0,2026-05-06 16:02:56.946
3397,594509,0.0,0.0,0.0,2026-05-06 16:02:56.946
3398,594556,0.0,0.0,0.0,2026-05-06 16:02:56.946
3399,594773,0.0,0.0,0.0,2026-05-06 16:02:56.946
3400,594993,0.0,0.0,0.0,2026-05-06 16:02:56.946
3401,595040,0.0,0.0,0.0,2026-05-06 16:02:56.946
3402,595259,0.0,0.0,0.0,2026-05-06 16:02:56.946
3403,595476,0.0,0.0,0.0,2026-05-06 16:02:56.946
3404,595524,0.0,0.0,0.0,2026-05-06 16:02:56.946
3405,595743,0.0,0.0,0.0,2026-05-06 16:02:56.946
3406,595962,0.0,0.0,0.0,2026-05-06 16:02:56.946
3407,596007,0.0,0.0,0.0,2026-05-06 16:02:56.946
3408,596227,0.0,0.0,0.0,2026-05-06 16:02:56.946
3409,596445,0.0,0.0,0.0,2026-05-06 16:02:57.656
3410,596492,0.0,0.0,0.0,2026-05-06 16:02:57.656
3411,596711,0.0,0.0,0.0,2026-05-06 16:02:57.656
3412,596929,0.0,0.0,0.0,2026-05-06 16:02:57.656
3413,596976,0.0,0.0,0.0,2026-05-06 16:02:57.656
3414,597196,0.0,0.0,0.0,2026-05-06 16:02:57.656
3415,597413,0.0,0.0,0.0,2026-05-06 16:02:57.656
3416,597461,0.0,0.0,0.0,2026-05-06 16:02:57.656
3417,597680,0.0,0.0,0.0,2026-05-06 16:02:57.656
3418,597899,0.0,0.0,0.0,2026-05-06 16:02:57.656
3419,597945,0.0,0.0,0.0,2026-05-06 16:02:57.656
3420,598163,0.0,0.0,0.0,2026-05-06 16:02:57.656
3421,598381,0.0,0.0,0.0,2026-05-06 16:02:57.656
3422,598428,0.0,0.0,0.0,2026-05-06 16:02:57.656
3423,598646,0.0,0.0,0.0,2026-05-06 16:02:57.656
3424,598863,0.0,0.0,0.0,2026-05-06 16:02:57.656
3425,598911,0.0,0.0,0.0,2026-05-06 16:02:57.656
3426,599129,0.0,0.0,0.0,2026-05-06 16:02:57.656
3427,599347,0.0,0.0,0.0,2026-05-06 16:02:57.656
3428,599394,0.0,0.0,0.0,2026-05-06 16:02:57.656
3429,599611,0.0,0.0,0.0,2026-05-06 16:02:57.656
3430,599829,0.0,0.0,0.0,2026-05-06 16:02:57.656
3431,599876,0.0,0.0,0.0,2026-05-06 16:02:57.656
3432,600095,0.0,0.0,0.0,2026-05-06 16:02:57.656
3433,600314,0.0,0.0,0.0,2026-05-06 16:02:57.656
3434,600361,0.0,0.0,0.0,2026-05-06 16:02:57.656
3435,600580,0.0,0.0,0.0,2026-05-06 16:02:57.656
3436,600799,0.0,0.0,0.0,2026-05-06 16:02:57.656
3437,600845,0.0,0.0,0.0,2026-05-06 16:02:57.656
3438,601064,0.0,0.0,0.0,2026-05-06 16:02:57.656
3439,601281,0.0,0.0,0.0,2026-05-06 16:02:57.656
3440,601328,0.0,0.0,0.0,2026-05-06 16:02:57.656
3441,601546,0.0,0.0,0.0,2026-05-06 16:02:57.656
3442,601765,0.0,0.0,0.0,2026-05-06 16:02:57.656
3443,601869,0.0,0.0,0.0,2026-05-06 16:02:57.656
3444,602087,0.0,0.0,0.0,2026-05-06 16:02:57.656
3445,602249,0.0,0.0,0.0,2026-05-06 16:02:57.656
3446,602295,0.0,0.0,0.0,2026-05-06 16:02:57.656
3447,602513,0.0,0.0,0.0,2026-05-06 16:02:57.656
3448,602731,0.0,0.0,0.0,2026-05-06 16:02:57.656
3449,602778,0.0,0.0,0.0,2026-05-06 16:02:57.656
3450,602996,0.0,0.0,0.0,2026-05-06 16:02:57.656
3451,603214,0.0,0.0,0.0,2026-05-06 16:02:57.656
3452,603261,0.0,0.0,0.0,2026-05-06 16:02:57.656
3453,603478,0.0,0.0,0.0,2026-05-06 16:02:57.656
3454,603695,0.0,0.0,0.0,2026-05-06 16:02:57.656
3455,603743,0.0,0.0,0.0,2026-05-06 16:02:57.656
3456,603960,0.0,0.0,0.0,2026-05-06 16:02:57.656
3457,604179,0.0,0.0,0.0,2026-05-06 16:02:57.656
3458,604226,0.0,0.0,0.0,2026-05-06 16:02:57.656
3459,604443,0.0,0.0,0.0,2026-05-06 16:02:58.364
3460,604662,0.0,0.0,0.0,2026-05-06 16:02:58.364
3461,604709,0.0,0.0,0.0,2026-05-06 16:02:58.364
3462,604930,0.0,0.0,0.0,2026-05-06 16:02:58.364
3463,605148,0.0,0.0,0.0,2026-05-06 16:02:58.364
3464,605195,0.0,0.0,0.0,2026-05-06 16:02:58.364
3465,605414,0.0,0.0,0.0,2026-05-06 16:02:58.364
3466,605633,0.0,0.0,0.0,2026-05-06 16:02:58.364
3467,605680,0.0,0.0,0.0,2026-05-06 16:02:58.364
3468,605897,0.0,0.0,0.0,2026-05-06 16:02:58.364
3469,606114,0.0,0.0,0.0,2026-05-06 16:02:58.364
3470,606162,0.0,0.0,0.0,2026-05-06 16:02:58.364
3471,606381,0.0,0.0,0.0,2026-05-06 16:02:58.364
3472,606599,0.0,0.0,0.0,2026-05-06 16:02:58.364
3473,606646,0.0,0.0,0.0,2026-05-06 16:02:58.364
3474,606865,0.0,0.0,0.0,2026-05-06 16:02:58.364
3475,607084,0.0,0.0,0.0,2026-05-06 16:02:58.364
3476,607130,0.0,0.0,0.0,2026-05-06 16:02:58.364
3477,607349,0.0,0.0,0.0,2026-05-06 16:02:58.364
3478,607567,0.0,0.0,0.0,2026-05-06 16:02:58.364
3479,607614,0.0,0.0,0.0,2026-05-06 16:02:58.364
3480,607832,0.0,0.0,0.0,2026-05-06 16:02:58.364
3481,608050,0.0,0.0,0.0,2026-05-06 16:02:58.364
3482,608097,0.0,0.0,0.0,2026-05-06 16:02:58.364
3483,608314,0.0,0.0,0.0,2026-05-06 16:02:58.364
3484,608532,0.0,0.0,0.0,2026-05-06 16:02:58.364
3485,608579,0.0,0.0,0.0,2026-05-06 16:02:58.364
3486,608796,0.0,0.0,0.0,2026-05-06 16:02:58.364
3487,609013,0.0,0.0,0.0,2026-05-06 16:02:58.364
3488,609061,0.0,0.0,0.0,2026-05-06 16:02:58.364
3489,609279,0.0,0.0,0.0,2026-05-06 16:02:58.364
3490,609497,0.0,0.0,0.0,2026-05-06 16:02:58.364
3491,609544,0.0,0.0,0.0,2026-05-06 16:02:58.364
3492,609762,0.0,0.0,0.0,2026-05-06 16:02:58.364
3493,609979,0.0,0.0,0.0,2026-05-06 16:02:58.364
3494,610027,0.0,0.0,0.0,2026-05-06 16:02:58.364
3495,610246,0.0,0.0,0.0,2026-05-06 16:02:58.364
3496,610464,0.0,0.0,0.0,2026-05-06 16:02:58.364
3497,610511,0.0,0.0,0.0,2026-05-06 16:02:58.364
3498,610730,0.0,0.0,0.0,2026-05-06 16:02:58.364
3499,610948,0.0,0.0,0.0,2026-05-06 16:02:58.364
3500,610995,0.0,0.0,0.0,2026-05-06 16:02:58.364
3501,611213,0.0,0.0,0.0,2026-05-06 16:02:58.364
3502,611430,0.0,0.0,0.0,2026-05-06 16:02:58.364
3503,611477,0.0,0.0,0.0,2026-05-06 16:02:58.364
3504,611696,0.0,0.0,0.0,2026-05-06 16:02:58.364
3505,611914,0.0,0.0,0.0,2026-05-06 16:02:58.364
3506,611961,0.0,0.0,0.0,2026-05-06 16:02:58.364
3507,612179,0.0,0.0,0.0,2026-05-06 16:02:58.364
3508,612396,0.0,0.0,0.0,2026-05-06 16:02:59.070
3509,612443,0.0,0.0,0.0,2026-05-06 16:02:59.070
3510,612663,0.0,0.0,0.0,2026-05-06 16:02:59.070
3511,612880,0.0,0.0,0.0,2026-05-06 16:02:59.070
3512,612928,0.0,0.0,0.0,2026-05-06 16:02:59.070
3513,613147,0.0,0.0,0.0,2026-05-06 16:02:59.070
3514,613365,0.0,0.0,0.0,2026-05-06 16:02:59.070
3515,613412,0.0,0.0,0.0,2026-05-06 16:02:59.070
3516,613629,0.0,0.0,0.0,2026-05-06 16:02:59.070
3517,613847,0.0,0.0,0.0,2026-05-06 16:02:59.070
3518,613893,0.0,0.0,0.0,2026-05-06 16:02:59.070
3519,614111,0.0,0.0,0.0,2026-05-06 16:02:59.070
3520,614330,0.0,0.0,0.0,2026-05-06 16:02:59.070
3521,614378,0.0,0.0,0.0,2026-05-06 16:02:59.070
3522,614599,0.0,0.0,0.0,2026-05-06 16:02:59.070
3523,614820,0.0,0.0,0.0,2026-05-06 16:02:59.070
3524,614865,0.0,0.0,0.0,2026-05-06 16:02:59.070
3525,615127,0.0,0.0,0.0,2026-05-06 16:02:59.070
3526,615348,0.0,0.0,0.0,2026-05-06 16:02:59.070
3527,615565,0.0,0.0,0.0,2026-05-06 16:02:59.070
3528,615782,0.0,0.0,0.0,2026-05-06 16:02:59.070
3529,615830,0.0,0.0,0.0,2026-05-06 16:02:59.070
3530,616049,0.0,0.0,0.0,2026-05-06 16:02:59.070
3531,616267,0.0,0.0,0.0,2026-05-06 16:02:59.070
3532,616314,0.0,0.0,0.0,2026-05-06 16:02:59.070
3533,616532,0.0,0.0,0.0,2026-05-06 16:02:59.070
3534,616750,0.0,0.0,0.0,2026-05-06 16:02:59.070
3535,616797,0.0,0.0,0.0,2026-05-06 16:02:59.070
3536,617014,0.0,0.0,0.0,2026-05-06 16:02:59.070
3537,617231,0.0,0.0,0.0,2026-05-06 16:02:59.070
3538,617279,0.0,0.0,0.0,2026-05-06 16:02:59.070
3539,617497,0.0,0.0,0.0,2026-05-06 16:02:59.070
3540,617714,0.0,0.0,0.0,2026-05-06 16:02:59.070
3541,617761,0.0,0.0,0.0,2026-05-06 16:02:59.070
3542,617980,0.0,0.0,0.0,2026-05-06 16:02:59.070
3543,618198,0.0,0.0,0.0,2026-05-06 16:02:59.070
3544,618245,0.0,0.0,0.0,2026-05-06 16:02:59.070
3545,618465,0.0,0.0,0.0,2026-05-06 16:02:59.070
3546,618685,0.0,0.0,0.0,2026-05-06 16:02:59.070
3547,618730,0.0,0.0,0.0,2026-05-06 16:02:59.070
3548,618948,0.0,0.0,0.0,2026-05-06 16:02:59.070
3549,619165,0.0,0.0,0.0,2026-05-06 16:02:59.070
3550,619213,0.0,0.0,0.0,2026-05-06 16:02:59.070
3551,619430,0.0,0.0,0.0,2026-05-06 16:02:59.070
3552,619647,0.0,0.0,0.0,2026-05-06 16:02:59.070
3553,619695,0.0,0.0,0.0,2026-05-06 16:02:59.070
3554,619913,0.0,0.0,0.0,2026-05-06 16:02:59.070
3555,620131,0.0,0.0,0.0,2026-05-06 16:02:59.070
3556,620178,0.0,0.0,0.0,2026-05-06 16:02:59.070
3557,620400,0.0,0.0,0.0,2026-05-06 16:02:59.070
3558,620618,0.0,0.0,0.0,2026-05-06 16:02:59.794
3559,620665,0.0,0.0,0.0,2026-05-06 16:02:59.794
3560,620882,0.0,0.0,0.0,2026-05-06 16:02:59.794
3561,621100,0.0,0.0,0.0,2026-05-06 16:02:59.794
3562,621147,0.0,0.0,0.0,2026-05-06 16:02:59.794
3563,621364,0.0,0.0,0.0,2026-05-06 16:02:59.794
3564,621581,0.0,0.0,0.0,2026-05-06 16:02:59.794
3565,621629,0.0,0.0,0.0,2026-05-06 16:02:59.794
3566,621847,0.0,0.0,0.0,2026-05-06 16:02:59.794
3567,622065,0.0,0.0,0.0,2026-05-06 16:02:59.794
3568,622112,0.0,0.0,0.0,2026-05-06 16:02:59.794
3569,622329,0.0,0.0,0.0,2026-05-06 16:02:59.794
3570,622547,0.0,0.0,0.0,2026-05-06 16:02:59.794
3571,622595,0.0,0.0,0.0,2026-05-06 16:02:59.794
3572,622812,0.0,0.0,0.0,2026-05-06 16:02:59.794
3573,623029,0.0,0.0,0.0,2026-05-06 16:02:59.794
3574,623077,0.0,0.0,0.0,2026-05-06 16:02:59.794
3575,623295,0.0,0.0,0.0,2026-05-06 16:02:59.794
3576,623512,0.0,0.0,0.0,2026-05-06 16:02:59.794
3577,623559,0.0,0.0,0.0,2026-05-06 16:02:59.794
3578,623777,0.0,0.0,0.0,2026-05-06 16:02:59.794
3579,623994,0.0,0.0,0.0,2026-05-06 16:02:59.794
3580,624042,0.0,0.0,0.0,2026-05-06 16:02:59.794
3581,624260,0.0,0.0,0.0,2026-05-06 16:02:59.794
3582,624479,0.0,0.0,0.0,2026-05-06 16:02:59.794
3583,624526,0.0,0.0,0.0,2026-05-06 16:02:59.794
3584,624744,0.0,0.0,0.0,2026-05-06 16:02:59.794
3585,624961,0.0,0.0,0.0,2026-05-06 16:02:59.794
3586,625008,0.0,0.0,0.0,2026-05-06 16:02:59.794
3587,625225,0.0,0.0,0.0,2026-05-06 16:02:59.794
3588,625442,0.0,0.0,0.0,2026-05-06 16:02:59.794
3589,625490,0.0,0.0,0.0,2026-05-06 16:02:59.794
3590,625708,0.0,0.0,0.0,2026-05-06 16:02:59.794
3591,625926,0.0,0.0,0.0,2026-05-06 16:02:59.794
3592,625973,0.0,0.0,0.0,2026-05-06 16:02:59.794
3593,626192,0.0,0.0,0.0,2026-05-06 16:02:59.794
3594,626411,0.0,0.0,0.0,2026-05-06 16:02:59.794
3595,626458,0.0,0.0,0.0,2026-05-06 16:02:59.794
3596,626676,0.0,0.0,0.0,2026-05-06 16:02:59.794
3597,626895,0.0,0.0,0.0,2026-05-06 16:02:59.794
3598,626942,0.0,0.0,0.0,2026-05-06 16:02:59.794
3599,627160,0.0,0.0,0.0,2026-05-06 16:02:59.794
3600,627377,0.0,0.0,0.0,2026-05-06 16:02:59.794
3601,627424,0.0,0.0,0.0,2026-05-06 16:02:59.794
3602,627641,0.0,0.0,0.0,2026-05-06 16:02:59.794
3603,627860,0.0,0.0,0.0,2026-05-06 16:02:59.794
3604,627907,0.0,0.0,0.0,2026-05-06 16:02:59.794
3605,628127,0.0,0.0,0.0,2026-05-06 16:02:59.794
3606,628344,0.0,0.0,0.0,2026-05-06 16:02:59.794
3607,628392,0.0,0.0,0.0,2026-05-06 16:02:59.794
3608,628609,0.0,0.0,0.0,2026-05-06 16:03:00.504
3609,628828,0.0,0.0,0.0,2026-05-06 16:03:00.504
3610,628875,0.0,0.0,0.0,2026-05-06 16:03:00.504
3611,629092,0.0,0.0,0.0,2026-05-06 16:03:00.504
3612,629309,0.0,0.0,0.0,2026-05-06 16:03:00.504
3613,629357,0.0,0.0,0.0,2026-05-06 16:03:00.504
3614,629575,0.0,0.0,0.0,2026-05-06 16:03:00.504
3615,629792,0.0,0.0,0.0,2026-05-06 16:03:00.504
3616,629840,0.0,0.0,0.0,2026-05-06 16:03:00.504
3617,630059,0.0,0.0,0.0,2026-05-06 16:03:00.504
3618,630276,0.0,0.0,0.0,2026-05-06 16:03:00.504
3619,630323,0.0,0.0,0.0,2026-05-06 16:03:00.504
3620,630541,0.0,0.0,0.0,2026-05-06 16:03:00.504
3621,630758,0.0,0.0,0.0,2026-05-06 16:03:00.504
3622,630805,0.0,0.0,0.0,2026-05-06 16:03:00.504
3623,631023,0.0,0.0,0.0,2026-05-06 16:03:00.504
3624,631240,0.0,0.0,0.0,2026-05-06 16:03:00.504
3625,631288,0.0,0.0,0.0,2026-05-06 16:03:00.504
3626,631505,0.0,0.0,0.0,2026-05-06 16:03:00.504
3627,631723,0.0,0.0,0.0,2026-05-06 16:03:00.504
3628,631770,0.0,0.0,0.0,2026-05-06 16:03:00.504
3629,631988,0.0,0.0,0.0,2026-05-06 16:03:00.504
3630,632205,0.0,0.0,0.0,2026-05-06 16:03:00.504
3631,632253,0.0,0.0,0.0,2026-05-06 16:03:00.504
3632,632472,0.0,0.0,0.0,2026-05-06 16:03:00.504
3633,632690,0.0,0.0,0.0,2026-05-06 16:03:00.504
3634,632737,0.0,0.0,0.0,2026-05-06 16:03:00.504
3635,632954,0.0,0.0,0.0,2026-05-06 16:03:00.504
3636,633206,0.0,0.0,0.0,2026-05-06 16:03:00.504
3637,633424,0.0,0.0,0.0,2026-05-06 16:03:00.504
3638,633642,0.0,0.0,0.0,2026-05-06 16:03:00.504
3639,633689,0.0,0.0,0.0,2026-05-06 16:03:00.504
3640,633908,0.0,0.0,0.0,2026-05-06 16:03:00.504
3641,634126,0.0,0.0,0.0,2026-05-06 16:03:00.504
3642,634173,0.0,0.0,0.0,2026-05-06 16:03:00.504
3643,634390,0.0,0.0,0.0,2026-05-06 16:03:00.504
3644,634607,0.0,0.0,0.0,2026-05-06 16:03:00.504
3645,634655,0.0,0.0,0.0,2026-05-06 16:03:00.504
3646,634872,0.0,0.0,0.0,2026-05-06 16:03:00.504
3647,635091,0.0,0.0,0.0,2026-05-06 16:03:00.504
3648,635138,0.0,0.0,0.0,2026-05-06 16:03:00.504
3649,635357,0.0,0.0,0.0,2026-05-06 16:03:00.504
3650,635575,0.0,0.0,0.0,2026-05-06 16:03:00.504
3651,635622,0.0,0.0,0.0,2026-05-06 16:03:00.504
3652,635843,0.0,0.0,0.0,2026-05-06 16:03:00.504
3653,636060,0.0,0.0,0.0,2026-05-06 16:03:00.504
3654,636107,0.0,0.0,0.0,2026-05-06 16:03:00.504
3655,636324,0.0,0.0,0.0,2026-05-06 16:03:00.504
3656,636541,0.0,0.0,0.0,2026-05-06 16:03:00.504
3657,636589,0.0,0.0,0.0,2026-05-06 16:03:00.504
3658,636853,0.0,0.0,0.0,2026-05-06 16:03:01.215
3659,637073,0.0,0.0,0.0,2026-05-06 16:03:01.215
3660,637290,0.0,0.0,0.0,2026-05-06 16:03:01.215
3661,637509,0.0,0.0,0.0,2026-05-06 16:03:01.215
3662,637556,0.0,0.0,0.0,2026-05-06 16:03:01.215
3663,637776,0.0,0.0,0.0,2026-05-06 16:03:01.215
3664,637994,0.0,0.0,0.0,2026-05-06 16:03:01.215
3665,638040,0.0,0.0,0.0,2026-05-06 16:03:01.215
3666,638258,0.0,0.0,0.0,2026-05-06 16:03:01.215
3667,638476,0.0,0.0,0.0,2026-05-06 16:03:01.215
3668,638523,0.0,0.0,0.0,2026-05-06 16:03:01.215
3669,638741,0.0,0.0,0.0,2026-05-06 16:03:01.215
3670,638960,0.0,0.0,0.0,2026-05-06 16:03:01.215
3671,639007,0.0,0.0,0.0,2026-05-06 16:03:01.215
3672,639225,0.0,0.0,0.0,2026-05-06 16:03:01.215
3673,639443,0.0,0.0,0.0,2026-05-06 16:03:01.215
3674,639490,0.0,0.0,0.0,2026-05-06 16:03:01.215
3675,639707,0.0,0.0,0.0,2026-05-06 16:03:01.215
3676,639924,0.0,0.0,0.0,2026-05-06 16:03:01.215
3677,640143,0.0,0.0,0.0,2026-05-06 16:03:01.215
3678,640361,0.0,0.0,0.0,2026-05-06 16:03:01.215
3679,640429,0.0,0.0,0.0,2026-05-06 16:03:01.215
3680,640647,0.0,0.0,0.0,2026-05-06 16:03:01.215
3681,640865,0.0,0.0,0.0,2026-05-06 16:03:01.215
3682,640912,0.0,0.0,0.0,2026-05-06 16:03:01.215
3683,641131,0.0,0.0,0.0,2026-05-06 16:03:01.215
3684,641348,0.0,0.0,0.0,2026-05-06 16:03:01.215
3685,641395,0.0,0.0,0.0,2026-05-06 16:03:01.215
3686,641612,0.0,0.0,0.0,2026-05-06 16:03:01.215
3687,641829,0.0,0.0,0.0,2026-05-06 16:03:01.215
3688,641877,0.0,0.0,0.0,2026-05-06 16:03:01.215
3689,642094,0.0,0.0,0.0,2026-05-06 16:03:01.215
3690,642311,0.0,0.0,0.0,2026-05-06 16:03:01.215
3691,642359,0.0,0.0,0.0,2026-05-06 16:03:01.215
3692,642577,0.0,0.0,0.0,2026-05-06 16:03:01.215
3693,642795,0.0,0.0,0.0,2026-05-06 16:03:01.215
3694,642842,0.0,0.0,0.0,2026-05-06 16:03:01.215
3695,643059,0.0,0.0,0.0,2026-05-06 16:03:01.215
3696,643277,0.0,0.0,0.0,2026-05-06 16:03:01.215
3697,643324,0.0,0.0,0.0,2026-05-06 16:03:01.215
3698,643545,0.0,0.0,0.0,2026-05-06 16:03:01.215
3699,643763,0.0,0.0,0.0,2026-05-06 16:03:01.215
3700,643810,0.0,0.0,0.0,2026-05-06 16:03:01.215
3701,644028,0.0,0.0,0.0,2026-05-06 16:03:01.215
3702,644246,0.0,0.0,0.0,2026-05-06 16:03:01.215
3703,644293,0.0,0.0,0.0,2026-05-06 16:03:01.215
3704,644510,0.0,0.0,0.0,2026-05-06 16:03:01.215
3705,644727,0.0,0.0,0.0,2026-05-06 16:03:01.215
3706,644775,0.0,0.0,0.0,2026-05-06 16:03:01.924
3707,644994,0.0,0.0,0.0,2026-05-06 16:03:01.924
3708,645212,0.0,0.0,0.0,2026-05-06 16:03:01.924
3709,645259,0.0,0.0,0.0,2026-05-06 16:03:01.924
3710,645477,0.0,0.0,0.0,2026-05-06 16:03:01.924
3711,645696,0.0,0.0,0.0,2026-05-06 16:03:01.924
3712,645743,0.0,0.0,0.0,2026-05-06 16:03:01.924
3713,645961,0.0,0.0,0.0,2026-05-06 16:03:01.924
3714,646178,0.0,0.0,0.0,2026-05-06 16:03:01.924
3715,646225,0.0,0.0,0.0,2026-05-06 16:03:01.924
3716,646444,0.0,0.0,0.0,2026-05-06 16:03:01.924
3717,646662,0.0,0.0,0.0,2026-05-06 16:03:01.924
3718,646709,0.0,0.0,0.0,2026-05-06 16:03:01.924
3719,646927,0.0,0.0,0.0,2026-05-06 16:03:01.924
3720,647145,0.0,0.0,0.0,2026-05-06 16:03:01.924
3721,647192,0.0,0.0,0.0,2026-05-06 16:03:01.924
3722,647411,0.0,0.0,0.0,2026-05-06 16:03:01.924
3723,647630,0.0,0.0,0.0,2026-05-06 16:03:01.924
3724,647676,0.0,0.0,0.0,2026-05-06 16:03:01.924
3725,647896,0.0,0.0,0.0,2026-05-06 16:03:01.924
3726,648116,0.0,0.0,0.0,2026-05-06 16:03:01.924
3727,648162,0.0,0.0,0.0,2026-05-06 16:03:01.924
3728,648379,0.0,0.0,0.0,2026-05-06 16:03:01.924
3729,648596,0.0,0.0,0.0,2026-05-06 16:03:01.924
3730,648644,0.0,0.0,0.0,2026-05-06 16:03:01.924
3731,648862,0.0,0.0,0.0,2026-05-06 16:03:01.924
3732,649080,0.0,0.0,0.0,2026-05-06 16:03:01.924
3733,649127,0.0,0.0,0.0,2026-05-06 16:03:01.924
3734,649345,0.0,0.0,0.0,2026-05-06 16:03:01.924
3735,649562,0.0,0.0,0.0,2026-05-06 16:03:01.924
3736,649609,0.0,0.0,0.0,2026-05-06 16:03:01.924
3737,649826,0.0,0.0,0.0,2026-05-06 16:03:01.924
3738,650043,0.0,0.0,0.0,2026-05-06 16:03:01.924
3739,650091,0.0,0.0,0.0,2026-05-06 16:03:01.924
3740,650308,0.0,0.0,0.0,2026-05-06 16:03:01.924
3741,650525,0.0,0.0,0.0,2026-05-06 16:03:01.924
3742,650573,0.0,0.0,0.0,2026-05-06 16:03:01.924
3743,650791,0.0,0.0,0.0,2026-05-06 16:03:01.924
3744,651010,0.0,0.0,0.0,2026-05-06 16:03:01.924
3745,651057,0.0,0.0,0.0,2026-05-06 16:03:01.924
3746,651278,0.0,0.0,0.0,2026-05-06 16:03:01.924
3747,651495,0.0,0.0,0.0,2026-05-06 16:03:01.924
3748,651542,0.0,0.0,0.0,2026-05-06 16:03:01.924
3749,651760,0.0,0.0,0.0,2026-05-06 16:03:01.924
3750,651978,0.0,0.0,0.0,2026-05-06 16:03:01.924
3751,652025,0.0,0.0,0.0,2026-05-06 16:03:01.924
3752,652242,0.0,0.0,0.0,2026-05-06 16:03:01.924
3753,652459,0.0,0.0,0.0,2026-05-06 16:03:01.924
3754,652507,0.0,0.0,0.0,2026-05-06 16:03:01.924
3755,652725,0.0,0.0,0.0,2026-05-06 16:03:01.924
3756,652942,0.0,0.0,0.0,2026-05-06 16:03:02.633
3757,652990,0.0,0.0,0.0,2026-05-06 16:03:02.633
3758,653207,0.0,0.0,0.0,2026-05-06 16:03:02.633
3759,653424,0.0,0.0,0.0,2026-05-06 16:03:02.633
3760,653472,0.0,0.0,0.0,2026-05-06 16:03:02.633
3761,653690,0.0,0.0,0.0,2026-05-06 16:03:02.633
3762,653908,0.0,0.0,0.0,2026-05-06 16:03:02.633
3763,653955,0.0,0.0,0.0,2026-05-06 16:03:02.633
3764,654172,0.0,0.0,0.0,2026-05-06 16:03:02.633
3765,654390,0.0,0.0,0.0,2026-05-06 16:03:02.633
3766,654437,0.0,0.0,0.0,2026-05-06 16:03:02.633
3767,654655,0.0,0.0,0.0,2026-05-06 16:03:02.633
3768,654874,0.0,0.0,0.0,2026-05-06 16:03:02.633
3769,654921,0.0,0.0,0.0,2026-05-06 16:03:02.633
3770,655139,0.0,0.0,0.0,2026-05-06 16:03:02.633
3771,655356,0.0,0.0,0.0,2026-05-06 16:03:02.633
3772,655403,0.0,0.0,0.0,2026-05-06 16:03:02.633
3773,655620,0.0,0.0,0.0,2026-05-06 16:03:02.633
3774,655837,0.0,0.0,0.0,2026-05-06 16:03:02.633
3775,655885,0.0,0.0,0.0,2026-05-06 16:03:02.633
3776,656103,0.0,0.0,0.0,2026-05-06 16:03:02.633
3777,656321,0.0,0.0,0.0,2026-05-06 16:03:02.633
3778,656368,0.0,0.0,0.0,2026-05-06 16:03:02.633
3779,656585,0.0,0.0,0.0,2026-05-06 16:03:02.633
3780,656802,0.0,0.0,0.0,2026-05-06 16:03:02.633
3781,656850,0.0,0.0,0.0,2026-05-06 16:03:02.633
3782,657068,0.0,0.0,0.0,2026-05-06 16:03:02.633
3783,657286,0.0,0.0,0.0,2026-05-06 16:03:02.633
3784,657333,0.0,0.0,0.0,2026-05-06 16:03:02.633
3785,657550,0.0,0.0,0.0,2026-05-06 16:03:02.633
3786,657767,0.0,0.0,0.0,2026-05-06 16:03:02.633
3787,657815,0.0,0.0,0.0,2026-05-06 16:03:02.633
3788,658034,0.0,0.0,0.0,2026-05-06 16:03:02.633
3789,658252,0.0,0.0,0.0,2026-05-06 16:03:02.633
3790,658343,0.0,0.0,0.0,2026-05-06 16:03:02.633
3791,658561,0.0,0.0,0.0,2026-05-06 16:03:02.633
3792,658782,0.0,0.0,0.0,2026-05-06 16:03:02.633
3793,659003,0.0,0.0,0.0,2026-05-06 16:03:02.633
3794,659221,0.0,0.0,0.0,2026-05-06 16:03:02.633
3795,659268,0.0,0.0,0.0,2026-05-06 16:03:02.633
3796,659485,0.0,0.0,0.0,2026-05-06 16:03:02.633
3797,659702,0.0,0.0,0.0,2026-05-06 16:03:02.633
3798,659750,0.0,0.0,0.0,2026-05-06 16:03:02.633
3799,659968,0.0,0.0,0.0,2026-05-06 16:03:02.633
3800,660186,0.0,0.0,0.0,2026-05-06 16:03:02.633
3801,660233,0.0,0.0,0.0,2026-05-06 16:03:02.633
3802,660451,0.0,0.0,0.0,2026-05-06 16:03:02.633
3803,660670,0.0,0.0,0.0,2026-05-06 16:03:02.633
3804,660717,0.0,0.0,0.0,2026-05-06 16:03:02.633
3805,660936,0.0,0.0,0.0,2026-05-06 16:03:03.342
3806,661155,0.0,0.0,0.0,2026-05-06 16:03:03.342
3807,661201,0.0,0.0,0.0,2026-05-06 16:03:03.342
3808,661419,0.0,0.0,0.0,2026-05-06 16:03:03.342
3809,661638,0.0,0.0,0.0,2026-05-06 16:03:03.342
3810,661685,0.0,0.0,0.0,2026-05-06 16:03:03.342
3811,661903,0.0,0.0,0.0,2026-05-06 16:03:03.342
3812,662120,0.0,0.0,0.0,2026-05-06 16:03:03.342
3813,662167,0.0,0.0,0.0,2026-05-06 16:03:03.342
3814,662385,0.0,0.0,0.0,2026-05-06 16:03:03.342
3815,662603,0.0,0.0,0.0,2026-05-06 16:03:03.342
3816,662650,0.0,0.0,0.0,2026-05-06 16:03:03.342
3817,662871,0.0,0.0,0.0,2026-05-06 16:03:03.342
3818,663089,0.0,0.0,0.0,2026-05-06 16:03:03.342
3819,663135,0.0,0.0,0.0,2026-05-06 16:03:03.342
3820,663354,0.0,0.0,0.0,2026-05-06 16:03:03.342
3821,663573,0.0,0.0,0.0,2026-05-06 16:03:03.342
3822,663620,0.0,0.0,0.0,2026-05-06 16:03:03.342
3823,663838,0.0,0.0,0.0,2026-05-06 16:03:03.342
3824,664056,0.0,0.0,0.0,2026-05-06 16:03:03.342
3825,664103,0.0,0.0,0.0,2026-05-06 16:03:03.342
3826,664321,0.0,0.0,0.0,2026-05-06 16:03:03.342
3827,664539,0.0,0.0,0.0,2026-05-06 16:03:03.342
3828,664586,0.0,0.0,0.0,2026-05-06 16:03:03.342
3829,664806,0.0,0.0,0.0,2026-05-06 16:03:03.342
3830,665024,0.0,0.0,0.0,2026-05-06 16:03:03.342
3831,665070,0.0,0.0,0.0,2026-05-06 16:03:03.342
3832,665287,0.0,0.0,0.0,2026-05-06 16:03:03.342
3833,665504,0.0,0.0,0.0,2026-05-06 16:03:03.342
3834,665552,0.0,0.0,0.0,2026-05-06 16:03:03.342
3835,665769,0.0,0.0,0.0,2026-05-06 16:03:03.342
3836,665986,0.0,0.0,0.0,2026-05-06 16:03:03.342
3837,666034,0.0,0.0,0.0,2026-05-06 16:03:03.342
3838,666252,0.0,0.0,0.0,2026-05-06 16:03:03.342
3839,666469,0.0,0.0,0.0,2026-05-06 16:03:03.342
3840,666517,0.0,0.0,0.0,2026-05-06 16:03:03.342
3841,666738,0.0,0.0,0.0,2026-05-06 16:03:03.342
3842,666955,0.0,0.0,0.0,2026-05-06 16:03:03.342
3843,667002,0.0,0.0,0.0,2026-05-06 16:03:03.342
3844,667220,0.0,0.0,0.0,2026-05-06 16:03:03.342
3845,667437,0.0,0.0,0.0,2026-05-06 16:03:03.342
3846,667485,0.0,0.0,0.0,2026-05-06 16:03:03.342
3847,667703,0.0,0.0,0.0,2026-05-06 16:03:03.342
3848,667920,0.0,0.0,0.0,2026-05-06 16:03:03.342
3849,667967,0.0,0.0,0.0,2026-05-06 16:03:03.342
3850,668186,0.0,0.0,0.0,2026-05-06 16:03:03.342
3851,668403,0.0,0.0,0.0,2026-05-06 16:03:03.342
3852,668450,0.0,0.0,0.0,2026-05-06 16:03:03.342
3853,668667,0.0,0.0,0.0,2026-05-06 16:03:03.342
3854,668884,0.0,0.0,0.0,2026-05-06 16:03:03.342
3855,668932,0.0,0.0,0.0,2026-05-06 16:03:03.342
3856,669150,0.0,0.0,0.0,2026-05-06 16:03:04.065
3857,669369,0.0,0.0,0.0,2026-05-06 16:03:04.065
3858,669416,0.0,0.0,0.0,2026-05-06 16:03:04.065
3859,669633,0.0,0.0,0.0,2026-05-06 16:03:04.065
3860,669850,0.0,0.0,0.0,2026-05-06 16:03:04.065
3861,669898,0.0,0.0,0.0,2026-05-06 16:03:04.065
3862,670116,0.0,0.0,0.0,2026-05-06 16:03:04.065
3863,670333,0.0,0.0,0.0,2026-05-06 16:03:04.065
3864,670380,0.0,0.0,0.0,2026-05-06 16:03:04.065
3865,670599,0.0,0.0,0.0,2026-05-06 16:03:04.065
3866,670818,0.0,0.0,0.0,2026-05-06 16:03:04.065
3867,670865,0.0,0.0,0.0,2026-05-06 16:03:04.065
3868,671083,0.0,0.0,0.0,2026-05-06 16:03:04.065
3869,671301,0.0,0.0,0.0,2026-05-06 16:03:04.065
3870,671348,0.0,0.0,0.0,2026-05-06 16:03:04.065
3871,671566,0.0,0.0,0.0,2026-05-06 16:03:04.065
3872,671784,0.0,0.0,0.0,2026-05-06 16:03:04.065
3873,671831,0.0,0.0,0.0,2026-05-06 16:03:04.065
3874,672050,0.0,0.0,0.0,2026-05-06 16:03:04.065
3875,672268,0.0,0.0,0.0,2026-05-06 16:03:04.065
3876,672315,0.0,0.0,0.0,2026-05-06 16:03:04.065
3877,672534,0.0,0.0,0.0,2026-05-06 16:03:04.065
3878,672753,0.0,0.0,0.0,2026-05-06 16:03:04.065
3879,672799,0.0,0.0,0.0,2026-05-06 16:03:04.065
3880,673017,0.0,0.0,0.0,2026-05-06 16:03:04.065
3881,673235,0.0,0.0,0.0,2026-05-06 16:03:04.065
3882,673282,0.0,0.0,0.0,2026-05-06 16:03:04.065
3883,673499,0.0,0.0,0.0,2026-05-06 16:03:04.065
3884,673716,0.0,0.0,0.0,2026-05-06 16:03:04.065
3885,673764,0.0,0.0,0.0,2026-05-06 16:03:04.065
3886,674204,0.0,0.0,0.0,2026-05-06 16:03:04.065
3887,674251,0.0,0.0,0.0,2026-05-06 16:03:04.065
3888,674469,0.0,0.0,0.0,2026-05-06 16:03:04.065
3889,674687,0.0,0.0,0.0,2026-05-06 16:03:04.065
3890,674734,0.0,0.0,0.0,2026-05-06 16:03:04.065
3891,674952,0.0,0.0,0.0,2026-05-06 16:03:04.065
3892,675169,0.0,0.0,0.0,2026-05-06 16:03:04.065
3893,675216,0.0,0.0,0.0,2026-05-06 16:03:04.065
3894,675435,0.0,0.0,0.0,2026-05-06 16:03:04.065
3895,675654,0.0,0.0,0.0,2026-05-06 16:03:04.065
3896,675701,0.0,0.0,0.0,2026-05-06 16:03:04.065
3897,675919,0.0,0.0,0.0,2026-05-06 16:03:04.065
3898,676136,0.0,0.0,0.0,2026-05-06 16:03:04.065
3899,676183,0.0,0.0,0.0,2026-05-06 16:03:04.065
3900,676401,0.0,0.0,0.0,2026-05-06 16:03:04.065
3901,676619,0.0,0.0,0.0,2026-05-06 16:03:04.065
3902,676666,0.0,0.0,0.0,2026-05-06 16:03:04.065
3903,676885,0.0,0.0,0.0,2026-05-06 16:03:04.065
3904,677103,0.0,0.0,0.0,2026-05-06 16:03:04.778
3905,677150,0.0,0.0,0.0,2026-05-06 16:03:04.778
3906,677368,0.0,0.0,0.0,2026-05-06 16:03:04.778
3907,677585,0.0,0.0,0.0,2026-05-06 16:03:04.778
3908,677632,0.0,0.0,0.0,2026-05-06 16:03:04.778
3909,677850,0.0,0.0,0.0,2026-05-06 16:03:04.778
3910,678068,0.0,0.0,0.0,2026-05-06 16:03:04.778
3911,678115,0.0,0.0,0.0,2026-05-06 16:03:04.778
3912,678332,0.0,0.0,0.0,2026-05-06 16:03:04.778
3913,678549,0.0,0.0,0.0,2026-05-06 16:03:04.778
3914,678597,0.0,0.0,0.0,2026-05-06 16:03:04.778
3915,678815,0.0,0.0,0.0,2026-05-06 16:03:04.778
3916,679034,0.0,0.0,0.0,2026-05-06 16:03:04.778
3917,679081,0.0,0.0,0.0,2026-05-06 16:03:04.778
3918,679298,0.0,0.0,0.0,2026-05-06 16:03:04.778
3919,679515,0.0,0.0,0.0,2026-05-06 16:03:04.778
3920,679563,0.0,0.0,0.0,2026-05-06 16:03:04.778
3921,679780,0.0,0.0,0.0,2026-05-06 16:03:04.778
3922,679997,0.0,0.0,0.0,2026-05-06 16:03:04.778
3923,680045,0.0,0.0,0.0,2026-05-06 16:03:04.778
3924,680263,0.0,0.0,0.0,2026-05-06 16:03:04.778
3925,680481,0.0,0.0,0.0,2026-05-06 16:03:04.778
3926,680528,0.0,0.0,0.0,2026-05-06 16:03:04.778
3927,680745,0.0,0.0,0.0,2026-05-06 16:03:04.778
3928,680962,0.0,0.0,0.0,2026-05-06 16:03:04.778
3929,681010,0.0,0.0,0.0,2026-05-06 16:03:04.778
3930,681228,0.0,0.0,0.0,2026-05-06 16:03:04.778
3931,681446,0.0,0.0,0.0,2026-05-06 16:03:04.778
3932,681493,0.0,0.0,0.0,2026-05-06 16:03:04.778
3933,681930,0.0,0.0,0.0,2026-05-06 16:03:04.778
3934,681978,0.0,0.0,0.0,2026-05-06 16:03:04.778
3935,682196,0.0,0.0,0.0,2026-05-06 16:03:04.778
3936,682415,0.0,0.0,0.0,2026-05-06 16:03:04.778
3937,682462,0.0,0.0,0.0,2026-05-06 16:03:04.778
3938,682679,0.0,0.0,0.0,2026-05-06 16:03:04.778
3939,682896,0.0,0.0,0.0,2026-05-06 16:03:04.778
3940,682944,0.0,0.0,0.0,2026-05-06 16:03:04.778
3941,683163,0.0,0.0,0.0,2026-05-06 16:03:04.778
3942,683382,0.0,0.0,0.0,2026-05-06 16:03:04.778
3943,683428,0.0,0.0,0.0,2026-05-06 16:03:04.778
3944,683648,0.0,0.0,0.0,2026-05-06 16:03:04.778
3945,683868,0.0,0.0,0.0,2026-05-06 16:03:04.778
3946,683914,0.0,0.0,0.0,2026-05-06 16:03:04.778
3947,684133,0.0,0.0,0.0,2026-05-06 16:03:04.778
3948,684352,0.0,0.0,0.0,2026-05-06 16:03:04.778
3949,684398,0.0,0.0,0.0,2026-05-06 16:03:04.778
3950,684616,0.0,0.0,0.0,2026-05-06 16:03:04.778
3951,684884,0.0,0.0,0.0,2026-05-06 16:03:04.778
3952,685101,0.0,0.0,0.0,2026-05-06 16:03:04.778
3953,685318,0.0,0.0,0.0,2026-05-06 16:03:05.490
3954,685366,0.0,0.0,0.0,2026-05-06 16:03:05.490
3955,685584,0.0,0.0,0.0,2026-05-06 16:03:05.490
3956,685802,0.0,0.0,0.0,2026-05-06 16:03:05.490
3957,685849,0.0,0.0,0.0,2026-05-06 16:03:05.490
3958,686068,0.0,0.0,0.0,2026-05-06 16:03:05.490
3959,686286,0.0,0.0,0.0,2026-05-06 16:03:05.490
3960,686333,0.0,0.0,0.0,2026-05-06 16:03:05.490
3961,686550,0.0,0.0,0.0,2026-05-06 16:03:05.490
3962,686767,0.0,0.0,0.0,2026-05-06 16:03:05.490
3963,686815,0.0,0.0,0.0,2026-05-06 16:03:05.490
3964,687033,0.0,0.0,0.0,2026-05-06 16:03:05.490
3965,687251,0.0,0.0,0.0,2026-05-06 16:03:05.490
3966,687298,0.0,0.0,0.0,2026-05-06 16:03:05.490
3967,687515,0.0,0.0,0.0,2026-05-06 16:03:05.490
3968,687732,0.0,0.0,0.0,2026-05-06 16:03:05.490
3969,687780,0.0,0.0,0.0,2026-05-06 16:03:05.490
3970,687999,0.0,0.0,0.0,2026-05-06 16:03:05.490
3971,688218,0.0,0.0,0.0,2026-05-06 16:03:05.490
3972,688264,0.0,0.0,0.0,2026-05-06 16:03:05.490
3973,688484,0.0,0.0,0.0,2026-05-06 16:03:05.490
3974,688703,0.0,0.0,0.0,2026-05-06 16:03:05.490
3975,688749,0.0,0.0,0.0,2026-05-06 16:03:05.490
3976,688966,0.0,0.0,0.0,2026-05-06 16:03:05.490
3977,689184,0.0,0.0,0.0,2026-05-06 16:03:05.490
3978,689232,0.0,0.0,0.0,2026-05-06 16:03:05.490
3979,689449,0.0,0.0,0.0,2026-05-06 16:03:05.490
3980,689666,0.0,0.0,0.0,2026-05-06 16:03:05.490
3981,689714,0.0,0.0,0.0,2026-05-06 16:03:05.490
3982,689933,0.0,0.0,0.0,2026-05-06 16:03:05.490
3983,690150,0.0,0.0,0.0,2026-05-06 16:03:05.490
3984,690197,0.0,0.0,0.0,2026-05-06 16:03:05.490
3985,690414,0.0,0.0,0.0,2026-05-06 16:03:05.490
3986,690632,0.0,0.0,0.0,2026-05-06 16:03:05.490
3987,690679,0.0,0.0,0.0,2026-05-06 16:03:05.490
3988,690899,0.0,0.0,0.0,2026-05-06 16:03:05.490
3989,691120,0.0,0.0,0.0,2026-05-06 16:03:05.490
3990,691165,0.0,0.0,0.0,2026-05-06 16:03:05.490
3991,691385,0.0,0.0,0.0,2026-05-06 16:03:05.490
3992,691603,0.0,0.0,0.0,2026-05-06 16:03:05.490
3993,691650,0.0,0.0,0.0,2026-05-06 16:03:05.490
3994,691869,0.0,0.0,0.0,2026-05-06 16:03:05.490
3995,692087,0.0,0.0,0.0,2026-05-06 16:03:05.490
3996,692134,0.0,0.0,0.0,2026-05-06 16:03:05.490
3997,692352,0.0,0.0,0.0,2026-05-06 16:03:05.490
3998,692622,0.0,0.0,0.0,2026-05-06 16:03:05.490
3999,692840,0.0,0.0,0.0,2026-05-06 16:03:05.490
4000,693058,0.0,0.0,0.0,2026-05-06 16:03:05.490
4001,693105,0.0,0.0,0.0,2026-05-06 16:03:05.490
4002,693324,0.0,0.0,0.0,2026-05-06 16:03:06.201
4003,693542,0.0,0.0,0.0,2026-05-06 16:03:06.201
4004,693589,0.0,0.0,0.0,2026-05-06 16:03:06.201
4005,693807,0.0,0.0,0.0,2026-05-06 16:03:06.201
4006,694025,0.0,0.0,0.0,2026-05-06 16:03:06.201
4007,694072,0.0,0.0,0.0,2026-05-06 16:03:06.201
4008,694293,0.0,0.0,0.0,2026-05-06 16:03:06.201
4009,694532,0.0,0.0,0.0,2026-05-06 16:03:06.201
4010,694751,0.0,0.0,0.0,2026-05-06 16:03:06.201
4011,694969,0.0,0.0,0.0,2026-05-06 16:03:06.201
4012,695016,0.0,0.0,0.0,2026-05-06 16:03:06.201
4013,695234,0.0,0.0,0.0,2026-05-06 16:03:06.201
4014,695452,0.0,0.0,0.0,2026-05-06 16:03:06.201
4015,695499,0.0,0.0,0.0,2026-05-06 16:03:06.201
4016,695716,0.0,0.0,0.0,2026-05-06 16:03:06.201
4017,695934,0.0,0.0,0.0,2026-05-06 16:03:06.201
4018,695981,0.0,0.0,0.0,2026-05-06 16:03:06.201
4019,696198,0.0,0.0,0.0,2026-05-06 16:03:06.201
4020,696417,0.0,0.0,0.0,2026-05-06 16:03:06.201
4021,696464,0.0,0.0,0.0,2026-05-06 16:03:06.201
4022,696681,0.0,0.0,0.0,2026-05-06 16:03:06.201
4023,696898,0.0,0.0,0.0,2026-05-06 16:03:06.201
4024,696946,0.0,0.0,0.0,2026-05-06 16:03:06.201
4025,697163,0.0,0.0,0.0,2026-05-06 16:03:06.201
4026,697380,0.0,0.0,0.0,2026-05-06 16:03:06.201
4027,697428,0.0,0.0,0.0,2026-05-06 16:03:06.201
4028,697646,0.0,0.0,0.0,2026-05-06 16:03:06.201
4029,697864,0.0,0.0,0.0,2026-05-06 16:03:06.201
4030,697911,0.0,0.0,0.0,2026-05-06 16:03:06.201
4031,698128,0.0,0.0,0.0,2026-05-06 16:03:06.201
4032,698345,0.0,0.0,0.0,2026-05-06 16:03:06.201
4033,698393,0.0,0.0,0.0,2026-05-06 16:03:06.201
4034,698610,0.0,0.0,0.0,2026-05-06 16:03:06.201
4035,698827,0.0,0.0,0.0,2026-05-06 16:03:06.201
4036,698875,0.0,0.0,0.0,2026-05-06 16:03:06.201
4037,699094,0.0,0.0,0.0,2026-05-06 16:03:06.201
4038,699313,0.0,0.0,0.0,2026-05-06 16:03:06.201
4039,699360,0.0,0.0,0.0,2026-05-06 16:03:06.201
4040,699578,0.0,0.0,0.0,2026-05-06 16:03:06.201
4041,699797,0.0,0.0,0.0,2026-05-06 16:03:06.201
4042,699844,0.0,0.0,0.0,2026-05-06 16:03:06.201
4043,700063,0.0,0.0,0.0,2026-05-06 16:03:06.201
4044,700331,0.0,0.0,0.0,2026-05-06 16:03:06.201
4045,700548,0.0,0.0,0.0,2026-05-06 16:03:06.201
4046,700765,0.0,0.0,0.0,2026-05-06 16:03:06.201
4047,700813,0.0,0.0,0.0,2026-05-06 16:03:06.201
4048,701032,0.0,0.0,0.0,2026-05-06 16:03:06.201
4049,701249,0.0,0.0,0.0,2026-05-06 16:03:06.201
4050,701296,0.0,0.0,0.0,2026-05-06 16:03:06.201
4051,701515,0.0,0.0,0.0,2026-05-06 16:03:06.908
4052,701734,0.0,0.0,0.0,2026-05-06 16:03:06.908
4053,701780,0.0,0.0,0.0,2026-05-06 16:03:06.908
4054,701998,0.0,0.0,0.0,2026-05-06 16:03:06.908
4055,702218,0.0,0.0,0.0,2026-05-06 16:03:06.908
4056,702265,0.0,0.0,0.0,2026-05-06 16:03:06.908
4057,702482,0.0,0.0,0.0,2026-05-06 16:03:06.908
4058,702699,0.0,0.0,0.0,2026-05-06 16:03:06.908
4059,702747,0.0,0.0,0.0,2026-05-06 16:03:06.908
4060,702965,0.0,0.0,0.0,2026-05-06 16:03:06.908
4061,703184,0.0,0.0,0.0,2026-05-06 16:03:06.908
4062,703231,0.0,0.0,0.0,2026-05-06 16:03:06.908
4063,703449,0.0,0.0,0.0,2026-05-06 16:03:06.908
4064,703666,0.0,0.0,0.0,2026-05-06 16:03:06.908
4065,703713,0.0,0.0,0.0,2026-05-06 16:03:06.908
4066,703930,0.0,0.0,0.0,2026-05-06 16:03:06.908
4067,704149,0.0,0.0,0.0,2026-05-06 16:03:06.908
4068,704196,0.0,0.0,0.0,2026-05-06 16:03:06.908
4069,704413,0.0,0.0,0.0,2026-05-06 16:03:06.908
4070,704630,0.0,0.0,0.0,2026-05-06 16:03:06.908
4071,704678,0.0,0.0,0.0,2026-05-06 16:03:06.908
4072,704896,0.0,0.0,0.0,2026-05-06 16:03:06.908
4073,705114,0.0,0.0,0.0,2026-05-06 16:03:06.908
4074,705161,0.0,0.0,0.0,2026-05-06 16:03:06.908
4075,705379,0.0,0.0,0.0,2026-05-06 16:03:06.908
4076,705597,0.0,0.0,0.0,2026-05-06 16:03:06.908
4077,705644,0.0,0.0,0.0,2026-05-06 16:03:06.908
4078,705865,0.0,0.0,0.0,2026-05-06 16:03:06.908
4079,706083,0.0,0.0,0.0,2026-05-06 16:03:06.908
4080,706129,0.0,0.0,0.0,2026-05-06 16:03:06.908
4081,706346,0.0,0.0,0.0,2026-05-06 16:03:06.908
4082,706564,0.0,0.0,0.0,2026-05-06 16:03:06.908
4083,706612,0.0,0.0,0.0,2026-05-06 16:03:06.908
4084,706830,0.0,0.0,0.0,2026-05-06 16:03:06.908
4085,707049,0.0,0.0,0.0,2026-05-06 16:03:06.908
4086,707096,0.0,0.0,0.0,2026-05-06 16:03:06.908
4087,707314,0.0,0.0,0.0,2026-05-06 16:03:06.908
4088,707532,0.0,0.0,0.0,2026-05-06 16:03:06.908
4089,707579,0.0,0.0,0.0,2026-05-06 16:03:06.908
4090,707798,0.0,0.0,0.0,2026-05-06 16:03:06.908
4091,708066,0.0,0.0,0.0,2026-05-06 16:03:06.908
4092,708285,0.0,0.0,0.0,2026-05-06 16:03:06.908
4093,708506,0.0,0.0,0.0,2026-05-06 16:03:06.908
4094,708552,0.0,0.0,0.0,2026-05-06 16:03:06.908
4095,708770,0.0,0.0,0.0,2026-05-06 16:03:06.908
4096,708988,0.0,0.0,0.0,2026-05-06 16:03:06.908
4097,709035,0.0,0.0,0.0,2026-05-06 16:03:06.908
4098,709252,0.0,0.0,0.0,2026-05-06 16:03:07.596
4099,709470,0.0,0.0,0.0,2026-05-06 16:03:07.596
4100,709517,0.0,0.0,0.0,2026-05-06 16:03:07.596
4101,709738,0.0,0.0,0.0,2026-05-06 16:03:07.596
4102,709957,0.0,0.0,0.0,2026-05-06 16:03:07.596
4103,710003,0.0,0.0,0.0,2026-05-06 16:03:07.596
4104,710222,0.0,0.0,0.0,2026-05-06 16:03:07.596
4105,710439,0.0,0.0,0.0,2026-05-06 16:03:07.596
4106,710486,0.0,0.0,0.0,2026-05-06 16:03:07.596
4107,710703,0.0,0.0,0.0,2026-05-06 16:03:07.596
4108,710921,0.0,0.0,0.0,2026-05-06 16:03:07.596
4109,710968,0.0,0.0,0.0,2026-05-06 16:03:07.596
4110,711187,0.0,0.0,0.0,2026-05-06 16:03:07.596
4111,711404,0.0,0.0,0.0,2026-05-06 16:03:07.596
4112,711451,0.0,0.0,0.0,2026-05-06 16:03:07.596
4113,711668,0.0,0.0,0.0,2026-05-06 16:03:07.596
4114,711885,0.0,0.0,0.0,2026-05-06 16:03:07.596
4115,711933,0.0,0.0,0.0,2026-05-06 16:03:07.596
4116,712151,0.0,0.0,0.0,2026-05-06 16:03:07.596
4117,712368,0.0,0.0,0.0,2026-05-06 16:03:07.596
4118,712416,0.0,0.0,0.0,2026-05-06 16:03:07.596
4119,712634,0.0,0.0,0.0,2026-05-06 16:03:07.596
4120,712899,0.0,0.0,0.0,2026-05-06 16:03:07.596
4121,713119,0.0,0.0,0.0,2026-05-06 16:03:07.596
4122,713338,0.0,0.0,0.0,2026-05-06 16:03:07.596
4123,713384,0.0,0.0,0.0,2026-05-06 16:03:07.596
4124,713602,0.0,0.0,0.0,2026-05-06 16:03:07.596
4125,713821,0.0,0.0,0.0,2026-05-06 16:03:07.596
4126,713868,0.0,0.0,0.0,2026-05-06 16:03:07.596
4127,714085,0.0,0.0,0.0,2026-05-06 16:03:07.596
4128,714303,0.0,0.0,0.0,2026-05-06 16:03:07.596
4129,714350,0.0,0.0,0.0,2026-05-06 16:03:07.596
4130,714569,0.0,0.0,0.0,2026-05-06 16:03:07.596
4131,714788,0.0,0.0,0.0,2026-05-06 16:03:07.596
4132,714835,0.0,0.0,0.0,2026-05-06 16:03:07.596
4133,715052,0.0,0.0,0.0,2026-05-06 16:03:07.596
4134,715269,0.0,0.0,0.0,2026-05-06 16:03:07.596
4135,715317,0.0,0.0,0.0,2026-05-06 16:03:07.596
4136,715535,0.0,0.0,0.0,2026-05-06 16:03:07.596
4137,715804,0.0,0.0,0.0,2026-05-06 16:03:07.596
4138,716023,0.0,0.0,0.0,2026-05-06 16:03:07.596
4139,716240,0.0,0.0,0.0,2026-05-06 16:03:07.596
4140,716287,0.0,0.0,0.0,2026-05-06 16:03:07.596
4141,716506,0.0,0.0,0.0,2026-05-06 16:03:07.596
4142,716725,0.0,0.0,0.0,2026-05-06 16:03:07.596
4143,716772,0.0,0.0,0.0,2026-05-06 16:03:07.596
4144,716990,0.0,0.0,0.0,2026-05-06 16:03:07.596
4145,717209,0.0,0.0,0.0,2026-05-06 16:03:07.901
4146,717256,0.0,0.0,0.0,2026-05-06 16:03:07.901
4147,717473,0.0,0.0,0.0,2026-05-06 16:03:07.901
4148,717690,0.0,0.0,0.0,2026-05-06 16:03:07.901
4149,717738,0.0,0.0,0.0,2026-05-06 16:03:07.901
4150,717955,0.0,0.0,0.0,2026-05-06 16:03:07.901
4151,718174,0.0,0.0,0.0,2026-05-06 16:03:07.901
4152,718221,0.0,0.0,0.0,2026-05-06 16:03:07.901
4153,718438,0.0,0.0,0.0,2026-05-06 16:03:07.901
4154,718655,0.0,0.0,0.0,2026-05-06 16:03:07.901
4155,718703,0.0,0.0,0.0,2026-05-06 16:03:07.901
4156,718920,0.0,0.0,0.0,2026-05-06 16:03:07.901
4157,719137,0.0,0.0,0.0,2026-05-06 16:03:07.901
4158,719185,0.0,0.0,0.0,2026-05-06 16:03:07.901
4159,719402,0.0,0.0,0.0,2026-05-06 16:03:07.901
4160,719619,0.0,0.0,0.0,2026-05-06 16:03:07.901
4161,719667,0.0,0.0,0.0,2026-05-06 16:03:07.901
4162,719886,0.0,0.0,0.0,2026-05-06 16:03:07.901
4163,720104,0.0,0.0,0.0,2026-05-06 16:03:07.901
4164,720151,0.0,0.0,0.0,2026-05-06 16:03:07.901
4165,720368,0.0,0.0,0.0,2026-05-06 16:03:07.901
4166,720586,0.0,0.0,0.0,2026-05-06 16:03:08.591
4167,720633,0.0,0.0,0.0,2026-05-06 16:03:08.591
4168,720850,0.0,0.0,0.0,2026-05-06 16:03:08.591
4169,721067,0.0,0.0,0.0,2026-05-06 16:03:08.591
4170,721115,0.0,0.0,0.0,2026-05-06 16:03:08.591
4171,721332,0.0,0.0,0.0,2026-05-06 16:03:08.591
4172,721549,0.0,0.0,0.0,2026-05-06 16:03:08.591
4173,721597,0.0,0.0,0.0,2026-05-06 16:03:08.591
4174,721815,0.0,0.0,0.0,2026-05-06 16:03:08.591
4175,722032,0.0,0.0,0.0,2026-05-06 16:03:08.591
4176,722080,0.0,0.0,0.0,2026-05-06 16:03:08.591
4177,722300,0.0,0.0,0.0,2026-05-06 16:03:08.591
4178,722520,0.0,0.0,0.0,2026-05-06 16:03:08.591
4179,722565,0.0,0.0,0.0,2026-05-06 16:03:08.591
4180,722783,0.0,0.0,0.0,2026-05-06 16:03:08.591
4181,723003,0.0,0.0,0.0,2026-05-06 16:03:08.591
4182,723050,0.0,0.0,0.0,2026-05-06 16:03:08.591
4183,723269,0.0,0.0,0.0,2026-05-06 16:03:08.591
4184,723537,0.0,0.0,0.0,2026-05-06 16:03:08.591
4185,723754,0.0,0.0,0.0,2026-05-06 16:03:08.591
4186,723971,0.0,0.0,0.0,2026-05-06 16:03:08.591
4187,724019,0.0,0.0,0.0,2026-05-06 16:03:08.591
4188,724236,0.0,0.0,0.0,2026-05-06 16:03:08.591
4189,724453,0.0,0.0,0.0,2026-05-06 16:03:08.591
4190,724501,0.0,0.0,0.0,2026-05-06 16:03:08.591
4191,724720,0.0,0.0,0.0,2026-05-06 16:03:08.591
4192,724939,0.0,0.0,0.0,2026-05-06 16:03:08.591
4193,724986,0.0,0.0,0.0,2026-05-06 16:03:08.591
4194,725203,0.0,0.0,0.0,2026-05-06 16:03:08.591
4195,725421,0.0,0.0,0.0,2026-05-06 16:03:08.591
4196,725468,0.0,0.0,0.0,2026-05-06 16:03:08.591
4197,725687,0.0,0.0,0.0,2026-05-06 16:03:08.591
4198,725906,0.0,0.0,0.0,2026-05-06 16:03:08.591
4199,725953,0.0,0.0,0.0,2026-05-06 16:03:08.591
4200,726171,0.0,0.0,0.0,2026-05-06 16:03:08.591
4201,726390,0.0,0.0,0.0,2026-05-06 16:03:08.591
4202,726437,0.0,0.0,0.0,2026-05-06 16:03:08.591
4203,726655,0.0,0.0,0.0,2026-05-06 16:03:08.591
4204,726873,0.0,0.0,0.0,2026-05-06 16:03:08.591
4205,726920,0.0,0.0,0.0,2026-05-06 16:03:08.591
4206,727137,0.0,0.0,0.0,2026-05-06 16:03:08.591
4207,727354,0.0,0.0,0.0,2026-05-06 16:03:08.591
4208,727402,0.0,0.0,0.0,2026-05-06 16:03:08.591
4209,727619,0.0,0.0,0.0,2026-05-06 16:03:08.591
4210,727836,0.0,0.0,0.0,2026-05-06 16:03:08.591
4211,727884,0.0,0.0,0.0,2026-05-06 16:03:08.591
4212,728101,0.0,0.0,0.0,2026-05-06 16:03:08.591
4213,728318,0.0,0.0,0.0,2026-05-06 16:03:08.591
4214,728480,0.0,0.0,0.0,2026-05-06 16:03:08.591
4215,728699,0.0,0.0,0.0,2026-05-06 16:03:09.308
4216,728824,0.0,0.0,0.0,2026-05-06 16:03:09.308
4217,729043,0.0,0.0,0.0,2026-05-06 16:03:09.308
4218,729261,0.0,0.0,0.0,2026-05-06 16:03:09.308
4219,729308,0.0,0.0,0.0,2026-05-06 16:03:09.308
4220,729525,0.0,0.0,0.0,2026-05-06 16:03:09.308
4221,729744,0.0,0.0,0.0,2026-05-06 16:03:09.308
4222,729791,0.0,0.0,0.0,2026-05-06 16:03:09.308
4223,730008,0.0,0.0,0.0,2026-05-06 16:03:09.308
4224,730226,0.0,0.0,0.0,2026-05-06 16:03:09.308
4225,730273,0.0,0.0,0.0,2026-05-06 16:03:09.308
4226,730492,0.0,0.0,0.0,2026-05-06 16:03:09.308
4227,730711,0.0,0.0,0.0,2026-05-06 16:03:09.308
4228,730758,0.0,0.0,0.0,2026-05-06 16:03:09.308
4229,730975,0.0,0.0,0.0,2026-05-06 16:03:09.308
4230,731243,0.0,0.0,0.0,2026-05-06 16:03:09.308
4231,731460,0.0,0.0,0.0,2026-05-06 16:03:09.308
4232,731679,0.0,0.0,0.0,2026-05-06 16:03:09.308
4233,731726,0.0,0.0,0.0,2026-05-06 16:03:09.308
4234,731943,0.0,0.0,0.0,2026-05-06 16:03:09.308
4235,732160,0.0,0.0,0.0,2026-05-06 16:03:09.308
4236,732208,0.0,0.0,0.0,2026-05-06 16:03:09.308
4237,732425,0.0,0.0,0.0,2026-05-06 16:03:09.308
4238,732644,0.0,0.0,0.0,2026-05-06 16:03:09.308
4239,732691,0.0,0.0,0.0,2026-05-06 16:03:09.308
4240,732911,0.0,0.0,0.0,2026-05-06 16:03:09.308
4241,733130,0.0,0.0,0.0,2026-05-06 16:03:09.308
4242,733176,0.0,0.0,0.0,2026-05-06 16:03:09.308
4243,733394,0.0,0.0,0.0,2026-05-06 16:03:09.308
4244,733611,0.0,0.0,0.0,2026-05-06 16:03:09.308
4245,733658,0.0,0.0,0.0,2026-05-06 16:03:09.308
4246,733876,0.0,0.0,0.0,2026-05-06 16:03:09.308
4247,734094,0.0,0.0,0.0,2026-05-06 16:03:09.308
4248,734141,0.0,0.0,0.0,2026-05-06 16:03:09.308
4249,734358,0.0,0.0,0.0,2026-05-06 16:03:09.308
4250,734577,0.0,0.0,0.0,2026-05-06 16:03:09.308
4251,734624,0.0,0.0,0.0,2026-05-06 16:03:09.308
4252,734843,0.0,0.0,0.0,2026-05-06 16:03:09.308
4253,735061,0.0,0.0,0.0,2026-05-06 16:03:09.308
4254,735108,0.0,0.0,0.0,2026-05-06 16:03:09.308
4255,735325,0.0,0.0,0.0,2026-05-06 16:03:09.308
4256,735542,0.0,0.0,0.0,2026-05-06 16:03:09.308
4257,735590,0.0,0.0,0.0,2026-05-06 16:03:09.308
4258,735808,0.0,0.0,0.0,2026-05-06 16:03:09.308
4259,736026,0.0,0.0,0.0,2026-05-06 16:03:09.308
4260,736073,0.0,0.0,0.0,2026-05-06 16:03:09.308
4261,736291,0.0,0.0,0.0,2026-05-06 16:03:09.308
4262,736511,0.0,0.0,0.0,2026-05-06 16:03:09.308
4263,736557,0.0,0.0,0.0,2026-05-06 16:03:09.308
4264,736775,0.0,0.0,0.0,2026-05-06 16:03:10.012
4265,736993,0.0,0.0,0.0,2026-05-06 16:03:10.012
4266,737040,0.0,0.0,0.0,2026-05-06 16:03:10.012
4267,737257,0.0,0.0,0.0,2026-05-06 16:03:10.012
4268,737474,0.0,0.0,0.0,2026-05-06 16:03:10.012
4269,737522,0.0,0.0,0.0,2026-05-06 16:03:10.012
4270,737741,0.0,0.0,0.0,2026-05-06 16:03:10.012
4271,737960,0.0,0.0,0.0,2026-05-06 16:03:10.012
4272,738007,0.0,0.0,0.0,2026-05-06 16:03:10.012
4273,738224,0.0,0.0,0.0,2026-05-06 16:03:10.012
4274,738441,0.0,0.0,0.0,2026-05-06 16:03:10.012
4275,738489,0.0,0.0,0.0,2026-05-06 16:03:10.012
4276,738706,0.0,0.0,0.0,2026-05-06 16:03:10.012
4277,738974,0.0,0.0,0.0,2026-05-06 16:03:10.012
4278,739191,0.0,0.0,0.0,2026-05-06 16:03:10.012
4279,739408,0.0,0.0,0.0,2026-05-06 16:03:10.012
4280,739456,0.0,0.0,0.0,2026-05-06 16:03:10.012
4281,739673,0.0,0.0,0.0,2026-05-06 16:03:10.012
4282,739890,0.0,0.0,0.0,2026-05-06 16:03:10.012
4283,739938,0.0,0.0,0.0,2026-05-06 16:03:10.012
4284,740157,0.0,0.0,0.0,2026-05-06 16:03:10.012
4285,740375,0.0,0.0,0.0,2026-05-06 16:03:10.012
4286,740422,0.0,0.0,0.0,2026-05-06 16:03:10.012
4287,740639,0.0,0.0,0.0,2026-05-06 16:03:10.012
4288,740856,0.0,0.0,0.0,2026-05-06 16:03:10.012
4289,740904,0.0,0.0,0.0,2026-05-06 16:03:10.012
4290,741121,0.0,0.0,0.0,2026-05-06 16:03:10.012
4291,741338,0.0,0.0,0.0,2026-05-06 16:03:10.012
4292,741386,0.0,0.0,0.0,2026-05-06 16:03:10.012
4293,741603,0.0,0.0,0.0,2026-05-06 16:03:10.012
4294,741820,0.0,0.0,0.0,2026-05-06 16:03:10.012
4295,741868,0.0,0.0,0.0,2026-05-06 16:03:10.012
4296,742085,0.0,0.0,0.0,2026-05-06 16:03:10.012
4297,742303,0.0,0.0,0.0,2026-05-06 16:03:10.012
4298,742350,0.0,0.0,0.0,2026-05-06 16:03:10.012
4299,742568,0.0,0.0,0.0,2026-05-06 16:03:10.012
4300,742785,0.0,0.0,0.0,2026-05-06 16:03:10.012
4301,742833,0.0,0.0,0.0,2026-05-06 16:03:10.012
4302,743051,0.0,0.0,0.0,2026-05-06 16:03:10.012
4303,743269,0.0,0.0,0.0,2026-05-06 16:03:10.012
4304,743316,0.0,0.0,0.0,2026-05-06 16:03:10.012
4305,743534,0.0,0.0,0.0,2026-05-06 16:03:10.012
4306,743752,0.0,0.0,0.0,2026-05-06 16:03:10.012
4307,743799,0.0,0.0,0.0,2026-05-06 16:03:10.012
4308,744016,0.0,0.0,0.0,2026-05-06 16:03:10.012
4309,744234,0.0,0.0,0.0,2026-05-06 16:03:10.012
4310,744281,0.0,0.0,0.0,2026-05-06 16:03:10.012
4311,744500,0.0,0.0,0.0,2026-05-06 16:03:10.012
4312,744717,0.0,0.0,0.0,2026-05-06 16:03:10.012
4313,744764,0.0,0.0,0.0,2026-05-06 16:03:10.721
4314,744981,0.0,0.0,0.0,2026-05-06 16:03:10.721
4315,745199,0.0,0.0,0.0,2026-05-06 16:03:10.721
4316,745247,0.0,0.0,0.0,2026-05-06 16:03:10.721
4317,745464,0.0,0.0,0.0,2026-05-06 16:03:10.721
4318,745682,0.0,0.0,0.0,2026-05-06 16:03:10.721
4319,745729,0.0,0.0,0.0,2026-05-06 16:03:10.721
4320,745947,0.0,0.0,0.0,2026-05-06 16:03:10.721
4321,746164,0.0,0.0,0.0,2026-05-06 16:03:10.721
4322,746212,0.0,0.0,0.0,2026-05-06 16:03:10.721
4323,746430,0.0,0.0,0.0,2026-05-06 16:03:10.721
4324,746698,0.0,0.0,0.0,2026-05-06 16:03:10.721
4325,746917,0.0,0.0,0.0,2026-05-06 16:03:10.721
4326,747134,0.0,0.0,0.0,2026-05-06 16:03:10.721
4327,747181,0.0,0.0,0.0,2026-05-06 16:03:10.721
4328,747398,0.0,0.0,0.0,2026-05-06 16:03:10.721
4329,747615,0.0,0.0,0.0,2026-05-06 16:03:10.721
4330,747663,0.0,0.0,0.0,2026-05-06 16:03:10.721
4331,747881,0.0,0.0,0.0,2026-05-06 16:03:10.721
4332,748098,0.0,0.0,0.0,2026-05-06 16:03:10.721
4333,748145,0.0,0.0,0.0,2026-05-06 16:03:10.721
4334,748362,0.0,0.0,0.0,2026-05-06 16:03:10.721
4335,748580,0.0,0.0,0.0,2026-05-06 16:03:10.721
4336,748628,0.0,0.0,0.0,2026-05-06 16:03:10.721
4337,748845,0.0,0.0,0.0,2026-05-06 16:03:10.721
4338,749064,0.0,0.0,0.0,2026-05-06 16:03:10.721
4339,749111,0.0,0.0,0.0,2026-05-06 16:03:10.721
4340,749329,0.0,0.0,0.0,2026-05-06 16:03:10.721
4341,749547,0.0,0.0,0.0,2026-05-06 16:03:10.721
4342,749594,0.0,0.0,0.0,2026-05-06 16:03:10.721
4343,749812,0.0,0.0,0.0,2026-05-06 16:03:10.721
4344,750031,0.0,0.0,0.0,2026-05-06 16:03:10.721
4345,750078,0.0,0.0,0.0,2026-05-06 16:03:10.721
4346,750295,0.0,0.0,0.0,2026-05-06 16:03:10.721
4347,750512,0.0,0.0,0.0,2026-05-06 16:03:10.721
4348,750560,0.0,0.0,0.0,2026-05-06 16:03:10.721
4349,750777,0.0,0.0,0.0,2026-05-06 16:03:10.721
4350,750994,0.0,0.0,0.0,2026-05-06 16:03:10.721
4351,751042,0.0,0.0,0.0,2026-05-06 16:03:10.721
4352,751260,0.0,0.0,0.0,2026-05-06 16:03:10.721
4353,751477,0.0,0.0,0.0,2026-05-06 16:03:10.721
4354,751524,0.0,0.0,0.0,2026-05-06 16:03:10.721
4355,751743,0.0,0.0,0.0,2026-05-06 16:03:10.721
4356,751960,0.0,0.0,0.0,2026-05-06 16:03:10.721
4357,752007,0.0,0.0,0.0,2026-05-06 16:03:10.721
4358,752226,0.0,0.0,0.0,2026-05-06 16:03:10.721
4359,752444,0.0,0.0,0.0,2026-05-06 16:03:10.721
4360,752491,0.0,0.0,0.0,2026-05-06 16:03:10.721
4361,752708,0.0,0.0,0.0,2026-05-06 16:03:10.721
4362,752925,0.0,0.0,0.0,2026-05-06 16:03:11.447
4363,752973,0.0,0.0,0.0,2026-05-06 16:03:11.447
4364,753192,0.0,0.0,0.0,2026-05-06 16:03:11.447
4365,753411,0.0,0.0,0.0,2026-05-06 16:03:11.447
4366,753457,0.0,0.0,0.0,2026-05-06 16:03:11.447
4367,753674,0.0,0.0,0.0,2026-05-06 16:03:11.447
4368,753891,0.0,0.0,0.0,2026-05-06 16:03:11.447
4369,753995,0.0,0.0,0.0,2026-05-06 16:03:11.447
4370,754212,0.0,0.0,0.0,2026-05-06 16:03:11.447
4371,754431,0.0,0.0,0.0,2026-05-06 16:03:11.447
4372,754649,0.0,0.0,0.0,2026-05-06 16:03:11.447
4373,754867,0.0,0.0,0.0,2026-05-06 16:03:11.447
4374,754914,0.0,0.0,0.0,2026-05-06 16:03:11.447
4375,755131,0.0,0.0,0.0,2026-05-06 16:03:11.447
4376,755348,0.0,0.0,0.0,2026-05-06 16:03:11.447
4377,755396,0.0,0.0,0.0,2026-05-06 16:03:11.447
4378,755614,0.0,0.0,0.0,2026-05-06 16:03:11.447
4379,755832,0.0,0.0,0.0,2026-05-06 16:03:11.447
4380,755879,0.0,0.0,0.0,2026-05-06 16:03:11.447
4381,756096,0.0,0.0,0.0,2026-05-06 16:03:11.447
4382,756360,0.0,0.0,0.0,2026-05-06 16:03:11.447
4383,756578,0.0,0.0,0.0,2026-05-06 16:03:11.447
4384,756796,0.0,0.0,0.0,2026-05-06 16:03:11.447
4385,756843,0.0,0.0,0.0,2026-05-06 16:03:11.447
4386,757060,0.0,0.0,0.0,2026-05-06 16:03:11.447
4387,757278,0.0,0.0,0.0,2026-05-06 16:03:11.447
4388,757326,0.0,0.0,0.0,2026-05-06 16:03:11.447
4389,757544,0.0,0.0,0.0,2026-05-06 16:03:11.447
4390,757761,0.0,0.0,0.0,2026-05-06 16:03:11.447
4391,757808,0.0,0.0,0.0,2026-05-06 16:03:11.447
4392,758029,0.0,0.0,0.0,2026-05-06 16:03:11.447
4393,758247,0.0,0.0,0.0,2026-05-06 16:03:11.447
4394,758294,0.0,0.0,0.0,2026-05-06 16:03:11.447
4395,758511,0.0,0.0,0.0,2026-05-06 16:03:11.447
4396,758729,0.0,0.0,0.0,2026-05-06 16:03:11.447
4397,758777,0.0,0.0,0.0,2026-05-06 16:03:11.447
4398,758994,0.0,0.0,0.0,2026-05-06 16:03:11.447
4399,759212,0.0,0.0,0.0,2026-05-06 16:03:11.447
4400,759259,0.0,0.0,0.0,2026-05-06 16:03:11.447
4401,759476,0.0,0.0,0.0,2026-05-06 16:03:11.447
4402,759694,0.0,0.0,0.0,2026-05-06 16:03:11.447
4403,759742,0.0,0.0,0.0,2026-05-06 16:03:11.447
4404,759959,0.0,0.0,0.0,2026-05-06 16:03:11.447
4405,760176,0.0,0.0,0.0,2026-05-06 16:03:11.447
4406,760224,0.0,0.0,0.0,2026-05-06 16:03:11.447
4407,760441,0.0,0.0,0.0,2026-05-06 16:03:11.447
4408,760658,0.0,0.0,0.0,2026-05-06 16:03:11.447
4409,760706,0.0,0.0,0.0,2026-05-06 16:03:11.447
4410,760923,0.0,0.0,0.0,2026-05-06 16:03:12.152
4411,761140,0.0,0.0,0.0,2026-05-06 16:03:12.152
4412,761188,0.0,0.0,0.0,2026-05-06 16:03:12.152
4413,761405,0.0,0.0,0.0,2026-05-06 16:03:12.152
4414,761623,0.0,0.0,0.0,2026-05-06 16:03:12.152
4415,761670,0.0,0.0,0.0,2026-05-06 16:03:12.152
4416,761887,0.0,0.0,0.0,2026-05-06 16:03:12.152
4417,762104,0.0,0.0,0.0,2026-05-06 16:03:12.152
4418,762152,0.0,0.0,0.0,2026-05-06 16:03:12.152
4419,762370,0.0,0.0,0.0,2026-05-06 16:03:12.152
4420,762587,0.0,0.0,0.0,2026-05-06 16:03:12.152
4421,762635,0.0,0.0,0.0,2026-05-06 16:03:12.152
4422,762853,0.0,0.0,0.0,2026-05-06 16:03:12.152
4423,763070,0.0,0.0,0.0,2026-05-06 16:03:12.152
4424,763117,0.0,0.0,0.0,2026-05-06 16:03:12.152
4425,763334,0.0,0.0,0.0,2026-05-06 16:03:12.152
4426,763551,0.0,0.0,0.0,2026-05-06 16:03:12.152
4427,763599,0.0,0.0,0.0,2026-05-06 16:03:12.152
4428,763818,0.0,0.0,0.0,2026-05-06 16:03:12.152
4429,764035,0.0,0.0,0.0,2026-05-06 16:03:12.152
4430,764082,0.0,0.0,0.0,2026-05-06 16:03:12.152
4431,764299,0.0,0.0,0.0,2026-05-06 16:03:12.152
4432,764516,0.0,0.0,0.0,2026-05-06 16:03:12.152
4433,764564,0.0,0.0,0.0,2026-05-06 16:03:12.152
4434,764782,0.0,0.0,0.0,2026-05-06 16:03:12.152
4435,764999,0.0,0.0,0.0,2026-05-06 16:03:12.152
4436,765047,0.0,0.0,0.0,2026-05-06 16:03:12.152
4437,765265,0.0,0.0,0.0,2026-05-06 16:03:12.152
4438,765483,0.0,0.0,0.0,2026-05-06 16:03:12.152
4439,765530,0.0,0.0,0.0,2026-05-06 16:03:12.152
4440,765751,0.0,0.0,0.0,2026-05-06 16:03:12.152
4441,765969,0.0,0.0,0.0,2026-05-06 16:03:12.152
4442,766016,0.0,0.0,0.0,2026-05-06 16:03:12.152
4443,766233,0.0,0.0,0.0,2026-05-06 16:03:12.152
4444,766451,0.0,0.0,0.0,2026-05-06 16:03:12.152
4445,766498,0.0,0.0,0.0,2026-05-06 16:03:12.152
4446,766715,0.0,0.0,0.0,2026-05-06 16:03:12.152
4447,766932,0.0,0.0,0.0,2026-05-06 16:03:12.152
4448,766980,0.0,0.0,0.0,2026-05-06 16:03:12.152
4449,767197,0.0,0.0,0.0,2026-05-06 16:03:12.152
4450,767414,0.0,0.0,0.0,2026-05-06 16:03:12.152
4451,767462,0.0,0.0,0.0,2026-05-06 16:03:12.152
4452,767679,0.0,0.0,0.0,2026-05-06 16:03:12.152
4453,767897,0.0,0.0,0.0,2026-05-06 16:03:12.152
4454,767945,0.0,0.0,0.0,2026-05-06 16:03:12.152
4455,768162,0.0,0.0,0.0,2026-05-06 16:03:12.152
4456,768379,0.0,0.0,0.0,2026-05-06 16:03:12.152
4457,768427,0.0,0.0,0.0,2026-05-06 16:03:12.152
4458,768645,0.0,0.0,0.0,2026-05-06 16:03:12.152
4459,768863,0.0,0.0,0.0,2026-05-06 16:03:12.152
4460,768910,0.0,0.0,0.0,2026-05-06 16:03:12.152
4461,769128,0.0,0.0,0.0,2026-05-06 16:03:12.862
4462,769346,0.0,0.0,0.0,2026-05-06 16:03:12.862
4463,769393,0.0,0.0,0.0,2026-05-06 16:03:12.862
4464,769610,0.0,0.0,0.0,2026-05-06 16:03:12.862
4465,769827,0.0,0.0,0.0,2026-05-06 16:03:12.862
4466,769875,0.0,0.0,0.0,2026-05-06 16:03:12.862
4467,770093,0.0,0.0,0.0,2026-05-06 16:03:12.862
4468,770311,0.0,0.0,0.0,2026-05-06 16:03:12.862
4469,770358,0.0,0.0,0.0,2026-05-06 16:03:12.862
4470,770576,0.0,0.0,0.0,2026-05-06 16:03:12.862
4471,770793,0.0,0.0,0.0,2026-05-06 16:03:12.862
4472,770840,0.0,0.0,0.0,2026-05-06 16:03:12.862
4473,771058,0.0,0.0,0.0,2026-05-06 16:03:12.862
4474,771275,0.0,0.0,0.0,2026-05-06 16:03:12.862
4475,771323,0.0,0.0,0.0,2026-05-06 16:03:12.862
4476,771542,0.0,0.0,0.0,2026-05-06 16:03:12.862
4477,771760,0.0,0.0,0.0,2026-05-06 16:03:12.862
4478,771921,0.0,0.0,0.0,2026-05-06 16:03:12.862
4479,772141,0.0,0.0,0.0,2026-05-06 16:03:12.862
4480,772265,0.0,0.0,0.0,2026-05-06 16:03:12.862
4481,772483,0.0,0.0,0.0,2026-05-06 16:03:12.862
4482,772702,0.0,0.0,0.0,2026-05-06 16:03:12.862
4483,772749,0.0,0.0,0.0,2026-05-06 16:03:12.862
4484,772967,0.0,0.0,0.0,2026-05-06 16:03:12.862
4485,773184,0.0,0.0,0.0,2026-05-06 16:03:12.862
4486,773231,0.0,0.0,0.0,2026-05-06 16:03:12.862
4487,773453,0.0,0.0,0.0,2026-05-06 16:03:12.862
4488,773672,0.0,0.0,0.0,2026-05-06 16:03:12.862
4489,773719,0.0,0.0,0.0,2026-05-06 16:03:12.862
4490,773936,0.0,0.0,0.0,2026-05-06 16:03:12.862
4491,774153,0.0,0.0,0.0,2026-05-06 16:03:12.862
4492,774201,0.0,0.0,0.0,2026-05-06 16:03:12.862
4493,774421,0.0,0.0,0.0,2026-05-06 16:03:12.862
4494,774639,0.0,0.0,0.0,2026-05-06 16:03:12.862
4495,774685,0.0,0.0,0.0,2026-05-06 16:03:12.862
4496,774903,0.0,0.0,0.0,2026-05-06 16:03:12.862
4497,775121,0.0,0.0,0.0,2026-05-06 16:03:12.862
4498,775168,0.0,0.0,0.0,2026-05-06 16:03:12.862
4499,775386,0.0,0.0,0.0,2026-05-06 16:03:12.862
4500,775603,0.0,0.0,0.0,2026-05-06 16:03:12.862
4501,775651,0.0,0.0,0.0,2026-05-06 16:03:12.862
4502,775868,0.0,0.0,0.0,2026-05-06 16:03:12.862
4503,776085,0.0,0.0,0.0,2026-05-06 16:03:12.862
4504,776133,0.0,0.0,0.0,2026-05-06 16:03:12.862
4505,776351,0.0,0.0,0.0,2026-05-06 16:03:12.862
4506,776569,0.0,0.0,0.0,2026-05-06 16:03:12.862
4507,776616,0.0,0.0,0.0,2026-05-06 16:03:12.862
4508,776835,0.0,0.0,0.0,2026-05-06 16:03:12.862
4509,777054,0.0,0.0,0.0,2026-05-06 16:03:12.862
4510,777100,0.0,0.0,0.0,2026-05-06 16:03:13.575
4511,777318,0.0,0.0,0.0,2026-05-06 16:03:13.575
4512,777536,0.0,0.0,0.0,2026-05-06 16:03:13.575
4513,777583,0.0,0.0,0.0,2026-05-06 16:03:13.575
4514,777800,0.0,0.0,0.0,2026-05-06 16:03:13.575
4515,778065,0.0,0.0,0.0,2026-05-06 16:03:13.575
4516,778283,0.0,0.0,0.0,2026-05-06 16:03:13.575
4517,778500,0.0,0.0,0.0,2026-05-06 16:03:13.575
4518,778547,0.0,0.0,0.0,2026-05-06 16:03:13.575
4519,778765,0.0,0.0,0.0,2026-05-06 16:03:13.575
4520,778984,0.0,0.0,0.0,2026-05-06 16:03:13.575
4521,779031,0.0,0.0,0.0,2026-05-06 16:03:13.575
4522,779248,0.0,0.0,0.0,2026-05-06 16:03:13.575
4523,779466,0.0,0.0,0.0,2026-05-06 16:03:13.575
4524,779513,0.0,0.0,0.0,2026-05-06 16:03:13.575
4525,779731,0.0,0.0,0.0,2026-05-06 16:03:13.575
4526,779948,0.0,0.0,0.0,2026-05-06 16:03:13.575
4527,779996,0.0,0.0,0.0,2026-05-06 16:03:13.575
4528,780214,0.0,0.0,0.0,2026-05-06 16:03:13.575
4529,780431,0.0,0.0,0.0,2026-05-06 16:03:13.575
4530,780478,0.0,0.0,0.0,2026-05-06 16:03:13.575
4531,780697,0.0,0.0,0.0,2026-05-06 16:03:13.575
4532,780914,0.0,0.0,0.0,2026-05-06 16:03:13.575
4533,780961,0.0,0.0,0.0,2026-05-06 16:03:13.575
4534,781181,0.0,0.0,0.0,2026-05-06 16:03:13.575
4535,781398,0.0,0.0,0.0,2026-05-06 16:03:13.575
4536,781502,0.0,0.0,0.0,2026-05-06 16:03:13.575
4537,781720,0.0,0.0,0.0,2026-05-06 16:03:13.575
4538,781882,0.0,0.0,0.0,2026-05-06 16:03:13.575
4539,781929,0.0,0.0,0.0,2026-05-06 16:03:13.575
4540,782146,0.0,0.0,0.0,2026-05-06 16:03:13.575
4541,782363,0.0,0.0,0.0,2026-05-06 16:03:13.575
4542,782411,0.0,0.0,0.0,2026-05-06 16:03:13.575
4543,782630,0.0,0.0,0.0,2026-05-06 16:03:13.575
4544,782849,0.0,0.0,0.0,2026-05-06 16:03:13.575
4545,782895,0.0,0.0,0.0,2026-05-06 16:03:13.575
4546,783113,0.0,0.0,0.0,2026-05-06 16:03:13.575
4547,783332,0.0,0.0,0.0,2026-05-06 16:03:13.575
4548,783379,0.0,0.0,0.0,2026-05-06 16:03:13.575
4549,783597,0.0,0.0,0.0,2026-05-06 16:03:13.575
4550,783815,0.0,0.0,0.0,2026-05-06 16:03:13.575
4551,783862,0.0,0.0,0.0,2026-05-06 16:03:13.575
4552,784079,0.0,0.0,0.0,2026-05-06 16:03:13.575
4553,784296,0.0,0.0,0.0,2026-05-06 16:03:13.575
4554,784344,0.0,0.0,0.0,2026-05-06 16:03:13.575
4555,784561,0.0,0.0,0.0,2026-05-06 16:03:13.575
4556,784778,0.0,0.0,0.0,2026-05-06 16:03:13.575
4557,784826,0.0,0.0,0.0,2026-05-06 16:03:13.575
4558,785043,0.0,0.0,0.0,2026-05-06 16:03:13.575
4559,785260,0.0,0.0,0.0,2026-05-06 16:03:14.285
4560,785308,0.0,0.0,0.0,2026-05-06 16:03:14.285
4561,785525,0.0,0.0,0.0,2026-05-06 16:03:14.285
4562,785742,0.0,0.0,0.0,2026-05-06 16:03:14.285
4563,785790,0.0,0.0,0.0,2026-05-06 16:03:14.285
4564,786008,0.0,0.0,0.0,2026-05-06 16:03:14.285
4565,786225,0.0,0.0,0.0,2026-05-06 16:03:14.285
4566,786272,0.0,0.0,0.0,2026-05-06 16:03:14.285
4567,786489,0.0,0.0,0.0,2026-05-06 16:03:14.285
4568,786706,0.0,0.0,0.0,2026-05-06 16:03:14.285
4569,786754,0.0,0.0,0.0,2026-05-06 16:03:14.285
4570,786972,0.0,0.0,0.0,2026-05-06 16:03:14.285
4571,787190,0.0,0.0,0.0,2026-05-06 16:03:14.285
4572,787237,0.0,0.0,0.0,2026-05-06 16:03:14.285
4573,787455,0.0,0.0,0.0,2026-05-06 16:03:14.285
4574,787672,0.0,0.0,0.0,2026-05-06 16:03:14.285
4575,787720,0.0,0.0,0.0,2026-05-06 16:03:14.285
4576,787938,0.0,0.0,0.0,2026-05-06 16:03:14.285
4577,788156,0.0,0.0,0.0,2026-05-06 16:03:14.285
4578,788203,0.0,0.0,0.0,2026-05-06 16:03:14.285
4579,788420,0.0,0.0,0.0,2026-05-06 16:03:14.285
4580,788637,0.0,0.0,0.0,2026-05-06 16:03:14.285
4581,788685,0.0,0.0,0.0,2026-05-06 16:03:14.285
4582,788906,0.0,0.0,0.0,2026-05-06 16:03:14.285
4583,789124,0.0,0.0,0.0,2026-05-06 16:03:14.285
4584,789171,0.0,0.0,0.0,2026-05-06 16:03:14.285
4585,789388,0.0,0.0,0.0,2026-05-06 16:03:14.285
4586,789605,0.0,0.0,0.0,2026-05-06 16:03:14.285
4587,789653,0.0,0.0,0.0,2026-05-06 16:03:14.285
4588,789870,0.0,0.0,0.0,2026-05-06 16:03:14.285
4589,790087,0.0,0.0,0.0,2026-05-06 16:03:14.285
4590,790135,0.0,0.0,0.0,2026-05-06 16:03:14.285
4591,790352,0.0,0.0,0.0,2026-05-06 16:03:14.285
4592,790570,0.0,0.0,0.0,2026-05-06 16:03:14.285
4593,790617,0.0,0.0,0.0,2026-05-06 16:03:14.285
4594,790836,0.0,0.0,0.0,2026-05-06 16:03:14.285
4595,791054,0.0,0.0,0.0,2026-05-06 16:03:14.285
4596,791101,0.0,0.0,0.0,2026-05-06 16:03:14.285
4597,791318,0.0,0.0,0.0,2026-05-06 16:03:14.285
4598,791535,0.0,0.0,0.0,2026-05-06 16:03:14.285
4599,791583,0.0,0.0,0.0,2026-05-06 16:03:14.285
4600,791800,0.0,0.0,0.0,2026-05-06 16:03:14.285
4601,792018,0.0,0.0,0.0,2026-05-06 16:03:14.285
4602,792065,0.0,0.0,0.0,2026-05-06 16:03:14.285
4603,792282,0.0,0.0,0.0,2026-05-06 16:03:14.285
4604,792499,0.0,0.0,0.0,2026-05-06 16:03:14.285
4605,792547,0.0,0.0,0.0,2026-05-06 16:03:14.285
4606,792764,0.0,0.0,0.0,2026-05-06 16:03:14.285
4607,792981,0.0,0.0,0.0,2026-05-06 16:03:14.285
4608,793029,0.0,0.0,0.0,2026-05-06 16:03:14.285
4609,793246,0.0,0.0,0.0,2026-05-06 16:03:14.285
4610,793463,0.0,0.0,0.0,2026-05-06 16:03:14.631
4611,793511,0.0,0.0,0.0,2026-05-06 16:03:14.631
4612,793730,0.0,0.0,0.0,2026-05-06 16:03:14.631
4613,793948,0.0,0.0,0.0,2026-05-06 16:03:14.631
4614,793995,0.0,0.0,0.0,2026-05-06 16:03:14.631
4615,794212,0.0,0.0,0.0,2026-05-06 16:03:14.631
4616,794429,0.0,0.0,0.0,2026-05-06 16:03:14.631
4617,794477,0.0,0.0,0.0,2026-05-06 16:03:14.631
4618,794695,0.0,0.0,0.0,2026-05-06 16:03:14.631
4619,794913,0.0,0.0,0.0,2026-05-06 16:03:14.631
4620,794960,0.0,0.0,0.0,2026-05-06 16:03:14.631
4621,795177,0.0,0.0,0.0,2026-05-06 16:03:14.631
4622,795394,0.0,0.0,0.0,2026-05-06 16:03:14.631
4623,795612,0.0,0.0,0.0,2026-05-06 16:03:14.631
4624,795829,0.0,0.0,0.0,2026-05-06 16:03:14.631
4625,795911,0.0,0.0,0.0,2026-05-06 16:03:14.631
4626,796128,0.0,0.0,0.0,2026-05-06 16:03:14.631
4627,796345,0.0,0.0,0.0,2026-05-06 16:03:14.631
4628,796393,0.0,0.0,0.0,2026-05-06 16:03:14.631
4629,796614,0.0,0.0,0.0,2026-05-06 16:03:14.631
4630,796832,0.0,0.0,0.0,2026-05-06 16:03:14.631
4631,796879,0.0,0.0,0.0,2026-05-06 16:03:14.631
4632,797096,0.0,0.0,0.0,2026-05-06 16:03:15.325
4633,797313,0.0,0.0,0.0,2026-05-06 16:03:15.325
4634,797361,0.0,0.0,0.0,2026-05-06 16:03:15.325
4635,797579,0.0,0.0,0.0,2026-05-06 16:03:15.325
4636,797796,0.0,0.0,0.0,2026-05-06 16:03:15.325
4637,797843,0.0,0.0,0.0,2026-05-06 16:03:15.325
4638,798060,0.0,0.0,0.0,2026-05-06 16:03:15.325
4639,798277,0.0,0.0,0.0,2026-05-06 16:03:15.325
4640,798325,0.0,0.0,0.0,2026-05-06 16:03:15.325
4641,798543,0.0,0.0,0.0,2026-05-06 16:03:15.325
4642,798761,0.0,0.0,0.0,2026-05-06 16:03:15.325
4643,798808,0.0,0.0,0.0,2026-05-06 16:03:15.325
4644,799025,0.0,0.0,0.0,2026-05-06 16:03:15.325
4645,799242,0.0,0.0,0.0,2026-05-06 16:03:15.325
4646,799290,0.0,0.0,0.0,2026-05-06 16:03:15.325
4647,799552,0.0,0.0,0.0,2026-05-06 16:03:15.325
4648,799772,0.0,0.0,0.0,2026-05-06 16:03:15.325
4649,799990,0.0,0.0,0.0,2026-05-06 16:03:15.325
4650,800208,0.0,0.0,0.0,2026-05-06 16:03:15.325
4651,800255,0.0,0.0,0.0,2026-05-06 16:03:15.325
4652,800473,0.0,0.0,0.0,2026-05-06 16:03:15.325
4653,800691,0.0,0.0,0.0,2026-05-06 16:03:15.325
4654,800738,0.0,0.0,0.0,2026-05-06 16:03:15.325
4655,800955,0.0,0.0,0.0,2026-05-06 16:03:15.325
4656,801173,0.0,0.0,0.0,2026-05-06 16:03:15.325
4657,801221,0.0,0.0,0.0,2026-05-06 16:03:15.325
4658,801440,0.0,0.0,0.0,2026-05-06 16:03:15.325
4659,801659,0.0,0.0,0.0,2026-05-06 16:03:15.325
4660,801705,0.0,0.0,0.0,2026-05-06 16:03:15.325
4661,801922,0.0,0.0,0.0,2026-05-06 16:03:15.325
4662,802139,0.0,0.0,0.0,2026-05-06 16:03:15.325
4663,802187,0.0,0.0,0.0,2026-05-06 16:03:15.325
4664,802405,0.0,0.0,0.0,2026-05-06 16:03:15.325
4665,802623,0.0,0.0,0.0,2026-05-06 16:03:15.325
4666,802670,0.0,0.0,0.0,2026-05-06 16:03:15.325
4667,802890,0.0,0.0,0.0,2026-05-06 16:03:15.325
4668,803109,0.0,0.0,0.0,2026-05-06 16:03:15.325
4669,803155,0.0,0.0,0.0,2026-05-06 16:03:15.325
4670,803373,0.0,0.0,0.0,2026-05-06 16:03:15.325
4671,803590,0.0,0.0,0.0,2026-05-06 16:03:15.325
4672,803638,0.0,0.0,0.0,2026-05-06 16:03:15.325
4673,803855,0.0,0.0,0.0,2026-05-06 16:03:15.325
4674,804074,0.0,0.0,0.0,2026-05-06 16:03:15.325
4675,804121,0.0,0.0,0.0,2026-05-06 16:03:15.325
4676,804341,0.0,0.0,0.0,2026-05-06 16:03:15.325
4677,804558,0.0,0.0,0.0,2026-05-06 16:03:15.325
4678,804606,0.0,0.0,0.0,2026-05-06 16:03:15.325
4679,804823,0.0,0.0,0.0,2026-05-06 16:03:15.325
4680,805040,0.0,0.0,0.0,2026-05-06 16:03:16.036
4681,805088,0.0,0.0,0.0,2026-05-06 16:03:16.036
4682,805306,0.0,0.0,0.0,2026-05-06 16:03:16.036
4683,805524,0.0,0.0,0.0,2026-05-06 16:03:16.036
4684,805571,0.0,0.0,0.0,2026-05-06 16:03:16.036
4685,805789,0.0,0.0,0.0,2026-05-06 16:03:16.036
4686,806007,0.0,0.0,0.0,2026-05-06 16:03:16.036
4687,806054,0.0,0.0,0.0,2026-05-06 16:03:16.036
4688,806272,0.0,0.0,0.0,2026-05-06 16:03:16.036
4689,806490,0.0,0.0,0.0,2026-05-06 16:03:16.036
4690,806537,0.0,0.0,0.0,2026-05-06 16:03:16.036
4691,806755,0.0,0.0,0.0,2026-05-06 16:03:16.036
4692,806972,0.0,0.0,0.0,2026-05-06 16:03:16.036
4693,807019,0.0,0.0,0.0,2026-05-06 16:03:16.036
4694,807236,0.0,0.0,0.0,2026-05-06 16:03:16.036
4695,807453,0.0,0.0,0.0,2026-05-06 16:03:16.036
4696,807501,0.0,0.0,0.0,2026-05-06 16:03:16.036
4697,807720,0.0,0.0,0.0,2026-05-06 16:03:16.036
4698,807937,0.0,0.0,0.0,2026-05-06 16:03:16.036
4699,807984,0.0,0.0,0.0,2026-05-06 16:03:16.036
4700,808201,0.0,0.0,0.0,2026-05-06 16:03:16.036
4701,808418,0.0,0.0,0.0,2026-05-06 16:03:16.036
4702,808466,0.0,0.0,0.0,2026-05-06 16:03:16.036
4703,808683,0.0,0.0,0.0,2026-05-06 16:03:16.036
4704,808902,0.0,0.0,0.0,2026-05-06 16:03:16.036
4705,808949,0.0,0.0,0.0,2026-05-06 16:03:16.036
4706,809167,0.0,0.0,0.0,2026-05-06 16:03:16.036
4707,809386,0.0,0.0,0.0,2026-05-06 16:03:16.036
4708,809433,0.0,0.0,0.0,2026-05-06 16:03:16.036
4709,809650,0.0,0.0,0.0,2026-05-06 16:03:16.036
4710,809867,0.0,0.0,0.0,2026-05-06 16:03:16.036
4711,809915,0.0,0.0,0.0,2026-05-06 16:03:16.036
4712,810133,0.0,0.0,0.0,2026-05-06 16:03:16.036
4713,810350,0.0,0.0,0.0,2026-05-06 16:03:16.036
4714,810397,0.0,0.0,0.0,2026-05-06 16:03:16.036
4715,810614,0.0,0.0,0.0,2026-05-06 16:03:16.036
4716,810831,0.0,0.0,0.0,2026-05-06 16:03:16.036
4717,810879,0.0,0.0,0.0,2026-05-06 16:03:16.036
4718,811096,0.0,0.0,0.0,2026-05-06 16:03:16.036
4719,811313,0.0,0.0,0.0,2026-05-06 16:03:16.036
4720,811361,0.0,0.0,0.0,2026-05-06 16:03:16.036
4721,811579,0.0,0.0,0.0,2026-05-06 16:03:16.036
4722,811797,0.0,0.0,0.0,2026-05-06 16:03:16.036
4723,811844,0.0,0.0,0.0,2026-05-06 16:03:16.036
4724,812064,0.0,0.0,0.0,2026-05-06 16:03:16.036
4725,812281,0.0,0.0,0.0,2026-05-06 16:03:16.036
4726,812329,0.0,0.0,0.0,2026-05-06 16:03:16.036
4727,812548,0.0,0.0,0.0,2026-05-06 16:03:16.036
4728,812767,0.0,0.0,0.0,2026-05-06 16:03:16.036
4729,812814,0.0,0.0,0.0,2026-05-06 16:03:16.036
4730,813031,0.0,0.0,0.0,2026-05-06 16:03:16.036
4731,813248,0.0,0.0,0.0,2026-05-06 16:03:16.748
4732,813296,0.0,0.0,0.0,2026-05-06 16:03:16.748
4733,813514,0.0,0.0,0.0,2026-05-06 16:03:16.748
4734,813731,0.0,0.0,0.0,2026-05-06 16:03:16.748
4735,813778,0.0,0.0,0.0,2026-05-06 16:03:16.748
4736,813996,0.0,0.0,0.0,2026-05-06 16:03:16.748
4737,814214,0.0,0.0,0.0,2026-05-06 16:03:16.748
4738,814261,0.0,0.0,0.0,2026-05-06 16:03:16.748
4739,814478,0.0,0.0,0.0,2026-05-06 16:03:16.748
4740,814695,0.0,0.0,0.0,2026-05-06 16:03:16.748
4741,814743,0.0,0.0,0.0,2026-05-06 16:03:16.748
4742,814960,0.0,0.0,0.0,2026-05-06 16:03:16.748
4743,815178,0.0,0.0,0.0,2026-05-06 16:03:16.748
4744,815226,0.0,0.0,0.0,2026-05-06 16:03:16.748
4745,815443,0.0,0.0,0.0,2026-05-06 16:03:16.748
4746,815661,0.0,0.0,0.0,2026-05-06 16:03:16.748
4747,815708,0.0,0.0,0.0,2026-05-06 16:03:16.748
4748,815925,0.0,0.0,0.0,2026-05-06 16:03:16.748
4749,816143,0.0,0.0,0.0,2026-05-06 16:03:16.748
4750,816191,0.0,0.0,0.0,2026-05-06 16:03:16.748
4751,816410,0.0,0.0,0.0,2026-05-06 16:03:16.748
4752,816628,0.0,0.0,0.0,2026-05-06 16:03:16.748
4753,816675,0.0,0.0,0.0,2026-05-06 16:03:16.748
4754,816892,0.0,0.0,0.0,2026-05-06 16:03:16.748
4755,817109,0.0,0.0,0.0,2026-05-06 16:03:16.748
4756,817157,0.0,0.0,0.0,2026-05-06 16:03:16.748
4757,817375,0.0,0.0,0.0,2026-05-06 16:03:16.748
4758,817593,0.0,0.0,0.0,2026-05-06 16:03:16.748
4759,817640,0.0,0.0,0.0,2026-05-06 16:03:16.748
4760,817858,0.0,0.0,0.0,2026-05-06 16:03:16.748
4761,818076,0.0,0.0,0.0,2026-05-06 16:03:16.748
4762,818123,0.0,0.0,0.0,2026-05-06 16:03:16.748
4763,818341,0.0,0.0,0.0,2026-05-06 16:03:16.748
4764,818559,0.0,0.0,0.0,2026-05-06 16:03:16.748
4765,818606,0.0,0.0,0.0,2026-05-06 16:03:16.748
4766,818825,0.0,0.0,0.0,2026-05-06 16:03:16.748
4767,819042,0.0,0.0,0.0,2026-05-06 16:03:16.748
4768,819089,0.0,0.0,0.0,2026-05-06 16:03:16.748
4769,819306,0.0,0.0,0.0,2026-05-06 16:03:16.748
4770,819524,0.0,0.0,0.0,2026-05-06 16:03:16.748
4771,819571,0.0,0.0,0.0,2026-05-06 16:03:16.748
4772,819791,0.0,0.0,0.0,2026-05-06 16:03:16.748
4773,820010,0.0,0.0,0.0,2026-05-06 16:03:16.748
4774,820057,0.0,0.0,0.0,2026-05-06 16:03:16.748
4775,820274,0.0,0.0,0.0,2026-05-06 16:03:16.748
4776,820491,0.0,0.0,0.0,2026-05-06 16:03:16.748
4777,820539,0.0,0.0,0.0,2026-05-06 16:03:16.748
4778,820757,0.0,0.0,0.0,2026-05-06 16:03:16.748
4779,820974,0.0,0.0,0.0,2026-05-06 16:03:16.748
4780,821022,0.0,0.0,0.0,2026-05-06 16:03:16.748
4781,821283,0.0,0.0,0.0,2026-05-06 16:03:17.457
4782,821504,0.0,0.0,0.0,2026-05-06 16:03:17.457
4783,821721,0.0,0.0,0.0,2026-05-06 16:03:17.457
4784,821938,0.0,0.0,0.0,2026-05-06 16:03:17.457
4785,821986,0.0,0.0,0.0,2026-05-06 16:03:17.457
4786,822203,0.0,0.0,0.0,2026-05-06 16:03:17.457
4787,822420,0.0,0.0,0.0,2026-05-06 16:03:17.457
4788,822468,0.0,0.0,0.0,2026-05-06 16:03:17.457
4789,822685,0.0,0.0,0.0,2026-05-06 16:03:17.457
4790,822902,0.0,0.0,0.0,2026-05-06 16:03:17.457
4791,822950,0.0,0.0,0.0,2026-05-06 16:03:17.457
4792,823169,0.0,0.0,0.0,2026-05-06 16:03:17.457
4793,823387,0.0,0.0,0.0,2026-05-06 16:03:17.457
4794,823434,0.0,0.0,0.0,2026-05-06 16:03:17.457
4795,823653,0.0,0.0,0.0,2026-05-06 16:03:17.457
4796,823871,0.0,0.0,0.0,2026-05-06 16:03:17.457
4797,823918,0.0,0.0,0.0,2026-05-06 16:03:17.457
4798,824136,0.0,0.0,0.0,2026-05-06 16:03:17.457
4799,824354,0.0,0.0,0.0,2026-05-06 16:03:17.457
4800,824401,0.0,0.0,0.0,2026-05-06 16:03:17.457
4801,824618,0.0,0.0,0.0,2026-05-06 16:03:17.457
4802,824835,0.0,0.0,0.0,2026-05-06 16:03:17.457
4803,824883,0.0,0.0,0.0,2026-05-06 16:03:17.457
4804,825100,0.0,0.0,0.0,2026-05-06 16:03:17.457
4805,825317,0.0,0.0,0.0,2026-05-06 16:03:17.457
4806,825365,0.0,0.0,0.0,2026-05-06 16:03:17.457
4807,825582,0.0,0.0,0.0,2026-05-06 16:03:17.457
4808,825800,0.0,0.0,0.0,2026-05-06 16:03:17.457
4809,825847,0.0,0.0,0.0,2026-05-06 16:03:17.457
4810,826064,0.0,0.0,0.0,2026-05-06 16:03:17.457
4811,826282,0.0,0.0,0.0,2026-05-06 16:03:17.457
4812,826330,0.0,0.0,0.0,2026-05-06 16:03:17.457
4813,826548,0.0,0.0,0.0,2026-05-06 16:03:17.457
4814,826766,0.0,0.0,0.0,2026-05-06 16:03:17.457
4815,826813,0.0,0.0,0.0,2026-05-06 16:03:17.457
4816,827030,0.0,0.0,0.0,2026-05-06 16:03:17.457
4817,827247,0.0,0.0,0.0,2026-05-06 16:03:17.457
4818,827295,0.0,0.0,0.0,2026-05-06 16:03:17.457
4819,827515,0.0,0.0,0.0,2026-05-06 16:03:17.457
4820,827733,0.0,0.0,0.0,2026-05-06 16:03:17.457
4821,827780,0.0,0.0,0.0,2026-05-06 16:03:17.457
4822,828000,0.0,0.0,0.0,2026-05-06 16:03:17.457
4823,828217,0.0,0.0,0.0,2026-05-06 16:03:17.457
4824,828265,0.0,0.0,0.0,2026-05-06 16:03:17.457
4825,828483,0.0,0.0,0.0,2026-05-06 16:03:17.457
4826,828701,0.0,0.0,0.0,2026-05-06 16:03:17.457
4827,828748,0.0,0.0,0.0,2026-05-06 16:03:17.457
4828,828965,0.0,0.0,0.0,2026-05-06 16:03:17.457
4829,829182,0.0,0.0,0.0,2026-05-06 16:03:17.457
4830,829230,0.0,0.0,0.0,2026-05-06 16:03:17.457
4831,829448,0.0,0.0,0.0,2026-05-06 16:03:18.164
4832,829666,0.0,0.0,0.0,2026-05-06 16:03:18.164
4833,829713,0.0,0.0,0.0,2026-05-06 16:03:18.164
4834,829930,0.0,0.0,0.0,2026-05-06 16:03:18.164
4835,830147,0.0,0.0,0.0,2026-05-06 16:03:18.164
4836,830195,0.0,0.0,0.0,2026-05-06 16:03:18.164
4837,830413,0.0,0.0,0.0,2026-05-06 16:03:18.164
4838,830631,0.0,0.0,0.0,2026-05-06 16:03:18.164
4839,830678,0.0,0.0,0.0,2026-05-06 16:03:18.164
4840,830895,0.0,0.0,0.0,2026-05-06 16:03:18.164
4841,831112,0.0,0.0,0.0,2026-05-06 16:03:18.164
4842,831160,0.0,0.0,0.0,2026-05-06 16:03:18.164
4843,831379,0.0,0.0,0.0,2026-05-06 16:03:18.164
4844,831596,0.0,0.0,0.0,2026-05-06 16:03:18.164
4845,831643,0.0,0.0,0.0,2026-05-06 16:03:18.164
4846,831862,0.0,0.0,0.0,2026-05-06 16:03:18.164
4847,832080,0.0,0.0,0.0,2026-05-06 16:03:18.164
4848,832130,0.0,0.0,0.0,2026-05-06 16:03:18.164
4849,832347,0.0,0.0,0.0,2026-05-06 16:03:18.164
4850,832566,0.0,0.0,0.0,2026-05-06 16:03:18.164
4851,832613,0.0,0.0,0.0,2026-05-06 16:03:18.164
4852,832831,0.0,0.0,0.0,2026-05-06 16:03:18.164
4853,833048,0.0,0.0,0.0,2026-05-06 16:03:18.164
4854,833095,0.0,0.0,0.0,2026-05-06 16:03:18.164
4855,833312,0.0,0.0,0.0,2026-05-06 16:03:18.164
4856,833529,0.0,0.0,0.0,2026-05-06 16:03:18.164
4857,833577,0.0,0.0,0.0,2026-05-06 16:03:18.164
4858,833795,0.0,0.0,0.0,2026-05-06 16:03:18.164
4859,834013,0.0,0.0,0.0,2026-05-06 16:03:18.164
4860,834060,0.0,0.0,0.0,2026-05-06 16:03:18.164
4861,834279,0.0,0.0,0.0,2026-05-06 16:03:18.164
4862,834498,0.0,0.0,0.0,2026-05-06 16:03:18.164
4863,834545,0.0,0.0,0.0,2026-05-06 16:03:18.164
4864,834762,0.0,0.0,0.0,2026-05-06 16:03:18.164
4865,834979,0.0,0.0,0.0,2026-05-06 16:03:18.164
4866,835027,0.0,0.0,0.0,2026-05-06 16:03:18.164
4867,835246,0.0,0.0,0.0,2026-05-06 16:03:18.164
4868,835463,0.0,0.0,0.0,2026-05-06 16:03:18.164
4869,835510,0.0,0.0,0.0,2026-05-06 16:03:18.164
4870,835727,0.0,0.0,0.0,2026-05-06 16:03:18.164
4871,835945,0.0,0.0,0.0,2026-05-06 16:03:18.164
4872,835992,0.0,0.0,0.0,2026-05-06 16:03:18.164
4873,836209,0.0,0.0,0.0,2026-05-06 16:03:18.164
4874,836426,0.0,0.0,0.0,2026-05-06 16:03:18.164
4875,836474,0.0,0.0,0.0,2026-05-06 16:03:18.164
4876,836692,0.0,0.0,0.0,2026-05-06 16:03:18.164
4877,836910,0.0,0.0,0.0,2026-05-06 16:03:18.164
4878,836957,0.0,0.0,0.0,2026-05-06 16:03:18.164
4879,837174,0.0,0.0,0.0,2026-05-06 16:03:18.164
4880,837391,0.0,0.0,0.0,2026-05-06 16:03:18.885
4881,837439,0.0,0.0,0.0,2026-05-06 16:03:18.885
4882,837656,0.0,0.0,0.0,2026-05-06 16:03:18.885
4883,837873,0.0,0.0,0.0,2026-05-06 16:03:18.885
4884,837921,0.0,0.0,0.0,2026-05-06 16:03:18.885
4885,838138,0.0,0.0,0.0,2026-05-06 16:03:18.885
4886,838355,0.0,0.0,0.0,2026-05-06 16:03:18.885
4887,838403,0.0,0.0,0.0,2026-05-06 16:03:18.885
4888,838620,0.0,0.0,0.0,2026-05-06 16:03:18.885
4889,838838,0.0,0.0,0.0,2026-05-06 16:03:18.885
4890,838886,0.0,0.0,0.0,2026-05-06 16:03:18.885
4891,839103,0.0,0.0,0.0,2026-05-06 16:03:18.885
4892,839320,0.0,0.0,0.0,2026-05-06 16:03:18.885
4893,839540,0.0,0.0,0.0,2026-05-06 16:03:18.885
4894,839758,0.0,0.0,0.0,2026-05-06 16:03:18.885
4895,839828,0.0,0.0,0.0,2026-05-06 16:03:18.885
4896,840045,0.0,0.0,0.0,2026-05-06 16:03:18.885
4897,840263,0.0,0.0,0.0,2026-05-06 16:03:18.885
4898,840311,0.0,0.0,0.0,2026-05-06 16:03:18.885
4899,840529,0.0,0.0,0.0,2026-05-06 16:03:18.885
4900,840747,0.0,0.0,0.0,2026-05-06 16:03:18.885
4901,840794,0.0,0.0,0.0,2026-05-06 16:03:18.885
4902,841011,0.0,0.0,0.0,2026-05-06 16:03:18.885
4903,841228,0.0,0.0,0.0,2026-05-06 16:03:18.885
4904,841276,0.0,0.0,0.0,2026-05-06 16:03:18.885
4905,841494,0.0,0.0,0.0,2026-05-06 16:03:18.885
4906,841711,0.0,0.0,0.0,2026-05-06 16:03:18.885
4907,841758,0.0,0.0,0.0,2026-05-06 16:03:18.885
4908,841977,0.0,0.0,0.0,2026-05-06 16:03:18.885
4909,842197,0.0,0.0,0.0,2026-05-06 16:03:18.885
4910,842243,0.0,0.0,0.0,2026-05-06 16:03:18.885
4911,842461,0.0,0.0,0.0,2026-05-06 16:03:18.885
4912,842678,0.0,0.0,0.0,2026-05-06 16:03:18.885
4913,842770,0.0,0.0,0.0,2026-05-06 16:03:18.885
4914,842988,0.0,0.0,0.0,2026-05-06 16:03:18.885
4915,843209,0.0,0.0,0.0,2026-05-06 16:03:18.885
4916,843427,0.0,0.0,0.0,2026-05-06 16:03:18.885
4917,843644,0.0,0.0,0.0,2026-05-06 16:03:18.885
4918,843691,0.0,0.0,0.0,2026-05-06 16:03:18.885
4919,843913,0.0,0.0,0.0,2026-05-06 16:03:18.885
4920,844130,0.0,0.0,0.0,2026-05-06 16:03:18.885
4921,844178,0.0,0.0,0.0,2026-05-06 16:03:18.885
4922,844396,0.0,0.0,0.0,2026-05-06 16:03:18.885
4923,844615,0.0,0.0,0.0,2026-05-06 16:03:18.885
4924,844662,0.0,0.0,0.0,2026-05-06 16:03:18.885
4925,844880,0.0,0.0,0.0,2026-05-06 16:03:18.885
4926,845098,0.0,0.0,0.0,2026-05-06 16:03:18.885
4927,845145,0.0,0.0,0.0,2026-05-06 16:03:18.885
4928,845364,0.0,0.0,0.0,2026-05-06 16:03:18.885
4929,845581,0.0,0.0,0.0,2026-05-06 16:03:19.590
4930,845628,0.0,0.0,0.0,2026-05-06 16:03:19.590
4931,845851,0.0,0.0,0.0,2026-05-06 16:03:19.590
4932,846069,0.0,0.0,0.0,2026-05-06 16:03:19.590
4933,846115,0.0,0.0,0.0,2026-05-06 16:03:19.590
4934,846332,0.0,0.0,0.0,2026-05-06 16:03:19.590
4935,846549,0.0,0.0,0.0,2026-05-06 16:03:19.590
4936,846597,0.0,0.0,0.0,2026-05-06 16:03:19.590
4937,846814,0.0,0.0,0.0,2026-05-06 16:03:19.590
4938,847031,0.0,0.0,0.0,2026-05-06 16:03:19.590
4939,847079,0.0,0.0,0.0,2026-05-06 16:03:19.590
4940,847297,0.0,0.0,0.0,2026-05-06 16:03:19.590
4941,847515,0.0,0.0,0.0,2026-05-06 16:03:19.590
4942,847562,0.0,0.0,0.0,2026-05-06 16:03:19.590
4943,847779,0.0,0.0,0.0,2026-05-06 16:03:19.590
4944,847996,0.0,0.0,0.0,2026-05-06 16:03:19.590
4945,848044,0.0,0.0,0.0,2026-05-06 16:03:19.590
4946,848261,0.0,0.0,0.0,2026-05-06 16:03:19.590
4947,848478,0.0,0.0,0.0,2026-05-06 16:03:19.590
4948,848526,0.0,0.0,0.0,2026-05-06 16:03:19.590
4949,848746,0.0,0.0,0.0,2026-05-06 16:03:19.590
4950,848963,0.0,0.0,0.0,2026-05-06 16:03:19.590
4951,849011,0.0,0.0,0.0,2026-05-06 16:03:19.590
4952,849229,0.0,0.0,0.0,2026-05-06 16:03:19.590
4953,849447,0.0,0.0,0.0,2026-05-06 16:03:19.590
4954,849494,0.0,0.0,0.0,2026-05-06 16:03:19.590
4955,849711,0.0,0.0,0.0,2026-05-06 16:03:19.590
4956,849930,0.0,0.0,0.0,2026-05-06 16:03:19.590
4957,849977,0.0,0.0,0.0,2026-05-06 16:03:19.590
4958,850195,0.0,0.0,0.0,2026-05-06 16:03:19.590
4959,850413,0.0,0.0,0.0,2026-05-06 16:03:19.590
4960,850460,0.0,0.0,0.0,2026-05-06 16:03:19.590
4961,850678,0.0,0.0,0.0,2026-05-06 16:03:19.590
4962,850896,0.0,0.0,0.0,2026-05-06 16:03:19.590
4963,850943,0.0,0.0,0.0,2026-05-06 16:03:19.590
4964,851160,0.0,0.0,0.0,2026-05-06 16:03:19.590
4965,851377,0.0,0.0,0.0,2026-05-06 16:03:19.590
4966,851425,0.0,0.0,0.0,2026-05-06 16:03:19.590
4967,851643,0.0,0.0,0.0,2026-05-06 16:03:19.590
4968,851860,0.0,0.0,0.0,2026-05-06 16:03:19.590
4969,851964,0.0,0.0,0.0,2026-05-06 16:03:19.590
4970,852182,0.0,0.0,0.0,2026-05-06 16:03:19.590
4971,852344,0.0,0.0,0.0,2026-05-06 16:03:19.590
4972,852391,0.0,0.0,0.0,2026-05-06 16:03:19.590
4973,852609,0.0,0.0,0.0,2026-05-06 16:03:19.590
4974,852828,0.0,0.0,0.0,2026-05-06 16:03:19.590
4975,852875,0.0,0.0,0.0,2026-05-06 16:03:19.590
4976,853093,0.0,0.0,0.0,2026-05-06 16:03:19.590
4977,853311,0.0,0.0,0.0,2026-05-06 16:03:19.590
4978,853358,0.0,0.0,0.0,2026-05-06 16:03:19.590
4979,853575,0.0,0.0,0.0,2026-05-06 16:03:20.301
4980,853792,0.0,0.0,0.0,2026-05-06 16:03:20.301
4981,853840,0.0,0.0,0.0,2026-05-06 16:03:20.301
4982,854058,0.0,0.0,0.0,2026-05-06 16:03:20.301
4983,854275,0.0,0.0,0.0,2026-05-06 16:03:20.301
4984,854322,0.0,0.0,0.0,2026-05-06 16:03:20.301
4985,854541,0.0,0.0,0.0,2026-05-06 16:03:20.301
4986,854760,0.0,0.0,0.0,2026-05-06 16:03:20.301
4987,854807,0.0,0.0,0.0,2026-05-06 16:03:20.301
4988,855025,0.0,0.0,0.0,2026-05-06 16:03:20.301
4989,855242,0.0,0.0,0.0,2026-05-06 16:03:20.301
4990,855289,0.0,0.0,0.0,2026-05-06 16:03:20.301
4991,855509,0.0,0.0,0.0,2026-05-06 16:03:20.301
4992,855726,0.0,0.0,0.0,2026-05-06 16:03:20.301
4993,855774,0.0,0.0,0.0,2026-05-06 16:03:20.301
4994,855991,0.0,0.0,0.0,2026-05-06 16:03:20.301
4995,856208,0.0,0.0,0.0,2026-05-06 16:03:20.301
4996,856256,0.0,0.0,0.0,2026-05-06 16:03:20.301
4997,856474,0.0,0.0,0.0,2026-05-06 16:03:20.301
4998,856692,0.0,0.0,0.0,2026-05-06 16:03:20.301
4999,856739,0.0,0.0,0.0,2026-05-06 16:03:20.301
5000,856956,0.0,0.0,0.0,2026-05-06 16:03:20.301
5001,857174,0.0,0.0,0.0,2026-05-06 16:03:20.301
5002,857222,0.0,0.0,0.0,2026-05-06 16:03:20.301
5003,857440,0.0,0.0,0.0,2026-05-06 16:03:20.301
5004,857658,0.0,0.0,0.0,2026-05-06 16:03:20.301
5005,857705,0.0,0.0,0.0,2026-05-06 16:03:20.301
5006,857923,0.0,0.0,0.0,2026-05-06 16:03:20.301
5007,858141,0.0,0.0,0.0,2026-05-06 16:03:20.301
5008,858188,0.0,0.0,0.0,2026-05-06 16:03:20.301
5009,858407,0.0,0.0,0.0,2026-05-06 16:03:20.301
5010,858625,0.0,0.0,0.0,2026-05-06 16:03:20.301
5011,858672,0.0,0.0,0.0,2026-05-06 16:03:20.301
5012,858890,0.0,0.0,0.0,2026-05-06 16:03:20.301
5013,859154,0.0,0.0,0.0,2026-05-06 16:03:20.301
5014,859373,0.0,0.0,0.0,2026-05-06 16:03:20.301
5015,859592,0.0,0.0,0.0,2026-05-06 16:03:20.301
5016,859638,0.0,0.0,0.0,2026-05-06 16:03:20.301
5017,859855,0.0,0.0,0.0,2026-05-06 16:03:20.301
5018,860073,0.0,0.0,0.0,2026-05-06 16:03:20.301
5019,860121,0.0,0.0,0.0,2026-05-06 16:03:20.301
5020,860339,0.0,0.0,0.0,2026-05-06 16:03:20.301
5021,860557,0.0,0.0,0.0,2026-05-06 16:03:20.301
5022,860604,0.0,0.0,0.0,2026-05-06 16:03:20.301
5023,860823,0.0,0.0,0.0,2026-05-06 16:03:20.301
5024,861042,0.0,0.0,0.0,2026-05-06 16:03:20.301
5025,861088,0.0,0.0,0.0,2026-05-06 16:03:20.301
5026,861306,0.0,0.0,0.0,2026-05-06 16:03:20.301
5027,861523,0.0,0.0,0.0,2026-05-06 16:03:20.301
5028,861571,0.0,0.0,0.0,2026-05-06 16:03:20.301
5029,861788,0.0,0.0,0.0,2026-05-06 16:03:21.026
5030,862005,0.0,0.0,0.0,2026-05-06 16:03:21.026
5031,862053,0.0,0.0,0.0,2026-05-06 16:03:21.026
5032,862270,0.0,0.0,0.0,2026-05-06 16:03:21.026
5033,862487,0.0,0.0,0.0,2026-05-06 16:03:21.026
5034,862535,0.0,0.0,0.0,2026-05-06 16:03:21.026
5035,862753,0.0,0.0,0.0,2026-05-06 16:03:21.026
5036,862971,0.0,0.0,0.0,2026-05-06 16:03:21.026
5037,863018,0.0,0.0,0.0,2026-05-06 16:03:21.026
5038,863240,-0.001,0.0,0.0,2026-05-06 16:03:21.026
5039,863481,-0.0061,0.0,0.0,2026-05-06 16:03:21.026
5040,863705,-0.0069,0.0,0.0,2026-05-06 16:03:21.026
5041,863945,-0.0134,0.0,0.0,2026-05-06 16:03:21.026
5042,864170,-0.0145,0.0,0.0,2026-05-06 16:03:21.026
5043,864409,-0.0222,0.0,0.0,2026-05-06 16:03:21.026
5044,864634,-0.0237,0.0,0.0,2026-05-06 16:03:21.026
5045,864874,-0.0361,0.0,0.0,2026-05-06 16:03:21.026
5046,865098,-0.0382,0.0,0.0,2026-05-06 16:03:21.026
5047,865338,-0.0555,0.0,0.0,2026-05-06 16:03:21.026
5048,865563,-0.0584,0.0,0.0,2026-05-06 16:03:21.026
5049,865803,-0.082,0.0,0.0,2026-05-06 16:03:21.026
5050,866028,-0.082,0.0,0.0,2026-05-06 16:03:21.026
5051,866268,-0.1116,0.0,0.0,2026-05-06 16:03:21.026
5052,866493,-0.1163,0.0,0.0,2026-05-06 16:03:21.026
5053,866733,-0.1466,0.0,0.0,2026-05-06 16:03:21.026
5054,866958,-0.152,0.0,0.0,2026-05-06 16:03:21.026
5055,867198,-0.1902,0.0,0.0,2026-05-06 16:03:21.026
5056,867423,-0.1902,0.0,0.0,2026-05-06 16:03:21.026
5057,867663,-0.2322,0.0,0.0,2026-05-06 16:03:21.026
5058,867888,-0.2322,0.0,0.0,2026-05-06 16:03:21.026
5059,868129,-0.2637,0.0,0.0,2026-05-06 16:03:21.026
5060,868354,-0.2677,0.0,0.0,2026-05-06 16:03:21.026
5061,868652,-0.2889,0.0,0.0,2026-05-06 16:03:21.026
5062,868876,-0.2921,0.0,0.0,2026-05-06 16:03:21.026
5063,869059,-0.3106,0.0,0.0,2026-05-06 16:03:21.026
5064,869283,-0.3106,0.0,0.0,2026-05-06 16:03:21.026
5065,869523,-0.3244,0.0,0.0,2026-05-06 16:03:21.026
5066,869747,-0.326,0.0,0.0,2026-05-06 16:03:21.105
5067,869987,-0.3344,0.0,0.0,2026-05-06 16:03:21.105
5068,870214,-0.3356,0.0,0.0,2026-05-06 16:03:21.105
5069,870454,-0.3426,0.0,0.0,2026-05-06 16:03:21.481
5070,870682,-0.3426,0.0,0.0,2026-05-06 16:03:21.481
5071,870922,-0.3483,0.0,0.0,2026-05-06 16:03:21.481
5072,871147,-0.3483,0.0,0.0,2026-05-06 16:03:21.481
5073,871390,-0.3437,0.0,0.0,2026-05-06 16:03:21.481
5074,871616,-0.3428,0.0,0.0,2026-05-06 16:03:21.481
5075,871857,-0.3353,0.0,0.0,2026-05-06 16:03:21.481
5076,872082,-0.3353,0.0,0.0,2026-05-06 16:03:21.481
5077,872322,-0.3169,0.0,0.0,2026-05-06 16:03:21.481
5078,872548,-0.3169,0.0,0.0,2026-05-06 16:03:21.481
5079,872787,-0.2872,0.0,0.0,2026-05-06 16:03:21.481
5080,873012,-0.2814,0.0,0.0,2026-05-06 16:03:21.481
5081,873252,-0.2375,0.0,0.0,2026-05-06 16:03:21.481
5082,873478,-0.2286,0.0,0.0,2026-05-06 16:03:21.481
5083,873718,-0.1579,0.0,0.0,2026-05-06 16:03:21.481
5084,873943,-0.1579,0.0,0.0,2026-05-06 16:03:21.481
5085,874183,-0.0836,0.0,0.0,2026-05-06 16:03:21.481
5086,874408,-0.0836,0.0,0.0,2026-05-06 16:03:21.481
5087,874648,-0.0421,0.0,0.0,2026-05-06 16:03:21.481
5088,874873,-0.0379,0.0,0.0,2026-05-06 16:03:22.162
5089,875113,-0.0193,0.0,0.0,2026-05-06 16:03:22.162
5090,875339,-0.0193,0.0,0.0,2026-05-06 16:03:22.162
5091,875580,-0.0061,0.0,0.0,2026-05-06 16:03:22.162
5092,875807,-0.0061,0.0,0.0,2026-05-06 16:03:22.162
5093,876047,0.0,0.0,0.0,2026-05-06 16:03:22.162
5094,876268,0.0,0.0,0.0,2026-05-06 16:03:22.162
5095,876489,0.0,0.0,0.0,2026-05-06 16:03:22.162
5096,876534,-0.0021,0.0,0.0,2026-05-06 16:03:22.162
5097,876757,-0.0021,0.0,0.0,2026-05-06 16:03:22.162
5098,876997,-0.0069,0.0,0.0,2026-05-06 16:03:22.162
5099,877219,-0.0077,0.0,0.0,2026-05-06 16:03:22.162
5100,877458,-0.0134,0.0,0.0,2026-05-06 16:03:22.162
5101,877680,-0.0145,0.0,0.0,2026-05-06 16:03:22.162
5102,877920,-0.0237,0.0,0.0,2026-05-06 16:03:22.162
5103,878146,-0.0253,0.0,0.0,2026-05-06 16:03:22.162
5104,878386,-0.0382,0.0,0.0,2026-05-06 16:03:22.162
5105,878611,-0.0382,0.0,0.0,2026-05-06 16:03:22.162
5106,878851,-0.0584,0.0,0.0,2026-05-06 16:03:22.162
5107,879076,-0.0584,0.0,0.0,2026-05-06 16:03:22.162
5108,879316,-0.082,0.0,0.0,2026-05-06 16:03:22.162
5109,879541,-0.0858,0.0,0.0,2026-05-06 16:03:22.162
5110,879839,-0.1163,0.0,0.0,2026-05-06 16:03:22.162
5111,880064,-0.1211,0.0,0.0,2026-05-06 16:03:22.162
5112,880246,-0.152,0.0,0.0,2026-05-06 16:03:22.162
5113,880472,-0.152,0.0,0.0,2026-05-06 16:03:22.162
5114,880712,-0.1957,0.0,0.0,2026-05-06 16:03:22.162
5115,880937,-0.1957,0.0,0.0,2026-05-06 16:03:22.162
5116,881178,-0.2322,0.0,0.0,2026-05-06 16:03:22.162
5117,881403,-0.237,0.0,0.0,2026-05-06 16:03:22.162
5118,881643,-0.2637,0.0,0.0,2026-05-06 16:03:22.162
5119,881869,-0.2677,0.0,0.0,2026-05-06 16:03:22.162
5120,882109,-0.2921,0.0,0.0,2026-05-06 16:03:22.162
5121,882333,-0.2921,0.0,0.0,2026-05-06 16:03:22.162
5122,882573,-0.3106,0.0,0.0,2026-05-06 16:03:22.162
5123,882798,-0.3128,0.0,0.0,2026-05-06 16:03:22.162
5124,883038,-0.3244,0.0,0.0,2026-05-06 16:03:22.588
5125,883263,-0.326,0.0,0.0,2026-05-06 16:03:22.588
5126,883503,-0.3356,0.0,0.0,2026-05-06 16:03:22.588
5127,883727,-0.3356,0.0,0.0,2026-05-06 16:03:22.588
5128,883967,-0.3435,0.0,0.0,2026-05-06 16:03:22.588
5129,884191,-0.3435,0.0,0.0,2026-05-06 16:03:22.588
5130,884431,-0.3483,0.0,0.0,2026-05-06 16:03:22.588
5131,884656,-0.3489,0.0,0.0,2026-05-06 16:03:22.588
5132,884955,-0.35,0.0,0.0,2026-05-06 16:03:22.588
5133,885179,-0.35,0.0,0.0,2026-05-06 16:03:22.588
5134,885360,-0.35,0.0,0.0,2026-05-06 16:03:22.588
5135,885588,-0.35,0.0,0.0,2026-05-06 16:03:22.588
5136,885828,-0.35,0.0,0.0,2026-05-06 16:03:22.588
5137,886054,-0.35,0.0,0.0,2026-05-06 16:03:22.588
5138,886294,-0.35,0.0,0.0,2026-05-06 16:03:22.588
5139,886519,-0.35,0.0,0.0,2026-05-06 16:03:22.588
5140,886759,-0.35,0.0,0.0,2026-05-06 16:03:22.588
5141,886985,-0.35,0.0,0.0,2026-05-06 16:03:22.588
5142,887226,-0.35,0.0,0.0,2026-05-06 16:03:22.744
5143,887453,-0.35,0.0,0.0,2026-05-06 16:03:22.744
5144,887693,-0.35,0.0,0.0,2026-05-06 16:03:22.744
5145,887918,-0.35,0.0,0.0,2026-05-06 16:03:22.744
5146,888162,-0.35,0.0,0.0,2026-05-06 16:03:22.744
5147,888388,-0.35,0.0,0.0,2026-05-06 16:03:22.744
5148,888632,-0.35,0.0,0.0,2026-05-06 16:03:22.744
5149,888860,-0.35,0.0,0.0,2026-05-06 16:03:22.744
5150,889100,-0.35,0.0,0.0,2026-05-06 16:03:23.011
5151,889326,-0.35,0.0,0.0,2026-05-06 16:03:23.011
5152,889628,-0.35,0.0,0.0,2026-05-06 16:03:23.011
5153,889853,-0.35,0.0,0.0,2026-05-06 16:03:23.011
5154,890032,-0.35,0.0,0.0,2026-05-06 16:03:23.011
5155,890257,-0.35,0.0,0.0,2026-05-06 16:03:23.011
5156,890497,-0.35,0.0,0.0,2026-05-06 16:03:23.011
5157,890722,-0.35,0.0,0.0,2026-05-06 16:03:23.011
5158,890965,-0.35,0.0,0.0,2026-05-06 16:03:23.011
5159,891192,-0.35,0.0,0.0,2026-05-06 16:03:23.011
5160,891433,-0.35,0.0,0.0,2026-05-06 16:03:23.011
5161,891659,-0.35,0.0,0.0,2026-05-06 16:03:23.011
5162,891899,-0.35,0.0,0.0,2026-05-06 16:03:23.011
5163,892123,-0.35,0.0,0.0,2026-05-06 16:03:23.011
5164,892363,-0.35,0.0,0.0,2026-05-06 16:03:23.636
5165,892588,-0.35,0.0,0.0,2026-05-06 16:03:23.636
5166,892828,-0.35,0.0,0.0,2026-05-06 16:03:23.636
5167,893053,-0.35,0.0,0.0,2026-05-06 16:03:23.636
5168,893293,-0.35,0.0,0.0,2026-05-06 16:03:23.636
5169,893518,-0.35,0.0,0.0,2026-05-06 16:03:23.636
5170,893758,-0.349,0.0,0.0,2026-05-06 16:03:23.636
5171,893984,-0.349,0.0,0.0,2026-05-06 16:03:23.636
5172,894227,-0.3435,0.0,0.0,2026-05-06 16:03:23.636
5173,894453,-0.3424,0.0,0.0,2026-05-06 16:03:23.636
5174,894693,-0.3335,0.0,0.0,2026-05-06 16:03:23.636
5175,894919,-0.3335,0.0,0.0,2026-05-06 16:03:23.636
5176,895160,-0.312,0.0,0.0,2026-05-06 16:03:23.636
5177,895385,-0.312,0.0,0.0,2026-05-06 16:03:23.636
5178,895625,-0.2775,0.0,0.0,2026-05-06 16:03:23.636
5179,895851,-0.2709,0.0,0.0,2026-05-06 16:03:23.636
5180,896091,-0.222,0.0,0.0,2026-05-06 16:03:23.636
5181,896315,-0.2123,0.0,0.0,2026-05-06 16:03:23.636
5182,896555,-0.1402,0.0,0.0,2026-05-06 16:03:23.636
5183,896779,-0.1402,0.0,0.0,2026-05-06 16:03:23.636
5184,897019,-0.0714,0.0,0.0,2026-05-06 16:03:23.636
5185,897244,-0.0714,0.0,0.0,2026-05-06 16:03:23.636
5186,897484,-0.0353,0.0,0.0,2026-05-06 16:03:23.636
5187,897709,-0.0317,0.0,0.0,2026-05-06 16:03:23.636
5188,897949,-0.0157,0.0,0.0,2026-05-06 16:03:23.636
5189,898175,-0.0157,0.0,0.0,2026-05-06 16:03:23.636
5190,898416,-0.0045,0.0,0.0,2026-05-06 16:03:23.636
5191,898642,-0.0045,0.0,0.0,2026-05-06 16:03:23.636
5192,898882,0.0,0.0,0.0,2026-05-06 16:03:23.636
5193,899104,0.0,0.0,0.0,2026-05-06 16:03:23.636
5194,899343,0.0,0.0,0.0,2026-05-06 16:03:24.823
5195,899564,0.0,0.0,0.0,2026-05-06 16:03:24.823
5196,899784,0.0,0.0,0.0,2026-05-06 16:03:24.823
5197,899829,0.0,0.0,0.0,2026-05-06 16:03:24.823
5198,900050,0.0,0.0,0.0,2026-05-06 16:03:24.823
5199,900271,0.0,0.0,0.0,2026-05-06 16:03:24.823
5200,900316,0.0,0.0,0.0,2026-05-06 16:03:24.823
5201,900537,0.0,0.0,0.0,2026-05-06 16:03:24.823
5202,900995,0.0,0.0,0.0,2026-05-06 16:03:24.823
5203,901216,0.0,0.0,0.0,2026-05-06 16:03:24.823
5204,901438,0.0,0.0,0.0,2026-05-06 16:03:24.823
5205,901662,0.0,0.0,0.0,2026-05-06 16:03:24.823
5206,901899,0.0,0.0,0.0,2026-05-06 16:03:24.823
5207,902120,0.0,0.0,0.0,2026-05-06 16:03:24.823
5208,902357,0.0,0.0,0.0,2026-05-06 16:03:24.823
5209,902578,0.0,0.0,0.0,2026-05-06 16:03:24.823
5210,902680,0.0,0.0,0.0,2026-05-06 16:03:24.823
5211,902901,0.0,0.0,0.0,2026-05-06 16:03:24.823
5212,903138,0.0,0.0,0.0,2026-05-06 16:03:24.823
5213,903359,0.0,0.0,0.0,2026-05-06 16:03:24.823
5214,903580,0.0,0.0,0.0,2026-05-06 16:03:24.823
5215,903627,0.0,0.0,0.0,2026-05-06 16:03:24.823
5216,903848,0.0,0.0,0.0,2026-05-06 16:03:24.823
5217,904085,0.0,0.0,0.0,2026-05-06 16:03:24.823
5218,904306,0.0,0.0,0.0,2026-05-06 16:03:24.823
5219,904527,0.0,0.0,0.0,2026-05-06 16:03:24.823
5220,904574,0.0,0.0,0.0,2026-05-06 16:03:24.823
5221,904798,0.0,0.0,0.0,2026-05-06 16:03:24.823
5222,905112,0.0,0.0,0.0,2026-05-06 16:03:24.823
5223,905333,0.0,0.0,0.0,2026-05-06 16:03:24.823
5224,905682,0.0,0.0,0.0,2026-05-06 16:03:24.823
5225,905903,0.0,0.0,0.0,2026-05-06 16:03:24.823
5226,906140,0.0,0.0,0.0,2026-05-06 16:03:24.823
5227,906361,0.0,0.0,0.0,2026-05-06 16:03:24.823
5228,906598,0.0,0.0,0.0,2026-05-06 16:03:24.823
5229,906819,0.0,0.0,0.0,2026-05-06 16:03:24.823
5230,907097,0.0,0.0,0.0,2026-05-06 16:03:24.823
5231,907318,0.0,0.0,0.0,2026-05-06 16:03:25.535
5232,907378,0.0,0.0,0.0,2026-05-06 16:03:25.535
5233,907599,0.0,0.0,0.0,2026-05-06 16:03:25.535
5234,907821,0.0,0.0,0.0,2026-05-06 16:03:25.535
5235,907870,0.0,0.0,0.0,2026-05-06 16:03:25.535
5236,908091,0.0,0.0,0.0,2026-05-06 16:03:25.535
5237,908328,0.0,0.0,0.0,2026-05-06 16:03:25.535
5238,908549,0.0,0.0,0.0,2026-05-06 16:03:25.535
5239,908770,0.0,0.0,0.0,2026-05-06 16:03:25.535
5240,908817,0.0005,0.0,0.0,2026-05-06 16:03:25.535
5241,909037,0.001,0.0,0.0,2026-05-06 16:03:25.535
5242,909257,0.001,0.0,0.0,2026-05-06 16:03:25.535
5243,909302,0.0047,0.0,0.0,2026-05-06 16:03:25.535
5244,909521,0.0047,0.0,0.0,2026-05-06 16:03:25.535
5245,909740,0.0054,0.0,0.0,2026-05-06 16:03:25.535
5246,909787,0.0113,0.0,0.0,2026-05-06 16:03:25.535
5247,910005,0.0113,0.0,0.0,2026-05-06 16:03:25.535
5248,910223,0.0124,0.0,0.0,2026-05-06 16:03:25.535
5249,910270,0.0208,0.0,0.0,2026-05-06 16:03:25.535
5250,910489,0.0222,0.0,0.0,2026-05-06 16:03:25.535
5251,910709,0.0222,0.0,0.0,2026-05-06 16:03:25.535
5252,910755,0.0322,0.0,0.0,2026-05-06 16:03:25.535
5253,910973,0.0322,0.0,0.0,2026-05-06 16:03:25.535
5254,911191,0.0341,0.0,0.0,2026-05-06 16:03:25.535
5255,911238,0.0501,0.0,0.0,2026-05-06 16:03:25.535
5256,911457,0.0501,0.0,0.0,2026-05-06 16:03:25.535
5257,911676,0.0528,0.0,0.0,2026-05-06 16:03:25.535
5258,911722,0.0746,0.0,0.0,2026-05-06 16:03:25.535
5259,911939,0.0746,0.0,0.0,2026-05-06 16:03:25.535
5260,912156,0.0782,0.0,0.0,2026-05-06 16:03:25.535
5261,912204,0.1025,0.0,0.0,2026-05-06 16:03:25.535
5262,912425,0.107,0.0,0.0,2026-05-06 16:03:25.535
5263,912644,0.107,0.0,0.0,2026-05-06 16:03:25.535
5264,912690,0.1362,0.0,0.0,2026-05-06 16:03:25.535
5265,912908,0.1414,0.0,0.0,2026-05-06 16:03:25.535
5266,913129,0.1466,0.0,0.0,2026-05-06 16:03:25.535
5267,913177,0.1793,0.0,0.0,2026-05-06 16:03:25.535
5268,913396,0.1793,0.0,0.0,2026-05-06 16:03:25.535
5269,913615,0.1848,0.0,0.0,2026-05-06 16:03:25.535
5270,913662,0.2222,0.0,0.0,2026-05-06 16:03:25.535
5271,913881,0.2222,0.0,0.0,2026-05-06 16:03:25.535
5272,914100,0.2272,0.0,0.0,2026-05-06 16:03:25.535
5273,914146,0.2553,0.0,0.0,2026-05-06 16:03:25.535
5274,914365,0.2595,0.0,0.0,2026-05-06 16:03:25.535
5275,914583,0.2595,0.0,0.0,2026-05-06 16:03:25.535
5276,914630,0.2824,0.0,0.0,2026-05-06 16:03:25.535
5277,914848,0.2824,0.0,0.0,2026-05-06 16:03:25.535
5278,915066,0.2857,0.0,0.0,2026-05-06 16:03:25.535
5279,915113,0.3058,0.0,0.0,2026-05-06 16:03:25.535
5280,915333,0.3058,0.0,0.0,2026-05-06 16:03:25.646
5281,915553,0.3083,0.0,0.0,2026-05-06 16:03:25.646
5282,915598,0.3208,0.0,0.0,2026-05-06 16:03:25.646
5283,915817,0.3226,0.0,0.0,2026-05-06 16:03:25.646
5284,916036,0.3226,0.0,0.0,2026-05-06 16:03:25.646
5285,916083,0.3319,0.0,0.0,2026-05-06 16:03:25.646
5286,916302,0.3332,0.0,0.0,2026-05-06 16:03:26.293
5287,916521,0.3344,0.0,0.0,2026-05-06 16:03:26.293
5288,916567,0.3409,0.0,0.0,2026-05-06 16:03:26.293
5289,916785,0.3409,0.0,0.0,2026-05-06 16:03:26.293
5290,917003,0.3418,0.0,0.0,2026-05-06 16:03:26.293
5291,917108,0.3471,0.0,0.0,2026-05-06 16:03:26.293
5292,917327,0.3471,0.0,0.0,2026-05-06 16:03:26.293
5293,917511,0.35,0.0,0.0,2026-05-06 16:03:26.293
5294,917730,0.35,0.0,0.0,2026-05-06 16:03:26.293
5295,917948,0.35,0.0,0.0,2026-05-06 16:03:26.293
5296,917995,0.35,0.0,0.0,2026-05-06 16:03:26.293
5297,918212,0.35,0.0,0.0,2026-05-06 16:03:26.293
5298,918429,0.35,0.0,0.0,2026-05-06 16:03:26.293
5299,918477,0.35,0.0,0.0,2026-05-06 16:03:26.293
5300,918695,0.35,0.0,0.0,2026-05-06 16:03:26.293
5301,918913,0.35,0.0,0.0,2026-05-06 16:03:26.293
5302,918960,0.35,0.0,0.0,2026-05-06 16:03:26.293
5303,919179,0.35,0.0,0.0,2026-05-06 16:03:26.293
5304,919398,0.35,0.0,0.0,2026-05-06 16:03:26.293
5305,919444,0.35,0.0,0.0,2026-05-06 16:03:26.293
5306,919662,0.35,0.0,0.0,2026-05-06 16:03:26.293
5307,919880,0.35,0.0,0.0,2026-05-06 16:03:26.293
5308,919927,0.35,0.0,0.0,2026-05-06 16:03:26.293
5309,920145,0.35,0.0,0.0,2026-05-06 16:03:26.293
5310,920363,0.3495,0.0,0.0,2026-05-06 16:03:26.293
5311,920410,0.35,0.0,0.0,2026-05-06 16:03:26.293
5312,920628,0.35,0.0,0.0,2026-05-06 16:03:26.293
5313,920846,0.35,0.0,0.0,2026-05-06 16:03:26.293
5314,920893,0.35,0.0,0.0,2026-05-06 16:03:26.293
5315,921111,0.35,0.0,0.0,2026-05-06 16:03:26.293
5316,921329,0.35,0.0,0.0,2026-05-06 16:03:26.293
5317,921376,0.35,0.0,0.0,2026-05-06 16:03:26.293
5318,921593,0.35,0.0,0.0,2026-05-06 16:03:26.293
5319,921810,0.35,0.0,0.0,2026-05-06 16:03:26.293
5320,921858,0.35,0.0,0.0,2026-05-06 16:03:26.293
5321,922076,0.35,0.0,0.0,2026-05-06 16:03:26.293
5322,922294,0.35,0.0,0.0,2026-05-06 16:03:26.293
5323,922341,0.35,0.0,0.0,2026-05-06 16:03:26.293
5324,922560,0.3495,0.0,0.0,2026-05-06 16:03:26.293
5325,922779,0.3495,0.0,0.0,2026-05-06 16:03:26.293
5326,922826,0.3454,0.0,0.0,2026-05-06 16:03:26.293
5327,923044,0.3445,0.0,0.0,2026-05-06 16:03:26.293
5328,923262,0.3435,0.0,0.0,2026-05-06 16:03:26.293
5329,923309,0.3354,0.0,0.0,2026-05-06 16:03:26.293
5330,923529,0.3354,0.0,0.0,2026-05-06 16:03:26.969
5331,923749,0.3335,0.0,0.0,2026-05-06 16:03:26.969
5332,923794,0.335,0.0,0.0,2026-05-06 16:03:26.969
5333,924013,0.3393,0.0,0.0,2026-05-06 16:03:26.969
5334,924232,0.3393,0.0,0.0,2026-05-06 16:03:26.969
5335,924279,0.349,0.0,0.0,2026-05-06 16:03:26.969
5336,924498,0.3484,0.0,0.0,2026-05-06 16:03:26.969
5337,924717,0.3484,0.0,0.0,2026-05-06 16:03:26.969
5338,924763,0.3435,0.0,0.0,2026-05-06 16:03:26.969
5339,924982,0.3435,0.0,0.0,2026-05-06 16:03:26.969
5340,925204,0.344,0.0,0.0,2026-05-06 16:03:26.969
5341,925251,0.35,0.0,0.0,2026-05-06 16:03:26.969
5342,925469,0.35,0.0,0.0,2026-05-06 16:03:26.969
5343,925687,0.35,0.0,0.0,2026-05-06 16:03:26.969
5344,925734,0.35,0.0,0.0,2026-05-06 16:03:26.969
5345,925953,0.35,0.0,0.0,2026-05-06 16:03:26.969
5346,926172,0.35,0.0,0.0,2026-05-06 16:03:26.969
5347,926218,0.35,0.0,0.0,2026-05-06 16:03:26.969
5348,926437,0.35,0.0,0.0,2026-05-06 16:03:26.969
5349,926656,0.35,0.0,0.0,2026-05-06 16:03:26.969
5350,926703,0.35,0.0,0.0,2026-05-06 16:03:26.969
5351,926922,0.35,0.0,0.0,2026-05-06 16:03:26.969
5352,927141,0.35,0.0,0.0,2026-05-06 16:03:26.969
5353,927187,0.35,0.0,0.0,2026-05-06 16:03:26.969
5354,927409,0.35,0.0,0.0,2026-05-06 16:03:26.969
5355,927628,0.35,0.0,0.0,2026-05-06 16:03:26.969
5356,927675,0.35,0.0,0.0,2026-05-06 16:03:26.969
5357,927893,0.35,0.0,0.0,2026-05-06 16:03:26.969
5358,928111,0.35,0.0,0.0,2026-05-06 16:03:26.969
5359,928158,0.35,0.0,0.0,2026-05-06 16:03:26.969
5360,928377,0.35,0.0,0.0,2026-05-06 16:03:26.969
5361,928596,0.35,0.0,0.0,2026-05-06 16:03:26.969
5362,928642,0.35,0.0,0.0,2026-05-06 16:03:26.969
5363,928860,0.35,0.0,0.0,2026-05-06 16:03:26.969
5364,929078,0.3495,0.0,0.0,2026-05-06 16:03:26.969
5365,929125,0.3454,0.0,0.0,2026-05-06 16:03:26.969
5366,929343,0.3445,0.0,0.0,2026-05-06 16:03:26.969
5367,929561,0.3445,0.0,0.0,2026-05-06 16:03:26.969
5368,929608,0.337,0.0,0.0,2026-05-06 16:03:26.969
5369,929825,0.3354,0.0,0.0,2026-05-06 16:03:26.969
5370,930042,0.3335,0.0,0.0,2026-05-06 16:03:26.969
5371,930090,0.3188,0.0,0.0,2026-05-06 16:03:26.969
5372,930308,0.3188,0.0,0.0,2026-05-06 16:03:26.969
5373,930526,0.3155,0.0,0.0,2026-05-06 16:03:26.969
5374,930573,0.2893,0.0,0.0,2026-05-06 16:03:26.969
5375,930792,0.2836,0.0,0.0,2026-05-06 16:03:26.969
5376,931011,0.2836,0.0,0.0,2026-05-06 16:03:26.969
5377,931114,0.2312,0.0,0.0,2026-05-06 16:03:26.969
5378,931333,0.222,0.0,0.0,2026-05-06 16:03:26.969
5379,931497,0.222,0.0,0.0,2026-05-06 16:03:27.237
5380,931542,0.1608,0.0,0.0,2026-05-06 16:03:27.237
5381,931760,0.1608,0.0,0.0,2026-05-06 16:03:27.237
5382,931978,0.1504,0.0,0.0,2026-05-06 16:03:27.237
5383,932025,0.0858,0.0,0.0,2026-05-06 16:03:27.237
5384,932243,0.0858,0.0,0.0,2026-05-06 16:03:27.237
5385,932461,0.0784,0.0,0.0,2026-05-06 16:03:27.237
5386,932508,0.0436,0.0,0.0,2026-05-06 16:03:27.237
5387,932726,0.0393,0.0,0.0,2026-05-06 16:03:27.237
5388,932944,0.0393,0.0,0.0,2026-05-06 16:03:27.237
5389,932991,0.0201,0.0,0.0,2026-05-06 16:03:27.237
5390,933208,0.0178,0.0,0.0,2026-05-06 16:03:27.237
5391,933426,0.0157,0.0,0.0,2026-05-06 16:03:27.237
5392,933474,0.0065,0.0,0.0,2026-05-06 16:03:27.237
5393,933692,0.0065,0.0,0.0,2026-05-06 16:03:27.237
5394,933910,0.0055,0.0,0.0,2026-05-06 16:03:27.237
5395,933957,0.0007,0.0,0.0,2026-05-06 16:03:27.237
5396,934178,0.0001,0.0,0.0,2026-05-06 16:03:27.299
5397,934417,0.0,0.0,0.0,2026-05-06 16:03:27.299
5398,934708,0.0,0.0,0.0,2026-05-06 16:03:27.299
5399,934880,0.0,0.0,0.0,2026-05-06 16:03:27.347
5400,935105,0.0,0.0,0.0,2026-05-06 16:03:27.507
5401,935327,0.0,0.0,0.0,2026-05-06 16:03:27.507
5402,935375,0.0,0.0,0.0,2026-05-06 16:03:27.507
5403,935597,0.0,0.0,0.0,2026-05-06 16:03:27.507
5404,936005,0.0,0.0,0.0,2026-05-06 16:03:27.507
5405,936227,0.0,0.0,0.0,2026-05-06 16:03:27.507
5406,936508,0.0,0.0,0.0,2026-05-06 16:03:27.507
5407,936730,0.0,0.0,0.0,2026-05-06 16:03:27.507
5408,936793,0.0,0.0,0.0,2026-05-06 16:03:27.507
5409,937015,0.0,0.0,0.0,2026-05-06 16:03:27.507
5410,937245,0.0,0.0,0.0,2026-05-06 16:03:27.507
5411,937467,0.0,0.0,0.0,2026-05-06 16:03:27.805
5412,937689,0.0,0.0,0.0,2026-05-06 16:03:27.805
5413,937743,0.0,0.0,0.0,2026-05-06 16:03:27.805
5414,937965,0.0,0.0,0.0,2026-05-06 16:03:27.805
5415,938203,0.0,0.0,0.0,2026-05-06 16:03:27.805
5416,938425,0.0,0.0,0.0,2026-05-06 16:03:27.805
5417,938647,0.0,0.0,0.0,2026-05-06 16:03:27.805
5418,938693,0.0,0.0,0.0,2026-05-06 16:03:27.805
5419,938915,0.0,0.0,0.0,2026-05-06 16:03:27.805
5420,939145,0.0,0.0,0.0,2026-05-06 16:03:27.805
5421,939367,0.0,0.0,0.0,2026-05-06 16:03:27.805
5422,939589,0.0,0.0,0.0,2026-05-06 16:03:27.805
5423,939642,0.0,0.0,0.0,2026-05-06 16:03:27.805
5424,939864,0.0,0.0,0.0,2026-05-06 16:03:27.805
5425,940102,0.0,0.0,0.0,2026-05-06 16:03:27.805
5426,940324,0.0,0.0,0.0,2026-05-06 16:03:27.805
5427,940546,0.0,0.0,0.0,2026-05-06 16:03:27.805
5428,940591,0.0,0.0,0.0,2026-05-06 16:03:27.805
5429,940813,0.0,0.0,0.0,2026-05-06 16:03:28.496
5430,941221,0.0,0.0,0.0,2026-05-06 16:03:28.496
5431,941443,0.0,0.0,0.0,2026-05-06 16:03:28.496
5432,941723,0.0,0.0,0.0,2026-05-06 16:03:28.496
5433,941945,0.0,0.0,0.0,2026-05-06 16:03:28.496
5434,942005,0.0,0.0,0.0,2026-05-06 16:03:28.496
5435,942238,0.0,0.0,0.0,2026-05-06 16:03:28.496
5436,942459,0.0,0.0,0.0,2026-05-06 16:03:28.496
5437,942678,0.0,0.0,0.0,2026-05-06 16:03:28.496
5438,942900,0.0,0.0,0.0,2026-05-06 16:03:28.496
5439,942960,0.0,0.0,0.0,2026-05-06 16:03:28.496
5440,943181,0.0,0.0,0.0,2026-05-06 16:03:28.496
5441,943402,0.0,0.0,0.0,2026-05-06 16:03:28.496
5442,943451,0.0,0.0,0.0,2026-05-06 16:03:28.496
5443,943673,0.0,0.0,0.0,2026-05-06 16:03:28.496
5444,943910,0.0,0.0,0.0,2026-05-06 16:03:28.496
5445,944130,0.0,0.0,0.0,2026-05-06 16:03:28.496
5446,944351,0.0,0.0,0.0,2026-05-06 16:03:28.496
5447,944398,0.0,0.0,0.0,2026-05-06 16:03:28.496
5448,944619,0.0,0.0,0.0,2026-05-06 16:03:28.496
5449,944839,0.0,0.0,0.0,2026-05-06 16:03:28.496
5450,944884,0.0,0.0,0.0,2026-05-06 16:03:28.496
5451,945106,0.0,0.0,0.0,2026-05-06 16:03:28.496
5452,945344,0.0,0.0,0.0,2026-05-06 16:03:28.496
5453,945565,0.0,0.0,0.0,2026-05-06 16:03:28.496
5454,945786,0.0,0.0,0.0,2026-05-06 16:03:28.496
5455,945832,0.0,0.0,0.0,2026-05-06 16:03:28.496
5456,946053,0.0,0.0,0.0,2026-05-06 16:03:28.496
5457,946272,0.0,0.0,0.0,2026-05-06 16:03:28.496
5458,946492,0.0,0.0,0.0,2026-05-06 16:03:28.496
5459,946712,0.0,0.0,0.0,2026-05-06 16:03:28.496
5460,946772,0.0,0.0,0.0,2026-05-06 16:03:28.496
5461,947015,0.0,0.0,0.0,2026-05-06 16:03:28.496
5462,947421,0.0,0.0,0.0,2026-05-06 16:03:28.496
5463,947641,0.0,0.0,0.0,2026-05-06 16:03:28.496
5464,947701,0.0,0.0,0.0,2026-05-06 16:03:28.496
5465,947921,0.0,0.0,0.0,2026-05-06 16:03:28.496
5466,948141,0.0,0.0,0.0,2026-05-06 16:03:28.496
5467,948196,0.0,0.0,0.0,2026-05-06 16:03:28.496
5468,948416,0.0,0.0,0.0,2026-05-06 16:03:28.496
5469,948636,0.0,0.0,0.0,2026-05-06 16:03:28.496
5470,948681,0.0,0.0,0.0,2026-05-06 16:03:28.496
5471,948901,0.0,0.0,0.0,2026-05-06 16:03:28.824
5472,949121,0.0,0.0,0.0,2026-05-06 16:03:28.824
5473,949341,0.0,0.0,0.0,2026-05-06 16:03:28.824
5474,949561,0.0,0.0,0.0,2026-05-06 16:03:28.824
5475,949802,0.0,0.0,0.0,2026-05-06 16:03:28.824
5476,950021,0.0,0.0,0.0,2026-05-06 16:03:28.824
5477,950201,0.0,0.0,0.0,2026-05-06 16:03:28.824
5478,950420,0.0,0.0,0.0,2026-05-06 16:03:28.824
5479,950580,0.0,0.0,0.0,2026-05-06 16:03:28.824
5480,950801,0.0,0.0,0.0,2026-05-06 16:03:28.824
5481,951022,0.0,0.0,0.0,2026-05-06 16:03:28.824
5482,951067,0.0,0.0,0.0,2026-05-06 16:03:28.824
5483,951286,0.0,0.0,0.0,2026-05-06 16:03:28.824
5484,951505,0.0,0.0,0.0,2026-05-06 16:03:28.824
5485,951551,0.0,0.0,0.0,2026-05-06 16:03:28.824
5486,951772,0.0,0.0,0.0,2026-05-06 16:03:28.824
5487,951992,0.0,0.0,0.0,2026-05-06 16:03:28.824
5488,952037,0.0,0.0,0.0,2026-05-06 16:03:28.824
5489,952256,0.0,0.0,0.0,2026-05-06 16:03:29.520
5490,952477,0.0,0.0,0.0,2026-05-06 16:03:29.520
5491,952696,0.0,0.0,0.0,2026-05-06 16:03:29.520
5492,952916,0.0,0.0,0.0,2026-05-06 16:03:29.520
5493,952976,0.0,0.0,0.0,2026-05-06 16:03:29.520
5494,953196,0.0,0.0,0.0,2026-05-06 16:03:29.520
5495,953415,0.0,0.0,0.0,2026-05-06 16:03:29.520
5496,953466,0.0,0.0,0.0,2026-05-06 16:03:29.520
5497,953685,0.0,0.0,0.0,2026-05-06 16:03:29.520
5498,953904,0.0,0.0,0.0,2026-05-06 16:03:29.520
5499,953951,0.0,0.0,0.0,2026-05-06 16:03:29.520
5500,954170,0.0,0.0,0.0,2026-05-06 16:03:29.520
5501,954391,0.0,0.0,0.0,2026-05-06 16:03:29.520
5502,954610,0.0,0.0,0.0,2026-05-06 16:03:29.520
5503,954829,0.0,0.0,0.0,2026-05-06 16:03:29.520
5504,955064,0.0,0.0,0.0,2026-05-06 16:03:29.520
5505,955284,0.0,0.0,0.0005,2026-05-06 16:03:29.520
5506,955353,0.0,0.0,0.0037,2026-05-06 16:03:29.520
5507,955578,0.0,0.0,0.0044,2026-05-06 16:03:29.520
5508,955818,0.0,0.0,0.012,2026-05-06 16:03:29.520
5509,956043,0.0,0.0,0.012,2026-05-06 16:03:29.520
5510,956343,0.0,0.0,0.027,2026-05-06 16:03:29.520
5511,956571,0.0,0.0,0.027,2026-05-06 16:03:29.520
5512,956752,0.0,0.0,0.049,2026-05-06 16:03:29.520
5513,956980,0.0,0.0,0.053,2026-05-06 16:03:29.520
5514,957221,0.0,0.0,0.0812,2026-05-06 16:03:29.520
5515,957452,0.0,0.0,0.0812,2026-05-06 16:03:29.520
5516,957693,0.0,0.0,0.1244,2026-05-06 16:03:29.520
5517,957922,0.0,0.0,0.1244,2026-05-06 16:03:29.520
5518,958163,0.0,0.0,0.1563,2026-05-06 16:03:29.520
5519,958391,0.0,0.0,0.1599,2026-05-06 16:03:29.520
5520,958814,0.0,0.0,0.1774,2026-05-06 16:03:29.520
5521,959043,0.0,0.0,0.1796,2026-05-06 16:03:29.520
5522,959102,0.0,0.0,0.1912,2026-05-06 16:03:29.520
5523,959332,0.0,0.0,0.1912,2026-05-06 16:03:29.520
5524,959573,0.0,0.0,0.1978,2026-05-06 16:03:29.520
5525,959803,0.0,0.0,0.1985,2026-05-06 16:03:29.520
5526,960044,0.0,0.0,0.2,2026-05-06 16:03:29.520
5527,960273,0.0,0.0,0.2,2026-05-06 16:03:29.630
5528,960514,0.0,0.0,0.2,2026-05-06 16:03:29.630
5529,960743,0.0,0.0,0.2,2026-05-06 16:03:29.630
5530,960984,0.0,0.0,0.2,2026-05-06 16:03:30.024
5531,961257,0.0,0.0,0.2,2026-05-06 16:03:30.024
5532,961445,0.0,0.0,0.2,2026-05-06 16:03:30.024
5533,961674,0.0,0.0,0.2,2026-05-06 16:03:30.024
5534,961915,0.0,0.0,0.2,2026-05-06 16:03:30.024
5535,962144,0.0,0.0,0.2,2026-05-06 16:03:30.024
5536,962445,0.0,0.0,0.2,2026-05-06 16:03:30.024
5537,962674,0.0,0.0,0.2,2026-05-06 16:03:30.024
5538,963037,0.0,0.0,0.2,2026-05-06 16:03:30.024
5539,963266,0.0,0.0,0.2,2026-05-06 16:03:30.024
5540,963325,0.0,0.0,0.2,2026-05-06 16:03:30.024
5541,963554,0.0,0.0,0.2,2026-05-06 16:03:30.024
5542,963795,0.0,0.0,0.2,2026-05-06 16:03:30.024
5543,964024,0.0,0.0,0.2,2026-05-06 16:03:30.024
5544,964265,0.0,0.0,0.2,2026-05-06 16:03:30.024
5545,964494,0.0,0.0,0.2,2026-05-06 16:03:30.024
5546,964735,0.0,0.0,0.2,2026-05-06 16:03:30.024
5547,964967,0.0,0.0,0.2,2026-05-06 16:03:30.024
5548,965208,0.0,0.0,0.2,2026-05-06 16:03:30.024
5549,965437,0.0,0.0,0.2,2026-05-06 16:03:30.024
5550,965738,0.0,0.0,0.2,2026-05-06 16:03:30.702
5551,965967,0.0,0.0,0.2,2026-05-06 16:03:30.702
5552,966267,0.0,0.0,0.2,2026-05-06 16:03:30.702
5553,966496,0.0,0.0,0.2,2026-05-06 16:03:30.702
5554,966618,0.0,0.0,0.2,2026-05-06 16:03:30.702
5555,966847,0.0,0.0,0.2,2026-05-06 16:03:30.702
5556,967088,0.0,0.0,0.2,2026-05-06 16:03:30.702
5557,967317,0.0,0.0,0.2,2026-05-06 16:03:30.702
5558,967558,0.0,0.0,0.2,2026-05-06 16:03:30.702
5559,967787,0.0,0.0,0.2,2026-05-06 16:03:30.702
5560,968028,0.0,0.0,0.2,2026-05-06 16:03:30.702
5561,968257,0.0,0.0,0.2,2026-05-06 16:03:30.702
5562,968498,0.0,0.0,0.2,2026-05-06 16:03:30.702
5563,968727,0.0,0.0,0.2,2026-05-06 16:03:30.702
5564,969150,0.0,0.0,0.2,2026-05-06 16:03:30.702
5565,969379,0.0,0.0,0.2,2026-05-06 16:03:30.702
5566,969620,0.0,0.0,0.2,2026-05-06 16:03:30.702
5567,969849,0.0,0.0,0.2,2026-05-06 16:03:30.702
5568,969908,0.0,0.0,0.2,2026-05-06 16:03:30.702
5569,970137,0.0,0.0,0.2,2026-05-06 16:03:30.702
5570,970378,0.0,0.0,0.2,2026-05-06 16:03:30.702
5571,970607,0.0,0.0,0.2,2026-05-06 16:03:30.702
5572,970848,0.0,0.0,0.2,2026-05-06 16:03:30.702
5573,971077,0.0,0.0,0.2,2026-05-06 16:03:30.702
5574,971317,0.0,0.0,0.2,2026-05-06 16:03:30.702
5575,971546,0.0,0.0,0.2,2026-05-06 16:03:30.702
5576,971788,0.0,0.0,0.2,2026-05-06 16:03:30.702
5577,972017,0.0,0.0,0.2,2026-05-06 16:03:30.702
5578,972258,0.0,0.0,0.2,2026-05-06 16:03:30.702
5579,972490,0.0,0.0,0.2,2026-05-06 16:03:30.702
5580,972731,0.0,0.0,0.2,2026-05-06 16:03:30.702
5581,972960,0.0,0.0,0.2,2026-05-06 16:03:30.702
5582,973201,0.0,0.0,0.2,2026-05-06 16:03:30.702
5583,973430,0.0,0.0,0.2,2026-05-06 16:03:30.702
5584,973731,0.0,0.0,0.2,2026-05-06 16:03:30.938
5585,973960,0.0,0.0,0.2,2026-05-06 16:03:30.938
5586,974201,0.0,0.0,0.2,2026-05-06 16:03:30.938
5587,974430,0.0,0.0,0.2,2026-05-06 16:03:30.938
5588,974730,0.0,0.0,0.2,2026-05-06 16:03:30.938
5589,974959,0.0,0.0,0.2,2026-05-06 16:03:30.938
5590,975081,0.0,0.0,0.2,2026-05-06 16:03:30.938
5591,975310,0.0,0.0,0.2,2026-05-06 16:03:30.938
5592,975551,0.0,0.0,0.2,2026-05-06 16:03:30.938
5593,975780,0.0,0.0,0.2,2026-05-06 16:03:30.938
5594,976021,0.0,0.0,0.2,2026-05-06 16:03:31.616
5595,976250,0.0,0.0,0.2,2026-05-06 16:03:31.616
5596,976491,0.0,0.0,0.2,2026-05-06 16:03:31.616
5597,976915,0.0,0.0,0.2,2026-05-06 16:03:31.616
5598,976970,0.0,0.0,0.2,2026-05-06 16:03:31.616
5599,977199,0.0,0.0,0.2,2026-05-06 16:03:31.616
5600,977440,0.0,0.0,0.2,2026-05-06 16:03:31.616
5601,977669,0.0,0.0,0.2,2026-05-06 16:03:31.616
5602,977910,0.0,0.0,0.2,2026-05-06 16:03:31.616
5603,978139,0.0,0.0,0.2,2026-05-06 16:03:31.616
5604,978440,0.0,0.0,0.2,2026-05-06 16:03:31.616
5605,978669,0.0,0.0,0.2,2026-05-06 16:03:31.616
5606,978969,0.0,0.0,0.2,2026-05-06 16:03:31.616
5607,979198,0.0,0.0,0.2,2026-05-06 16:03:31.616
5608,979320,0.0,0.0,0.2,2026-05-06 16:03:31.616
5609,979549,0.0,0.0,0.2,2026-05-06 16:03:31.616
5610,979790,0.0,0.0,0.2,2026-05-06 16:03:31.616
5611,980022,0.0,0.0,0.2,2026-05-06 16:03:31.616
5612,980323,0.0,0.0,0.2,2026-05-06 16:03:31.616
5613,980552,0.0,0.0,0.2,2026-05-06 16:03:31.616
5614,980733,0.0,0.0,0.2,2026-05-06 16:03:31.616
5615,980962,0.0,0.0,0.2,2026-05-06 16:03:31.616
5616,981203,0.0,0.0,0.2,2026-05-06 16:03:31.616
5617,981432,0.0,0.0,0.2,2026-05-06 16:03:31.616
5618,981673,0.0,0.0,0.2,2026-05-06 16:03:31.616
5619,981902,0.0,0.0,0.2,2026-05-06 16:03:31.616
5620,982203,0.0,0.0,0.2,2026-05-06 16:03:31.616
5621,982476,0.0,0.0,0.2,2026-05-06 16:03:31.616
5622,982605,0.0,0.0,0.2,2026-05-06 16:03:31.616
5623,982837,0.0,0.0,0.2,2026-05-06 16:03:31.616
5624,983078,0.0,0.0,0.2,2026-05-06 16:03:31.616
5625,983307,0.0,0.0,0.2,2026-05-06 16:03:31.616
5626,983608,0.0,0.0,0.2,2026-05-06 16:03:31.616
5627,983837,0.0,0.0,0.2,2026-05-06 16:03:31.616
5628,984018,0.0,0.0,0.2,2026-05-06 16:03:31.616
5629,984247,0.0,0.0,0.2,2026-05-06 16:03:32.308
5630,984488,0.0,0.0,0.2,2026-05-06 16:03:32.308
5631,984717,0.0,0.0,0.2,2026-05-06 16:03:32.308
5632,985018,0.0,0.0,0.2,2026-05-06 16:03:32.308
5633,985247,0.0,0.0,0.2,2026-05-06 16:03:32.308
5634,985428,0.0,0.0,0.2,2026-05-06 16:03:32.308
5635,985657,0.0,0.0,0.2,2026-05-06 16:03:32.308
5636,985898,0.0,0.0,0.2,2026-05-06 16:03:32.308
5637,986127,0.0,0.0,0.2,2026-05-06 16:03:32.308
5638,986368,0.0,0.0,0.2,2026-05-06 16:03:32.308
5639,986597,0.0,0.0,0.2,2026-05-06 16:03:32.308
5640,986838,0.0,0.0,0.2,2026-05-06 16:03:32.308
5641,987067,0.0,0.0,0.2,2026-05-06 16:03:32.308
5642,987308,0.0,0.0,0.2,2026-05-06 16:03:32.308
5643,987537,0.0,0.0,0.2,2026-05-06 16:03:32.308
5644,987778,0.0,0.0,0.2,2026-05-06 16:03:32.308
5645,988007,0.0,0.0,0.2,2026-05-06 16:03:32.308
5646,988248,0.0,0.0,0.2,2026-05-06 16:03:32.308
5647,988477,0.0,0.0,0.2,2026-05-06 16:03:32.308
5648,988840,0.0,0.0,0.1955,2026-05-06 16:03:32.308
5649,989069,0.0,0.0,0.1955,2026-05-06 16:03:32.308
5650,989310,0.0,0.0,0.182,2026-05-06 16:03:32.308
5651,989539,0.0,0.0,0.1787,2026-05-06 16:03:32.308
5652,989661,0.0,0.0,0.1465,2026-05-06 16:03:32.308
5653,989890,0.0,0.0,0.1465,2026-05-06 16:03:32.308
5654,990131,0.0,0.0,0.0693,2026-05-06 16:03:32.308
5655,990360,0.0,0.0,0.0693,2026-05-06 16:03:32.308
5656,990601,0.0,0.0,0.0212,2026-05-06 16:03:32.308
5657,990830,0.0,0.0,0.0175,2026-05-06 16:03:32.308
5658,991071,0.0,0.0,0.0043,2026-05-06 16:03:32.308
5659,991300,0.0,0.0,0.0031,2026-05-06 16:03:32.308
5660,991541,0.0,0.0,0.0,2026-05-06 16:03:33.370
5661,991769,0.0,0.0,0.0,2026-05-06 16:03:33.370
5662,992131,0.0,0.0,0.0,2026-05-06 16:03:33.370
5663,992360,0.0,0.0,0.0,2026-05-06 16:03:33.370
5664,992479,0.0,0.0,0.0,2026-05-06 16:03:33.370
5665,992707,0.0,0.0,0.0,2026-05-06 16:03:33.370
5666,992947,0.0,0.0,0.0,2026-05-06 16:03:33.370
5667,993175,0.0,0.0,0.0,2026-05-06 16:03:33.370
5668,993419,0.0,0.0,0.0,2026-05-06 16:03:33.370
5669,993647,0.0,0.0,0.0,2026-05-06 16:03:33.370
5670,994009,0.0,0.0,0.0,2026-05-06 16:03:33.370
5671,994237,0.0,0.0,0.0,2026-05-06 16:03:33.370
5672,994540,0.0,0.0,0.0,2026-05-06 16:03:33.370
5673,994769,0.0,0.0,0.0,2026-05-06 16:03:33.370
5674,995010,0.0,0.0,0.0,2026-05-06 16:03:33.370
5675,995239,0.0,0.0,0.0,2026-05-06 16:03:33.370
5676,995479,0.0,0.0,0.0,2026-05-06 16:03:33.370
5677,995706,0.0,0.0,0.0,2026-05-06 16:03:33.370
5678,995948,0.0,0.0,0.0,2026-05-06 16:03:33.370
5679,996179,0.0,0.0,0.0,2026-05-06 16:03:33.370
5680,996419,0.0,0.0,0.0,2026-05-06 16:03:33.370
5681,996647,0.0,0.0,0.0,2026-05-06 16:03:33.370
5682,996887,0.0,0.0,0.0,2026-05-06 16:03:33.370
5683,997114,0.0,0.0,0.0,2026-05-06 16:03:33.370
5684,997355,0.0,0.0,0.0,2026-05-06 16:03:33.370
5685,997583,0.0,0.0,0.0,2026-05-06 16:03:33.370
5686,997681,0.0,0.0,0.0,2026-05-06 16:03:33.370
5687,997909,0.0,0.0,0.0,2026-05-06 16:03:33.370
5688,998078,0.0,0.0,0.0,2026-05-06 16:03:33.370
5689,998305,0.0,0.0,0.0,2026-05-06 16:03:33.370
5690,998533,0.0,0.0,0.0,2026-05-06 16:03:33.370
5691,998775,0.0,0.0,0.0,2026-05-06 16:03:33.370
5692,999003,0.0,0.0,0.0,2026-05-06 16:03:33.370
5693,999244,0.0,0.0,0.0,2026-05-06 16:03:33.370
5694,999495,0.0,0.0,0.0,2026-05-06 16:03:33.370
5695,999726,0.0,0.0,0.0,2026-05-06 16:03:34.090
5696,999953,0.0,0.0,0.0,2026-05-06 16:03:34.090
5697,1000194,0.0,0.0,0.0,2026-05-06 16:03:34.090
5698,1000422,0.0,0.0,0.0,2026-05-06 16:03:34.090
5699,1000663,0.0,0.0,0.0,2026-05-06 16:03:34.090
5700,1000890,0.0,0.0,0.0,2026-05-06 16:03:34.090
5701,1001133,0.0,0.0,0.0,2026-05-06 16:03:34.090
5702,1001361,0.0,0.0,0.0,2026-05-06 16:03:34.090
5703,1001419,0.0021,0.0,0.0,2026-05-06 16:03:34.090
5704,1001641,0.0027,0.0,0.0,2026-05-06 16:03:34.090
5705,1001880,0.0077,0.0,0.0,2026-05-06 16:03:34.090
5706,1002102,0.0077,0.0,0.0,2026-05-06 16:03:34.090
5707,1002342,0.0157,0.0,0.0,2026-05-06 16:03:34.090
5708,1002566,0.0157,0.0,0.0,2026-05-06 16:03:34.090
5709,1002806,0.0253,0.0,0.0,2026-05-06 16:03:34.090
5710,1003074,0.0269,0.0,0.0,2026-05-06 16:03:34.090
5711,1003241,0.0269,0.0,0.0,2026-05-06 16:03:34.090
5712,1003288,0.0382,0.0,0.0,2026-05-06 16:03:34.090
5713,1003512,0.0404,0.0,0.0,2026-05-06 16:03:34.090
5714,1003755,0.0584,0.0,0.0,2026-05-06 16:03:34.090
5715,1003977,0.0584,0.0,0.0,2026-05-06 16:03:34.090
5716,1004216,0.082,0.0,0.0,2026-05-06 16:03:34.090
5717,1004437,0.0858,0.0,0.0,2026-05-06 16:03:34.090
5718,1004658,0.0858,0.0,0.0,2026-05-06 16:03:34.090
5719,1004761,0.1163,0.0,0.0,2026-05-06 16:03:34.090
5720,1004980,0.1211,0.0,0.0,2026-05-06 16:03:34.090
5721,1005143,0.1211,0.0,0.0,2026-05-06 16:03:34.090
5722,1005188,0.152,0.0,0.0,2026-05-06 16:03:34.090
5723,1005407,0.152,0.0,0.0,2026-05-06 16:03:34.090
5724,1005626,0.1574,0.0,0.0,2026-05-06 16:03:34.090
5725,1005672,0.1957,0.0,0.0,2026-05-06 16:03:34.090
5726,1005891,0.1957,0.0,0.0,2026-05-06 16:03:34.090
5727,1006110,0.2011,0.0,0.0,2026-05-06 16:03:34.090
5728,1006157,0.2322,0.0,0.0,2026-05-06 16:03:34.090
5729,1006375,0.237,0.0,0.0,2026-05-06 16:03:34.090
5730,1006593,0.237,0.0,0.0,2026-05-06 16:03:34.090
5731,1006640,0.2637,0.0,0.0,2026-05-06 16:03:34.090
5732,1006858,0.2677,0.0,0.0,2026-05-06 16:03:34.090
5733,1007076,0.2715,0.0,0.0,2026-05-06 16:03:34.090
5734,1007123,0.2921,0.0,0.0,2026-05-06 16:03:34.090
5735,1007342,0.2921,0.0,0.0,2026-05-06 16:03:34.090
5736,1007561,0.295,0.0,0.0,2026-05-06 16:03:34.090
5737,1007607,0.3106,0.0,0.0,2026-05-06 16:03:34.090
5738,1007826,0.3128,0.0,0.0,2026-05-06 16:03:34.804
5739,1008045,0.3128,0.0,0.0,2026-05-06 16:03:34.804
5740,1008092,0.326,0.0,0.0,2026-05-06 16:03:34.804
5741,1008309,0.3276,0.0,0.0,2026-05-06 16:03:34.804
5742,1008529,0.3276,0.0,0.0,2026-05-06 16:03:34.804
5743,1008577,0.3356,0.0,0.0,2026-05-06 16:03:34.804
5744,1008794,0.3356,0.0,0.0,2026-05-06 16:03:34.804
5745,1009011,0.3368,0.0,0.0,2026-05-06 16:03:34.804
5746,1009059,0.3435,0.0,0.0,2026-05-06 16:03:34.804
5747,1009276,0.3435,0.0,0.0,2026-05-06 16:03:34.804
5748,1009493,0.3443,0.0,0.0,2026-05-06 16:03:34.804
5749,1009541,0.3483,0.0,0.0,2026-05-06 16:03:34.804
5750,1009758,0.3489,0.0,0.0,2026-05-06 16:03:34.804
5751,1009975,0.3489,0.0,0.0,2026-05-06 16:03:34.804
5752,1010023,0.35,0.0,0.0,2026-05-06 16:03:34.804
5753,1010241,0.35,0.0,0.0,2026-05-06 16:03:34.804
5754,1010459,0.35,0.0,0.0,2026-05-06 16:03:34.804
5755,1010506,0.35,0.0,0.0,2026-05-06 16:03:34.804
5756,1010724,0.35,0.0,0.0,2026-05-06 16:03:34.804
5757,1010942,0.35,0.0,0.0,2026-05-06 16:03:34.804
5758,1010989,0.35,0.0,0.0,2026-05-06 16:03:34.804
5759,1011208,0.35,0.0,0.0,2026-05-06 16:03:34.804
5760,1011427,0.35,0.0,0.0,2026-05-06 16:03:34.804
5761,1011587,0.35,0.0,0.0,2026-05-06 16:03:34.804
5762,1011806,0.35,0.0,0.0,2026-05-06 16:03:34.804
5763,1011931,0.35,0.0,0.0,2026-05-06 16:03:34.804
5764,1012151,0.35,0.0,0.0,2026-05-06 16:03:34.804
5765,1012371,0.35,0.0,0.0,2026-05-06 16:03:34.804
5766,1012417,0.35,0.0,0.0,2026-05-06 16:03:34.804
5767,1012635,0.35,0.0,0.0,2026-05-06 16:03:34.804
5768,1012853,0.35,0.0,0.0,2026-05-06 16:03:34.804
5769,1012900,0.35,0.0,0.0,2026-05-06 16:03:34.804
5770,1013117,0.35,0.0,0.0,2026-05-06 16:03:34.804
5771,1013335,0.35,0.0,0.0,2026-05-06 16:03:34.804
5772,1013440,0.35,0.0,0.0,2026-05-06 16:03:34.804
5773,1013658,0.35,0.0,0.0,2026-05-06 16:03:34.804
5774,1013820,0.35,0.0,0.0,2026-05-06 16:03:34.804
5775,1013865,0.35,0.0,0.0,2026-05-06 16:03:34.804
5776,1014084,0.35,0.0,0.0,2026-05-06 16:03:34.804
5777,1014303,0.35,0.0,0.0,2026-05-06 16:03:34.804
5778,1014350,0.35,0.0,0.0,2026-05-06 16:03:34.804
5779,1014568,0.35,0.0,0.0,2026-05-06 16:03:34.804
5780,1014786,0.35,0.0,0.0,2026-05-06 16:03:34.804
5781,1014947,0.35,0.0,0.0,2026-05-06 16:03:34.804
5782,1015166,0.35,0.0,0.0,2026-05-06 16:03:34.804
5783,1015291,0.35,0.0,0.0,2026-05-06 16:03:34.804
5784,1015511,0.35,0.0,0.0,2026-05-06 16:03:34.804
5785,1015731,0.35,0.0,0.0,2026-05-06 16:03:35.517
5786,1015776,0.35,0.0,0.0,2026-05-06 16:03:35.517
5787,1015994,0.35,0.0,0.0,2026-05-06 16:03:35.517
5788,1016215,0.35,0.0,0.0,2026-05-06 16:03:35.517
5789,1016262,0.35,0.0,0.0,2026-05-06 16:03:35.517
5790,1016480,0.35,0.0,0.0,2026-05-06 16:03:35.517
5791,1016698,0.35,0.0,0.0,2026-05-06 16:03:35.517
5792,1016916,0.35,0.0,0.0,2026-05-06 16:03:35.517
5793,1017134,0.35,0.0,0.0,2026-05-06 16:03:35.517
5794,1017202,0.35,0.0,0.0,2026-05-06 16:03:35.517
5795,1017420,0.35,0.0,0.0,2026-05-06 16:03:35.517
5796,1017638,0.35,0.0,0.0,2026-05-06 16:03:35.517
5797,1017685,0.35,0.0,0.0,2026-05-06 16:03:35.517
5798,1017902,0.35,0.0,0.0,2026-05-06 16:03:35.517
5799,1018119,0.35,0.0,0.0,2026-05-06 16:03:35.517
5800,1018339,0.35,0.0,0.0,2026-05-06 16:03:35.517
5801,1018557,0.35,0.0,0.0,2026-05-06 16:03:35.517
5802,1018625,0.35,0.0,0.0,2026-05-06 16:03:35.517
5803,1018843,0.35,0.0,0.0,2026-05-06 16:03:35.517
5804,1019061,0.35,0.0,0.0,2026-05-06 16:03:35.517
5805,1019164,0.349,0.0,0.0,2026-05-06 16:03:35.517
5806,1019382,0.349,0.0,0.0,2026-05-06 16:03:35.517
5807,1019545,0.3484,0.0,0.0,2026-05-06 16:03:35.517
5808,1019591,0.3435,0.0,0.0,2026-05-06 16:03:35.517
5809,1019809,0.3424,0.0,0.0,2026-05-06 16:03:35.517
5810,1020027,0.3424,0.0,0.0,2026-05-06 16:03:35.517
5811,1020074,0.3335,0.0,0.0,2026-05-06 16:03:35.517
5812,1020293,0.3335,0.0,0.0,2026-05-06 16:03:35.517
5813,1020512,0.3316,0.0,0.0,2026-05-06 16:03:35.517
5814,1020559,0.312,0.0,0.0,2026-05-06 16:03:35.517
5815,1020778,0.312,0.0,0.0,2026-05-06 16:03:35.517
5816,1020997,0.3081,0.0,0.0,2026-05-06 16:03:35.517
5817,1021043,0.2775,0.0,0.0,2026-05-06 16:03:35.517
5818,1021261,0.2709,0.0,0.0,2026-05-06 16:03:35.517
5819,1021478,0.2709,0.0,0.0,2026-05-06 16:03:35.517
5820,1021526,0.222,0.0,0.0,2026-05-06 16:03:35.517
5821,1021745,0.2123,0.0,0.0,2026-05-06 16:03:35.517
5822,1021964,0.2024,0.0,0.0,2026-05-06 16:03:35.517
5823,1022010,0.1402,0.0,0.0,2026-05-06 16:03:35.517
5824,1022228,0.1402,0.0,0.0,2026-05-06 16:03:35.517
5825,1022446,0.1302,0.0,0.0,2026-05-06 16:03:35.517
5826,1022493,0.0714,0.0,0.0,2026-05-06 16:03:35.517
5827,1022712,0.0714,0.0,0.0,2026-05-06 16:03:35.517
5828,1022931,0.0649,0.0,0.0,2026-05-06 16:03:35.517
5829,1022978,0.0353,0.0,0.0,2026-05-06 16:03:35.517
5830,1023198,0.0317,0.0,0.0,2026-05-06 16:03:35.517
5831,1023418,0.0317,0.0,0.0,2026-05-06 16:03:35.517
5832,1023463,0.0157,0.0,0.0,2026-05-06 16:03:35.517
5833,1023683,0.0157,0.0,0.0,2026-05-06 16:03:36.226
5834,1023906,0.0138,0.0,0.0,2026-05-06 16:03:36.226
5835,1023952,0.0045,0.0,0.0,2026-05-06 16:03:36.226
5836,1024172,0.0045,0.0,0.0,2026-05-06 16:03:36.226
5837,1024392,0.0036,0.0,0.0,2026-05-06 16:03:36.226
5838,1024481,0.0,0.0,0.0,2026-05-06 16:03:36.226
5839,1024701,0.0,0.0,0.0,2026-05-06 16:03:36.226
5840,1024922,0.0,0.0,0.0,2026-05-06 16:03:36.226
5841,1025143,0.0,0.0,0.0,2026-05-06 16:03:36.226
5842,1025364,0.0,0.0,0.0,2026-05-06 16:03:36.226
5843,1025409,0.0,0.0,0.0,2026-05-06 16:03:36.226
5844,1025630,0.0,0.0,0.0,2026-05-06 16:03:36.226
5845,1025867,0.0,0.0,0.0,2026-05-06 16:03:36.226
5846,1026087,0.0,0.0,0.0,2026-05-06 16:03:36.226
5847,1026308,0.0,0.0,0.0,2026-05-06 16:03:36.226
5848,1026529,0.0,0.0,0.0,2026-05-06 16:03:36.226
5849,1026749,0.0,0.0,0.0,2026-05-06 16:03:36.226
5850,1026986,0.0,0.0,0.0,2026-05-06 16:03:36.226
5851,1027206,0.0,0.0,0.0,2026-05-06 16:03:36.226
5852,1027442,0.0,0.0,0.0,2026-05-06 16:03:36.226
5853,1027662,0.0,0.0,0.0,2026-05-06 16:03:36.226
5854,1027942,0.0,0.0,0.0,2026-05-06 16:03:36.226
5855,1028162,0.0,0.0,0.0,2026-05-06 16:03:36.226
5856,1028227,0.0,0.0,0.0,2026-05-06 16:03:36.226
5857,1028447,0.0,0.0,0.0,2026-05-06 16:03:36.226
5858,1028667,0.0,0.0,0.0,2026-05-06 16:03:36.226
5859,1028712,0.0,0.0,0.0,2026-05-06 16:03:36.226
5860,1028933,0.0,0.0,0.0,2026-05-06 16:03:36.226
5861,1029153,0.0,0.0,0.0,2026-05-06 16:03:36.226
5862,1029198,0.0,0.0,0.0,2026-05-06 16:03:36.226
5863,1029419,0.0,0.0,0.0,2026-05-06 16:03:36.226
5864,1029640,0.0,0.0,0.0,2026-05-06 16:03:36.226
5865,1029685,0.0,0.0,0.0,2026-05-06 16:03:36.226
5866,1030028,0.0,0.0,0.0,2026-05-06 16:03:36.226
5867,1030148,0.0,0.0,0.0,2026-05-06 16:03:36.226
5868,1030368,0.0,0.0,0.0,2026-05-06 16:03:36.226
5869,1030589,0.0,0.0,0.0,2026-05-06 16:03:36.226
5870,1030807,0.0,0.0,0.0,2026-05-06 16:03:36.226
5871,1031027,0.0,0.0,0.0,2026-05-06 16:03:36.226
5872,1031263,0.0,0.0,0.0,2026-05-06 16:03:36.226
5873,1031484,0.0,0.0,0.0,2026-05-06 16:03:36.226
5874,1031547,0.0,0.0,0.0,2026-05-06 16:03:36.226
5875,1031767,0.0,0.0,0.0,2026-05-06 16:03:36.544
5876,1031987,0.0,0.0,0.0,2026-05-06 16:03:36.544
5877,1032042,0.0,0.0,0.0,2026-05-06 16:03:36.544
5878,1032262,0.0,0.0,0.0,2026-05-06 16:03:36.544
5879,1032482,0.0,0.0,0.0,2026-05-06 16:03:36.544
5880,1032702,0.0,0.0,0.0,2026-05-06 16:03:36.544
5881,1032923,0.0,0.0,0.0,2026-05-06 16:03:36.544
5882,1033045,0.0,0.0,0.0,2026-05-06 16:03:36.544
5883,1033267,0.0,0.0,0.0,2026-05-06 16:03:36.544
5884,1033439,0.0,0.0,0.0,2026-05-06 16:03:36.544
5885,1033660,0.0,0.0,0.0,2026-05-06 16:03:36.544
5886,1033880,0.0,0.0,0.0,2026-05-06 16:03:36.544
5887,1033935,0.0,0.0,0.0,2026-05-06 16:03:36.544
5888,1034154,0.0,0.0,0.0,2026-05-06 16:03:36.544
5889,1034372,0.0,0.0,0.0,2026-05-06 16:03:36.544
5890,1034592,0.0,0.0,0.0,2026-05-06 16:03:36.544
5891,1034809,0.0,0.0,0.0,2026-05-06 16:03:37.077
5892,1034876,0.0,0.0,0.0,2026-05-06 16:03:37.077
5893,1035140,0.0,0.0,0.0,2026-05-06 16:03:37.077
5894,1035362,0.0,0.0,0.0,2026-05-06 16:03:37.077
5895,1035581,0.0,0.0,0.0,2026-05-06 16:03:37.077
5896,1035801,0.0,0.0,0.0,2026-05-06 16:03:37.077
5897,1036021,0.0,0.0,0.0,2026-05-06 16:03:37.077
5898,1036241,0.0,0.0,0.0,2026-05-06 16:03:37.077
5899,1036475,0.0,0.0,0.0,2026-05-06 16:03:37.077
5900,1036694,0.0,0.0,0.0,2026-05-06 16:03:37.077
5901,1036970,0.0,0.0,0.0,2026-05-06 16:03:37.077
5902,1037188,0.0,0.0,0.0,2026-05-06 16:03:37.077
5903,1037248,0.0,0.0,0.0,2026-05-06 16:03:37.077
5904,1037465,0.0,0.0,0.0,2026-05-06 16:03:37.077
5905,1037685,0.0,0.0,0.0,2026-05-06 16:03:37.077
5906,1037739,0.0,0.0,0.0,2026-05-06 16:03:37.077
5907,1037959,0.0,0.0,0.0,2026-05-06 16:03:37.077
5908,1038179,0.0,0.0,0.0,2026-05-06 16:03:37.077
5909,1038224,0.0,0.0,0.0,2026-05-06 16:03:37.077
5910,1038444,0.0,0.0,0.0,2026-05-06 16:03:37.077
5911,1038663,0.0,0.0,0.0,2026-05-06 16:03:37.077
5912,1038884,0.0,0.0,0.0,2026-05-06 16:03:37.077
5913,1039165,0.0,0.0,0.0,2026-05-06 16:03:37.077
5914,1039383,0.0,0.0,0.0,2026-05-06 16:03:37.077
5915,1039600,0.0,0.0,0.0,2026-05-06 16:03:37.077
5916,1039653,0.0,0.0,0.0,2026-05-06 16:03:37.077
5917,1039870,0.0,0.0,0.0,2026-05-06 16:03:37.077
5918,1040087,0.0,0.0,0.0,2026-05-06 16:03:37.077
5919,1040135,0.0,0.0,0.0,2026-05-06 16:03:37.077
5920,1040352,0.0,0.0,0.0,2026-05-06 16:03:37.077
5921,1040571,0.0,0.0,0.0,2026-05-06 16:03:37.077
5922,1040618,0.0,0.0,0.0,2026-05-06 16:03:37.077
5923,1040837,0.0,0.0,0.0,2026-05-06 16:03:37.077
5924,1041056,0.0,0.0,0.0,2026-05-06 16:03:37.775
5925,1041103,0.0,0.0,0.0,2026-05-06 16:03:37.775
5926,1041321,0.0,0.0,0.0,2026-05-06 16:03:37.775
5927,1041540,0.0,0.0,0.0,2026-05-06 16:03:37.775
5928,1041758,0.0,0.0,0.0,2026-05-06 16:03:37.775
5929,1041979,0.0,0.0,0.0,2026-05-06 16:03:37.775
5930,1042213,0.0,0.0,0.0,2026-05-06 16:03:37.775
5931,1042430,0.0,0.0,0.0,2026-05-06 16:03:37.775
5932,1042647,0.0,0.0,0.0,2026-05-06 16:03:37.775
5933,1042865,0.0,0.0,0.0,2026-05-06 16:03:37.775
5934,1042980,0.0,0.0,0.0,2026-05-06 16:03:37.775
5935,1043199,0.0,0.0,0.0,2026-05-06 16:03:37.775
5936,1043418,0.0,0.0,0.0,2026-05-06 16:03:37.775
5937,1043475,0.0,0.0,0.0,2026-05-06 16:03:37.775
5938,1043693,0.0,0.0,0.0,2026-05-06 16:03:37.775
5939,1043912,0.0,0.0,0.0,2026-05-06 16:03:37.775
5940,1044132,0.0,0.0,0.0,2026-05-06 16:03:37.775
5941,1044349,0.0,0.0,0.0,2026-05-06 16:03:37.775
5942,1044416,0.0,0.0,0.0,2026-05-06 16:03:37.775
5943,1044633,0.0,0.0,0.0,2026-05-06 16:03:37.775
5944,1044850,0.0,0.0,0.0,2026-05-06 16:03:37.775
5945,1044898,0.0,0.0,0.0,2026-05-06 16:03:37.775
5946,1045115,0.0,0.0,0.0,2026-05-06 16:03:37.775
5947,1045333,0.0,0.0,0.0,2026-05-06 16:03:37.775
5948,1045552,0.0,0.0,0.0,2026-05-06 16:03:37.775
5949,1045770,0.0,0.0,0.0,2026-05-06 16:03:37.775
5950,1046008,0.0,0.0,0.0,2026-05-06 16:03:37.775
5951,1046227,0.0,0.0,0.0,2026-05-06 16:03:37.775
5952,1046501,0.0,0.0,0.0,2026-05-06 16:03:37.775
5953,1046781,0.0,0.0,0.0,2026-05-06 16:03:37.775
5954,1046999,0.0,0.0,0.0,2026-05-06 16:03:37.775
5955,1047217,0.0,0.0,0.0,2026-05-06 16:03:37.775
5956,1047272,0.0,0.0,0.0,2026-05-06 16:03:37.775
5957,1047490,0.0,0.0,0.0,2026-05-06 16:03:37.775
5958,1047707,0.0,0.0,0.0,2026-05-06 16:03:37.775
5959,1047927,0.0,0.0,0.0,2026-05-06 16:03:37.775
5960,1048145,0.0,0.0,0.0,2026-05-06 16:03:37.775
5961,1048379,0.0,0.0,0.0,2026-05-06 16:03:37.775
5962,1048597,0.0,0.0,0.0,2026-05-06 16:03:37.775
5963,1048701,0.0,0.0,0.0,2026-05-06 16:03:37.775
5964,1048919,0.0,0.0,0.0,2026-05-06 16:03:38.508
5965,1049136,0.0,0.0,0.0,2026-05-06 16:03:38.508
5966,1049184,0.0,0.0,0.0,2026-05-06 16:03:38.508
5967,1049402,0.0,0.0,0.0,2026-05-06 16:03:38.508
5968,1049619,0.0,0.0,0.0,2026-05-06 16:03:38.508
5969,1049838,0.0,0.0,0.0,2026-05-06 16:03:38.508
5970,1050056,0.0,0.0,0.0,2026-05-06 16:03:38.508
5971,1050180,0.0,0.0,0.0,2026-05-06 16:03:38.508
5972,1050397,0.0,0.0,0.0,2026-05-06 16:03:38.508
5973,1050559,0.0,0.0,0.0,2026-05-06 16:03:38.508
5974,1050606,0.0,0.0,0.0,2026-05-06 16:03:38.508
5975,1050823,0.0,0.0,0.0,2026-05-06 16:03:38.508
5976,1051040,0.0,0.0,0.0,2026-05-06 16:03:38.508
5977,1051088,0.0,0.0,0.0,2026-05-06 16:03:38.508
5978,1051305,0.0,0.0,0.0,2026-05-06 16:03:38.508
5979,1051523,0.0,0.0,0.0,2026-05-06 16:03:38.508
5980,1051743,0.0,0.0,0.0,2026-05-06 16:03:38.508
5981,1051960,0.0,0.0,0.0,2026-05-06 16:03:38.508
5982,1052027,0.0,0.0,0.0,2026-05-06 16:03:38.508
5983,1052244,0.0,0.0,0.0,2026-05-06 16:03:38.508
5984,1052462,0.0,0.0,0.0,2026-05-06 16:03:38.508
5985,1052509,0.0,0.0,0.0,2026-05-06 16:03:38.508
5986,1052727,0.0,0.0,0.0,2026-05-06 16:03:38.508
5987,1052945,0.0,0.0,0.0,2026-05-06 16:03:38.508
5988,1052992,0.0,0.0,0.0,2026-05-06 16:03:38.508
5989,1053210,0.0,0.0,0.0,2026-05-06 16:03:38.508
5990,1053428,0.0,0.0,0.0,2026-05-06 16:03:38.508
5991,1053648,0.0,0.0,0.0,2026-05-06 16:03:38.508
5992,1053867,0.0,0.0,0.0,2026-05-06 16:03:38.508
5993,1054102,0.0,0.0,0.0,2026-05-06 16:03:38.508
5994,1054320,0.0,0.0,0.0,2026-05-06 16:03:38.508
5995,1054427,0.0,0.0,0.0,2026-05-06 16:03:38.508
5996,1054645,0.0,0.0,0.0,2026-05-06 16:03:38.508
5997,1054863,0.0,0.0,0.0,2026-05-06 16:03:38.508
5998,1054910,0.0,0.0,0.0,2026-05-06 16:03:38.508
5999,1055127,0.0,0.0,0.0,2026-05-06 16:03:38.508
6000,1055345,0.0,0.0,0.0,2026-05-06 16:03:38.508
6001,1055565,0.0,0.0,0.0,2026-05-06 16:03:38.508
6002,1055783,0.0,0.0,0.0,2026-05-06 16:03:38.508
6003,1056018,0.0,0.0,0.0,2026-05-06 16:03:38.508
6004,1056236,0.0,0.0,0.0,2026-05-06 16:03:38.508
6005,1056341,0.0,0.0,0.0,2026-05-06 16:03:38.508
6006,1056561,0.0,0.0,0.0,2026-05-06 16:03:38.508
6007,1056779,0.0,0.0,0.0,2026-05-06 16:03:38.508
6008,1056825,0.0,0.0,0.0,2026-05-06 16:03:38.508
6009,1057044,0.0,0.0,0.0,2026-05-06 16:03:38.996
6010,1057262,0.0,0.0,0.0,2026-05-06 16:03:38.996
6011,1057481,0.0,0.0,0.0,2026-05-06 16:03:38.996
6012,1057698,0.0,0.0,0.0,2026-05-06 16:03:38.996
6013,1057765,0.0,0.0,0.0,2026-05-06 16:03:38.996
6014,1057982,0.0,0.0,0.0,2026-05-06 16:03:38.996
6015,1058199,0.0,0.0,0.0,2026-05-06 16:03:38.996
6016,1058247,0.0,0.0,0.0,2026-05-06 16:03:38.996
6017,1058464,0.0,0.0,0.0,2026-05-06 16:03:38.996
6018,1058682,0.0,0.0,0.0,2026-05-06 16:03:38.996
6019,1058729,0.0,0.0,0.0,2026-05-06 16:03:38.996
6020,1058948,0.0,0.0,0.0,2026-05-06 16:03:38.996
6021,1059167,0.0,0.0,0.0,2026-05-06 16:03:38.996
6022,1059385,0.0,0.0,0.0,2026-05-06 16:03:38.996
6023,1059602,0.0,0.0,0.0,2026-05-06 16:03:38.996
6024,1059836,0.0,0.0,0.0,2026-05-06 16:03:38.996
6025,1060056,0.0,0.0,0.0,2026-05-06 16:03:38.996
6026,1060160,0.0,0.0,0.0,2026-05-06 16:03:38.996
6027,1060379,0.0,0.0,0.0,2026-05-06 16:03:38.996
6028,1060598,0.0,0.0,0.0,2026-05-06 16:03:38.996
6029,1060645,0.0,0.0,0.0,2026-05-06 16:03:38.996
6030,1060862,0.0,0.0,0.0,2026-05-06 16:03:38.996
6031,1061079,0.0,0.0,0.0,2026-05-06 16:03:38.996
6032,1061298,0.0,0.0,0.0,2026-05-06 16:03:38.996
6033,1061516,0.0,0.0,0.0,2026-05-06 16:03:38.996
6034,1061751,0.0,0.0,0.0,2026-05-06 16:03:38.996
6035,1061969,0.0,0.0,0.0,2026-05-06 16:03:38.996
6036,1062078,0.0,0.0,0.0,2026-05-06 16:03:38.996
6037,1062295,0.0,0.0,0.0,2026-05-06 16:03:39.675
6038,1062513,0.0,0.0,0.0,2026-05-06 16:03:39.675
6039,1062731,0.0,0.0,0.0,2026-05-06 16:03:39.675
6040,1062948,0.0,0.0,0.0,2026-05-06 16:03:39.675
6041,1063182,0.0,0.0,0.0,2026-05-06 16:03:39.675
6042,1063399,0.0,0.0,0.0,2026-05-06 16:03:39.675
6043,1063505,0.0,0.0,0.0,2026-05-06 16:03:39.675
6044,1063722,0.0,0.0,0.0,2026-05-06 16:03:39.675
6045,1063940,0.0,0.0,0.0,2026-05-06 16:03:39.675
6046,1063987,0.0,0.0,0.0,2026-05-06 16:03:39.675
6047,1064204,0.0,0.0,0.0,2026-05-06 16:03:39.675
6048,1064423,0.0,0.0,0.0,2026-05-06 16:03:39.675
6049,1064470,0.0,0.0,0.0,2026-05-06 16:03:39.675
6050,1064687,0.0,0.0,0.0,2026-05-06 16:03:39.675
6051,1064905,0.0,0.0,0.0,2026-05-06 16:03:39.675
6052,1064953,0.0,0.0,0.0,2026-05-06 16:03:39.675
6053,1065171,0.0,0.0,0.0,2026-05-06 16:03:39.675
6054,1065388,0.0,0.0,0.0,2026-05-06 16:03:39.675
6055,1065608,0.0,0.0,0.0,2026-05-06 16:03:39.675
6056,1065825,0.0,0.0,0.0,2026-05-06 16:03:39.675
6057,1065949,0.0,0.0,0.0,2026-05-06 16:03:39.675
6058,1066166,0.0,0.0,0.0,2026-05-06 16:03:39.675
6059,1066328,0.0,0.0,0.0,2026-05-06 16:03:39.675
6060,1066375,0.0,0.0,0.0,2026-05-06 16:03:39.675
6061,1066593,0.0,0.0,0.0,2026-05-06 16:03:39.675
6062,1066810,0.0,0.0,0.0,2026-05-06 16:03:39.675
6063,1066857,0.0,0.0,0.0,2026-05-06 16:03:39.675
6064,1067074,0.0,0.0,0.0,2026-05-06 16:03:39.675
6065,1067292,0.0,0.0,0.0,2026-05-06 16:03:39.675
6066,1067512,0.0,0.0,0.0,2026-05-06 16:03:39.675
6067,1067730,0.0,0.0,0.0,2026-05-06 16:03:39.675
6068,1067853,0.0,0.0,0.0,2026-05-06 16:03:39.675
6069,1068072,0.0,0.0,0.0,2026-05-06 16:03:39.675
6070,1068234,0.0,0.0,0.0,2026-05-06 16:03:39.675
6071,1068281,0.0,0.0,0.0,2026-05-06 16:03:39.675
6072,1068500,0.0,0.0,0.0,2026-05-06 16:03:39.675
6073,1068719,0.0,0.0,0.0,2026-05-06 16:03:39.675
6074,1068765,0.0,0.0,0.0,2026-05-06 16:03:39.675
6075,1068984,0.0,0.0,0.0,2026-05-06 16:03:39.675
6076,1069202,0.0,0.0,0.0,2026-05-06 16:03:39.675
6077,1069421,0.0,0.0,0.0,2026-05-06 16:03:39.675
6078,1069878,0.0,0.0,0.0,2026-05-06 16:03:39.675
6079,1070095,0.0,0.0,0.0,2026-05-06 16:03:39.675
6080,1070199,0.0,0.0,0.0,2026-05-06 16:03:39.675
6081,1070416,0.0,0.0,0.0,2026-05-06 16:03:40.381
6082,1070635,0.0,0.0,0.0,2026-05-06 16:03:40.381
6083,1070682,0.0,0.0,0.0,2026-05-06 16:03:40.381
6084,1070899,0.0,0.0,0.0,2026-05-06 16:03:40.381
6085,1071117,0.0,0.0,0.0,2026-05-06 16:03:40.381
6086,1071336,0.0,0.0,0.0,2026-05-06 16:03:40.381
6087,1071553,0.0,0.0,0.0,2026-05-06 16:03:40.381
6088,1071787,0.0,0.0,0.0,2026-05-06 16:03:40.381
6089,1072005,0.0,0.0,0.0,2026-05-06 16:03:40.381
6090,1072110,0.0,0.0,0.0,2026-05-06 16:03:40.381
6091,1072328,0.0,0.0,0.0,2026-05-06 16:03:40.381
6092,1072545,0.0,0.0,0.0,2026-05-06 16:03:40.381
6093,1072765,0.0,0.0,0.0,2026-05-06 16:03:40.381
6094,1072983,0.0,0.0,0.0,2026-05-06 16:03:40.381
6095,1073217,0.0,0.0,0.0,2026-05-06 16:03:40.381
6096,1073434,0.0,0.0,0.0,2026-05-06 16:03:40.381
6097,1073539,0.0,0.0,0.0,2026-05-06 16:03:40.381
6098,1073757,0.0,0.0,0.0,2026-05-06 16:03:40.381
6099,1073974,0.0,0.0,0.0,2026-05-06 16:03:40.381
6100,1074021,0.0,0.0,0.0,2026-05-06 16:03:40.381
6101,1074240,0.0,0.0,0.0,2026-05-06 16:03:40.381
6102,1074458,0.0,0.0,0.0,2026-05-06 16:03:40.381
6103,1074505,0.0,0.0,0.0,2026-05-06 16:03:40.381
6104,1074722,0.0,0.0,0.0,2026-05-06 16:03:40.381
6105,1074942,0.0,0.0,0.0,2026-05-06 16:03:40.381
6106,1075161,0.0,0.0,0.0,2026-05-06 16:03:40.381
6107,1075378,0.0,0.0,0.0,2026-05-06 16:03:40.381
6108,1075556,0.0,0.0,0.0,2026-05-06 16:03:40.381
6109,1075773,0.0,0.0,0.0,2026-05-06 16:03:40.381
6110,1075934,0.0,0.0,0.0,2026-05-06 16:03:40.381
6111,1076151,0.0,0.0,0.0,2026-05-06 16:03:40.381
6112,1076370,0.0,0.0,0.0,2026-05-06 16:03:40.381
6113,1076417,0.0,0.0,0.0,2026-05-06 16:03:40.381
6114,1076634,0.0,0.0,0.0,2026-05-06 16:03:40.381
6115,1076853,0.0,0.0,0.0,2026-05-06 16:03:40.381
6116,1077071,0.0,0.0,0.0,2026-05-06 16:03:40.381
6117,1077569,0.0,0.0,0.0,2026-05-06 16:03:40.381
6118,1077786,0.0,0.0,0.0,2026-05-06 16:03:40.381
6119,1077841,0.0,0.0,0.0,2026-05-06 16:03:40.381
6120,1078059,0.0,0.0,0.0,2026-05-06 16:03:40.381
6121,1078277,0.0,0.0,0.0,2026-05-06 16:03:41.104
6122,1078324,0.0,0.0,0.0,2026-05-06 16:03:41.104
6123,1078543,0.0,0.0,0.0,2026-05-06 16:03:41.104
6124,1078761,0.0,0.0,0.0,2026-05-06 16:03:41.104
6125,1078808,0.0,0.0,0.0,2026-05-06 16:03:41.104
6126,1079027,0.0,0.0,0.0,2026-05-06 16:03:41.104
6127,1079246,0.0,0.0,0.0,2026-05-06 16:03:41.104
6128,1079292,0.0,0.0,0.0,2026-05-06 16:03:41.104
6129,1079509,0.0,0.0,0.0,2026-05-06 16:03:41.104
6130,1079726,0.0,0.0,0.0,2026-05-06 16:03:41.104
6131,1079774,0.0,0.0,0.0,2026-05-06 16:03:41.104
6132,1079992,0.0,0.0,0.0,2026-05-06 16:03:41.104
6133,1080209,0.0,0.0,0.0,2026-05-06 16:03:41.104
6134,1080257,0.0,0.0,0.0,2026-05-06 16:03:41.104
6135,1080474,0.0,0.0,0.0,2026-05-06 16:03:41.104
6136,1080691,0.0,0.0,0.0,2026-05-06 16:03:41.104
6137,1080739,0.0,0.0,0.0,2026-05-06 16:03:41.104
6138,1080957,0.0,0.0,0.0,2026-05-06 16:03:41.104
6139,1081176,0.0,0.0,0.0,2026-05-06 16:03:41.104
6140,1081223,0.0,0.0,0.0,2026-05-06 16:03:41.104
6141,1081440,0.0,0.0,0.0,2026-05-06 16:03:41.104
6142,1081658,0.0,0.0,0.0,2026-05-06 16:03:41.104
6143,1081705,0.0,0.0,0.0,2026-05-06 16:03:41.104
6144,1081922,0.0,0.0,0.0,2026-05-06 16:03:41.104
6145,1082139,0.0,0.0,0.0,2026-05-06 16:03:41.104
6146,1082187,0.0,0.0,0.0,2026-05-06 16:03:41.104
6147,1082404,0.0,0.0,0.0,2026-05-06 16:03:41.104
6148,1082622,0.0,0.0,0.0,2026-05-06 16:03:41.104
6149,1082670,0.0,0.0,0.0,2026-05-06 16:03:41.104
6150,1082890,0.0,0.0,0.0,2026-05-06 16:03:41.104
6151,1083107,0.0,0.0,0.0,2026-05-06 16:03:41.104
6152,1083154,0.0,0.0,0.0,2026-05-06 16:03:41.104
6153,1083371,0.0,0.0,0.0,2026-05-06 16:03:41.104
6154,1083589,0.0,0.0,0.0,2026-05-06 16:03:41.104
6155,1083636,0.0,0.0,0.0,2026-05-06 16:03:41.104
6156,1083854,0.0,0.0,0.0,2026-05-06 16:03:41.104
6157,1084071,0.0,0.0,0.0,2026-05-06 16:03:41.104
6158,1084119,0.0,0.0,0.0,2026-05-06 16:03:41.104
6159,1084337,0.0,0.0,0.0,2026-05-06 16:03:41.104
6160,1084554,0.0,0.0,0.0,2026-05-06 16:03:41.104
6161,1084601,0.0,0.0,0.0,2026-05-06 16:03:41.104
6162,1084818,0.0,0.0,0.0,2026-05-06 16:03:41.104
6163,1085038,0.0,0.0,0.0,2026-05-06 16:03:41.104
6164,1085086,0.0,0.0,0.0,2026-05-06 16:03:41.104
6165,1085304,0.0,0.0,0.0,2026-05-06 16:03:41.104
6166,1085522,0.0,0.0,0.0,2026-05-06 16:03:41.104
6167,1085569,0.0,0.0,0.0,2026-05-06 16:03:41.104
6168,1085788,0.0,0.0,0.0,2026-05-06 16:03:41.104
6169,1086007,0.0,0.0,0.0,2026-05-06 16:03:41.104
6170,1086054,0.0,0.0,0.0,2026-05-06 16:03:41.104
6171,1086272,0.0,0.0,0.0,2026-05-06 16:03:41.104
6172,1086490,0.0,0.0,0.0,2026-05-06 16:03:41.815
6173,1086537,0.0,0.0,0.0,2026-05-06 16:03:41.815
6174,1086755,0.0,0.0,0.0,2026-05-06 16:03:41.815
6175,1086973,0.0,0.0,0.0,2026-05-06 16:03:41.815
6176,1087020,0.0,0.0,0.0,2026-05-06 16:03:41.815
6177,1087237,0.0,0.0,0.0,2026-05-06 16:03:41.815
6178,1087454,0.0,0.0,0.0,2026-05-06 16:03:41.815
6179,1087502,0.0,0.0,0.0,2026-05-06 16:03:41.815
6180,1087721,0.0,0.0,0.0,2026-05-06 16:03:41.815
6181,1087939,0.0,0.0,0.0,2026-05-06 16:03:41.815
6182,1087986,0.0,0.0,0.0,2026-05-06 16:03:41.815
6183,1088203,0.0,0.0,0.0,2026-05-06 16:03:41.815
6184,1088422,0.0,0.0,0.0,2026-05-06 16:03:41.815
6185,1088469,0.0,0.0,0.0,2026-05-06 16:03:41.815
6186,1088688,0.0,0.0,0.0,2026-05-06 16:03:41.815
6187,1088907,0.0,0.0,0.0,2026-05-06 16:03:41.815
6188,1088953,0.0,0.0,0.0,2026-05-06 16:03:41.815
6189,1089170,0.0,0.0,0.0,2026-05-06 16:03:41.815
6190,1089387,0.0,0.0,0.0,2026-05-06 16:03:41.815
6191,1089435,0.0,0.0,0.0,2026-05-06 16:03:41.815
6192,1089653,0.0,0.0,0.0,2026-05-06 16:03:41.815
6193,1089872,0.0,0.0,0.0,2026-05-06 16:03:41.815
6194,1089919,0.0,0.0,0.0,2026-05-06 16:03:41.815
6195,1090138,0.0,0.0,0.0,2026-05-06 16:03:41.815
6196,1090356,0.0,0.0,0.0,2026-05-06 16:03:41.815
6197,1090403,0.0,0.0,0.0,2026-05-06 16:03:41.815
6198,1090620,0.0,0.0,0.0,2026-05-06 16:03:41.815
6199,1090837,0.0,0.0,0.0,2026-05-06 16:03:41.815
6200,1090885,0.0,0.0,0.0,2026-05-06 16:03:41.815
6201,1091103,0.0,0.0,0.0,2026-05-06 16:03:41.815
6202,1091320,0.0,0.0,0.0,2026-05-06 16:03:41.815
6203,1091367,0.0,0.0,0.0,2026-05-06 16:03:41.815
6204,1091586,0.0,0.0,0.0,2026-05-06 16:03:41.815
6205,1091805,0.0,0.0,0.0,2026-05-06 16:03:41.815
6206,1091852,0.0,0.0,0.0,2026-05-06 16:03:41.815
6207,1092070,0.0,0.0,0.0,2026-05-06 16:03:41.815
6208,1092287,0.0,0.0,0.0,2026-05-06 16:03:41.815
6209,1092334,0.0,0.0,0.0,2026-05-06 16:03:41.815
6210,1092552,0.0,0.0,0.0,2026-05-06 16:03:41.815
6211,1092774,0.0,0.0,0.0,2026-05-06 16:03:41.815
6212,1092821,0.0,0.0,0.0,2026-05-06 16:03:41.815
6213,1093038,0.0,0.0,0.0,2026-05-06 16:03:41.815
6214,1093256,0.0,0.0,0.0,2026-05-06 16:03:41.815
6215,1093303,0.0,0.0,0.0,2026-05-06 16:03:41.815
6216,1093521,0.0,0.0,0.0,2026-05-06 16:03:41.815
6217,1093741,0.0,0.0,0.0,2026-05-06 16:03:41.815
6218,1093788,0.0,0.0,0.0,2026-05-06 16:03:41.815
6219,1094006,0.0,0.0,0.0,2026-05-06 16:03:41.815
6220,1094224,0.0,0.0,0.0,2026-05-06 16:03:41.815
6221,1094271,0.0,0.0,0.0,2026-05-06 16:03:41.815
6222,1094490,0.0,0.0,0.0,2026-05-06 16:03:42.542
6223,1094709,0.0,0.0,0.0,2026-05-06 16:03:42.542
6224,1094755,0.0,0.0,0.0,2026-05-06 16:03:42.542
6225,1094972,0.0,0.0,0.0,2026-05-06 16:03:42.542
6226,1095189,0.0,0.0,0.0,2026-05-06 16:03:42.542
6227,1095237,0.0,0.0,0.0,2026-05-06 16:03:42.542
6228,1095454,0.0,0.0,0.0,2026-05-06 16:03:42.542
6229,1095672,0.0,0.0,0.0,2026-05-06 16:03:42.542
6230,1095720,0.0,0.0,0.0,2026-05-06 16:03:42.542
6231,1095938,0.0,0.0,0.0,2026-05-06 16:03:42.542
6232,1096157,0.0,0.0,0.0,2026-05-06 16:03:42.542
6233,1096204,0.0,0.0,0.0,2026-05-06 16:03:42.542
6234,1096422,0.0,0.0,0.0,2026-05-06 16:03:42.542
6235,1096640,0.0,0.0,0.0,2026-05-06 16:03:42.542
6236,1096687,0.0,0.0,0.0,2026-05-06 16:03:42.542
6237,1096904,0.0,0.0,0.0,2026-05-06 16:03:42.542
6238,1097123,0.0,0.0,0.0,2026-05-06 16:03:42.542
6239,1097170,0.0,0.0,0.0,2026-05-06 16:03:42.542
6240,1097387,0.0,0.0,0.0,2026-05-06 16:03:42.542
6241,1097604,0.0,0.0,0.0,2026-05-06 16:03:42.542
6242,1097652,0.0,0.0,0.0,2026-05-06 16:03:42.542
6243,1097869,0.0,0.0,0.0,2026-05-06 16:03:42.542
6244,1098087,0.0,0.0,0.0,2026-05-06 16:03:42.542
6245,1098134,0.0,0.0,0.0,2026-05-06 16:03:42.542
6246,1098351,0.0,0.0,0.0,2026-05-06 16:03:42.542
6247,1098568,0.0,0.0,0.0,2026-05-06 16:03:42.542
6248,1098616,0.0,0.0,0.0,2026-05-06 16:03:42.542
6249,1098833,0.0,0.0,0.0,2026-05-06 16:03:42.542
6250,1099051,0.0,0.0,0.0,2026-05-06 16:03:42.542
6251,1099143,0.0,0.0,0.0,2026-05-06 16:03:42.542
6252,1099360,0.0,0.0,0.0,2026-05-06 16:03:42.542
6253,1099580,0.0,0.0,0.0,2026-05-06 16:03:42.542
6254,1099797,0.0,0.0,0.0,2026-05-06 16:03:42.542
6255,1100014,0.0,0.0,0.0,2026-05-06 16:03:42.542
6256,1100062,0.0,0.0,0.0,2026-05-06 16:03:42.542
6257,1100279,0.0,0.0,0.0,2026-05-06 16:03:42.542
6258,1100499,0.0,0.0,0.0,2026-05-06 16:03:42.542
6259,1100547,0.0,0.0,0.0,2026-05-06 16:03:42.542
6260,1100764,0.0,0.0,0.0,2026-05-06 16:03:42.542
6261,1100981,0.0,0.0,0.0,2026-05-06 16:03:42.542
6262,1101029,0.0,0.0,0.0,2026-05-06 16:03:42.542
6263,1101247,0.0,0.0,0.0,2026-05-06 16:03:42.542
6264,1101464,0.0,0.0,0.0,2026-05-06 16:03:42.542
6265,1101512,0.0,0.0,0.0,2026-05-06 16:03:42.542
6266,1101730,0.0,0.0,0.0,2026-05-06 16:03:42.542
6267,1101948,0.0,0.0,0.0,2026-05-06 16:03:42.542
6268,1101995,0.0,0.0,0.0,2026-05-06 16:03:42.542
6269,1102213,0.0,0.0,0.0,2026-05-06 16:03:42.542
6270,1102431,0.0,0.0,0.0,2026-05-06 16:03:43.269
6271,1102478,0.0,0.0,0.0,2026-05-06 16:03:43.269
6272,1102695,0.0,0.0,0.0,2026-05-06 16:03:43.269
6273,1102912,0.0,0.0,0.0,2026-05-06 16:03:43.269
6274,1102960,0.0,0.0,0.0,2026-05-06 16:03:43.269
6275,1103177,0.0,0.0,0.0,2026-05-06 16:03:43.269
6276,1103394,0.0,0.0,0.0,2026-05-06 16:03:43.269
6277,1103442,0.0,0.0,0.0,2026-05-06 16:03:43.269
6278,1103659,0.0,0.0,0.0,2026-05-06 16:03:43.269
6279,1103878,0.0,0.0,0.0,2026-05-06 16:03:43.269
6280,1103925,0.0,0.0,0.0,2026-05-06 16:03:43.269
6281,1104143,0.0,0.0,0.0,2026-05-06 16:03:43.269
6282,1104360,0.0,0.0,0.0,2026-05-06 16:03:43.269
6283,1104407,0.0,0.0,0.0,2026-05-06 16:03:43.269
6284,1104625,0.0,0.0,0.0,2026-05-06 16:03:43.269
6285,1104844,0.0,0.0,0.0,2026-05-06 16:03:43.269
6286,1104891,0.0,0.0,0.0,2026-05-06 16:03:43.269
6287,1105108,0.0,0.0,0.0,2026-05-06 16:03:43.269
6288,1105325,0.0,0.0,0.0,2026-05-06 16:03:43.269
6289,1105373,0.0,0.0,0.0,2026-05-06 16:03:43.269
6290,1105591,0.0,0.0,0.0,2026-05-06 16:03:43.269
6291,1105809,0.0,0.0,0.0,2026-05-06 16:03:43.269
6292,1105856,0.0,0.0,0.0,2026-05-06 16:03:43.269
6293,1106074,0.0,0.0,0.0,2026-05-06 16:03:43.269
6294,1106292,0.0,0.0,0.0,2026-05-06 16:03:43.269
6295,1106339,0.0,0.0,0.0,2026-05-06 16:03:43.269
6296,1106556,0.0,0.0,0.0,2026-05-06 16:03:43.269
6297,1106773,0.0,0.0,0.0,2026-05-06 16:03:43.269
6298,1106821,0.0,0.0,0.0,2026-05-06 16:03:43.269
6299,1107039,0.0,0.0,0.0,2026-05-06 16:03:43.269
6300,1107257,0.0,0.0,0.0,2026-05-06 16:03:43.269
6301,1107304,0.0,0.0,0.0,2026-05-06 16:03:43.269
6302,1107521,0.0,0.0,0.0,2026-05-06 16:03:43.269
6303,1107738,0.0,0.0,0.0,2026-05-06 16:03:43.269
6304,1107786,0.0,0.0,0.0,2026-05-06 16:03:43.269
6305,1108004,0.0,0.0,0.0,2026-05-06 16:03:43.269
6306,1108225,0.0,0.0,0.0,2026-05-06 16:03:43.269
6307,1108272,0.0,0.0,0.0,2026-05-06 16:03:43.269
6308,1108491,0.0,0.0,0.0,2026-05-06 16:03:43.269
6309,1108709,0.0,0.0,0.0,2026-05-06 16:03:43.269
6310,1108756,0.0,0.0,0.0,2026-05-06 16:03:43.269
6311,1108974,0.0,0.0,0.0,2026-05-06 16:03:43.269
6312,1109192,0.0,0.0,0.0,2026-05-06 16:03:43.269
6313,1109239,0.0,0.0,0.0,2026-05-06 16:03:43.269
6314,1109457,0.0,0.0,0.0,2026-05-06 16:03:43.269
6315,1109676,0.0,0.0,0.0,2026-05-06 16:03:43.269
6316,1109723,0.0,0.0,0.0,2026-05-06 16:03:43.269
6317,1109940,0.0,0.0,0.0,2026-05-06 16:03:43.269
6318,1110157,0.0,0.0,0.0,2026-05-06 16:03:43.269
6319,1110205,0.0,0.0,0.0,2026-05-06 16:03:43.269
6320,1110422,0.0,0.0,0.0,2026-05-06 16:03:43.269
6321,1110639,0.0,0.0,0.0,2026-05-06 16:03:43.992
6322,1110687,0.0,0.0,0.0,2026-05-06 16:03:43.992
6323,1110906,0.0,0.0,0.0,2026-05-06 16:03:43.992
6324,1111125,0.0,0.0,0.0,2026-05-06 16:03:43.992
6325,1111171,0.0,0.0,0.0,2026-05-06 16:03:43.992
6326,1111390,0.0,0.0,0.0,2026-05-06 16:03:43.992
6327,1111608,0.0,0.0,0.0,2026-05-06 16:03:43.992
6328,1111655,0.0,0.0,0.0,2026-05-06 16:03:43.992
6329,1111872,0.0,0.0,0.0,2026-05-06 16:03:43.992
6330,1112089,0.0,0.0,0.0,2026-05-06 16:03:43.992
6331,1112137,0.0,0.0,0.0,2026-05-06 16:03:43.992
6332,1112355,0.0,0.0,0.0,2026-05-06 16:03:43.992
6333,1112573,0.0,0.0,0.0,2026-05-06 16:03:43.992
6334,1112620,0.0,0.0,0.0,2026-05-06 16:03:43.992
6335,1112837,0.0,0.0,0.0,2026-05-06 16:03:43.992
6336,1113055,0.0,0.0,0.0,2026-05-06 16:03:43.992
6337,1113102,0.0,0.0,0.0,2026-05-06 16:03:43.992
6338,1113320,0.0,0.0,0.0,2026-05-06 16:03:43.992
6339,1113538,0.0,0.0,0.0,2026-05-06 16:03:43.992
6340,1113585,0.0,0.0,0.0,2026-05-06 16:03:43.992
6341,1113803,0.0,0.0,0.0,2026-05-06 16:03:43.992
6342,1114021,0.0,0.0,0.0,2026-05-06 16:03:43.992
6343,1114068,0.0,0.0,0.0,2026-05-06 16:03:43.992
6344,1114285,0.0,0.0,0.0,2026-05-06 16:03:43.992
6345,1114502,0.0,0.0,0.0,2026-05-06 16:03:43.992
6346,1114550,0.0,0.0,0.0,2026-05-06 16:03:43.992
6347,1114767,0.0,0.0,0.0,2026-05-06 16:03:43.992
6348,1114984,0.0,0.0,0.0,2026-05-06 16:03:43.992
6349,1115032,0.0,0.0,0.0,2026-05-06 16:03:43.992
6350,1115249,0.0,0.0,0.0,2026-05-06 16:03:43.992
6351,1115466,0.0,0.0,0.0,2026-05-06 16:03:43.992
6352,1115514,0.0,0.0,0.0,2026-05-06 16:03:43.992
6353,1115731,0.0,0.0,0.0,2026-05-06 16:03:43.992
6354,1115951,0.0,0.0,0.0,2026-05-06 16:03:43.992
6355,1115999,0.0,0.0,0.0,2026-05-06 16:03:43.992
6356,1116217,0.0,0.0,0.0,2026-05-06 16:03:43.992
6357,1116434,0.0,0.0,0.0,2026-05-06 16:03:43.992
6358,1116482,0.0,0.0,0.0,2026-05-06 16:03:43.992
6359,1116699,0.0,0.0,0.0,2026-05-06 16:03:43.992
6360,1116916,0.0,0.0,0.0,2026-05-06 16:03:43.992
6361,1116964,0.0,0.0,0.0,2026-05-06 16:03:43.992
6362,1117183,0.0,0.0,0.0,2026-05-06 16:03:43.992
6363,1117401,0.0,0.0,0.0,2026-05-06 16:03:43.992
6364,1117448,0.0,0.0,-0.0005,2026-05-06 16:03:43.992
6365,1117670,0.0,0.0,0.0,2026-05-06 16:03:43.992
6366,1117887,0.0,0.0,-0.001,2026-05-06 16:03:43.992
6367,1117933,0.0,0.0,-0.0053,2026-05-06 16:03:43.992
6368,1118157,0.0,0.0,-0.0062,2026-05-06 16:03:43.992
6369,1118398,0.0,0.0,-0.0149,2026-05-06 16:03:43.992
6370,1118621,0.0,0.0,-0.0149,2026-05-06 16:03:44.713
6371,1118918,0.0,0.0,-0.0323,2026-05-06 16:03:44.713
6372,1119142,0.0,0.0,-0.0323,2026-05-06 16:03:44.713
6373,1119325,0.0,0.0,-0.0572,2026-05-06 16:03:44.713
6374,1119552,0.0,0.0,-0.0616,2026-05-06 16:03:44.713
6375,1119970,0.0,0.0,-0.0918,2026-05-06 16:03:44.713
6376,1120196,0.0,0.0,-0.0973,2026-05-06 16:03:44.713
6377,1120259,0.0,0.0,-0.1345,2026-05-06 16:03:44.713
6378,1120486,0.0,0.0,-0.1345,2026-05-06 16:03:44.713
6379,1120726,0.0,0.0,-0.1634,2026-05-06 16:03:44.713
6380,1120998,0.0,0.0,-0.1666,2026-05-06 16:03:44.713
6381,1121186,0.0,0.0,-0.1817,2026-05-06 16:03:44.713
6382,1121414,0.0,0.0,-0.1836,2026-05-06 16:03:44.713
6383,1121655,0.0,0.0,-0.1935,2026-05-06 16:03:44.713
6384,1121882,0.0,0.0,-0.1935,2026-05-06 16:03:44.713
6385,1122180,0.0,0.0,-0.1997,2026-05-06 16:03:44.713
6386,1122407,0.0,0.0,-0.1997,2026-05-06 16:03:44.713
6387,1122648,0.0,0.0,-0.2,2026-05-06 16:03:44.713
6388,1122875,0.0,0.0,-0.2,2026-05-06 16:03:44.713
6389,1123058,0.0,0.0,-0.2,2026-05-06 16:03:44.713
6390,1123287,0.0,0.0,-0.2,2026-05-06 16:03:44.713
6391,1123531,0.0,0.0,-0.2,2026-05-06 16:03:44.713
6392,1123759,0.0,0.0,-0.2,2026-05-06 16:03:44.713
6393,1124000,0.0,0.0,-0.2,2026-05-06 16:03:44.713
6394,1124228,0.0,0.0,-0.2,2026-05-06 16:03:44.713
6395,1124527,0.0,0.0,-0.2,2026-05-06 16:03:44.713
6396,1124755,0.0,0.0,-0.2,2026-05-06 16:03:44.713
6397,1124938,0.0,0.0,-0.2,2026-05-06 16:03:44.713
6398,1125166,0.0,0.0,-0.2,2026-05-06 16:03:44.713
6399,1125407,0.0,0.0,-0.2,2026-05-06 16:03:44.713
6400,1125635,0.0,0.0,-0.2,2026-05-06 16:03:44.713
6401,1125876,0.0,0.0,-0.2,2026-05-06 16:03:44.713
6402,1126104,0.0,0.0,-0.2,2026-05-06 16:03:44.713
6403,1126345,0.0,0.0,-0.2,2026-05-06 16:03:44.713
6404,1126573,0.0,0.0,-0.2,2026-05-06 16:03:44.713
6405,1126872,0.0,0.0,-0.2,2026-05-06 16:03:45.425
6406,1127100,0.0,0.0,-0.2,2026-05-06 16:03:45.425
6407,1127463,0.0,0.0,-0.2,2026-05-06 16:03:45.425
6408,1127691,0.0,0.0,-0.2,2026-05-06 16:03:45.425
6409,1127752,0.0,0.0,-0.2,2026-05-06 16:03:45.425
6410,1127980,0.0,0.0,-0.2,2026-05-06 16:03:45.425
6411,1128221,0.0,0.0,-0.2,2026-05-06 16:03:45.425
6412,1128449,0.0,0.0,-0.2,2026-05-06 16:03:45.425
6413,1128690,0.0,0.0,-0.2,2026-05-06 16:03:45.425
6414,1128918,0.0,0.0,-0.2,2026-05-06 16:03:45.425
6415,1129159,0.0,0.0,-0.2,2026-05-06 16:03:45.425
6416,1129387,0.0,0.0,-0.2,2026-05-06 16:03:45.425
6417,1129628,0.0,0.0,-0.2,2026-05-06 16:03:45.425
6418,1129856,0.0,0.0,-0.2,2026-05-06 16:03:45.425
6419,1130277,0.0,0.0,-0.2,2026-05-06 16:03:45.425
6420,1130505,0.0,0.0,-0.2,2026-05-06 16:03:45.425
6421,1130566,0.0,0.0,-0.2,2026-05-06 16:03:45.425
6422,1130794,0.0,0.0,-0.2,2026-05-06 16:03:45.425
6423,1131038,0.0,0.0,-0.2,2026-05-06 16:03:45.425
6424,1131266,0.0,0.0,-0.2,2026-05-06 16:03:45.425
6425,1131507,0.0,0.0,-0.2,2026-05-06 16:03:45.425
6426,1131735,0.0,0.0,-0.2,2026-05-06 16:03:45.425
6427,1132035,0.0,0.0,-0.2,2026-05-06 16:03:45.425
6428,1132263,0.0,0.0,-0.2,2026-05-06 16:03:45.425
6429,1132445,0.0,0.0,-0.2,2026-05-06 16:03:45.425
6430,1132673,0.0,0.0,-0.2,2026-05-06 16:03:45.425
6431,1132914,0.0,0.0,-0.2,2026-05-06 16:03:45.425
6432,1133142,0.0,0.0,-0.2,2026-05-06 16:03:45.425
6433,1133383,0.0,0.0,-0.2,2026-05-06 16:03:45.425
6434,1133611,0.0,0.0,-0.2,2026-05-06 16:03:45.425
6435,1133852,0.0,0.0,-0.2,2026-05-06 16:03:45.425
6436,1134080,0.0,0.0,-0.2,2026-05-06 16:03:45.425
6437,1134321,0.0,0.0,-0.2,2026-05-06 16:03:45.425
6438,1134549,0.0,0.0,-0.2,2026-05-06 16:03:45.425
6439,1134909,0.0,0.0,-0.2,2026-05-06 16:03:46.137
6440,1135137,0.0,0.0,-0.2,2026-05-06 16:03:46.137
6441,1135259,0.0,0.0,-0.2,2026-05-06 16:03:46.137
6442,1135487,0.0,0.0,-0.2,2026-05-06 16:03:46.137
6443,1135728,0.0,0.0,-0.2,2026-05-06 16:03:46.137
6444,1135956,0.0,0.0,-0.2,2026-05-06 16:03:46.137
6445,1136316,0.0,0.0,-0.2,2026-05-06 16:03:46.137
6446,1136544,0.0,0.0,-0.2,2026-05-06 16:03:46.137
6447,1136666,0.0,0.0,-0.2,2026-05-06 16:03:46.137
6448,1136894,0.0,0.0,-0.2,2026-05-06 16:03:46.137
6449,1137135,0.0,0.0,-0.2,2026-05-06 16:03:46.137
6450,1137363,0.0,0.0,-0.2,2026-05-06 16:03:46.137
6451,1137784,0.0,0.0,-0.2,2026-05-06 16:03:46.137
6452,1138012,0.0,0.0,-0.2,2026-05-06 16:03:46.137
6453,1138073,0.0,0.0,-0.2,2026-05-06 16:03:46.137
6454,1138301,0.0,0.0,-0.2,2026-05-06 16:03:46.137
6455,1138545,0.0,0.0,-0.2,2026-05-06 16:03:46.137
6456,1138773,0.0,0.0,-0.2,2026-05-06 16:03:46.137
6457,1139014,0.0,0.0,-0.2,2026-05-06 16:03:46.137
6458,1139242,0.0,0.0,-0.2,2026-05-06 16:03:46.137
6459,1139483,0.0,0.0,-0.2,2026-05-06 16:03:46.137
6460,1139711,0.0,0.0,-0.2,2026-05-06 16:03:46.137
6461,1139952,0.0,0.0,-0.2,2026-05-06 16:03:46.137
6462,1140180,0.0,0.0,-0.2,2026-05-06 16:03:46.137
6463,1140479,0.0,0.0,-0.2,2026-05-06 16:03:46.137
6464,1140707,0.0,0.0,-0.2,2026-05-06 16:03:46.137
6465,1140890,0.0,0.0,-0.2,2026-05-06 16:03:46.137
6466,1141118,0.0,0.0,-0.2,2026-05-06 16:03:46.137
6467,1141418,0.0,0.0,-0.2,2026-05-06 16:03:46.137
6468,1141646,0.0,0.0,-0.2,2026-05-06 16:03:46.137
6469,1141947,0.0,0.0,-0.2,2026-05-06 16:03:46.137
6470,1142175,0.0,0.0,-0.2,2026-05-06 16:03:46.137
6471,1142297,0.0,0.0,-0.2,2026-05-06 16:03:46.137
6472,1142525,0.0,0.0,-0.2,2026-05-06 16:03:46.137
6473,1142766,0.0,0.0,-0.2,2026-05-06 16:03:46.848
6474,1142994,0.0,0.0,-0.2,2026-05-06 16:03:46.848
6475,1143235,0.0,0.0,-0.2,2026-05-06 16:03:46.848
6476,1143463,0.0,0.0,-0.2,2026-05-06 16:03:46.848
6477,1143704,0.0,0.0,-0.2,2026-05-06 16:03:46.848
6478,1143932,0.0,0.0,-0.2,2026-05-06 16:03:46.848
6479,1144173,0.0,0.0,-0.2,2026-05-06 16:03:46.848
6480,1144401,0.0,0.0,-0.2,2026-05-06 16:03:46.848
6481,1144822,0.0,0.0,-0.2,2026-05-06 16:03:46.848
6482,1145050,0.0,0.0,-0.2,2026-05-06 16:03:46.848
6483,1145111,0.0,0.0,-0.2,2026-05-06 16:03:46.848
6484,1145339,0.0,0.0,-0.2,2026-05-06 16:03:46.848
6485,1145580,0.0,0.0,-0.2,2026-05-06 16:03:46.848
6486,1145808,0.0,0.0,-0.2,2026-05-06 16:03:46.848
6487,1146052,0.0,0.0,-0.2,2026-05-06 16:03:46.848
6488,1146280,0.0,0.0,-0.2,2026-05-06 16:03:46.848
6489,1146521,0.0,0.0,-0.2,2026-05-06 16:03:46.848
6490,1146749,0.0,0.0,-0.2,2026-05-06 16:03:46.848
6491,1146990,0.0,0.0,-0.2,2026-05-06 16:03:46.848
6492,1147218,0.0,0.0,-0.2,2026-05-06 16:03:46.848
6493,1147459,0.0,0.0,-0.2,2026-05-06 16:03:46.848
6494,1147687,0.0,0.0,-0.2,2026-05-06 16:03:46.848
6495,1147987,0.0,0.0,-0.2,2026-05-06 16:03:46.848
6496,1148215,0.0,0.0,-0.2,2026-05-06 16:03:46.848
6497,1148397,0.0,0.0,-0.2,2026-05-06 16:03:46.848
6498,1148625,0.0,0.0,-0.2,2026-05-06 16:03:46.848
6499,1148866,0.0,0.0,-0.2,2026-05-06 16:03:46.848
6500,1149094,0.0,0.0,-0.2,2026-05-06 16:03:46.848
6501,1149335,0.0,0.0,-0.2,2026-05-06 16:03:46.848
6502,1149563,0.0,0.0,-0.2,2026-05-06 16:03:46.848
6503,1149804,0.0,0.0,-0.2,2026-05-06 16:03:46.848
6504,1150032,0.0,0.0,-0.2,2026-05-06 16:03:46.848
6505,1150273,0.0,0.0,-0.2,2026-05-06 16:03:46.848
6506,1150501,0.0,0.0,-0.2,2026-05-06 16:03:46.848
6507,1150742,0.0,0.0,-0.2,2026-05-06 16:03:46.848
6508,1150970,0.0,0.0,-0.2,2026-05-06 16:03:47.571
6509,1151211,0.0,0.0,-0.2,2026-05-06 16:03:47.571
6510,1151439,0.0,0.0,-0.2,2026-05-06 16:03:47.571
6511,1151739,0.0,0.0,-0.2,2026-05-06 16:03:47.571
6512,1151967,0.0,0.0,-0.2,2026-05-06 16:03:47.571
6513,1152149,0.0,0.0,-0.2,2026-05-06 16:03:47.571
6514,1152377,0.0,0.0,-0.2,2026-05-06 16:03:47.571
6515,1152618,0.0,0.0,-0.2,2026-05-06 16:03:47.571
6516,1152846,0.0,0.0,-0.2,2026-05-06 16:03:47.571
6517,1153086,0.0,0.0,-0.2,2026-05-06 16:03:47.571
6518,1153314,0.0,0.0,-0.2,2026-05-06 16:03:47.571
6519,1153559,0.0,0.0,-0.2,2026-05-06 16:03:47.571
6520,1153787,0.0,0.0,-0.2,2026-05-06 16:03:47.571
6521,1154028,0.0,0.0,-0.2,2026-05-06 16:03:47.571
6522,1154256,0.0,0.0,-0.2,2026-05-06 16:03:47.571
6523,1154497,0.0,0.0,-0.2,2026-05-06 16:03:47.571
6524,1154725,0.0,0.0,-0.2,2026-05-06 16:03:47.571
6525,1154966,0.0,0.0,-0.1966,2026-05-06 16:03:47.571
6526,1155194,0.0,0.0,-0.1955,2026-05-06 16:03:47.571
6527,1155554,0.0,0.0,-0.1849,2026-05-06 16:03:47.571
6528,1155782,0.0,0.0,-0.182,2026-05-06 16:03:47.571
6529,1155904,0.0,0.0,-0.1465,2026-05-06 16:03:47.571
6530,1156132,0.0,0.0,-0.1465,2026-05-06 16:03:47.571
6531,1156373,0.0,0.0,-0.0792,2026-05-06 16:03:47.571
6532,1156601,0.0,0.0,-0.0693,2026-05-06 16:03:47.571
6533,1156842,0.0,0.0,-0.0257,2026-05-06 16:03:47.571
6534,1157070,0.0,0.0,-0.0257,2026-05-06 16:03:47.571
6535,1157311,0.0,0.0,-0.0043,2026-05-06 16:03:47.571
6536,1157539,0.0,0.0,-0.0043,2026-05-06 16:03:47.571
6537,1157780,0.0,0.0,0.0,2026-05-06 16:03:47.571
6538,1158006,0.0,0.0,0.0,2026-05-06 16:03:47.571
6539,1158243,0.0,0.0,0.0,2026-05-06 16:03:47.571
6540,1158470,0.0,0.0,0.0,2026-05-06 16:03:47.571
6541,1158712,0.0,0.0,0.0,2026-05-06 16:03:47.571
6542,1158938,0.0,0.0,0.0,2026-05-06 16:03:48.277
6543,1159180,0.0,0.0,0.0,2026-05-06 16:03:48.277
6544,1159406,0.0,0.0,0.0,2026-05-06 16:03:48.277
6545,1159647,0.0,0.0,0.0,2026-05-06 16:03:48.277
6546,1159872,0.0,0.0,0.0,2026-05-06 16:03:48.277
6547,1160113,0.0,0.0,0.0,2026-05-06 16:03:48.277
6548,1160341,0.0,0.0,0.0,2026-05-06 16:03:48.277
6549,1160581,0.0,0.0,0.0,2026-05-06 16:03:48.277
6550,1160806,0.0,0.0,0.0,2026-05-06 16:03:48.277
6551,1161050,-0.0027,0.0,0.0,2026-05-06 16:03:48.277
6552,1161272,-0.0034,0.0,0.0,2026-05-06 16:03:48.277
6553,1161570,-0.0077,0.0,0.0,2026-05-06 16:03:48.277
6554,1161793,-0.0086,0.0,0.0,2026-05-06 16:03:48.277
6555,1161975,-0.0157,0.0,0.0,2026-05-06 16:03:48.277
6556,1162199,-0.0157,0.0,0.0,2026-05-06 16:03:48.277
6557,1162439,-0.0269,0.0,0.0,2026-05-06 16:03:48.277
6558,1162662,-0.0269,0.0,0.0,2026-05-06 16:03:48.277
6559,1162902,-0.0404,0.0,0.0,2026-05-06 16:03:48.277
6560,1163127,-0.0427,0.0,0.0,2026-05-06 16:03:48.277
6561,1163366,-0.0614,0.0,0.0,2026-05-06 16:03:48.277
6562,1163588,-0.0645,0.0,0.0,2026-05-06 16:03:48.277
6563,1163828,-0.0858,0.0,0.0,2026-05-06 16:03:48.277
6564,1164050,-0.0858,0.0,0.0,2026-05-06 16:03:48.277
6565,1164289,-0.1211,0.0,0.0,2026-05-06 16:03:48.277
6566,1164510,-0.1211,0.0,0.0,2026-05-06 16:03:48.277
6567,1164750,-0.1628,0.0,0.0,2026-05-06 16:03:48.277
6568,1165049,-0.1628,0.0,0.0,2026-05-06 16:03:48.277
6569,1165223,-0.2011,0.0,0.0,2026-05-06 16:03:48.277
6570,1165448,-0.2065,0.0,0.0,2026-05-06 16:03:48.277
6571,1165867,-0.237,0.0,0.0,2026-05-06 16:03:48.277
6572,1166093,-0.2418,0.0,0.0,2026-05-06 16:03:48.277
6573,1166154,-0.2715,0.0,0.0016,2026-05-06 16:03:48.277
6574,1166382,-0.2715,0.0,0.0016,2026-05-06 16:03:48.277
6575,1166623,-0.295,0.0,0.0,2026-05-06 16:03:48.277
6576,1166849,-0.2979,0.0,0.0,2026-05-06 16:03:48.277
6577,1167089,-0.3128,0.0,0.0022,2026-05-06 16:03:48.990
6578,1167317,-0.315,0.0,0.0029,2026-05-06 16:03:48.990
6579,1167558,-0.3276,0.0,0.0094,2026-05-06 16:03:48.990
6580,1167786,-0.3276,0.0,0.0094,2026-05-06 16:03:48.990
6581,1168146,-0.3379,0.0,0.0224,2026-05-06 16:03:48.990
6582,1168374,-0.3379,0.0,0.0224,2026-05-06 16:03:48.990
6583,1168679,-0.3443,0.0,0.0417,2026-05-06 16:03:48.990
6584,1168907,-0.345,0.0,0.0452,2026-05-06 16:03:48.990
6585,1168968,-0.3489,0.0,0.071,2026-05-06 16:03:48.990
6586,1169196,-0.3489,0.0,0.071,2026-05-06 16:03:48.990
6587,1169436,-0.35,0.0,0.0758,2026-05-06 16:03:48.990
6588,1169664,-0.35,0.0,0.0733,2026-05-06 16:03:48.990
6589,1169906,-0.35,0.0,0.0302,2026-05-06 16:03:48.990
6590,1170134,-0.35,0.0,0.0205,2026-05-06 16:03:48.990
6591,1170375,-0.35,0.0,0.0,2026-05-06 16:03:48.990
6592,1170601,-0.35,0.0,0.0,2026-05-06 16:03:48.990
6593,1171021,-0.35,0.0,0.0053,2026-05-06 16:03:48.990
6594,1171249,-0.35,0.0,0.0053,2026-05-06 16:03:48.990
6595,1171309,-0.35,0.0,0.012,2026-05-06 16:03:48.990
6596,1171536,-0.35,0.0,0.0134,2026-05-06 16:03:48.990
6597,1171778,-0.35,0.0,0.027,2026-05-06 16:03:48.990
6598,1172007,-0.35,0.0,0.027,2026-05-06 16:03:48.990
6599,1172248,-0.35,0.0,0.053,2026-05-06 16:03:48.990
6600,1172477,-0.35,0.0,0.053,2026-05-06 16:03:48.990
6601,1172837,-0.35,0.0,0.0864,2026-05-06 16:03:48.990
6602,1173065,-0.35,0.0,0.0918,2026-05-06 16:03:48.990
6603,1173187,-0.35,0.0,0.1244,2026-05-06 16:03:48.990
6604,1173415,-0.35,0.0,0.1244,2026-05-06 16:03:48.990
6605,1173658,-0.35,0.0,0.1563,2026-05-06 16:03:48.990
6606,1173886,-0.35,0.0,0.1599,2026-05-06 16:03:48.990
6607,1174127,-0.35,0.0,0.1774,2026-05-06 16:03:48.990
6608,1174355,-0.35,0.0,0.1796,2026-05-06 16:03:48.990
6609,1174596,-0.35,0.0,0.1912,2026-05-06 16:03:48.990
6610,1174824,-0.35,0.0,0.1912,2026-05-06 16:03:48.990
6611,1175245,-0.35,0.0,0.1978,2026-05-06 16:03:49.700
6612,1175473,-0.35,0.0,0.1985,2026-05-06 16:03:49.700
6613,1175534,-0.35,0.0,0.2,2026-05-06 16:03:49.700
6614,1175762,-0.35,0.0,0.2,2026-05-06 16:03:49.700
6615,1176064,-0.35,0.0,0.2,2026-05-06 16:03:49.700
6616,1176292,-0.35,0.0,0.2,2026-05-06 16:03:49.700
6617,1176475,-0.35,0.0,0.2,2026-05-06 16:03:49.700
6618,1176703,-0.35,0.0,0.2,2026-05-06 16:03:49.700
6619,1176944,-0.35,0.0,0.2,2026-05-06 16:03:49.700
6620,1177172,-0.35,0.0,0.2,2026-05-06 16:03:49.700
6621,1177413,-0.35,0.0,0.2,2026-05-06 16:03:49.700
6622,1177641,-0.35,0.0,0.1995,2026-05-06 16:03:49.700
6623,1178063,-0.35,0.0,0.1943,2026-05-06 16:03:49.700
6624,1178291,-0.35,0.0,0.193,2026-05-06 16:03:49.700
6625,1178351,-0.35,0.0,0.175,2026-05-06 16:03:49.700
6626,1178579,-0.35,0.0,0.175,2026-05-06 16:03:49.700
6627,1178939,-0.35,0.0,0.1299,2026-05-06 16:03:49.700
6628,1179167,-0.35,0.0,0.1205,2026-05-06 16:03:49.700
6629,1179408,-0.35,0.0,0.0599,2026-05-06 16:03:49.700
6630,1179636,-0.35,0.0,0.0513,2026-05-06 16:03:49.700
6631,1179758,-0.35,0.0,0.0143,2026-05-06 16:03:49.700
6632,1179986,-0.35,0.0,0.0143,2026-05-06 16:03:49.700
6633,1180227,-0.35,0.0,0.0021,2026-05-06 16:03:49.700
6634,1180455,-0.35,0.0,0.0013,2026-05-06 16:03:49.700
6635,1180696,-0.35,0.0,0.0,2026-05-06 16:03:49.700
6636,1180922,-0.35,0.0,0.0,2026-05-06 16:03:49.700
6637,1181172,-0.35,0.0,0.0,2026-05-06 16:03:49.700
6638,1181396,-0.35,0.0,0.0,2026-05-06 16:03:49.700
6639,1181636,-0.3477,0.0,0.0,2026-05-06 16:03:49.700
6640,1181860,-0.3477,0.0,0.0,2026-05-06 16:03:49.700
6641,1182100,-0.3412,0.0,0.0,2026-05-06 16:03:49.700
6642,1182324,-0.3399,0.0,0.0,2026-05-06 16:03:49.700
6643,1182565,-0.3294,0.0,0.0,2026-05-06 16:03:49.700
6644,1182790,-0.3271,0.0,0.0,2026-05-06 16:03:49.700
6645,1183031,-0.3039,0.0,0.0,2026-05-06 16:03:49.700
6646,1183257,-0.3039,0.0,0.0,2026-05-06 16:03:50.409
6647,1183678,-0.2564,0.0,0.0,2026-05-06 16:03:50.409
6648,1183904,-0.2564,0.0,0.0,2026-05-06 16:03:50.409
6649,1184025,-0.1922,0.0,0.0,2026-05-06 16:03:50.409
6650,1184250,-0.1818,0.0,0.0,2026-05-06 16:03:50.409
6651,1184431,-0.1205,0.0,0.0,2026-05-06 16:03:50.409
6652,1184656,-0.1205,0.0,0.0,2026-05-06 16:03:50.409
6653,1184896,-0.0589,0.0,0.0,2026-05-06 16:03:50.409
6654,1185122,-0.0589,0.0,0.0,2026-05-06 16:03:50.409
6655,1185363,-0.0284,0.0,0.0,2026-05-06 16:03:50.409
6656,1185588,-0.0254,0.0,0.0,2026-05-06 16:03:50.409
6657,1185887,-0.0121,0.0,0.0,2026-05-06 16:03:50.409
6658,1186113,-0.0105,0.0,0.0,2026-05-06 16:03:50.409
6659,1186294,-0.0027,0.0,0.0,2026-05-06 16:03:50.409
6660,1186520,-0.0027,0.0,0.0,2026-05-06 16:03:50.409
6661,1186761,0.0,0.0,0.0,2026-05-06 16:03:50.409
6662,1186981,0.0,0.0,0.0,2026-05-06 16:03:50.409
6663,1187201,0.0,0.0,0.0,2026-05-06 16:03:50.409
6664,1187246,0.0,0.0,0.0,2026-05-06 16:03:50.409
6665,1187466,0.0,0.0,0.0,2026-05-06 16:03:50.409
6666,1187687,0.0,0.0,0.0,2026-05-06 16:03:50.409
6667,1187732,0.0,0.0,0.0,2026-05-06 16:03:50.409
6668,1187952,0.0,0.0,0.0,2026-05-06 16:03:50.409
6669,1188173,0.0,0.0,0.0,2026-05-06 16:03:50.409
6670,1188218,0.0,0.0,0.0,2026-05-06 16:03:50.409
6671,1188438,0.0,0.0,0.0,2026-05-06 16:03:50.409
6672,1188659,0.0,0.0,0.0,2026-05-06 16:03:50.409
6673,1188704,0.0,0.0,0.0,2026-05-06 16:03:50.409
6674,1188925,0.0,0.0,0.0,2026-05-06 16:03:50.409
6675,1189146,0.0,0.0,0.0,2026-05-06 16:03:50.409
6676,1189191,0.0,0.0,0.0,2026-05-06 16:03:50.409
6677,1189412,0.0,0.0,0.0,2026-05-06 16:03:50.409
6678,1189632,0.0,0.0,0.0,2026-05-06 16:03:50.409
6679,1189677,0.0,0.0,0.0,2026-05-06 16:03:50.409
6680,1189897,0.0,0.0,0.0,2026-05-06 16:03:50.409
6681,1190118,0.0,0.0,0.0,2026-05-06 16:03:50.409
6682,1190163,0.0,0.0,0.0,2026-05-06 16:03:50.409
6683,1190384,0.0,0.0,0.0,2026-05-06 16:03:50.409
6684,1190621,0.0,0.0,0.0,2026-05-06 16:03:50.409
6685,1190842,0.0,0.0,0.0,2026-05-06 16:03:50.409
6686,1191065,0.0,0.0,0.0,2026-05-06 16:03:50.409
6687,1191287,0.0,0.0,0.0,2026-05-06 16:03:51.134
6688,1191508,0.0,0.0,0.0,2026-05-06 16:03:51.134
6689,1191568,0.0,0.0,0.0,2026-05-06 16:03:51.134
6690,1191789,0.0,0.0,0.0,2026-05-06 16:03:51.134
6691,1192010,0.0,0.0,0.0,2026-05-06 16:03:51.134
6692,1192059,0.0,0.0,0.0,2026-05-06 16:03:51.134
6693,1192279,0.0,0.0,0.0,2026-05-06 16:03:51.134
6694,1192500,0.0,0.0,0.0,2026-05-06 16:03:51.134
6695,1192545,0.0,0.0,0.0,2026-05-06 16:03:51.134
6696,1192767,0.0,0.0,0.0,2026-05-06 16:03:51.134
6697,1193174,0.0,0.0,0.0,2026-05-06 16:03:51.134
6698,1193395,0.0,0.0,0.0,2026-05-06 16:03:51.134
6699,1193676,0.0,0.0,0.0,2026-05-06 16:03:51.134
6700,1193897,0.0,0.0,0.0,2026-05-06 16:03:51.134
6701,1194136,0.0,0.0,0.0,2026-05-06 16:03:51.134
6702,1194356,0.0,0.0,0.0,2026-05-06 16:03:51.134
6703,1194420,0.0,0.0,0.0,2026-05-06 16:03:51.134
6704,1194641,0.0,0.0,0.0,2026-05-06 16:03:51.134
6705,1194862,0.0,0.0,0.0,2026-05-06 16:03:51.134
6706,1194911,0.0,0.0,0.0,2026-05-06 16:03:51.134
6707,1195132,0.0,0.0,0.0,2026-05-06 16:03:51.134
6708,1195352,0.0,0.0,0.0,2026-05-06 16:03:51.134
6709,1195397,0.0,0.0,0.0,2026-05-06 16:03:51.134
6710,1195619,0.0,0.0,0.0,2026-05-06 16:03:51.134
6711,1195856,0.0,0.0,0.0,2026-05-06 16:03:51.134
6712,1196077,0.0,0.0,0.0,2026-05-06 16:03:51.134
6713,1196300,0.0,0.0,0.0,2026-05-06 16:03:51.134
6714,1196521,0.0,0.0,0.0,2026-05-06 16:03:51.134
6715,1196742,0.0,0.0,0.0,2026-05-06 16:03:51.134
6716,1196843,0.0,0.0,0.0,2026-05-06 16:03:51.134
6717,1197064,0.0,0.0,0.0,2026-05-06 16:03:51.134
6718,1197465,0.0,0.0,0.0,2026-05-06 16:03:51.134
6719,1197686,0.0,0.0,0.0,2026-05-06 16:03:51.134
6720,1197866,0.0,0.0,0.0,2026-05-06 16:03:51.134
6721,1198089,0.0,0.0,0.0,2026-05-06 16:03:51.134
6722,1198206,0.0,0.0,0.0,2026-05-06 16:03:51.134
6723,1198428,0.0,0.0,0.0,2026-05-06 16:03:51.134
6724,1198652,0.0,0.0,0.0,2026-05-06 16:03:51.134
6725,1198703,0.0,0.0,0.0,2026-05-06 16:03:51.134
6726,1198925,0.0,0.0,0.0,2026-05-06 16:03:51.134
6727,1199164,0.0,-0.0025,0.0,2026-05-06 16:03:51.842
6728,1199390,0.0,-0.0034,0.0,2026-05-06 16:03:51.842
6729,1199630,0.0,-0.0126,0.0,2026-05-06 16:03:51.842
6730,1199857,0.0,-0.0126,0.0,2026-05-06 16:03:51.842
6731,1200097,0.0,-0.0428,0.0,2026-05-06 16:03:51.842
6732,1200325,0.0,-0.0428,0.0,2026-05-06 16:03:51.842
6733,1200566,0.0,-0.0782,0.0,2026-05-06 16:03:51.842
6734,1200794,0.0,-0.0818,0.0,2026-05-06 16:03:51.842
6735,1201035,0.0,-0.0954,0.0,2026-05-06 16:03:51.842
6736,1201263,0.0,-0.0966,0.0,2026-05-06 16:03:51.842
6737,1201504,0.0,-0.1,0.0,2026-05-06 16:03:51.842
6738,1201733,0.0,-0.1,0.0,2026-05-06 16:03:51.842
6739,1201974,0.0,-0.1,0.0,2026-05-06 16:03:51.842
6740,1202202,0.0,-0.1,0.0,2026-05-06 16:03:51.842
6741,1202562,0.0,-0.1,0.0,2026-05-06 16:03:51.842
6742,1202791,0.0,-0.1,0.0,2026-05-06 16:03:51.842
6743,1202913,0.0,-0.1,0.0,2026-05-06 16:03:51.842
6744,1203141,0.0,-0.1,0.0,2026-05-06 16:03:51.842
6745,1203382,0.0,-0.1,0.0,2026-05-06 16:03:51.842
6746,1203612,0.0,-0.1,0.0,2026-05-06 16:03:51.842
6747,1203853,0.0,-0.1,0.0,2026-05-06 16:03:51.842
6748,1204083,0.0,-0.1,0.0,2026-05-06 16:03:51.842
6749,1204506,0.0,-0.1,0.0,2026-05-06 16:03:51.842
6750,1204736,0.0,-0.1,0.0,2026-05-06 16:03:51.842
6751,1204795,0.0,-0.1,0.0,2026-05-06 16:03:51.842
6752,1205025,0.0,-0.1,0.0,2026-05-06 16:03:51.842
6753,1205268,0.0,-0.1,0.0,2026-05-06 16:03:51.842
6754,1205498,0.0,-0.1,0.0,2026-05-06 16:03:51.842
6755,1205739,0.0,-0.1,0.0,2026-05-06 16:03:51.842
6756,1205969,0.0,-0.1,0.0,2026-05-06 16:03:51.842
6757,1206213,0.0,-0.1,0.0,2026-05-06 16:03:51.842
6758,1206443,0.0,-0.1,0.0,2026-05-06 16:03:51.842
6759,1206805,0.0,-0.1,0.0,2026-05-06 16:03:51.842
6760,1207035,0.0,-0.1,0.0,2026-05-06 16:03:51.842
6761,1207156,0.0,-0.1,0.0,2026-05-06 16:03:52.551
6762,1207386,0.0,-0.1,0.0,2026-05-06 16:03:52.551
6763,1207627,0.0,-0.1,0.0,2026-05-06 16:03:52.551
6764,1207857,0.0,-0.1,0.0,2026-05-06 16:03:52.551
6765,1208098,0.0,-0.1,0.0,2026-05-06 16:03:52.551
6766,1208328,0.0,-0.1,0.0,2026-05-06 16:03:52.551
6767,1208569,0.0,-0.1,0.0,2026-05-06 16:03:52.551
6768,1208799,0.0,-0.1,0.0,2026-05-06 16:03:52.551
6769,1209040,0.0,-0.1,0.0,2026-05-06 16:03:52.551
6770,1209270,0.0,-0.1,0.0,2026-05-06 16:03:52.551
6771,1209511,0.0,-0.1,0.0,2026-05-06 16:03:52.551
6772,1209741,0.0,-0.1,0.0,2026-05-06 16:03:52.551
6773,1210103,0.0,-0.1,0.0,2026-05-06 16:03:52.551
6774,1210333,0.0,-0.1,0.0,2026-05-06 16:03:52.551
6775,1210453,0.0,-0.1,0.0,2026-05-06 16:03:52.551
6776,1210683,0.0,-0.1,0.0,2026-05-06 16:03:52.551
6777,1210924,0.0,-0.1,0.0,2026-05-06 16:03:52.551
6778,1211154,0.0,-0.1,0.0,2026-05-06 16:03:52.551
6779,1211395,0.0,-0.1,0.0,2026-05-06 16:03:52.551
6780,1211625,0.0,-0.1,0.0,2026-05-06 16:03:52.551
6781,1211866,0.0,-0.1,0.0,2026-05-06 16:03:52.551
6782,1212096,0.0,-0.1,0.0,2026-05-06 16:03:52.551
6783,1212337,0.0,-0.1,0.0,2026-05-06 16:03:52.551
6784,1212567,0.0,-0.1,0.0,2026-05-06 16:03:52.551
6785,1212808,0.0,-0.1,0.0,2026-05-06 16:03:52.551
6786,1213038,0.0,-0.1,0.0,2026-05-06 16:03:52.551
6787,1213278,0.0,-0.1,0.0,2026-05-06 16:03:52.551
6788,1213508,0.0,-0.1,0.0,2026-05-06 16:03:52.551
6789,1213814,0.0,-0.1,0.0,2026-05-06 16:03:52.551
6790,1214044,0.0,-0.1,0.0,2026-05-06 16:03:52.551
6791,1214225,0.0,-0.1,0.0,2026-05-06 16:03:52.551
6792,1214455,0.0,-0.1,0.0,2026-05-06 16:03:52.551
6793,1214696,0.0,-0.1,0.0,2026-05-06 16:03:52.551
6794,1214926,0.0,-0.1,0.0,2026-05-06 16:03:52.551
6795,1215167,0.0,-0.1,0.0,2026-05-06 16:03:53.261
6796,1215397,0.0,-0.1,0.0,2026-05-06 16:03:53.261
6797,1215698,0.0,-0.1,0.0,2026-05-06 16:03:53.261
6798,1215928,0.0,-0.1,0.0,2026-05-06 16:03:53.261
6799,1216110,0.0,-0.1,0.0,2026-05-06 16:03:53.261
6800,1216340,0.0,-0.1,0.0,2026-05-06 16:03:53.261
6801,1216581,0.0,-0.1,0.0,2026-05-06 16:03:53.261
6802,1216811,0.0,-0.1,0.0,2026-05-06 16:03:53.261
6803,1217052,0.0,-0.1,0.0,2026-05-06 16:03:53.261
6804,1217282,0.0,-0.1,0.0,2026-05-06 16:03:53.261
6805,1217523,0.0,-0.1,0.0,2026-05-06 16:03:53.261
6806,1217753,0.0,-0.1,0.0,2026-05-06 16:03:53.261
6807,1217994,0.0,-0.1,0.0,2026-05-06 16:03:53.261
6808,1218472,0.0,-0.1,0.0,2026-05-06 16:03:53.261
6809,1218702,0.0,-0.1,0.0,2026-05-06 16:03:53.261
6810,1219125,0.0,-0.1,0.0,2026-05-06 16:03:53.261
6811,1219355,0.0,-0.1,0.0,2026-05-06 16:03:53.261
6812,1219414,0.0,-0.1,0.0,2026-05-06 16:03:53.261
6813,1219644,0.0,-0.1,0.0,2026-05-06 16:03:53.261
6814,1219885,0.0,-0.1,0.0,2026-05-06 16:03:53.261
6815,1220115,0.0,-0.1,0.0,2026-05-06 16:03:53.261
6816,1220356,0.0,-0.1,0.0,2026-05-06 16:03:53.261
6817,1220586,0.0,-0.1,0.0,2026-05-06 16:03:53.261
6818,1220827,0.0,-0.1,0.0,2026-05-06 16:03:53.261
6819,1221057,0.0,-0.1,0.0,2026-05-06 16:03:53.261
6820,1221361,0.0,-0.1,0.0,2026-05-06 16:03:53.261
6821,1221591,0.0,-0.1,0.0,2026-05-06 16:03:53.261
6822,1221773,0.0,-0.1,0.0,2026-05-06 16:03:53.261
6823,1222003,0.0,-0.1,0.0,2026-05-06 16:03:53.261
6824,1222244,0.0,-0.1,0.0,2026-05-06 16:03:53.261
6825,1222474,0.0,-0.1,0.0,2026-05-06 16:03:53.261
6826,1222715,0.0,-0.1,0.0,2026-05-06 16:03:53.261
6827,1222945,0.0,-0.1,0.0,2026-05-06 16:03:53.261
6828,1223186,0.0,-0.1,0.0,2026-05-06 16:03:53.971
6829,1223416,0.0,-0.1,0.0,2026-05-06 16:03:53.971
6830,1223657,0.0,-0.1,0.0,2026-05-06 16:03:53.971
6831,1223887,0.0,-0.1,0.0,2026-05-06 16:03:53.971
6832,1224128,0.0,-0.1,0.0,2026-05-06 16:03:53.971
6833,1224358,0.0,-0.1,0.0,2026-05-06 16:03:53.971
6834,1224720,0.0,-0.1,0.0,2026-05-06 16:03:53.971
6835,1224950,0.0,-0.1,0.0,2026-05-06 16:03:53.971
6836,1225070,0.0,-0.1,0.0,2026-05-06 16:03:53.971
6837,1225300,0.0,-0.1,0.0,2026-05-06 16:03:53.971
6838,1225541,0.0,-0.1,0.0,2026-05-06 16:03:53.971
6839,1225771,0.0,-0.1,0.0,2026-05-06 16:03:53.971
6840,1226056,0.0,-0.1,0.0,2026-05-06 16:03:53.971
6841,1226286,0.0,-0.1,0.0,2026-05-06 16:03:53.971
6842,1226474,0.0,-0.1,0.0,2026-05-06 16:03:53.971
6843,1226704,0.0,-0.1,0.0,2026-05-06 16:03:53.971
6844,1226945,0.0,-0.0934,0.0,2026-05-06 16:03:53.971
6845,1227175,0.0,-0.0908,0.0,2026-05-06 16:03:53.971
6846,1227416,0.0,-0.042,0.0,2026-05-06 16:03:53.971
6847,1227646,0.0,-0.042,0.0,2026-05-06 16:03:53.971
6848,1227886,0.0,-0.0024,0.0,2026-05-06 16:03:53.971
6849,1228116,0.0,-0.0011,0.0,2026-05-06 16:03:53.971
6850,1228358,0.0,0.0,0.0,2026-05-06 16:03:53.971
6851,1228583,0.0,0.0,0.0,2026-05-06 16:03:53.971
6852,1228826,0.0,0.0,0.0,2026-05-06 16:03:53.971
6853,1229051,0.0,0.0,0.0,2026-05-06 16:03:53.971
6854,1229291,0.0,0.0,0.0,2026-05-06 16:03:53.971
6855,1229516,0.0,0.0,0.0,2026-05-06 16:03:53.971
6856,1229756,0.0,0.0,0.0,2026-05-06 16:03:53.971
6857,1229982,0.0,0.0,0.0,2026-05-06 16:03:53.971
6858,1230223,0.0,0.0,0.0,2026-05-06 16:03:53.971
6859,1230449,0.0,0.0,0.0,2026-05-06 16:03:53.971
6860,1230864,0.0,0.0,0.0,2026-05-06 16:03:53.971
6861,1231089,0.0,0.0,0.0,2026-05-06 16:03:53.971
6862,1231329,0.0,0.0,0.0,2026-05-06 16:03:54.682
6863,1231553,0.0,0.0,0.0,2026-05-06 16:03:54.682
6864,1231794,-0.0005,0.0,0.0,2026-05-06 16:03:54.682
6865,1232017,-0.0005,0.0,0.0,2026-05-06 16:03:54.682
6866,1232083,-0.004,0.0,0.0,2026-05-06 16:03:54.682
6867,1232305,-0.004,0.0,0.0,2026-05-06 16:03:54.682
6868,1232544,-0.0104,0.0,0.0,2026-05-06 16:03:54.682
6869,1232765,-0.0104,0.0,0.0,2026-05-06 16:03:54.682
6870,1233005,-0.0181,0.0,0.0,2026-05-06 16:03:54.682
6871,1233228,-0.0194,0.0,0.0,2026-05-06 16:03:54.682
6872,1233586,-0.0286,0.0,0.0,2026-05-06 16:03:54.682
6873,1233811,-0.0303,0.0,0.0,2026-05-06 16:03:54.682
6874,1233933,-0.045,0.0,0.0,2026-05-06 16:03:54.682
6875,1234281,-0.045,0.0,0.0,2026-05-06 16:03:54.682
6876,1234400,-0.0645,0.0,0.0,2026-05-06 16:03:54.682
6877,1234625,-0.0678,0.0,0.0,2026-05-06 16:03:54.682
6878,1235042,-0.0939,0.0,0.0,2026-05-06 16:03:54.682
6879,1235267,-0.0981,0.0,0.0,2026-05-06 16:03:54.682
6880,1235330,-0.126,0.0,0.0,2026-05-06 16:03:54.682
6881,1235555,-0.126,0.0,0.0,2026-05-06 16:03:54.682
6882,1235853,-0.1683,0.0,0.0,2026-05-06 16:03:54.682
6883,1236078,-0.1683,0.0,0.0,2026-05-06 16:03:54.682
6884,1236264,-0.2065,0.0,0.0,2026-05-06 16:03:54.682
6885,1236489,-0.2118,0.0,0.0,2026-05-06 16:03:54.682
6886,1236729,-0.2418,0.0,0.0,2026-05-06 16:03:54.682
6887,1236954,-0.2418,0.0,0.0,2026-05-06 16:03:54.682
6888,1237194,-0.2753,0.0,0.0,2026-05-06 16:03:54.682
6889,1237420,-0.2753,0.0,0.0,2026-05-06 16:03:54.682
6890,1237660,-0.2979,0.0,0.0,2026-05-06 16:03:54.682
6891,1237885,-0.3007,0.0,0.0,2026-05-06 16:03:54.682
6892,1238126,-0.315,0.0,0.0,2026-05-06 16:03:54.682
6893,1238351,-0.317,0.0,0.0,2026-05-06 16:03:54.682
6894,1238591,-0.3291,0.0,0.0,2026-05-06 16:03:54.682
6895,1238816,-0.3291,0.0,0.0,2026-05-06 16:03:54.682
6896,1239056,-0.3389,0.0,0.0,2026-05-06 16:03:54.682
6897,1239280,-0.3389,0.0,0.0,2026-05-06 16:03:55.408
6898,1239520,-0.345,0.0,0.0,2026-05-06 16:03:55.408
6899,1239744,-0.3457,0.0,0.0,2026-05-06 16:03:55.408
6900,1239984,-0.3448,0.0,0.0,2026-05-06 16:03:55.408
6901,1240208,-0.3448,0.0,0.0,2026-05-06 16:03:55.408
6902,1240448,-0.337,0.0,0.0,2026-05-06 16:03:55.408
6903,1240672,-0.337,0.0,0.0,2026-05-06 16:03:55.408
6904,1240912,-0.324,0.0,0.0,2026-05-06 16:03:55.408
6905,1241136,-0.3214,0.0,0.0,2026-05-06 16:03:55.408
6906,1241376,-0.3005,0.0,0.0,2026-05-06 16:03:55.408
6907,1241601,-0.2959,0.0,0.0,2026-05-06 16:03:55.408
6908,1241841,-0.2522,0.0,0.0,2026-05-06 16:03:55.408
6909,1242065,-0.2522,0.0,0.0,2026-05-06 16:03:55.408
6910,1242305,-0.1768,0.0,0.0,2026-05-06 16:03:55.408
6911,1242529,-0.1768,0.0,0.0,2026-05-06 16:03:55.408
6912,1242769,-0.1066,0.0,0.0,2026-05-06 16:03:55.408
6913,1242993,-0.0979,0.0,0.0,2026-05-06 16:03:55.408
6914,1243233,-0.0558,0.0,0.0,2026-05-06 16:03:55.408
6915,1243457,-0.0558,0.0,0.0,2026-05-06 16:03:55.408
6916,1243700,-0.0237,0.0,0.0,2026-05-06 16:03:55.408
6917,1243925,-0.0237,0.0,0.0,2026-05-06 16:03:55.408
6918,1244165,-0.0095,0.0,0.0,2026-05-06 16:03:55.408
6919,1244391,-0.0082,0.0,0.0,2026-05-06 16:03:55.408
6920,1244631,-0.0022,0.0,0.0,2026-05-06 16:03:55.408
6921,1244858,-0.0015,0.0,0.0,2026-05-06 16:03:55.408
6922,1245099,0.0,0.0,0.0,2026-05-06 16:03:55.408
6923,1245322,0.0,0.0,0.0,2026-05-06 16:03:55.408
6924,1245562,0.0,0.0,0.0,2026-05-06 16:03:55.408
6925,1245785,0.0,0.0,0.0,2026-05-06 16:03:55.408
6926,1246024,0.0,0.0,0.0,2026-05-06 16:03:55.408
6927,1246247,0.0,0.0,0.0,2026-05-06 16:03:55.408
6928,1246478,0.0,0.0,0.0,2026-05-06 16:03:55.408
6929,1246701,0.0,0.0,0.0,2026-05-06 16:03:55.408
6930,1246924,0.0,0.0,0.0,2026-05-06 16:03:55.408
6931,1246977,0.0,0.0,0.0,2026-05-06 16:03:55.408
6932,1247200,0.0,0.0,0.0,2026-05-06 16:03:56.123
6933,1247439,0.0,0.0,0.0,2026-05-06 16:03:56.123
6934,1247662,0.0,0.0,0.0,2026-05-06 16:03:56.123
6935,1248072,0.0,0.0,0.0,2026-05-06 16:03:56.123
6936,1248295,0.0,0.0,0.0,2026-05-06 16:03:56.123
6937,1248576,0.0,0.0,0.0,2026-05-06 16:03:56.123
6938,1248799,0.0,0.0,0.0,2026-05-06 16:03:56.123
6939,1249038,0.0,0.0,0.0,2026-05-06 16:03:56.123
6940,1249261,0.0,0.0,0.0,2026-05-06 16:03:56.123
6941,1249500,0.0,0.0,0.0,2026-05-06 16:03:56.123
6942,1249723,0.0,0.0,0.0,2026-05-06 16:03:56.123
6943,1249962,0.0,0.0,0.0,2026-05-06 16:03:56.123
6944,1250185,0.0,0.0,0.0,2026-05-06 16:03:56.123
6945,1250245,0.0,0.0,0.0,2026-05-06 16:03:56.123
6946,1250468,0.0,0.0,0.0,2026-05-06 16:03:56.123
6947,1250691,0.0,0.0,0.0,2026-05-06 16:03:56.123
6948,1250740,0.0,0.0,0.0,2026-05-06 16:03:56.123
6949,1250963,0.0,0.0,0.0,2026-05-06 16:03:56.123
6950,1251205,0.0,0.0,0.0,2026-05-06 16:03:56.123
6951,1251428,0.0,0.0,0.0,2026-05-06 16:03:56.123
6952,1251667,0.0,0.0,0.0,2026-05-06 16:03:56.123
6953,1251890,0.0,0.0,0.0,2026-05-06 16:03:56.123
6954,1252129,0.0,0.0,0.0,2026-05-06 16:03:56.123
6955,1252353,0.0,0.0,0.0,2026-05-06 16:03:56.123
6956,1252594,0.0,0.0,0.0,2026-05-06 16:03:56.123
6957,1252818,0.0,0.0,0.0,2026-05-06 16:03:56.123
6958,1253059,0.0,0.0,0.0016,2026-05-06 16:03:56.123
6959,1253284,0.0,0.0,0.0016,2026-05-06 16:03:56.123
6960,1253524,0.0,0.0,0.0072,2026-05-06 16:03:56.123
6961,1253748,0.0,0.0,0.0083,2026-05-06 16:03:56.123
6962,1254168,0.0,0.0,0.0184,2026-05-06 16:03:56.123
6963,1254394,0.0,0.0,0.0203,2026-05-06 16:03:56.123
6964,1254455,0.0,0.0,0.0352,2026-05-06 16:03:56.123
6965,1254684,0.0,0.0,0.0352,2026-05-06 16:03:56.123
6966,1254925,0.0,0.0,0.0662,2026-05-06 16:03:56.123
6967,1255154,0.0,0.0,0.0662,2026-05-06 16:03:56.851
6968,1255395,0.0,0.0,0.1028,2026-05-06 16:03:56.851
6969,1255624,0.0,0.0,0.1083,2026-05-06 16:03:56.851
6970,1255925,0.0,0.0,0.1393,2026-05-06 16:03:56.851
6971,1256153,0.0,0.0,0.1439,2026-05-06 16:03:56.851
6972,1256334,0.0,0.0,0.1696,2026-05-06 16:03:56.851
6973,1256563,0.0,0.0,0.1696,2026-05-06 16:03:56.851
6974,1256804,0.0,0.0,0.1854,2026-05-06 16:03:56.851
6975,1257033,0.0,0.0,0.187,2026-05-06 16:03:56.851
6976,1257274,0.0,0.0,0.1945,2026-05-06 16:03:56.851
6977,1257503,0.0,0.0,0.1955,2026-05-06 16:03:56.851
6978,1257744,0.0,0.0,0.2,2026-05-06 16:03:56.851
6979,1257973,0.0,0.0,0.2,2026-05-06 16:03:56.851
6980,1258274,0.0,0.0,0.2,2026-05-06 16:03:56.851
6981,1258503,0.0,0.0,0.2,2026-05-06 16:03:56.851
6982,1258806,0.0,0.0,0.2,2026-05-06 16:03:56.851
6983,1259035,0.0,0.0,0.2,2026-05-06 16:03:56.851
6984,1259157,0.0,0.0,0.2,2026-05-06 16:03:56.851
6985,1259386,0.0,0.0,0.2,2026-05-06 16:03:56.851
6986,1259687,0.0,0.0,0.2,2026-05-06 16:03:56.851
6987,1259916,0.0,0.0,0.2,2026-05-06 16:03:56.851
6988,1260097,0.0,0.0,0.2,2026-05-06 16:03:56.851
6989,1260326,0.0,0.0,0.2,2026-05-06 16:03:56.851
6990,1260567,0.0,0.0,0.2,2026-05-06 16:03:56.851
6991,1260796,0.0,0.0,0.2,2026-05-06 16:03:56.851
6992,1261037,0.0,0.0,0.2,2026-05-06 16:03:56.851
6993,1261266,0.0,0.0,0.2,2026-05-06 16:03:56.851
6994,1261507,0.0,0.0,0.2,2026-05-06 16:03:56.851
6995,1261736,0.0,0.0,0.2,2026-05-06 16:03:56.851
6996,1262159,0.0,0.0,0.2,2026-05-06 16:03:56.851
6997,1262388,0.0,0.0,0.2,2026-05-06 16:03:56.851
6998,1262447,0.0,0.0,0.2,2026-05-06 16:03:56.851
6999,1262676,0.0,0.0,0.2,2026-05-06 16:03:56.851
7000,1262917,0.0,0.0,0.2,2026-05-06 16:03:56.851
7001,1263146,0.0,0.0,0.2,2026-05-06 16:03:56.851
7002,1263506,0.0,0.0,0.2,2026-05-06 16:03:57.555
7003,1263735,0.0,0.0,0.2,2026-05-06 16:03:57.555
7004,1263857,0.0,0.0,0.2,2026-05-06 16:03:57.555
7005,1264086,0.0,0.0,0.2,2026-05-06 16:03:57.555
7006,1264327,0.0,0.0,0.2,2026-05-06 16:03:57.555
7007,1264556,0.0,0.0,0.2,2026-05-06 16:03:57.555
7008,1264857,0.0,0.0,0.1995,2026-05-06 16:03:57.555
7009,1265086,0.0,0.0,0.1989,2026-05-06 16:03:57.555
7010,1265267,0.0,0.0,0.1914,2026-05-06 16:03:57.555
7011,1265496,0.0,0.0,0.1914,2026-05-06 16:03:57.555
7012,1265737,0.0,0.0,0.1706,2026-05-06 16:03:57.555
7013,1265966,0.0,0.0,0.1657,2026-05-06 16:03:57.555
7014,1266210,0.0,0.0,0.1205,2026-05-06 16:03:57.555
7015,1266439,0.0,0.0,0.1105,2026-05-06 16:03:57.555
7016,1266680,0.0,0.0,0.0436,2026-05-06 16:03:57.555
7017,1266909,0.0,0.0,0.0436,2026-05-06 16:03:57.555
7018,1267210,0.0,0.0,0.0092,2026-05-06 16:03:57.555
7019,1267439,0.0,0.0,0.0092,2026-05-06 16:03:57.555
7020,1267620,0.0,0.0,0.0006,2026-05-06 16:03:57.555
7021,1267849,0.0,0.0,0.0,2026-05-06 16:03:57.555
7022,1268089,0.0,0.0,0.0,2026-05-06 16:03:57.555
7023,1268318,0.0,0.0,0.0,2026-05-06 16:03:57.555
7024,1268748,0.0,0.0,0.0,2026-05-06 16:03:57.555
7025,1268976,0.0,0.0,0.0,2026-05-06 16:03:57.555
7026,1269033,0.0,0.0,0.0,2026-05-06 16:03:57.555
7027,1269261,0.0,0.0,0.0,2026-05-06 16:03:57.555
7028,1269503,0.0034,0.0,0.0,2026-05-06 16:03:57.555
7029,1269727,0.0034,0.0,0.0,2026-05-06 16:03:57.555
7030,1269967,0.0095,0.0,0.0,2026-05-06 16:03:57.555
7031,1270190,0.0104,0.0,0.0,2026-05-06 16:03:57.555
7032,1270430,0.0169,0.0,0.0,2026-05-06 16:03:57.555
7033,1270652,0.0169,0.0,0.0,2026-05-06 16:03:57.555
7034,1270891,0.0286,0.0,0.0,2026-05-06 16:03:57.555
7035,1271113,0.0286,0.0,0.0,2026-05-06 16:03:57.555
7036,1271353,0.045,0.0,0.0,2026-05-06 16:03:58.280
7037,1271576,0.045,0.0,0.0,2026-05-06 16:03:58.280
7038,1271816,0.0645,0.0,0.0,2026-05-06 16:03:58.280
7039,1272037,0.0678,0.0,0.0,2026-05-06 16:03:58.280
7040,1272257,0.0678,0.0,0.0,2026-05-06 16:03:58.280
7041,1272302,0.0898,0.0,0.0,2026-05-06 16:03:58.280
7042,1272522,0.0898,0.0,0.0,2026-05-06 16:03:58.280
7043,1272742,0.0939,0.0,0.0,2026-05-06 16:03:58.280
7044,1272787,0.126,0.0,0.0,2026-05-06 16:03:58.280
7045,1273007,0.126,0.0,0.0,2026-05-06 16:03:58.280
7046,1273227,0.131,0.0,0.0,2026-05-06 16:03:58.280
7047,1273273,0.1683,0.0,0.0,2026-05-06 16:03:58.280
7048,1273493,0.1683,0.0,0.0,2026-05-06 16:03:58.280
7049,1273716,0.1738,0.0,0.0,2026-05-06 16:03:58.280
7050,1273934,0.2118,0.0,0.0,2026-05-06 16:03:58.280
7051,1274154,0.2118,0.0,0.0,2026-05-06 16:03:58.280
7052,1274221,0.2464,0.0,0.0,2026-05-06 16:03:58.280
7053,1274441,0.2509,0.0,0.0,2026-05-06 16:03:58.280
7054,1274658,0.2509,0.0,0.0,2026-05-06 16:03:58.280
7055,1274705,0.2753,0.0,0.0,2026-05-06 16:03:58.280
7056,1274923,0.2753,0.0,0.0,2026-05-06 16:03:58.280
7057,1275141,0.2789,0.0,0.0,2026-05-06 16:03:58.280
7058,1275188,0.3007,0.0,0.0,2026-05-06 16:03:58.280
7059,1275407,0.3007,0.0,0.0,2026-05-06 16:03:58.280
7060,1275626,0.3033,0.0,0.0,2026-05-06 16:03:58.280
7061,1275672,0.317,0.0,0.0,2026-05-06 16:03:58.280
7062,1275891,0.319,0.0,0.0,2026-05-06 16:03:58.280
7063,1276110,0.319,0.0,0.0,2026-05-06 16:03:58.280
7064,1276157,0.3291,0.0,0.0,2026-05-06 16:03:58.280
7065,1276376,0.3305,0.0,0.0,2026-05-06 16:03:58.280
7066,1276595,0.3319,0.0,0.0,2026-05-06 16:03:58.280
7067,1276641,0.3389,0.0,0.0,2026-05-06 16:03:58.280
7068,1277084,0.3399,0.0,0.0,2026-05-06 16:03:58.280
7069,1277130,0.345,0.0,0.0,2026-05-06 16:03:58.280
7070,1277349,0.3457,0.0,0.0,2026-05-06 16:03:58.280
7071,1277568,0.3457,0.0,0.0,2026-05-06 16:03:58.280
7072,1277671,0.35,0.0,0.0,2026-05-06 16:03:58.280
7073,1277890,0.35,0.0,0.0,2026-05-06 16:03:58.280
7074,1278053,0.35,0.0,0.0,2026-05-06 16:03:58.280
7075,1278099,0.35,0.0,0.0,2026-05-06 16:03:58.280
7076,1278317,0.35,0.0,0.0,2026-05-06 16:03:58.280
7077,1278535,0.35,0.0,0.0,2026-05-06 16:03:58.280
7078,1278582,0.35,0.0,0.0,2026-05-06 16:03:58.280
7079,1278800,0.35,0.0,0.0,2026-05-06 16:03:58.280
7080,1279018,0.35,0.0,0.0,2026-05-06 16:03:58.280
7081,1279065,0.35,0.0,0.0,2026-05-06 16:03:58.280
7082,1279283,0.35,0.0,0.0,2026-05-06 16:03:58.990
7083,1279500,0.35,0.0,0.0,2026-05-06 16:03:58.990
7084,1279546,0.3495,0.0,0.0,2026-05-06 16:03:58.990
7085,1279763,0.3495,0.0,0.0,2026-05-06 16:03:58.990
7086,1279981,0.349,0.0,0.0,2026-05-06 16:03:58.990
7087,1280030,0.3435,0.0,0.0,2026-05-06 16:03:58.990
7088,1280248,0.3435,0.0,0.0,2026-05-06 16:03:58.990
7089,1280466,0.3424,0.0,0.0,2026-05-06 16:03:58.990
7090,1280513,0.3335,0.0,0.0,2026-05-06 16:03:58.990
7091,1280732,0.3316,0.0,0.0,2026-05-06 16:03:58.990
7092,1281001,0.3155,0.0,0.0,2026-05-06 16:03:58.990
7093,1281221,0.312,0.0,0.0,2026-05-06 16:03:58.990
7094,1281440,0.3081,0.0,0.0,2026-05-06 16:03:58.990
7095,1281486,0.2775,0.0,0.0,2026-05-06 16:03:58.990
7096,1281706,0.2775,0.0,0.0,2026-05-06 16:03:58.990
7097,1281926,0.2709,0.0,0.0,2026-05-06 16:03:58.990
7098,1281971,0.2123,0.0,0.0,2026-05-06 16:03:58.990
7099,1282190,0.2123,0.0,0.0,2026-05-06 16:03:58.990
7100,1282409,0.2024,0.0,0.0,2026-05-06 16:03:58.990
7101,1282456,0.1402,0.0,0.0,2026-05-06 16:03:58.990
7102,1282675,0.1302,0.0,0.0,2026-05-06 16:03:58.990
7103,1282894,0.1302,0.0,0.0,2026-05-06 16:03:58.990
7104,1282940,0.0784,0.0,0.0,2026-05-06 16:03:58.990
7105,1283159,0.0784,0.0,0.0,2026-05-06 16:03:58.990
7106,1283378,0.0714,0.0,0.0,2026-05-06 16:03:58.990
7107,1283425,0.0353,0.0,0.0,2026-05-06 16:03:58.990
7108,1283644,0.0353,0.0,0.0,2026-05-06 16:03:58.990
7109,1283863,0.0317,0.0,0.0,2026-05-06 16:03:58.990
7110,1283909,0.0157,0.0,0.0,2026-05-06 16:03:58.990
7111,1284129,0.0138,0.0,0.0,2026-05-06 16:03:58.990
7112,1284347,0.0138,0.0,0.0,2026-05-06 16:03:58.990
7113,1284394,0.0055,0.0,0.0,2026-05-06 16:03:58.990
7114,1284612,0.0045,0.0,0.0,2026-05-06 16:03:58.990
7115,1284829,0.0036,0.0,0.0,2026-05-06 16:03:58.990
7116,1284876,0.0,0.0,0.0,2026-05-06 16:03:58.990
7117,1285097,0.0,0.0,0.0,2026-05-06 16:03:58.990
7118,1285318,0.0,0.0,0.0,2026-05-06 16:03:58.990
7119,1285363,0.0,0.0,0.0,2026-05-06 16:03:58.990
7120,1285585,0.0,0.0,0.0,2026-05-06 16:03:58.990
7121,1285823,0.0,0.0,0.0,2026-05-06 16:03:58.990
7122,1286045,0.0,0.0,0.0,2026-05-06 16:03:58.990
7123,1286267,0.0,0.0,0.0,2026-05-06 16:03:58.990
7124,1286312,0.0,0.0,0.0,2026-05-06 16:03:58.990
7125,1286534,0.0,0.0,0.0,2026-05-06 16:03:58.990
7126,1286771,0.0,0.0,0.0,2026-05-06 16:03:58.990
7127,1286993,0.0,0.0,0.0,2026-05-06 16:03:58.990
7128,1287215,0.0,0.0,0.0,2026-05-06 16:03:58.990
7129,1287261,0.0,0.0,0.0,2026-05-06 16:03:59.706
7130,1287483,0.0,0.0,0.0,2026-05-06 16:03:59.706
7131,1287834,0.0,0.0,0.0,2026-05-06 16:03:59.706
7132,1288055,0.0,0.0,0.0,2026-05-06 16:03:59.706
7133,1288217,0.0,0.0,0.0,2026-05-06 16:03:59.706
7134,1288439,0.0,0.0,0.0,2026-05-06 16:03:59.706
7135,1288681,0.0,0.0,0.0,2026-05-06 16:03:59.706
7136,1288903,0.0,0.0,0.0,2026-05-06 16:03:59.706
7137,1289124,0.0,0.0,0.0,2026-05-06 16:03:59.706
7138,1289287,0.0,0.0,0.0,2026-05-06 16:03:59.706
7139,1289508,0.0,0.0,0.0,2026-05-06 16:03:59.706
7140,1289628,0.0,0.0,0.0,2026-05-06 16:03:59.706
7141,1289850,0.0,0.0,0.0,2026-05-06 16:03:59.706
7142,1290072,0.0,0.0,0.0,2026-05-06 16:03:59.706
7143,1290121,0.0,0.0,0.0,2026-05-06 16:03:59.706
7144,1290343,0.0,0.0,0.0,2026-05-06 16:03:59.706
7145,1290750,0.0,0.0,0.0,2026-05-06 16:03:59.706
7146,1290972,0.0,0.0,0.0,2026-05-06 16:03:59.706
7147,1291077,0.0,0.0,0.0,2026-05-06 16:03:59.706
7148,1291299,0.0,0.0,0.0,2026-05-06 16:03:59.706
7149,1291537,0.0,0.0,0.0,2026-05-06 16:03:59.706
7150,1291758,0.0,0.0,0.0,2026-05-06 16:03:59.706
7151,1291980,0.0,0.0,0.0,2026-05-06 16:03:59.706
7152,1292026,0.0,0.0,0.0,2026-05-06 16:03:59.706
7153,1292248,0.0,0.0,0.0,2026-05-06 16:03:59.706
7154,1292486,0.0,0.0,0.0,2026-05-06 16:03:59.706
7155,1292708,0.0,0.0,0.0,2026-05-06 16:03:59.706
7156,1292929,0.0,0.0,0.0,2026-05-06 16:03:59.706
7157,1293098,0.0,0.0,0.0,2026-05-06 16:03:59.706
7158,1293320,0.0,0.0,0.0,2026-05-06 16:03:59.706
7159,1293439,0.0,0.0,0.0,2026-05-06 16:03:59.706
7160,1293661,0.0,0.0,0.0,2026-05-06 16:03:59.706
7161,1293899,0.0,0.0,0.0,2026-05-06 16:03:59.706
7162,1294121,0.0,0.0,0.0,2026-05-06 16:03:59.706
7163,1294343,0.0,0.0,0.0,2026-05-06 16:03:59.706
7164,1294564,0.0,0.0,0.0,2026-05-06 16:03:59.706
7165,1294785,0.0,0.0,0.0,2026-05-06 16:03:59.706
7166,1294845,0.0,0.0,0.0,2026-05-06 16:03:59.706
7167,1295064,0.0,0.0,0.0,2026-05-06 16:03:59.706
7168,1295283,0.0,0.0,0.0,2026-05-06 16:04:00.411
7169,1295334,0.0,0.0,0.0,2026-05-06 16:04:00.411
7170,1295555,0.0,0.0,0.0,2026-05-06 16:04:00.411
7171,1295784,0.0,0.0,0.0,2026-05-06 16:04:00.411
7172,1296006,0.0,0.0,0.0,2026-05-06 16:04:00.411
7173,1296228,0.0,0.0,0.0,2026-05-06 16:04:00.411
7174,1296285,0.0,0.0,0.0,2026-05-06 16:04:00.411
7175,1296506,0.0,0.0,0.0,2026-05-06 16:04:00.411
7176,1296736,0.0,0.0,0.0,2026-05-06 16:04:00.411
7177,1296958,0.0,0.0,0.0,2026-05-06 16:04:00.411
7178,1297179,0.0,0.0,0.0,2026-05-06 16:04:00.411
7179,1297234,0.0,0.0,0.0,2026-05-06 16:04:00.411
7180,1297455,0.0,0.0,0.0,2026-05-06 16:04:00.411
7181,1297675,0.0,0.0,0.0,2026-05-06 16:04:00.411
7182,1297720,0.0,0.0,0.001,2026-05-06 16:04:00.411
7183,1297943,0.0,0.0,0.0016,2026-05-06 16:04:00.411
7184,1298181,0.0,0.0,0.0072,2026-05-06 16:04:00.411
7185,1298407,0.0,0.0,0.0072,2026-05-06 16:04:00.411
7186,1298648,0.0,0.0,0.0184,2026-05-06 16:04:00.411
7187,1298874,0.0,0.0,0.0184,2026-05-06 16:04:00.411
7188,1299114,0.0,0.0,0.0352,2026-05-06 16:04:00.411
7189,1299342,0.0,0.0,0.0384,2026-05-06 16:04:00.411
7190,1299704,0.0,0.0,0.0616,2026-05-06 16:04:00.411
7191,1299932,0.0,0.0,0.0662,2026-05-06 16:04:00.411
7192,1300097,0.0,0.0,0.1028,2026-05-06 16:04:00.411
7193,1300325,0.0,0.0,0.1028,2026-05-06 16:04:00.411
7194,1300512,0.0,0.0,0.1393,2026-05-06 16:04:00.411
7195,1300741,0.0,0.0,0.1439,2026-05-06 16:04:00.411
7196,1300982,0.0,0.0,0.1666,2026-05-06 16:04:00.411
7197,1301210,0.0,0.0,0.1696,2026-05-06 16:04:00.411
7198,1301451,0.0,0.0,0.1854,2026-05-06 16:04:00.411
7199,1301679,0.0,0.0,0.1854,2026-05-06 16:04:00.411
7200,1301919,0.0,0.0,0.1955,2026-05-06 16:04:00.411
7201,1302148,0.0,0.0,0.1955,2026-05-06 16:04:00.411
7202,1302389,0.0,0.0,0.2,2026-05-06 16:04:00.411
7203,1302618,0.0,0.0,0.2,2026-05-06 16:04:00.411
7204,1302919,0.0,0.0,0.2,2026-05-06 16:04:00.411
7205,1303148,0.0,0.0,0.2,2026-05-06 16:04:00.411
7206,1303329,0.0,0.0,0.2,2026-05-06 16:04:01.124
7207,1303558,0.0,0.0,0.2,2026-05-06 16:04:01.124
7208,1303804,0.0,0.0,0.2,2026-05-06 16:04:01.124
7209,1304033,0.0,0.0,0.2,2026-05-06 16:04:01.124
7210,1304274,0.0,0.0,0.2,2026-05-06 16:04:01.124
7211,1304503,0.0,0.0,0.2,2026-05-06 16:04:01.124
7212,1304744,0.0,0.0,0.2,2026-05-06 16:04:01.124
7213,1304973,0.0,0.0,0.2,2026-05-06 16:04:01.124
7214,1305396,0.0,0.0,0.2,2026-05-06 16:04:01.124
7215,1305625,0.0,0.0,0.2,2026-05-06 16:04:01.124
7216,1305866,0.0,0.0,0.2,2026-05-06 16:04:01.124
7217,1306095,0.0,0.0,0.2,2026-05-06 16:04:01.124
7218,1306154,0.0,0.0,0.2,2026-05-06 16:04:01.124
7219,1306383,0.0,0.0,0.2,2026-05-06 16:04:01.124
7220,1306624,0.0,0.0,0.2,2026-05-06 16:04:01.124
7221,1306853,0.0,0.0,0.2,2026-05-06 16:04:01.124
7222,1307094,0.0,0.0,0.2,2026-05-06 16:04:01.124
7223,1307323,0.0,0.0,0.2,2026-05-06 16:04:01.124
7224,1307683,0.0,0.0,0.2,2026-05-06 16:04:01.124
7225,1307912,0.0,0.0,0.2,2026-05-06 16:04:01.124
7226,1308034,0.0,0.0,0.2,2026-05-06 16:04:01.124
7227,1308263,0.0,0.0,0.2,2026-05-06 16:04:01.124
7228,1308504,0.0,0.0,0.2,2026-05-06 16:04:01.124
7229,1308733,0.0,0.0,0.2,2026-05-06 16:04:01.124
7230,1309034,0.0,0.0,0.2,2026-05-06 16:04:01.124
7231,1309263,0.0,0.0,0.2,2026-05-06 16:04:01.124
7232,1309444,0.0,0.0,0.2,2026-05-06 16:04:01.124
7233,1309673,0.0,0.0,0.2,2026-05-06 16:04:01.124
7234,1309914,0.0,0.0,0.2,2026-05-06 16:04:01.124
7235,1310143,0.0,0.0,0.2,2026-05-06 16:04:01.124
7236,1310384,0.0,0.0,0.2,2026-05-06 16:04:01.124
7237,1310613,0.0,0.0,0.2,2026-05-06 16:04:01.124
7238,1310854,0.0,0.0,0.2,2026-05-06 16:04:01.124
7239,1311083,0.0,0.0,0.2,2026-05-06 16:04:01.124
7240,1311329,0.0,0.0,0.2,2026-05-06 16:04:01.832
7241,1311558,0.0,0.0,0.2,2026-05-06 16:04:01.832
7242,1311918,0.0,0.0,0.2,2026-05-06 16:04:01.832
7243,1312147,0.0,0.0,0.2,2026-05-06 16:04:01.832
7244,1312269,0.0,0.0,0.1943,2026-05-06 16:04:01.832
7245,1312498,0.0,0.0,0.1943,2026-05-06 16:04:01.832
7246,1312739,0.0,0.0,0.1787,2026-05-06 16:04:01.832
7247,1312968,0.0,0.0,0.175,2026-05-06 16:04:01.832
7248,1313209,0.0,0.0,0.1386,2026-05-06 16:04:01.832
7249,1313438,0.0,0.0,0.1299,2026-05-06 16:04:01.832
7250,1313679,0.0,0.0,0.0599,2026-05-06 16:04:01.832
7251,1313908,0.0,0.0,0.0599,2026-05-06 16:04:01.832
7252,1314209,0.0,0.0,0.0143,2026-05-06 16:04:01.832
7253,1314438,0.0,0.0,0.0143,2026-05-06 16:04:01.832
7254,1314738,0.0,0.0,0.0021,2026-05-06 16:04:01.832
7255,1314967,0.0,0.0,0.0013,2026-05-06 16:04:01.832
7256,1315089,0.0,0.0,0.0,2026-05-06 16:04:01.832
7257,1315317,0.0,0.0,0.0,2026-05-06 16:04:01.832
7258,1315558,0.0,0.0,0.0,2026-05-06 16:04:01.832
7259,1315786,0.0,0.0,0.0,2026-05-06 16:04:01.832
7260,1316027,0.0,0.0,0.0,2026-05-06 16:04:01.832
7261,1316256,0.0,0.0,0.0,2026-05-06 16:04:01.832
7262,1316491,0.0,0.0,0.0,2026-05-06 16:04:01.832
7263,1316719,0.0,0.0,0.0,2026-05-06 16:04:01.832
7264,1317139,0.0,0.0,0.0,2026-05-06 16:04:01.832
7265,1317366,0.0,0.0,0.0,2026-05-06 16:04:01.832
7266,1317433,0.0027,0.0,0.0,2026-05-06 16:04:01.832
7267,1317656,0.0027,0.0,0.0,2026-05-06 16:04:01.832
7268,1317896,0.0077,0.0,0.0,2026-05-06 16:04:01.832
7269,1318118,0.0086,0.0,0.0,2026-05-06 16:04:01.832
7270,1318357,0.0157,0.0,0.0,2026-05-06 16:04:01.832
7271,1318579,0.0169,0.0,0.0,2026-05-06 16:04:01.832
7272,1318824,0.0253,0.0,0.0,2026-05-06 16:04:01.832
7273,1319046,0.0253,0.0,0.0,2026-05-06 16:04:01.832
7274,1319285,0.0404,0.0,0.0,2026-05-06 16:04:02.554
7275,1319509,0.0404,0.0,0.0,2026-05-06 16:04:02.554
7276,1319749,0.0584,0.0,0.0,2026-05-06 16:04:02.554
7277,1319970,0.0614,0.0,0.0,2026-05-06 16:04:02.554
7278,1320191,0.0614,0.0,0.0,2026-05-06 16:04:02.554
7279,1320236,0.082,0.0,0.0,2026-05-06 16:04:02.554
7280,1320457,0.0858,0.0,0.0,2026-05-06 16:04:02.554
7281,1320696,0.1163,0.0,0.0,2026-05-06 16:04:02.554
7282,1320917,0.1163,0.0,0.0,2026-05-06 16:04:02.554
7283,1321138,0.1211,0.0,0.0,2026-05-06 16:04:02.554
7284,1321183,0.152,0.0,0.0,2026-05-06 16:04:02.554
7285,1321403,0.1574,0.0,0.0,2026-05-06 16:04:02.554
7286,1321622,0.1628,0.0,0.0,2026-05-06 16:04:02.554
7287,1321668,0.1957,0.0,0.0,2026-05-06 16:04:02.554
7288,1321887,0.1957,0.0,0.0,2026-05-06 16:04:02.554
7289,1322106,0.2011,0.0,0.0,2026-05-06 16:04:02.554
7290,1322208,0.237,0.0,0.0,2026-05-06 16:04:02.554
7291,1322426,0.237,0.0,0.0,2026-05-06 16:04:02.554
7292,1322589,0.2418,0.0,0.0,2026-05-06 16:04:02.554
7293,1322636,0.2677,0.0,0.0,2026-05-06 16:04:02.554
7294,1322855,0.2715,0.0,0.0,2026-05-06 16:04:02.554
7295,1323073,0.2715,0.0,0.0,2026-05-06 16:04:02.554
7296,1323120,0.2921,0.0,0.0,2026-05-06 16:04:02.554
7297,1323338,0.2921,0.0,0.0,2026-05-06 16:04:02.554
7298,1323556,0.295,0.0,0.0,2026-05-06 16:04:02.554
7299,1323603,0.3128,0.0,0.0,2026-05-06 16:04:02.554
7300,1323821,0.3128,0.0,0.0,2026-05-06 16:04:02.554
7301,1324039,0.315,0.0,0.0,2026-05-06 16:04:02.554
7302,1324086,0.326,0.0,0.0,2026-05-06 16:04:02.554
7303,1324305,0.3276,0.0,0.0,2026-05-06 16:04:02.554
7304,1324524,0.3276,0.0,0.0,2026-05-06 16:04:02.554
7305,1324570,0.3356,0.0,0.0,2026-05-06 16:04:02.554
7306,1324789,0.3368,0.0,0.0,2026-05-06 16:04:02.554
7307,1325008,0.3379,0.0,0.0,2026-05-06 16:04:02.554
7308,1325055,0.3435,0.0,0.0,2026-05-06 16:04:02.554
7309,1325273,0.3435,0.0,0.0,2026-05-06 16:04:02.554
7310,1325491,0.3443,0.0,0.0,2026-05-06 16:04:02.554
7311,1325538,0.3489,0.0,0.0,2026-05-06 16:04:02.554
7312,1325756,0.3489,0.0,0.0,2026-05-06 16:04:02.554
7313,1325974,0.3494,0.0,0.0,2026-05-06 16:04:02.554
7314,1326021,0.35,0.0,0.0,2026-05-06 16:04:02.554
7315,1326240,0.35,0.0,0.0,2026-05-06 16:04:02.554
7316,1326508,0.35,0.0,0.0,2026-05-06 16:04:02.554
7317,1326729,0.35,0.0,0.0,2026-05-06 16:04:02.554
7318,1326947,0.35,0.0,0.0,2026-05-06 16:04:02.554
7319,1326994,0.35,0.0,0.0,2026-05-06 16:04:02.554
7320,1327217,0.35,0.0,0.0,2026-05-06 16:04:02.554
7321,1327437,0.35,0.0,0.0,2026-05-06 16:04:03.271
7322,1327483,0.35,0.0,0.0,2026-05-06 16:04:03.271
7323,1327701,0.35,0.0,0.0,2026-05-06 16:04:03.271
7324,1327921,0.35,0.0,0.0,2026-05-06 16:04:03.271
7325,1327967,0.35,0.0,0.0,2026-05-06 16:04:03.271
7326,1328186,0.35,0.0,0.0,2026-05-06 16:04:03.271
7327,1328405,0.35,0.0,0.0,2026-05-06 16:04:03.271
7328,1328452,0.35,0.0,0.0,2026-05-06 16:04:03.271
7329,1328670,0.35,0.0,0.0,2026-05-06 16:04:03.271
7330,1328888,0.35,0.0,0.0,2026-05-06 16:04:03.271
7331,1328935,0.3454,0.0,0.0,2026-05-06 16:04:03.271
7332,1329154,0.3454,0.0,0.0,2026-05-06 16:04:03.271
7333,1329373,0.3445,0.0,0.0,2026-05-06 16:04:03.271
7334,1329419,0.337,0.0,0.0,2026-05-06 16:04:03.271
7335,1329638,0.3354,0.0,0.0,2026-05-06 16:04:03.271
7336,1329856,0.3354,0.0,0.0,2026-05-06 16:04:03.271
7337,1329903,0.3218,0.0,0.0,2026-05-06 16:04:03.271
7338,1330123,0.3218,0.0,0.0,2026-05-06 16:04:03.271
7339,1330343,0.3188,0.0,0.0,2026-05-06 16:04:03.271
7340,1330388,0.2893,0.0,0.0,2026-05-06 16:04:03.271
7341,1330606,0.2893,0.0,0.0,2026-05-06 16:04:03.271
7342,1330824,0.2836,0.0,0.0,2026-05-06 16:04:03.271
7343,1330871,0.2401,0.0,0.0,2026-05-06 16:04:03.271
7344,1331089,0.2312,0.0,0.0,2026-05-06 16:04:03.271
7345,1331308,0.2312,0.0,0.0,2026-05-06 16:04:03.271
7346,1331355,0.1713,0.0,0.0,2026-05-06 16:04:03.271
7347,1331572,0.1608,0.0,0.0,2026-05-06 16:04:03.271
7348,1331789,0.1504,0.0,0.0,2026-05-06 16:04:03.271
7349,1331837,0.0938,0.0,0.0,2026-05-06 16:04:03.271
7350,1332054,0.0938,0.0,0.0,2026-05-06 16:04:03.271
7351,1332271,0.0858,0.0,0.0,2026-05-06 16:04:03.271
7352,1332490,0.0436,0.0,0.0,2026-05-06 16:04:03.271
7353,1332708,0.0436,0.0,0.0,2026-05-06 16:04:03.271
7354,1332776,0.0201,0.0,0.0,2026-05-06 16:04:03.271
7355,1332995,0.0178,0.0,0.0,2026-05-06 16:04:03.271
7356,1333214,0.0178,0.0,0.0,2026-05-06 16:04:03.271
7357,1333260,0.0077,0.0,0.0,2026-05-06 16:04:03.271
7358,1333479,0.0077,0.0,0.0,2026-05-06 16:04:03.271
7359,1333697,0.0065,0.0,0.0,2026-05-06 16:04:03.271
7360,1333744,0.0007,0.0,0.0,2026-05-06 16:04:03.271
7361,1333966,0.0007,0.0,0.0,2026-05-06 16:04:03.271
7362,1334205,0.0,0.0,0.0,2026-05-06 16:04:03.271
7363,1334429,0.0,0.0,0.0,2026-05-06 16:04:03.271
7364,1334669,0.0,0.0,0.0,2026-05-06 16:04:03.271
7365,1334895,0.0,0.0,0.0,2026-05-06 16:04:03.271
7366,1335135,0.0,0.0,0.0,2026-05-06 16:04:03.271
7367,1335358,0.0,0.0,0.0,2026-05-06 16:04:03.975
7368,1335589,0.0,0.0,0.0,2026-05-06 16:04:03.975
7369,1335813,0.0,0.0,0.0,2026-05-06 16:04:03.975
7370,1336036,0.0,0.0,0.0,2026-05-06 16:04:03.975
7371,1336088,0.0,0.0,0.0,2026-05-06 16:04:03.975
7372,1336311,0.0,0.0,0.0,2026-05-06 16:04:03.975
7373,1336551,0.0,0.0,0.0,2026-05-06 16:04:03.975
7374,1336774,0.0,0.0,0.0,2026-05-06 16:04:03.975
7375,1337014,0.0,0.0,0.0,2026-05-06 16:04:03.975
7376,1337238,0.0,0.0,0.0,2026-05-06 16:04:03.975
7377,1337478,0.0,0.0,0.0,2026-05-06 16:04:03.975
7378,1337702,0.0,0.0,0.0,2026-05-06 16:04:03.975
7379,1338056,0.0,0.0,0.0,2026-05-06 16:04:03.975
7380,1338280,0.0,0.0,0.0,2026-05-06 16:04:03.975
7381,1338578,0.0,0.0,0.0,2026-05-06 16:04:03.975
7382,1338802,0.0,0.0,0.0,2026-05-06 16:04:03.975
7383,1338862,0.0,0.0,0.0,2026-05-06 16:04:03.975
7384,1339085,0.0,0.0,0.0,2026-05-06 16:04:03.975
7385,1339309,0.0,0.0,0.0,2026-05-06 16:04:03.975
7386,1339539,0.0,0.0,0.0,2026-05-06 16:04:03.975
7387,1339763,0.0,0.0,0.0,2026-05-06 16:04:03.975
7388,1340003,0.0,0.0,0.0,2026-05-06 16:04:03.975
7389,1340227,0.0,0.0,0.0,2026-05-06 16:04:03.975
7390,1340467,0.0,0.0,0.0,2026-05-06 16:04:03.975
7391,1340691,0.0,0.0,0.0,2026-05-06 16:04:03.975
7392,1340931,0.0,0.0,0.0,2026-05-06 16:04:03.975
7393,1341154,0.0,0.0,0.0,2026-05-06 16:04:03.975
7394,1341214,0.0,0.0,0.0,2026-05-06 16:04:03.975
7395,1341514,0.0,0.0,0.0,2026-05-06 16:04:03.975
7396,1341689,0.0,0.0,0.0,2026-05-06 16:04:03.975
7397,1341913,0.0,0.0,0.0,2026-05-06 16:04:03.975
7398,1342328,0.0,0.0,0.0,2026-05-06 16:04:03.975
7399,1342552,0.0,0.0,0.0,2026-05-06 16:04:03.975
7400,1342796,0.0,0.0,0.0,2026-05-06 16:04:03.975
7401,1343020,0.0,0.0,0.0,2026-05-06 16:04:03.975
7402,1343258,0.0,0.0,0.0,2026-05-06 16:04:03.975
7403,1343481,0.0,0.0,0.0,2026-05-06 16:04:04.303
7404,1343541,0.0,0.0,0.0,2026-05-06 16:04:04.303
7405,1343764,0.0,0.0,0.0,2026-05-06 16:04:04.303
7406,1343986,0.0,0.0,0.0,2026-05-06 16:04:04.303
7407,1344037,-0.0021,0.0,0.0,2026-05-06 16:04:04.303
7408,1344262,-0.0021,0.0,0.0,2026-05-06 16:04:04.303
7409,1344502,-0.0077,0.0,0.0,2026-05-06 16:04:04.303
7410,1344726,-0.0077,0.0,0.0,2026-05-06 16:04:04.303
7411,1344966,-0.0145,0.0,0.0,2026-05-06 16:04:04.303
7412,1345192,-0.0145,0.0,0.0,2026-05-06 16:04:04.303
7413,1345432,-0.0253,0.0,0.0,2026-05-06 16:04:04.303
7414,1345656,-0.0253,0.0,0.0,2026-05-06 16:04:04.303
7415,1345896,-0.0404,0.0,0.0,2026-05-06 16:04:04.303
7416,1346122,-0.0404,0.0,0.0,2026-05-06 16:04:04.303
7417,1346363,-0.0584,0.0,0.0,2026-05-06 16:04:04.303
7418,1346589,-0.0614,0.0,0.0,2026-05-06 16:04:04.303
7419,1346829,-0.082,0.0,0.0,2026-05-06 16:04:04.679
7420,1347055,-0.0858,0.0,0.0,2026-05-06 16:04:04.679
7421,1347296,-0.1163,0.0,0.0,2026-05-06 16:04:04.679
7422,1347520,-0.1163,0.0,0.0,2026-05-06 16:04:04.679
7423,1347760,-0.1574,0.0,0.0,2026-05-06 16:04:04.679
7424,1347986,-0.1574,0.0,0.0,2026-05-06 16:04:04.679
7425,1348226,-0.1957,0.0,0.0,2026-05-06 16:04:04.679
7426,1348452,-0.2011,0.0,0.0,2026-05-06 16:04:04.679
7427,1348692,-0.2322,0.0,0.0,2026-05-06 16:04:04.679
7428,1348917,-0.2322,0.0,0.0,2026-05-06 16:04:04.679
7429,1349157,-0.2677,0.0,0.0,2026-05-06 16:04:04.679
7430,1349381,-0.2677,0.0,0.0,2026-05-06 16:04:04.679
7431,1349621,-0.2921,0.0,0.0,2026-05-06 16:04:04.679
7432,1349850,-0.295,0.0,0.0,2026-05-06 16:04:04.679
7433,1350090,-0.3106,0.0,0.0,2026-05-06 16:04:04.679
7434,1350316,-0.3128,0.0,0.0,2026-05-06 16:04:04.679
7435,1350557,-0.326,0.0,0.0,2026-05-06 16:04:04.679
7436,1350783,-0.326,0.0,0.0,2026-05-06 16:04:04.679
7437,1351023,-0.3368,0.0,0.0,2026-05-06 16:04:05.366
7438,1351248,-0.3368,0.0,0.0,2026-05-06 16:04:05.366
7439,1351488,-0.3435,0.0,0.0,2026-05-06 16:04:05.366
7440,1351717,-0.3443,0.0,0.0,2026-05-06 16:04:05.366
7441,1351958,-0.3483,0.0,0.0,2026-05-06 16:04:05.366
7442,1352183,-0.3483,0.0,0.0,2026-05-06 16:04:05.366
7443,1352424,-0.35,0.0,0.0,2026-05-06 16:04:05.366
7444,1352648,-0.35,0.0,0.0,2026-05-06 16:04:05.366
7445,1352888,-0.35,0.0,0.0,2026-05-06 16:04:05.366
7446,1353157,-0.35,0.0,0.0,2026-05-06 16:04:05.366
7447,1353325,-0.35,0.0,0.0,2026-05-06 16:04:05.366
7448,1353372,-0.35,0.0,0.0,2026-05-06 16:04:05.366
7449,1353598,-0.35,0.0,0.0,2026-05-06 16:04:05.366
7450,1353839,-0.35,0.0,0.0,2026-05-06 16:04:05.366
7451,1354064,-0.35,0.0,0.0,2026-05-06 16:04:05.366
7452,1354304,-0.35,0.0,0.0,2026-05-06 16:04:05.366
7453,1354529,-0.35,0.0,0.0,2026-05-06 16:04:05.366
7454,1354769,-0.35,0.0,0.0,2026-05-06 16:04:05.366
7455,1354994,-0.35,0.0,0.0,2026-05-06 16:04:05.366
7456,1355234,-0.35,0.0,0.0,2026-05-06 16:04:05.366
7457,1355458,-0.35,0.0,0.0,2026-05-06 16:04:05.366
7458,1355698,-0.35,0.0,0.0,2026-05-06 16:04:05.366
7459,1355925,-0.35,0.0,0.0,2026-05-06 16:04:05.366
7460,1356165,-0.35,0.0,0.0,2026-05-06 16:04:05.366
7461,1356392,-0.35,0.0,0.0,2026-05-06 16:04:05.366
7462,1356633,-0.35,0.0,0.0,2026-05-06 16:04:05.366
7463,1356857,-0.35,0.0,0.0,2026-05-06 16:04:05.366
7464,1357097,-0.35,0.0,0.0,2026-05-06 16:04:05.366
7465,1357321,-0.35,0.0,0.0,2026-05-06 16:04:05.366
7466,1357560,-0.35,0.0,0.0,2026-05-06 16:04:05.366
7467,1357786,-0.35,0.0,0.0,2026-05-06 16:04:05.366
7468,1358027,-0.35,0.0,0.0,2026-05-06 16:04:05.366
7469,1358253,-0.35,0.0,0.0,2026-05-06 16:04:05.366
7470,1358493,-0.35,0.0,0.0,2026-05-06 16:04:05.366
7471,1358720,-0.35,0.0,0.0,2026-05-06 16:04:05.366
7472,1358961,-0.35,0.0,0.0,2026-05-06 16:04:05.366
7473,1359190,-0.35,0.0,0.0,2026-05-06 16:04:06.074
7474,1359430,-0.35,0.0,0.0,2026-05-06 16:04:06.074
7475,1359656,-0.35,0.0,0.0,2026-05-06 16:04:06.074
7476,1359955,-0.35,0.0,0.0,2026-05-06 16:04:06.074
7477,1360179,-0.35,0.0,0.0,2026-05-06 16:04:06.074
7478,1360361,-0.35,0.0,0.0,2026-05-06 16:04:06.074
7479,1360586,-0.35,0.0,0.0,2026-05-06 16:04:06.074
7480,1360826,-0.35,0.0,0.0,2026-05-06 16:04:06.074
7481,1361051,-0.35,0.0,0.0,2026-05-06 16:04:06.074
7482,1361468,-0.35,0.0,0.0,2026-05-06 16:04:06.074
7483,1361694,-0.35,0.0,0.0,2026-05-06 16:04:06.074
7484,1361757,-0.35,0.0,0.0,2026-05-06 16:04:06.074
7485,1361984,-0.35,0.0,0.0,2026-05-06 16:04:06.074
7486,1362224,-0.3445,0.0,0.0,2026-05-06 16:04:06.074
7487,1362454,-0.3445,0.0,0.0,2026-05-06 16:04:06.074
7488,1362695,-0.3354,0.0,0.0,2026-05-06 16:04:06.074
7489,1362920,-0.3335,0.0,0.0,2026-05-06 16:04:06.074
7490,1363160,-0.3188,0.0,0.0,2026-05-06 16:04:06.074
7491,1363384,-0.3188,0.0,0.0,2026-05-06 16:04:06.074
7492,1363624,-0.2836,0.0,0.0,2026-05-06 16:04:06.074
7493,1363848,-0.2836,0.0,0.0,2026-05-06 16:04:06.074
7494,1364088,-0.2312,0.0,0.0,2026-05-06 16:04:06.074
7495,1364312,-0.222,0.0,0.0,2026-05-06 16:04:06.074
7496,1364552,-0.1608,0.0,0.0,2026-05-06 16:04:06.074
7497,1364777,-0.1504,0.0,0.0,2026-05-06 16:04:06.074
7498,1365017,-0.0858,0.0,0.0,2026-05-06 16:04:06.074
7499,1365243,-0.0858,0.0,0.0,2026-05-06 16:04:06.074
7500,1365483,-0.0393,0.0,0.0,2026-05-06 16:04:06.074
7501,1365708,-0.0393,0.0,0.0,2026-05-06 16:04:06.074
7502,1365948,-0.0178,0.0,0.0,2026-05-06 16:04:06.074
7503,1366173,-0.0157,0.0,0.0,2026-05-06 16:04:06.074
7504,1366413,-0.0065,0.0,0.0,2026-05-06 16:04:06.074
7505,1366638,-0.0065,0.0,0.0,2026-05-06 16:04:06.074
7506,1366878,-0.0001,0.0,0.0,2026-05-06 16:04:06.074
7507,1367101,-0.0001,0.0,0.0,2026-05-06 16:04:06.799
7508,1367341,0.0,0.0,0.0,2026-05-06 16:04:06.799
7509,1367561,0.0,0.0,0.0,2026-05-06 16:04:06.799
7510,1367781,0.0,0.0,0.0,2026-05-06 16:04:06.799
7511,1367826,0.0,0.0,0.0,2026-05-06 16:04:06.799
7512,1368046,0.0,0.0,0.0,2026-05-06 16:04:06.799
7513,1368267,0.0,0.0,0.0,2026-05-06 16:04:06.799
7514,1368312,0.0,0.0,0.0,2026-05-06 16:04:06.799
7515,1368533,0.0,0.0,0.0,2026-05-06 16:04:06.799
7516,1368753,0.0,0.0,0.0,2026-05-06 16:04:06.799
7517,1368798,0.0,0.0,0.0,2026-05-06 16:04:06.799
7518,1369019,0.0,0.0,0.0,2026-05-06 16:04:06.799
7519,1369240,0.0,0.0,0.0,2026-05-06 16:04:06.799
7520,1369285,0.0,0.0,0.0,2026-05-06 16:04:06.799
7521,1369505,0.0,0.0,0.0,2026-05-06 16:04:06.799
7522,1369726,0.0,0.0,0.0,2026-05-06 16:04:06.799
7523,1369949,0.0,0.0,0.0,2026-05-06 16:04:06.799
7524,1370170,0.0,0.0,0.0,2026-05-06 16:04:06.799
7525,1370253,0.0,0.0,0.0,2026-05-06 16:04:06.799
7526,1370474,0.0,0.0,0.0,2026-05-06 16:04:06.799
7527,1370708,0.0,0.0,0.0,2026-05-06 16:04:06.799
7528,1370929,0.0,0.0,0.0,2026-05-06 16:04:06.799
7529,1371149,0.0,0.0,0.0,2026-05-06 16:04:06.799
7530,1371253,0.0,0.0,0.0,2026-05-06 16:04:06.799
7531,1371474,0.0,0.0,0.0,2026-05-06 16:04:06.799
7532,1371646,0.0,0.0,0.0,2026-05-06 16:04:06.799
7533,1371867,0.0,0.0,0.0,2026-05-06 16:04:06.799
7534,1372088,0.0,0.0,0.0,2026-05-06 16:04:06.799
7535,1372141,0.0,0.0,0.0,2026-05-06 16:04:06.799
7536,1372362,0.0,0.0,0.0,2026-05-06 16:04:06.799
7537,1372768,0.0,0.0,0.0,2026-05-06 16:04:06.799
7538,1372989,0.0,0.0,0.0,2026-05-06 16:04:06.799
7539,1373096,0.0,0.0,0.0,2026-05-06 16:04:06.799
7540,1373394,0.0,0.0,0.0,2026-05-06 16:04:06.799
7541,1373566,0.0,0.0,0.0,2026-05-06 16:04:06.799
7542,1373787,0.0,0.0,0.0,2026-05-06 16:04:06.799
7543,1374028,0.0,0.0,0.0,2026-05-06 16:04:06.799
7544,1374249,0.0,0.0,0.0,2026-05-06 16:04:06.799
7545,1374470,0.0,0.0,0.0,2026-05-06 16:04:06.799
7546,1374689,0.0,0.0,0.0,2026-05-06 16:04:06.799
7547,1374910,0.0,0.0,0.0,2026-05-06 16:04:06.799
7548,1374970,0.0,0.0,0.0,2026-05-06 16:04:06.799
7549,1375191,0.0,0.0,0.0,2026-05-06 16:04:07.502
7550,1375412,0.0,0.0,0.0,2026-05-06 16:04:07.502
7551,1375461,0.0,0.0,0.0,2026-05-06 16:04:07.502
7552,1375682,0.0,0.0,0.0,2026-05-06 16:04:07.502
7553,1375903,0.0,0.0,0.0,2026-05-06 16:04:07.502
7554,1375948,0.0,0.0,0.0,2026-05-06 16:04:07.502
7555,1376172,0.0,0.0,0.0,2026-05-06 16:04:07.502
7556,1376581,0.0,0.0,0.0,2026-05-06 16:04:07.502
7557,1376802,0.0,0.0,0.0,2026-05-06 16:04:07.502
7558,1376906,0.0,0.0,0.0,2026-05-06 16:04:07.502
7559,1377127,0.0,0.0,0.0,2026-05-06 16:04:07.502
7560,1377348,0.0,0.0,0.0,2026-05-06 16:04:07.502
7561,1377393,0.0,0.0,0.0,2026-05-06 16:04:07.502
7562,1377616,0.0,0.0,0.0,2026-05-06 16:04:07.502
7563,1377837,0.0,0.0,0.0,2026-05-06 16:04:07.502
7564,1377882,0.0,0.0,0.0,2026-05-06 16:04:07.502
7565,1378104,0.0,0.0,0.0,2026-05-06 16:04:07.502
7566,1378511,0.0,0.0,0.0,2026-05-06 16:04:07.502
7567,1378732,0.0,0.0,0.0,2026-05-06 16:04:07.502
7568,1378838,0.0,0.0,0.0,2026-05-06 16:04:07.502
7569,1379059,0.0,0.0,0.0,2026-05-06 16:04:07.502
7570,1379297,0.0,0.0,0.0,2026-05-06 16:04:07.502
7571,1379518,0.0,0.0,0.0,2026-05-06 16:04:07.502
7572,1379740,0.0,0.0,0.0,2026-05-06 16:04:07.502
7573,1379786,0.0,0.0,0.0,2026-05-06 16:04:07.502
7574,1380008,0.0,0.0,0.0,2026-05-06 16:04:07.502
7575,1380416,0.0,0.0,0.0,2026-05-06 16:04:07.502
7576,1380637,0.0,0.0,0.0,2026-05-06 16:04:07.502
7577,1380744,0.0,0.0,0.0,2026-05-06 16:04:07.502
7578,1380965,0.0,0.0,0.0,2026-05-06 16:04:07.502
7579,1381202,0.0,0.0,0.0,2026-05-06 16:04:07.502
7580,1381425,0.0,0.0,0.0,2026-05-06 16:04:07.502
7581,1381648,0.0,0.0,0.0,2026-05-06 16:04:07.502
7582,1381693,0.0,0.0,0.0,2026-05-06 16:04:07.502
7583,1381915,0.0,0.0,0.0,2026-05-06 16:04:07.502
7584,1382155,0.0,-0.0017,0.0,2026-05-06 16:04:07.502
7585,1382381,0.0,-0.0025,0.0,2026-05-06 16:04:07.502
7586,1382621,0.0,-0.0126,0.0,2026-05-06 16:04:07.502
7587,1382848,0.0,-0.0126,0.0,2026-05-06 16:04:07.502
7588,1383089,0.0,-0.0377,0.0,2026-05-06 16:04:07.502
7589,1383315,0.0,-0.0428,0.0,2026-05-06 16:04:08.212
7590,1383737,0.0,-0.0782,0.0,2026-05-06 16:04:08.212
7591,1383967,0.0,-0.0818,0.0,2026-05-06 16:04:08.212
7592,1384027,0.0,-0.0954,0.0,2026-05-06 16:04:08.212
7593,1384256,0.0,-0.0954,0.0,2026-05-06 16:04:08.212
7594,1384497,0.0,-0.1,0.0,2026-05-06 16:04:08.212
7595,1384727,0.0,-0.1,0.0,2026-05-06 16:04:08.212
7596,1384970,0.0,-0.1,0.0,2026-05-06 16:04:08.212
7597,1385202,0.0,-0.1,0.0,2026-05-06 16:04:08.212
7598,1385442,0.0,-0.1,0.0,2026-05-06 16:04:08.212
7599,1385672,0.0,-0.1,0.0,2026-05-06 16:04:08.212
7600,1385914,0.0,-0.1,0.0,2026-05-06 16:04:08.212
7601,1386143,0.0,-0.1,0.0,2026-05-06 16:04:08.212
7602,1386384,0.0,-0.1,0.0,2026-05-06 16:04:08.212
7603,1386614,0.0,-0.1,0.0,2026-05-06 16:04:08.212
7604,1386855,0.0,-0.1,0.0,2026-05-06 16:04:08.212
7605,1387085,0.0,-0.1,0.0,2026-05-06 16:04:08.212
7606,1387326,0.0,-0.1,0.0,2026-05-06 16:04:08.212
7607,1387556,0.0,-0.1,0.0,2026-05-06 16:04:08.212
7608,1387857,0.0,-0.1,0.0,2026-05-06 16:04:08.212
7609,1388087,0.0,-0.1,0.0,2026-05-06 16:04:08.212
7610,1388329,0.0,-0.1,0.0,2026-05-06 16:04:08.212
7611,1388559,0.0,-0.1,0.0,2026-05-06 16:04:08.212
7612,1388740,0.0,-0.1,0.0,2026-05-06 16:04:08.212
7613,1388970,0.0,-0.1,0.0,2026-05-06 16:04:08.212
7614,1389211,0.0,-0.1,0.0,2026-05-06 16:04:08.212
7615,1389441,0.0,-0.1,0.0,2026-05-06 16:04:08.212
7616,1389682,0.0,-0.1,0.0,2026-05-06 16:04:08.212
7617,1389912,0.0,-0.1,0.0,2026-05-06 16:04:08.212
7618,1390153,0.0,-0.1,0.0,2026-05-06 16:04:08.212
7619,1390383,0.0,-0.1,0.0,2026-05-06 16:04:08.212
7620,1390624,0.0,-0.1,0.0,2026-05-06 16:04:08.212
7621,1390854,0.0,-0.1,0.0,2026-05-06 16:04:08.212
7622,1391278,0.0,-0.1,0.0,2026-05-06 16:04:08.936
7623,1391508,0.0,-0.1,0.0,2026-05-06 16:04:08.936
7624,1391687,0.0,-0.1,0.0,2026-05-06 16:04:08.936
7625,1391917,0.0,-0.1,0.0,2026-05-06 16:04:08.936
7626,1392038,0.0,-0.1,0.0,2026-05-06 16:04:08.936
7627,1392268,0.0,-0.1,0.0,2026-05-06 16:04:08.936
7628,1392509,0.0,-0.1,0.0,2026-05-06 16:04:08.936
7629,1392742,0.0,-0.1,0.0,2026-05-06 16:04:08.936
7630,1392983,0.0,-0.1,0.0,2026-05-06 16:04:08.936
7631,1393213,0.0,-0.1,0.0,2026-05-06 16:04:08.936
7632,1393575,0.0,-0.1,0.0,2026-05-06 16:04:08.936
7633,1393808,0.0,-0.1,0.0,2026-05-06 16:04:08.936
7634,1393928,0.0,-0.1,0.0,2026-05-06 16:04:08.936
7635,1394158,0.0,-0.1,0.0,2026-05-06 16:04:08.936
7636,1394399,0.0,-0.1,0.0,2026-05-06 16:04:08.936
7637,1394629,0.0,-0.1,0.0,2026-05-06 16:04:08.936
7638,1394870,0.0,-0.1,0.0,2026-05-06 16:04:08.936
7639,1395100,0.0,-0.1,0.0,2026-05-06 16:04:08.936
7640,1395341,0.0,-0.1,0.0,2026-05-06 16:04:08.936
7641,1395571,0.0,-0.1,0.0,2026-05-06 16:04:08.936
7642,1395872,0.0,-0.1,0.0,2026-05-06 16:04:08.936
7643,1396102,0.0,-0.1,0.0,2026-05-06 16:04:08.936
7644,1396405,0.0,-0.1,0.0,2026-05-06 16:04:08.936
7645,1396635,0.0,-0.1,0.0,2026-05-06 16:04:08.936
7646,1396755,0.0,-0.1,0.0,2026-05-06 16:04:08.936
7647,1396985,0.0,-0.1,0.0,2026-05-06 16:04:08.936
7648,1397226,0.0,-0.1,0.0,2026-05-06 16:04:08.936
7649,1397456,0.0,-0.1,0.0,2026-05-06 16:04:08.936
7650,1397697,0.0,-0.1,0.0,2026-05-06 16:04:08.936
7651,1397927,0.0,-0.1,0.0,2026-05-06 16:04:08.936
7652,1398228,0.0,-0.098,0.0,2026-05-06 16:04:08.936
7653,1398458,0.0,-0.0968,0.0,2026-05-06 16:04:08.936
7654,1398640,0.0,-0.0707,0.0,2026-05-06 16:04:08.936
7655,1398870,0.0,-0.0707,0.0,2026-05-06 16:04:08.936
7656,1399111,0.0,-0.0105,0.0,2026-05-06 16:04:08.936
7657,1399341,0.0,-0.0068,0.0,2026-05-06 16:04:09.000
7658,1399582,0.0,0.0,0.0,2026-05-06 16:04:09.032
7659,1399807,0.0,0.0,0.0,2026-05-06 16:04:09.032
7660,1400069,0.0,0.0,0.0,2026-05-06 16:04:09.706
7661,1400294,0.0,0.0,0.0,2026-05-06 16:04:09.706
7662,1400534,0.0,0.0,0.0,2026-05-06 16:04:09.706
7663,1400759,0.0,0.0,0.0,2026-05-06 16:04:09.706
7664,1400999,0.0,0.0,0.0,2026-05-06 16:04:09.706
7665,1401224,0.0,0.0,0.0,2026-05-06 16:04:09.706
7666,1401468,0.0,0.0,0.0,2026-05-06 16:04:09.706
7667,1401693,0.0,0.0,0.0,2026-05-06 16:04:09.706
7668,1401927,0.0,0.0,0.0,2026-05-06 16:04:09.706
7669,1402153,0.0,0.0,0.0,2026-05-06 16:04:09.706
7670,1402378,0.0,0.0,0.0,2026-05-06 16:04:09.706
7671,1402426,0.0,0.0,0.0,2026-05-06 16:04:09.706
7672,1402652,0.0,0.0,0.0,2026-05-06 16:04:09.706
7673,1403009,0.0,0.0,0.0,2026-05-06 16:04:09.706
7674,1403235,0.0,0.0,0.0,2026-05-06 16:04:09.706
7675,1403354,0.0,0.0,0.0,2026-05-06 16:04:09.706
7676,1403578,0.0,0.0,0.0,2026-05-06 16:04:09.706
7677,1403802,0.0,0.0,0.0,2026-05-06 16:04:09.706
7678,1403849,0.0,0.0,0.0,2026-05-06 16:04:09.706
7679,1404070,0.0,0.0,0.0,2026-05-06 16:04:09.706
7680,1404309,0.0,0.0,-0.001,2026-05-06 16:04:09.706
7681,1404534,0.0,0.0,-0.0016,2026-05-06 16:04:09.706
7682,1404777,0.0,0.0,-0.0062,2026-05-06 16:04:09.706
7683,1405000,0.0,0.0,-0.0062,2026-05-06 16:04:09.706
7684,1405240,0.0,0.0,-0.0166,2026-05-06 16:04:09.706
7685,1405542,0.0,0.0,-0.0166,2026-05-06 16:04:09.706
7686,1405714,0.0,0.0,-0.0323,2026-05-06 16:04:09.706
7687,1405982,0.0,0.0,-0.0352,2026-05-06 16:04:09.706
7688,1406151,0.0,0.0,-0.0352,2026-05-06 16:04:09.706
7689,1406198,0.0,0.0,-0.0572,2026-05-06 16:04:09.706
7690,1406426,0.0,0.0,-0.0616,2026-05-06 16:04:09.706
7691,1406667,0.0,0.0,-0.0973,2026-05-06 16:04:09.706
7692,1406895,0.0,0.0,-0.0973,2026-05-06 16:04:09.706
7693,1407196,0.0,0.0,-0.1393,2026-05-06 16:04:09.706
7694,1407425,0.0,0.0,-0.1393,2026-05-06 16:04:09.706
7695,1407606,0.0,0.0,-0.1666,2026-05-06 16:04:09.706
7696,1407835,0.0,0.0,-0.1696,2026-05-06 16:04:09.706
7697,1408137,0.0,0.0,-0.1836,2026-05-06 16:04:10.425
7698,1408366,0.0,0.0,-0.1854,2026-05-06 16:04:10.425
7699,1408546,0.0,0.0,-0.1945,2026-05-06 16:04:10.425
7700,1408776,0.0,0.0,-0.1945,2026-05-06 16:04:10.425
7701,1409017,0.0,0.0,-0.1997,2026-05-06 16:04:10.425
7702,1409245,0.0,0.0,-0.2,2026-05-06 16:04:10.425
7703,1409668,0.0,0.0,-0.2,2026-05-06 16:04:10.425
7704,1409898,0.0,0.0,-0.2,2026-05-06 16:04:10.425
7705,1409957,0.0,0.0,-0.2,2026-05-06 16:04:10.425
7706,1410186,0.0,0.0,-0.2,2026-05-06 16:04:10.425
7707,1410427,0.0,0.0,-0.2,2026-05-06 16:04:10.425
7708,1410656,0.0,0.0,-0.2,2026-05-06 16:04:10.425
7709,1410897,0.0,0.0,-0.2,2026-05-06 16:04:10.425
7710,1411128,0.0,0.0,-0.2,2026-05-06 16:04:10.425
7711,1411433,0.0,0.0,-0.2,2026-05-06 16:04:10.425
7712,1411665,0.0,0.0,-0.2,2026-05-06 16:04:10.425
7713,1411843,0.0,0.0,-0.2,2026-05-06 16:04:10.425
7714,1412075,0.0,0.0,-0.2,2026-05-06 16:04:10.425
7715,1412320,0.0,0.0,-0.2,2026-05-06 16:04:10.425
7716,1412552,0.0,0.0,-0.2,2026-05-06 16:04:10.425
7717,1412793,0.0,0.0,-0.2,2026-05-06 16:04:10.425
7718,1413025,0.0,0.0,-0.2,2026-05-06 16:04:10.425
7719,1413267,0.0,0.0,-0.2,2026-05-06 16:04:10.425
7720,1413499,0.0,0.0,-0.2,2026-05-06 16:04:10.425
7721,1413740,0.0,0.0,-0.2,2026-05-06 16:04:10.425
7722,1413972,0.0,0.0,-0.2,2026-05-06 16:04:10.425
7723,1414214,0.0,0.0,-0.2,2026-05-06 16:04:10.425
7724,1414446,0.0,0.0,-0.2,2026-05-06 16:04:10.425
7725,1414687,0.0,0.0,-0.2,2026-05-06 16:04:10.425
7726,1414919,0.0,0.0,-0.2,2026-05-06 16:04:10.425
7727,1415161,0.0,0.0,-0.2,2026-05-06 16:04:10.425
7728,1415393,0.0,0.0,-0.2,2026-05-06 16:04:10.425
7729,1415634,0.0,0.0,-0.2,2026-05-06 16:04:10.425
7730,1415866,0.0,0.0,-0.2,2026-05-06 16:04:10.425
7731,1416108,0.0,0.0,-0.2,2026-05-06 16:04:11.129
7732,1416340,0.0,0.0,-0.2,2026-05-06 16:04:11.129
7733,1416581,0.0,0.0,-0.2,2026-05-06 16:04:11.129
7734,1416813,0.0,0.0,-0.2,2026-05-06 16:04:11.129
7735,1417055,0.0,0.0,-0.2,2026-05-06 16:04:11.129
7736,1417287,0.0,0.0,-0.2,2026-05-06 16:04:11.129
7737,1417528,0.0,0.0,-0.2,2026-05-06 16:04:11.129
7738,1417760,0.0,0.0,-0.2,2026-05-06 16:04:11.129
7739,1418002,0.0,0.0,-0.2,2026-05-06 16:04:11.129
7740,1418234,0.0,0.0,-0.2,2026-05-06 16:04:11.129
7741,1418475,0.0,0.0,-0.2,2026-05-06 16:04:11.129
7742,1418707,0.0,0.0,-0.2,2026-05-06 16:04:11.129
7743,1418949,0.0,0.0,-0.2,2026-05-06 16:04:11.129
7744,1419181,0.0,0.0,-0.2,2026-05-06 16:04:11.129
7745,1419485,0.0,0.0,-0.2,2026-05-06 16:04:11.129
7746,1419720,0.0,0.0,-0.2,2026-05-06 16:04:11.129
7747,1419905,0.0,0.0,-0.2,2026-05-06 16:04:11.129
7748,1420137,0.0,0.0,-0.2,2026-05-06 16:04:11.129
7749,1420378,0.0,0.0,-0.2,2026-05-06 16:04:11.129
7750,1420610,0.0,0.0,-0.2,2026-05-06 16:04:11.129
7751,1420852,0.0,0.0,-0.2,2026-05-06 16:04:11.129
7752,1421084,0.0,0.0,-0.2,2026-05-06 16:04:11.129
7753,1421325,0.0,0.0,-0.2,2026-05-06 16:04:11.129
7754,1421557,0.0,0.0,-0.2,2026-05-06 16:04:11.129
7755,1421799,0.0,0.0,-0.2,2026-05-06 16:04:11.129
7756,1422031,0.0,0.0,-0.2,2026-05-06 16:04:11.129
7757,1422272,0.0,0.0,-0.2,2026-05-06 16:04:11.129
7758,1422504,0.0,0.0,-0.2,2026-05-06 16:04:11.129
7759,1422746,0.0,0.0,-0.2,2026-05-06 16:04:11.129
7760,1422978,0.0,0.0,-0.2,2026-05-06 16:04:11.129
7761,1423342,0.0,0.0,-0.2,2026-05-06 16:04:11.129
7762,1423574,0.0,0.0,-0.2,2026-05-06 16:04:11.129
7763,1423695,0.0,0.0,-0.2,2026-05-06 16:04:11.129
7764,1423927,0.0,0.0,-0.2,2026-05-06 16:04:11.129
7765,1424167,0.0,0.0,-0.2,2026-05-06 16:04:11.334
7766,1424399,0.0,0.0,-0.2,2026-05-06 16:04:11.334
7767,1424768,0.0,0.0,-0.2,2026-05-06 16:04:11.334
7768,1425000,0.0,0.0,-0.2,2026-05-06 16:04:11.334
7769,1425119,0.0,0.0,-0.2,2026-05-06 16:04:11.334
7770,1425351,0.0,0.0,-0.2,2026-05-06 16:04:11.334
7771,1425592,0.0,0.0,-0.2,2026-05-06 16:04:11.334
7772,1425829,0.0,0.0,-0.2,2026-05-06 16:04:11.334
7773,1426071,0.0,0.0,-0.2,2026-05-06 16:04:12.024
7774,1426303,0.0,0.0,-0.2,2026-05-06 16:04:12.024
7775,1426667,0.0,0.0,-0.2,2026-05-06 16:04:12.024
7776,1426899,0.0,0.0,-0.2,2026-05-06 16:04:12.024
7777,1427018,0.0,0.0,-0.2,2026-05-06 16:04:12.024
7778,1427253,0.0,0.0,-0.2,2026-05-06 16:04:12.024
7779,1427496,0.0,0.0,-0.2,2026-05-06 16:04:12.024
7780,1427728,0.0,0.0,-0.2,2026-05-06 16:04:12.024
7781,1427970,0.0,0.0,-0.2,2026-05-06 16:04:12.024
7782,1428202,0.0,0.0,-0.2,2026-05-06 16:04:12.024
7783,1428443,0.0,0.0,-0.2,2026-05-06 16:04:12.024
7784,1428675,0.0,0.0,-0.2,2026-05-06 16:04:12.024
7785,1428980,0.0,0.0,-0.2,2026-05-06 16:04:12.024
7786,1429212,0.0,0.0,-0.2,2026-05-06 16:04:12.024
7787,1429390,0.0,0.0,-0.2,2026-05-06 16:04:12.024
7788,1429622,0.0,0.0,-0.2,2026-05-06 16:04:12.024
7789,1429864,0.0,0.0,-0.2,2026-05-06 16:04:12.024
7790,1430096,0.0,0.0,-0.2,2026-05-06 16:04:12.024
7791,1430337,0.0,0.0,-0.2,2026-05-06 16:04:12.024
7792,1430569,0.0,0.0,-0.2,2026-05-06 16:04:12.024
7793,1430811,0.0,0.0,-0.2,2026-05-06 16:04:12.024
7794,1431043,0.0,0.0,-0.2,2026-05-06 16:04:12.024
7795,1431347,0.0,0.0,-0.2,2026-05-06 16:04:12.024
7796,1431579,0.0,0.0,-0.2,2026-05-06 16:04:12.024
7797,1431758,0.0,0.0,-0.2,2026-05-06 16:04:12.024
7798,1431990,0.0,0.0,-0.2,2026-05-06 16:04:12.024
7799,1432231,0.0,0.0,-0.2,2026-05-06 16:04:12.024
7800,1432463,0.0,0.0,-0.2,2026-05-06 16:04:12.024
7801,1432705,0.0,0.0,-0.2,2026-05-06 16:04:12.024
7802,1432937,0.0,0.0,-0.2,2026-05-06 16:04:12.024
7803,1433178,0.0,0.0,-0.2,2026-05-06 16:04:12.024
7804,1433410,0.0,0.0,-0.2,2026-05-06 16:04:12.024
7805,1433652,0.0,0.0,-0.2,2026-05-06 16:04:12.024
7806,1433884,0.0,0.0,-0.2,2026-05-06 16:04:12.024
7807,1434309,0.0,0.0,-0.2,2026-05-06 16:04:12.370
7808,1434541,0.0,0.0,-0.2,2026-05-06 16:04:12.370
7809,1434599,0.0,0.0,-0.2,2026-05-06 16:04:12.370
7810,1434834,0.0,0.0,-0.2,2026-05-06 16:04:12.370
7811,1435075,0.0,0.0,-0.1975,2026-05-06 16:04:12.370
7812,1435307,0.0,0.0,-0.1966,2026-05-06 16:04:12.370
7813,1435549,0.0,0.0,-0.1874,2026-05-06 16:04:12.370
7814,1435781,0.0,0.0,-0.1849,2026-05-06 16:04:12.370
7815,1436022,0.0,0.0,-0.1537,2026-05-06 16:04:12.370
7816,1436254,0.0,0.0,-0.1537,2026-05-06 16:04:12.370
7817,1436496,0.0,0.0,-0.0896,2026-05-06 16:04:12.370
7818,1436728,0.0,0.0,-0.0792,2026-05-06 16:04:12.370
7819,1436969,0.0,0.0,-0.0308,2026-05-06 16:04:12.370
7820,1437201,0.0,0.0,-0.0257,2026-05-06 16:04:12.370
7821,1437443,0.0,0.0,-0.0056,2026-05-06 16:04:12.370
7822,1437675,0.0,0.0,-0.0056,2026-05-06 16:04:13.051
7823,1437916,0.0,0.0,0.0,2026-05-06 16:04:13.051
7824,1438145,0.0,0.0,0.0,2026-05-06 16:04:13.051
7825,1438575,0.0,0.0,0.0,2026-05-06 16:04:13.051
7826,1438803,0.0,0.0,0.0,2026-05-06 16:04:13.051
7827,1438860,0.0,0.0,0.0,2026-05-06 16:04:13.051
7828,1439088,0.0,0.0,0.0,2026-05-06 16:04:13.051
7829,1439328,0.0,0.0,0.0,2026-05-06 16:04:13.051
7830,1439555,0.0,0.0,0.0,2026-05-06 16:04:13.051
7831,1439795,-0.0027,0.0,0.0,2026-05-06 16:04:13.051
7832,1440019,-0.0034,0.0,0.0,2026-05-06 16:04:13.051
7833,1440259,-0.0086,0.0,0.0,2026-05-06 16:04:13.051
7834,1440484,-0.0086,0.0,0.0,2026-05-06 16:04:13.051
7835,1440724,-0.0157,0.0,0.0,2026-05-06 16:04:13.051
7836,1440949,-0.0169,0.0,0.0,2026-05-06 16:04:13.051
7837,1441306,-0.0269,0.0,0.0,2026-05-06 16:04:13.051
7838,1441531,-0.0286,0.0,0.0,2026-05-06 16:04:13.051
7839,1441655,-0.0404,0.0,0.0,2026-05-06 16:04:13.051
7840,1441880,-0.0404,0.0,0.0,2026-05-06 16:04:13.051
7841,1442120,-0.0614,0.0,0.0,2026-05-06 16:04:13.051
7842,1442348,-0.0614,0.0,0.0,2026-05-06 16:04:13.051
7843,1442588,-0.0858,0.0,0.0,2026-05-06 16:04:13.051
7844,1442814,-0.0898,0.0,0.0,2026-05-06 16:04:13.051
7845,1443053,-0.1163,0.0,0.0,2026-05-06 16:04:13.051
7846,1443275,-0.1163,0.0,0.0,2026-05-06 16:04:13.051
7847,1443497,-0.1211,0.0,0.0,2026-05-06 16:04:13.051
7848,1443543,-0.1574,0.0,0.0,2026-05-06 16:04:13.051
7849,1443769,-0.1574,0.0,0.0,2026-05-06 16:04:13.051
7850,1444009,-0.1957,0.0,0.0,2026-05-06 16:04:13.051
7851,1444236,-0.2011,0.0,0.0,2026-05-06 16:04:13.051
7852,1444479,-0.2322,0.0,0.0,2026-05-06 16:04:13.051
7853,1444704,-0.237,0.0,0.0,2026-05-06 16:04:13.051
7854,1444944,-0.2677,0.0,0.0,2026-05-06 16:04:13.051
7855,1445170,-0.2677,0.0,0.0,2026-05-06 16:04:13.051
7856,1445469,-0.295,0.0,0.0,2026-05-06 16:04:13.051
7857,1445694,-0.295,0.0,0.0,2026-05-06 16:04:13.777
7858,1445876,-0.3128,0.0,0.0,2026-05-06 16:04:13.777
7859,1446101,-0.315,0.0,0.0,2026-05-06 16:04:13.777
7860,1446341,-0.326,0.0,0.0,2026-05-06 16:04:13.777
7861,1446566,-0.326,0.0,0.0,2026-05-06 16:04:13.777
7862,1446806,-0.3368,0.0,0.0,2026-05-06 16:04:13.777
7863,1447030,-0.3368,0.0,0.0,2026-05-06 16:04:13.777
7864,1447270,-0.3435,0.0,0.0,2026-05-06 16:04:13.777
7865,1447498,-0.3443,0.0,0.0,2026-05-06 16:04:13.777
7866,1447738,-0.3483,0.0,0.0,2026-05-06 16:04:13.777
7867,1447963,-0.3489,0.0,0.0,2026-05-06 16:04:13.777
7868,1448203,-0.35,0.0,0.0,2026-05-06 16:04:13.777
7869,1448429,-0.35,0.0,0.0,2026-05-06 16:04:13.777
7870,1448670,-0.35,0.0,0.0,2026-05-06 16:04:13.777
7871,1448894,-0.35,0.0,0.0,2026-05-06 16:04:13.777
7872,1449134,-0.35,0.0,0.0,2026-05-06 16:04:13.777
7873,1449361,-0.35,0.0,0.0,2026-05-06 16:04:13.777
7874,1449601,-0.3495,0.0,0.0,2026-05-06 16:04:13.777
7875,1449826,-0.3495,0.0,0.0,2026-05-06 16:04:13.777
7876,1450066,-0.3435,0.0,0.0,2026-05-06 16:04:13.777
7877,1450293,-0.3435,0.0,0.0,2026-05-06 16:04:13.777
7878,1450533,-0.3386,0.0,0.0,2026-05-06 16:04:13.777
7879,1450758,-0.341,0.0,0.0,2026-05-06 16:04:13.777
7880,1450998,-0.35,0.0,0.0,2026-05-06 16:04:13.777
7881,1451468,-0.35,0.0,0.0,2026-05-06 16:04:13.777
7882,1451692,-0.35,0.0,0.0,2026-05-06 16:04:13.777
7883,1451932,-0.347,0.0,0.0,2026-05-06 16:04:13.777
7884,1452156,-0.347,0.0,0.0,2026-05-06 16:04:13.777
7885,1452396,-0.3399,0.0,0.0,2026-05-06 16:04:13.777
7886,1452623,-0.3385,0.0,0.0,2026-05-06 16:04:13.777
7887,1452863,-0.3271,0.0,0.0,2026-05-06 16:04:13.777
7888,1453088,-0.3271,0.0,0.0,2026-05-06 16:04:13.777
7889,1453328,-0.2994,0.0,0.0,2026-05-06 16:04:13.777
7890,1453553,-0.2994,0.0,0.0,2026-05-06 16:04:13.777
7891,1453793,-0.2564,0.0,0.0,2026-05-06 16:04:14.491
7892,1454018,-0.2485,0.0,0.0,2026-05-06 16:04:14.491
7893,1454259,-0.1922,0.0,0.0,2026-05-06 16:04:14.491
7894,1454484,-0.1818,0.0,0.0,2026-05-06 16:04:14.491
7895,1454724,-0.1111,0.0,0.0,2026-05-06 16:04:14.491
7896,1454948,-0.1111,0.0,0.0,2026-05-06 16:04:14.491
7897,1455188,-0.0534,0.0,0.0,2026-05-06 16:04:14.491
7898,1455413,-0.0534,0.0,0.0,2026-05-06 16:04:14.491
7899,1455653,-0.0254,0.0,0.0,2026-05-06 16:04:14.491
7900,1455878,-0.0226,0.0,0.0,2026-05-06 16:04:14.491
7901,1456119,-0.0105,0.0,0.0,2026-05-06 16:04:14.491
7902,1456346,-0.0105,0.0,0.0,2026-05-06 16:04:14.491
7903,1456586,-0.002,0.0,0.0,2026-05-06 16:04:14.491
7904,1456813,-0.002,0.0,0.0,2026-05-06 16:04:14.491
7905,1457054,0.0,0.0,0.0,2026-05-06 16:04:14.491
7906,1457275,0.0,0.0,0.0,2026-05-06 16:04:14.491
7907,1457514,0.0,0.0,0.0,2026-05-06 16:04:14.491
7908,1457735,0.0,0.0,0.0,2026-05-06 16:04:14.491
7909,1457955,0.0,0.0,0.0,2026-05-06 16:04:14.491
7910,1458000,0.0,0.0,0.0,2026-05-06 16:04:14.491
7911,1458221,0.0,0.0,0.0,2026-05-06 16:04:14.491
7912,1458442,0.0,0.0,0.0,2026-05-06 16:04:14.491
7913,1458545,0.0,0.0,0.0,2026-05-06 16:04:14.491
7914,1458810,0.0,0.0,0.0,2026-05-06 16:04:14.491
7915,1459148,0.0,0.0,0.0,2026-05-06 16:04:14.491
7916,1459369,0.0,0.0,0.0,2026-05-06 16:04:14.491
7917,1459606,0.0,0.0,0.0,2026-05-06 16:04:14.491
7918,1459827,0.0,0.0,0.0,2026-05-06 16:04:14.491
7919,1459887,0.0,0.0,0.0,2026-05-06 16:04:14.491
7920,1460111,0.0,0.0,0.0,2026-05-06 16:04:14.491
7921,1460332,0.0,0.0,0.0,2026-05-06 16:04:14.491
7922,1460384,0.0,0.0,0.0,2026-05-06 16:04:14.491
7923,1460605,0.0,0.0,0.0,2026-05-06 16:04:14.491
7924,1461011,0.0,0.0,0.0,2026-05-06 16:04:14.491
7925,1461232,0.0,0.0,0.0,2026-05-06 16:04:14.491
7926,1461513,0.0,0.0,0.0,2026-05-06 16:04:14.491
7927,1461734,0.0,0.0,0.0,2026-05-06 16:04:15.201
7928,1461971,0.0,0.0,0.0,2026-05-06 16:04:15.201
7929,1462193,0.0,0.0,0.0,2026-05-06 16:04:15.201
7930,1462253,0.0,0.0,0.0,2026-05-06 16:04:15.201
7931,1462475,0.0,0.0,0.0,2026-05-06 16:04:15.201
7932,1462696,0.0,0.0,0.0,2026-05-06 16:04:15.201
7933,1462747,0.0,0.0,0.0,2026-05-06 16:04:15.201
7934,1462968,0.0,0.0,0.0,2026-05-06 16:04:15.201
7935,1463205,0.0,0.0,0.0,2026-05-06 16:04:15.201
7936,1463426,0.0,0.0,0.0,2026-05-06 16:04:15.201
7937,1463647,0.0,0.0,0.0,2026-05-06 16:04:15.201
7938,1463869,0.0,0.0,0.0,2026-05-06 16:04:15.201
7939,1464090,0.0,0.0,0.0,2026-05-06 16:04:15.201
7940,1464154,0.0,0.0,0.0,2026-05-06 16:04:15.201
7941,1464375,0.0,0.0,0.0,2026-05-06 16:04:15.201
7942,1464613,0.0,0.0,0.0,2026-05-06 16:04:15.201
7943,1464835,0.0,0.0,0.0,2026-05-06 16:04:15.201
7944,1465057,0.0,0.0,0.0,2026-05-06 16:04:15.201
7945,1465103,0.0,0.0,0.0,2026-05-06 16:04:15.201
7946,1465325,0.0,0.0,0.0,2026-05-06 16:04:15.201
7947,1465733,0.0,0.0,0.0,2026-05-06 16:04:15.201
7948,1465954,0.0,0.0,0.0,2026-05-06 16:04:15.201
7949,1466059,0.0,0.0,0.0,2026-05-06 16:04:15.201
7950,1466280,0.0,0.0,0.0,2026-05-06 16:04:15.201
7951,1466517,0.0,0.0,0.0,2026-05-06 16:04:15.201
7952,1466738,0.0,0.0,0.0,2026-05-06 16:04:15.201
7953,1466959,0.0,0.0,0.0,2026-05-06 16:04:15.201
7954,1467006,0.0,0.0,0.0,2026-05-06 16:04:15.201
7955,1467229,0.0,0.0,0.0,2026-05-06 16:04:15.201
7956,1467639,0.0,0.0,0.0,2026-05-06 16:04:15.201
7957,1467860,0.0,0.0,0.0,2026-05-06 16:04:15.201
7958,1467964,0.0,0.0,0.0,2026-05-06 16:04:15.201
7959,1468185,0.0,0.0,0.0,2026-05-06 16:04:15.201
7960,1468406,0.0,0.0,0.0,2026-05-06 16:04:15.201
7961,1468451,0.0,0.0,0.0,2026-05-06 16:04:15.201
7962,1468674,0.0,0.0,0.0,2026-05-06 16:04:15.201
7963,1468912,0.0,0.0,0.0,2026-05-06 16:04:15.201
7964,1469178,0.0,0.0,0.0,2026-05-06 16:04:15.201
7965,1469575,0.0,0.0,0.0,2026-05-06 16:04:15.201
7966,1469796,0.0,0.0,0.0,2026-05-06 16:04:15.327
7967,1470033,0.0,0.0,0.0,2026-05-06 16:04:15.327
7968,1470254,0.0,0.0,0.0,2026-05-06 16:04:15.327
7969,1470492,0.0,0.0,0.0,2026-05-06 16:04:15.327
7970,1470714,0.0,0.0,0.0,2026-05-06 16:04:15.327
7971,1470774,0.0,0.0,0.0,2026-05-06 16:04:15.327
7972,1470996,0.0,0.0,0.0,2026-05-06 16:04:16.020
7973,1471218,0.0,0.0,0.0,2026-05-06 16:04:16.020
7974,1471270,0.0,0.0,0.0,2026-05-06 16:04:16.020
7975,1471492,0.0,0.0,0.0,2026-05-06 16:04:16.020
7976,1471730,0.0,0.0,0.0,2026-05-06 16:04:16.020
7977,1471951,0.0,0.0,0.0,2026-05-06 16:04:16.020
7978,1472172,0.0,0.0,0.0,2026-05-06 16:04:16.020
7979,1472396,0.0,0.0,0.0,2026-05-06 16:04:16.020
7980,1472617,0.0,0.0,0.0,2026-05-06 16:04:16.020
7981,1472855,0.0,0.0,0.0,2026-05-06 16:04:16.020
7982,1473076,0.0,0.0,0.0,2026-05-06 16:04:16.020
7983,1473136,0.0,0.0,0.0,2026-05-06 16:04:16.020
7984,1473357,0.0,0.0,0.0,2026-05-06 16:04:16.020
7985,1473578,0.0,0.0,0.0,2026-05-06 16:04:16.020
7986,1473628,0.0,0.0,0.0,2026-05-06 16:04:16.020
7987,1473850,0.0,0.0,0.0,2026-05-06 16:04:16.020
7988,1474088,0.0,0.0,0.0,2026-05-06 16:04:16.020
7989,1474310,0.0,0.0,0.0,2026-05-06 16:04:16.020
7990,1474533,0.0,0.0,0.0,2026-05-06 16:04:16.020
7991,1474755,0.0,0.0,0.0,2026-05-06 16:04:16.020
7992,1474977,0.0,0.0,0.0,2026-05-06 16:04:16.020
7993,1475218,0.0,0.0,0.0,2026-05-06 16:04:16.020
7994,1475439,0.0,0.0,0.0,2026-05-06 16:04:16.020
7995,1475676,0.0,0.0,0.0,2026-05-06 16:04:16.020
7996,1475897,0.0,0.0,0.0,2026-05-06 16:04:16.020
7997,1475978,0.0,0.0,0.0,2026-05-06 16:04:16.020
7998,1476199,0.0,0.0,0.0,2026-05-06 16:04:16.020
7999,1476437,0.0,0.0,0.0,2026-05-06 16:04:16.020
8000,1476658,0.0,0.0,0.0,2026-05-06 16:04:16.020
8001,1476879,0.0,0.0,0.0,2026-05-06 16:04:16.020
8002,1476926,0.0,0.0,0.0,2026-05-06 16:04:16.020
8003,1477148,0.0,0.0,0.0,2026-05-06 16:04:16.020
8004,1477557,0.0,0.0,0.0,2026-05-06 16:04:16.020
8005,1477780,0.0,0.0,0.0,2026-05-06 16:04:16.020
8006,1477884,0.0,0.0,0.0,2026-05-06 16:04:16.020
8007,1478107,0.0,0.0,0.0,2026-05-06 16:04:16.020
8008,1478344,0.0,0.0,0.0,2026-05-06 16:04:16.020
8009,1478567,0.0,0.0,0.0,2026-05-06 16:04:16.020
8010,1478806,0.0,0.0,0.0,2026-05-06 16:04:16.020
8011,1479027,0.0,0.0,0.0,2026-05-06 16:04:16.349
8012,1479248,0.0,0.0,0.0,2026-05-06 16:04:16.349
8013,1479471,0.0,0.0,0.0,2026-05-06 16:04:16.349
8014,1479736,0.0,0.0,0.0,2026-05-06 16:04:16.349
8015,1479782,0.0,0.0,0.0,2026-05-06 16:04:16.349
8016,1480003,0.0,0.0,0.0,2026-05-06 16:04:16.349
8017,1480241,0.0,0.0,0.0,2026-05-06 16:04:16.349
8018,1480462,0.0,0.0,0.0,2026-05-06 16:04:16.349
8019,1480685,0.0,0.0,0.0,2026-05-06 16:04:16.349
8020,1480731,0.0,0.0,0.0,2026-05-06 16:04:16.349
8021,1480953,0.0,0.0,0.0,2026-05-06 16:04:16.349
8022,1481190,0.0,0.0,0.0,2026-05-06 16:04:16.349
8023,1481411,0.0,0.0,0.0,2026-05-06 16:04:16.349
8024,1481633,0.0,0.0,0.0,2026-05-06 16:04:16.349
8025,1481679,0.0,0.0,0.0,2026-05-06 16:04:16.349
8026,1481901,0.0,0.0,0.0,2026-05-06 16:04:16.349
8027,1482311,0.0,0.0,0.0,2026-05-06 16:04:16.349
8028,1482532,0.0,0.0,0.0,2026-05-06 16:04:17.042
8029,1482636,0.0,0.0,0.0,2026-05-06 16:04:17.042
8030,1482861,0.0,0.0,0.0,2026-05-06 16:04:17.042
8031,1483098,0.0,0.0,0.0,2026-05-06 16:04:17.042
8032,1483320,0.0,0.0,0.0,2026-05-06 16:04:17.042
8033,1483543,0.0,0.0,0.0,2026-05-06 16:04:17.042
8034,1483588,0.0,0.0,0.0,2026-05-06 16:04:17.042
8035,1483811,0.0,0.0,0.0,2026-05-06 16:04:17.042
8036,1484218,0.0,0.0,0.0,2026-05-06 16:04:17.042
8037,1484439,0.0,0.0,0.0,2026-05-06 16:04:17.042
8038,1484544,0.0,0.0,0.0,2026-05-06 16:04:17.042
8039,1484765,0.0,0.0,0.0,2026-05-06 16:04:17.042
8040,1485003,0.0,0.0,0.0,2026-05-06 16:04:17.042
8041,1485225,0.0,0.0,0.0,2026-05-06 16:04:17.042
8042,1485447,0.0,0.0,0.0,2026-05-06 16:04:17.042
8043,1485493,0.0,0.0,0.0,2026-05-06 16:04:17.042
8044,1485714,0.0,0.0,0.0,2026-05-06 16:04:17.042
8045,1486123,0.0,0.0,0.0,2026-05-06 16:04:17.042
8046,1486345,0.0,0.0,0.0,2026-05-06 16:04:17.042
8047,1486449,0.0,0.0,0.0,2026-05-06 16:04:17.042
8048,1486673,0.0,0.0,0.0,2026-05-06 16:04:17.042
8049,1486910,0.0,0.0,0.0,2026-05-06 16:04:17.042
8050,1487131,0.0,0.0,0.0,2026-05-06 16:04:17.042
8051,1487352,0.0,0.0,0.0,2026-05-06 16:04:17.042
8052,1487398,0.0,0.0,0.0,2026-05-06 16:04:17.042
8053,1487619,0.0,0.0,0.0,2026-05-06 16:04:17.042
8054,1488026,0.0,0.0,0.0,2026-05-06 16:04:17.042
8055,1488247,0.0,0.0,0.0,2026-05-06 16:04:17.042
8056,1488352,0.0,0.0,0.0,2026-05-06 16:04:17.042
8057,1488573,0.0,0.0,0.0,2026-05-06 16:04:17.042
8058,1488794,0.0,0.0,0.0,2026-05-06 16:04:17.042
8059,1488839,0.0,0.0,0.0,2026-05-06 16:04:17.042
8060,1489060,0.0,0.0,0.0,2026-05-06 16:04:17.042
8061,1489297,0.0,0.0,0.0,2026-05-06 16:04:17.042
8062,1489518,0.0,0.0,0.0,2026-05-06 16:04:17.042
8063,1489739,0.0,0.0,0.0,2026-05-06 16:04:17.042
8064,1489961,0.0,0.0,0.0,2026-05-06 16:04:17.042
8065,1490183,0.0,0.0,0.0,2026-05-06 16:04:17.042
8066,1490247,0.0,0.0,0.0,2026-05-06 16:04:17.042
8067,1490472,0.0,0.0,0.0,2026-05-06 16:04:17.042
8068,1490693,0.0,0.0,0.0,2026-05-06 16:04:17.751
8069,1490739,0.0,0.0,0.0,2026-05-06 16:04:17.751
8070,1490962,0.0,0.0,0.0,2026-05-06 16:04:17.751
8071,1491201,0.0,0.0,0.0,2026-05-06 16:04:17.751
8072,1491422,0.0,0.0,0.0,2026-05-06 16:04:17.751
8073,1491644,0.0,0.0,0.0,2026-05-06 16:04:17.751
8074,1491864,0.0,0.0,0.0,2026-05-06 16:04:17.751
8075,1492085,0.0,0.0,0.0,2026-05-06 16:04:17.751
8076,1492145,0.0,0.0,0.0,2026-05-06 16:04:17.751
8077,1492366,0.0,0.0,0.0,2026-05-06 16:04:17.751
8078,1492589,0.0,0.0,0.0,2026-05-06 16:04:17.751
8079,1492638,0.0,0.0,0.0,2026-05-06 16:04:17.751
8080,1492859,0.0,0.0,0.0,2026-05-06 16:04:17.751
8081,1493096,0.0,0.0,0.0,2026-05-06 16:04:17.751
8082,1493317,0.0,0.0,0.0,2026-05-06 16:04:17.751
8083,1493540,0.0,0.0,0.0,2026-05-06 16:04:17.751
8084,1493761,0.0,0.0,0.0,2026-05-06 16:04:17.751
8085,1493982,0.0,0.0,0.0,2026-05-06 16:04:17.751
8086,1494042,0.0,0.0,0.0,2026-05-06 16:04:17.751
8087,1494263,0.0,0.0,0.0,2026-05-06 16:04:17.751
8088,1494484,0.0,0.0,0.0,2026-05-06 16:04:17.751
8089,1494533,0.0,0.0,0.0,2026-05-06 16:04:17.751
8090,1494755,0.0,0.0,0.0,2026-05-06 16:04:17.751
8091,1494992,0.0,0.0,0.0,2026-05-06 16:04:17.751
8092,1495213,0.0,0.0,0.0,2026-05-06 16:04:17.751
8093,1495435,0.0,0.0,0.0,2026-05-06 16:04:17.751
8094,1495658,0.0,0.0,0.0,2026-05-06 16:04:17.751
8095,1495879,0.0,0.0,0.0,2026-05-06 16:04:17.751
8096,1495939,0.0,0.0,0.0,2026-05-06 16:04:17.751
8097,1496160,0.0,0.0,0.0,2026-05-06 16:04:17.751
8098,1496381,0.0,0.0,0.0,2026-05-06 16:04:17.751
8099,1496430,0.0,0.0,0.0,2026-05-06 16:04:17.751
8100,1496652,0.0,0.0,0.0,2026-05-06 16:04:17.751
8101,1496889,0.0,0.0,0.0,2026-05-06 16:04:17.751
8102,1497110,0.0,0.0,0.0,2026-05-06 16:04:17.751
8103,1497332,0.0,0.0,0.0,2026-05-06 16:04:17.751
8104,1497554,0.0,0.0,0.0,2026-05-06 16:04:17.751
8105,1497775,0.0,0.0,0.0,2026-05-06 16:04:17.751
8106,1497835,0.0,0.0,0.0,2026-05-06 16:04:17.751
8107,1498059,0.0,0.0,0.0,2026-05-06 16:04:17.751
8108,1498280,0.0,0.0,0.0,2026-05-06 16:04:17.751
8109,1498329,0.0,0.0,0.0,2026-05-06 16:04:17.751
8110,1498550,0.0,0.0,0.0,2026-05-06 16:04:17.798
8111,1498788,0.0,0.0,0.0,2026-05-06 16:04:17.847
8112,1499010,0.0,0.0,0.0,2026-05-06 16:04:18.238
8113,1499231,0.0,0.0,0.0,2026-05-06 16:04:18.238
8114,1499452,0.0,0.0,0.0,2026-05-06 16:04:18.238
8115,1499673,0.0,0.0,0.0,2026-05-06 16:04:18.238
8116,1499733,0.0,0.0,0.0,2026-05-06 16:04:18.238
8117,1499955,0.0,0.0,0.0,2026-05-06 16:04:18.238
8118,1500176,0.0,0.0,0.0,2026-05-06 16:04:18.238
8119,1500225,0.0,0.0,0.0,2026-05-06 16:04:18.238
8120,1500446,0.0,0.0,0.0,2026-05-06 16:04:18.238
8121,1500679,0.0,0.0,0.0,2026-05-06 16:04:18.238
8122,1500901,0.0,0.0,0.0,2026-05-06 16:04:18.238
8123,1501123,0.0,0.0,0.0,2026-05-06 16:04:18.238
8124,1501350,0.0,0.0,0.0,2026-05-06 16:04:18.238
8125,1501571,0.0,0.0,0.0,2026-05-06 16:04:18.238
8126,1501631,0.0,0.0,0.0,2026-05-06 16:04:18.238
8127,1501852,0.0,0.0,0.0,2026-05-06 16:04:18.238
8128,1502073,0.0,0.0,0.0,2026-05-06 16:04:18.238
8129,1502122,0.0,0.0,0.0,2026-05-06 16:04:18.238
8130,1502343,0.0,0.0,0.0,2026-05-06 16:04:18.238
8131,1502564,0.0,0.0,0.0,2026-05-06 16:04:18.238
8132,1502784,0.0,0.0,0.0,2026-05-06 16:04:18.238
8133,1503006,0.0,0.0,0.0,2026-05-06 16:04:18.238
8134,1503128,0.0,0.0,0.0,2026-05-06 16:04:18.238
8135,1503349,0.0,0.0,0.0,2026-05-06 16:04:18.238
8136,1503521,0.0,0.0,0.0,2026-05-06 16:04:18.238
8137,1503742,0.0,0.0,0.0,2026-05-06 16:04:18.238
8138,1503964,0.0,0.0,0.0,2026-05-06 16:04:18.333
8139,1504018,0.0,0.0,0.0,2026-05-06 16:04:18.333
8140,1504239,0.0,0.0,0.0,2026-05-06 16:04:18.333
8141,1504646,0.0,0.0,0.0,2026-05-06 16:04:18.333
8142,1504867,0.0,0.0,0.0,2026-05-06 16:04:18.333
8143,1505090,0.0,0.0,0.0,2026-05-06 16:04:18.493
8144,1505312,0.0,0.0,0.0,2026-05-06 16:04:18.493
8145,1505427,0.0,0.0,0.0,2026-05-06 16:04:18.493
8146,1505651,0.0,0.0,0.0,2026-05-06 16:04:18.493
8147,1505872,0.0,0.0,0.0,2026-05-06 16:04:18.493
8148,1505924,0.0,0.0,0.0,2026-05-06 16:04:18.493
8149,1506146,0.0,0.0,0.0,2026-05-06 16:04:18.493
8150,1506556,0.0,0.0,0.0,2026-05-06 16:04:18.493
8151,1506777,0.0,0.0,0.0,2026-05-06 16:04:19.165
8152,1507057,0.0,0.0,0.0,2026-05-06 16:04:19.165
8153,1507278,0.0,0.0,0.0,2026-05-06 16:04:19.165
8154,1507338,0.0,0.0,0.0,2026-05-06 16:04:19.165
8155,1507559,0.0,0.0,0.0,2026-05-06 16:04:19.165
8156,1507780,0.0,0.0,0.0,2026-05-06 16:04:19.165
8157,1507829,0.0,0.0,0.0,2026-05-06 16:04:19.165
8158,1508050,0.0,0.0,0.0,2026-05-06 16:04:19.165
8159,1508457,0.0,0.0,0.0,2026-05-06 16:04:19.165
8160,1508678,0.0,0.0,0.0,2026-05-06 16:04:19.165
8161,1508958,0.0,0.0,0.0,2026-05-06 16:04:19.165
8162,1509179,0.0,0.0,0.0,2026-05-06 16:04:19.165
8163,1509239,0.0,0.0,0.0,2026-05-06 16:04:19.165
8164,1509461,0.0,0.0,0.0,2026-05-06 16:04:19.165
8165,1509683,0.0,0.0,0.0,2026-05-06 16:04:19.165
8166,1509732,0.0,0.0,0.0,2026-05-06 16:04:19.165
8167,1509953,0.0,0.0,0.0,2026-05-06 16:04:19.165
8168,1510192,0.0,0.0,0.0,2026-05-06 16:04:19.165
8169,1510414,0.0,0.0,0.0,2026-05-06 16:04:19.165
8170,1510653,0.0,0.0,0.0,2026-05-06 16:04:19.165
8171,1510874,0.0,0.0,0.0,2026-05-06 16:04:19.165
8172,1511095,0.0,0.0,0.0,2026-05-06 16:04:19.165
8173,1511140,0.0,0.0,0.0,2026-05-06 16:04:19.165
8174,1511361,0.0,0.0,0.0,2026-05-06 16:04:19.165
8175,1511626,0.0,0.0,0.0,2026-05-06 16:04:19.165
8176,1511847,0.0,0.0,0.0,2026-05-06 16:04:19.165
8177,1512068,0.0,0.0,0.0,2026-05-06 16:04:19.165
8178,1512113,0.0,0.0,0.0,2026-05-06 16:04:19.165
8179,1512334,0.0,0.0,0.0,2026-05-06 16:04:19.165
8180,1512574,0.0,0.0,0.0,2026-05-06 16:04:19.165
8181,1512795,0.0,0.0,0.0,2026-05-06 16:04:19.165
8182,1513016,0.0,0.0,0.0,2026-05-06 16:04:19.165
8183,1513061,0.0,0.0,0.0,2026-05-06 16:04:19.165
8184,1513282,0.0,0.0,0.0,2026-05-06 16:04:19.165
8185,1513521,0.0,0.0,0.0,2026-05-06 16:04:19.165
8186,1513742,0.0,0.0,0.0,2026-05-06 16:04:19.165
8187,1513963,0.0,0.0,0.0,2026-05-06 16:04:19.165
8188,1514008,0.0,0.0,0.0,2026-05-06 16:04:19.165
8189,1514260,0.0,0.0,0.0,2026-05-06 16:04:19.165
8190,1514481,0.0,0.0,0.0,2026-05-06 16:04:19.165
8191,1514702,0.0,0.0,0.0,2026-05-06 16:04:19.165
8192,1514747,0.0,0.0,0.0,2026-05-06 16:04:19.877
8193,1514968,0.0,0.0,0.0,2026-05-06 16:04:19.877
8194,1515207,0.0,0.0,0.0,2026-05-06 16:04:19.877
8195,1515428,0.0,0.0,0.0,2026-05-06 16:04:19.877
8196,1515649,0.0,0.0,0.0,2026-05-06 16:04:19.877
8197,1515694,0.0,0.0,0.0,2026-05-06 16:04:19.877
8198,1515915,0.0,0.0,0.0,2026-05-06 16:04:19.877
8199,1516154,0.0,0.0,0.0,2026-05-06 16:04:19.877
8200,1516599,0.0,0.0,0.0,2026-05-06 16:04:19.877
8201,1516644,0.0,0.0,0.0,2026-05-06 16:04:19.877
8202,1516865,0.0,0.0,0.0,2026-05-06 16:04:19.877
8203,1517104,0.0,0.0,0.0,2026-05-06 16:04:19.877
8204,1517325,0.0,0.0,0.0,2026-05-06 16:04:19.877
8205,1517546,0.0,0.0,0.0,2026-05-06 16:04:19.877
8206,1517591,0.0,0.0,0.0,2026-05-06 16:04:19.877
8207,1517812,0.0,0.0,0.0,2026-05-06 16:04:19.877
8208,1518077,0.0,0.0,0.0,2026-05-06 16:04:19.877
8209,1518297,0.0,0.0,0.0,2026-05-06 16:04:19.877
8210,1518517,0.0,0.0,0.0,2026-05-06 16:04:19.877
8211,1518563,0.0,0.0,0.0,2026-05-06 16:04:19.877
8212,1518784,0.0,0.0,0.0,2026-05-06 16:04:19.877
8213,1519023,0.0,0.0,0.0,2026-05-06 16:04:19.877
8214,1519244,0.0,0.0,0.0,2026-05-06 16:04:19.877
8215,1519465,0.0,0.0,0.0,2026-05-06 16:04:19.877
8216,1519510,0.0,0.0,0.0,2026-05-06 16:04:19.877
8217,1519731,0.0,0.0,0.0,2026-05-06 16:04:19.877
8218,1519970,0.0,0.0,0.0,2026-05-06 16:04:19.877
8219,1520191,0.0,0.0,0.0,2026-05-06 16:04:19.877
8220,1520412,0.0,0.0,0.0,2026-05-06 16:04:19.877
8221,1520457,0.0,0.0,0.0,2026-05-06 16:04:19.877
8222,1520678,0.0,0.0,0.0,2026-05-06 16:04:19.877
8223,1520917,0.0,0.0,0.0,2026-05-06 16:04:19.877
8224,1521138,0.0,0.0,0.0,2026-05-06 16:04:19.877
8225,1521359,0.0,0.0,0.0,2026-05-06 16:04:19.877
8226,1521523,0.0,0.0,0.0,2026-05-06 16:04:19.877
8227,1521744,0.0,0.0,0.0,2026-05-06 16:04:19.877
8228,1521864,0.0,0.0,0.0,2026-05-06 16:04:19.877
8229,1522085,0.0,0.0,0.0,2026-05-06 16:04:19.877
8230,1522306,0.0,0.0,0.0,2026-05-06 16:04:19.877
8231,1522351,0.0,0.0,0.0,2026-05-06 16:04:19.877
8232,1522572,0.0,0.0,0.0,2026-05-06 16:04:19.877
8233,1522811,0.0,0.0,0.0,2026-05-06 16:04:20.115
8234,1523032,0.0,0.0,0.0,2026-05-06 16:04:20.115
8235,1523253,0.0,0.0,0.0,2026-05-06 16:04:20.115
8236,1523472,0.0,0.0,0.0,2026-05-06 16:04:20.115
8237,1523693,0.0,0.0,0.0,2026-05-06 16:04:20.115
8238,1523758,0.0,0.0,0.0,2026-05-06 16:04:20.115
8239,1524203,0.0,0.0,0.0,2026-05-06 16:04:20.115
8240,1524248,0.0,0.0,0.0,2026-05-06 16:04:20.115
8241,1524469,0.0,0.0,0.0,2026-05-06 16:04:20.115
8242,1524766,0.0,0.0,0.0,2026-05-06 16:04:20.115
8243,1524988,0.0,0.0,0.0,2026-05-06 16:04:20.397
8244,1525169,0.0,0.0,0.0,2026-05-06 16:04:20.397
8245,1525390,0.0,0.0,0.0,2026-05-06 16:04:20.397
8246,1525611,0.0,0.0,0.0,2026-05-06 16:04:20.397
8247,1525656,0.0,0.0,0.0,2026-05-06 16:04:20.397
8248,1525877,0.0,0.0,0.0,2026-05-06 16:04:20.397
8249,1526116,0.0,0.0,0.0,2026-05-06 16:04:20.397
8250,1526337,0.0,0.0,0.0,2026-05-06 16:04:20.397
8251,1526558,0.0,0.0,0.0,2026-05-06 16:04:20.397
8252,1526603,0.0,0.0,0.0,2026-05-06 16:04:20.397
8253,1526824,0.0,0.0,0.0,2026-05-06 16:04:20.397
8254,1527063,0.0,0.0,0.0,2026-05-06 16:04:20.397
8255,1527284,0.0,0.0,0.0,2026-05-06 16:04:20.397
8256,1527505,0.0,0.0,0.0,2026-05-06 16:04:20.397
8257,1527550,0.0,0.0,0.0,2026-05-06 16:04:20.397
8258,1527771,0.0,0.0,0.0,2026-05-06 16:04:20.397
8259,1528068,0.0,0.0,0.0,2026-05-06 16:04:20.397
8260,1528289,0.0,0.0,0.0,2026-05-06 16:04:20.776
8261,1528471,0.0,0.0,0.0,2026-05-06 16:04:20.776
8262,1528692,0.0,0.0,0.0,2026-05-06 16:04:20.776
8263,1528931,0.0,0.0,0.0,2026-05-06 16:04:20.776
8264,1529152,0.0,0.0,0.0,2026-05-06 16:04:20.776
8265,1529373,0.0,0.0,0.0,2026-05-06 16:04:20.776
8266,1529418,0.0,0.0,0.0,2026-05-06 16:04:20.776
8267,1529639,0.0,0.0,0.0,2026-05-06 16:04:20.776
8268,1529892,0.0,0.0,0.0,2026-05-06 16:04:20.776
8269,1530113,0.0,0.0,0.0,2026-05-06 16:04:20.776
8270,1530352,0.0,0.0,0.0,2026-05-06 16:04:20.776
8271,1530573,0.0,0.0,0.0,2026-05-06 16:04:20.776
8272,1530794,0.0,0.0,0.0,2026-05-06 16:04:20.776
8273,1530839,0.0,0.0,0.0,2026-05-06 16:04:20.776
8274,1531060,0.0,0.0,0.0,2026-05-06 16:04:20.776
8275,1531299,0.0,0.0,0.0,2026-05-06 16:04:20.776
8276,1531744,0.0,0.0,0.0,2026-05-06 16:04:20.776
8277,1531789,0.0,0.0,0.0,2026-05-06 16:04:20.776
8278,1532010,0.0,0.0,0.0,2026-05-06 16:04:20.776
8279,1532249,0.0,0.0,0.0,2026-05-06 16:04:20.776
8280,1532470,0.0,0.0,0.0,2026-05-06 16:04:20.902
8281,1532691,0.0,0.0,0.0,2026-05-06 16:04:20.902
8282,1532736,0.0,0.0,0.0,2026-05-06 16:04:20.902
8283,1532958,0.0,0.0,0.0,2026-05-06 16:04:20.902
8284,1533197,0.0,0.0,0.0,2026-05-06 16:04:20.902
8285,1533418,0.0,0.0,0.0,2026-05-06 16:04:20.902
8286,1533657,0.0,0.0,0.0,2026-05-06 16:04:20.902
8287,1533878,0.0,0.0,0.0,2026-05-06 16:04:21.578
8288,1534099,0.0,0.0,0.0,2026-05-06 16:04:21.578
8289,1534144,0.0,0.0,0.0,2026-05-06 16:04:21.578
8290,1534365,0.0,0.0,0.0,2026-05-06 16:04:21.578
8291,1534604,0.0,0.0,0.0,2026-05-06 16:04:21.578
8292,1534825,0.0,0.0,0.0,2026-05-06 16:04:21.578
8293,1535046,0.0,0.0,0.0,2026-05-06 16:04:21.578
8294,1535091,0.0,0.0,0.0,2026-05-06 16:04:21.578
8295,1535312,0.0,0.0,0.0,2026-05-06 16:04:21.578
8296,1535551,0.0,0.0,0.0,2026-05-06 16:04:21.578
8297,1535772,0.0,0.0,0.0,2026-05-06 16:04:21.578
8298,1535993,0.0,0.0,0.0,2026-05-06 16:04:21.578
8299,1536038,0.0,0.0,0.0,2026-05-06 16:04:21.578
8300,1536259,0.0,0.0,0.0,2026-05-06 16:04:21.578
8301,1536498,0.0,0.0,0.0,2026-05-06 16:04:21.578
8302,1536719,0.0,0.0,0.0,2026-05-06 16:04:21.578
8303,1536940,0.0,0.0,0.0,2026-05-06 16:04:21.578
8304,1536985,0.0,0.0,0.0,2026-05-06 16:04:21.578
8305,1537206,0.0,0.0,0.0,2026-05-06 16:04:21.578
8306,1537426,0.0,0.0,0.0,2026-05-06 16:04:21.578
8307,1537695,0.0,0.0,0.0,2026-05-06 16:04:21.578
8308,1537934,0.0,0.0,0.0,2026-05-06 16:04:21.578
8309,1538155,0.0,0.0,0.0,2026-05-06 16:04:21.578
8310,1538376,0.0,0.0,0.0,2026-05-06 16:04:21.578
8311,1538421,0.0,0.0,0.0,2026-05-06 16:04:21.578
8312,1538642,0.0,0.0,0.0,2026-05-06 16:04:21.578
8313,1538881,0.0,0.0,0.0,2026-05-06 16:04:21.578
8314,1539146,0.0,0.0,0.0,2026-05-06 16:04:21.578
8315,1539426,0.0,0.0,0.0,2026-05-06 16:04:21.578
8316,1539647,0.0,0.0,0.0,2026-05-06 16:04:21.578
8317,1539828,0.0,0.0,0.0,2026-05-06 16:04:21.578
8318,1540049,0.0,0.0,0.0,2026-05-06 16:04:21.578
8319,1540270,0.0,0.0,0.0,2026-05-06 16:04:21.578
8320,1540315,0.0,0.0,0.0,2026-05-06 16:04:21.578
8321,1540536,0.0,0.0,0.0,2026-05-06 16:04:21.578
8322,1540775,0.0,0.0,0.0,2026-05-06 16:04:21.578
8323,1540996,0.0,0.0,0.0,2026-05-06 16:04:21.578
8324,1541217,0.0,0.0,0.0,2026-05-06 16:04:21.578
8325,1541262,0.0,0.0,0.0,2026-05-06 16:04:21.578
8326,1541483,0.0,0.0,0.0,2026-05-06 16:04:21.578
8327,1541722,0.0,0.0,0.0,2026-05-06 16:04:21.578
8328,1541943,0.0,0.0,0.0,2026-05-06 16:04:22.310
8329,1542164,0.0,0.0,0.0,2026-05-06 16:04:22.310
8330,1542209,0.0,0.0,0.0,2026-05-06 16:04:22.310
8331,1542433,0.0,0.0,0.0,2026-05-06 16:04:22.310
8332,1542673,0.0,0.0,0.0,2026-05-06 16:04:22.310
8333,1542894,0.0,0.0,0.0,2026-05-06 16:04:22.310
8334,1543133,0.0,0.0,0.0,2026-05-06 16:04:22.310
8335,1543354,0.0,0.0,0.0,2026-05-06 16:04:22.310
8336,1543593,0.0,0.0,0.0,2026-05-06 16:04:22.310
8337,1543814,0.0,0.0,0.0,2026-05-06 16:04:22.310
8338,1544035,0.0,0.0,0.0,2026-05-06 16:04:22.310
8339,1544080,0.0,0.0,0.0,2026-05-06 16:04:22.310
8340,1544301,0.0,0.0,0.0,2026-05-06 16:04:22.310
8341,1544540,0.0,0.0,0.0,2026-05-06 16:04:22.310
8342,1544761,0.0,0.0,0.0,2026-05-06 16:04:22.310
8343,1544982,0.0,0.0,0.0,2026-05-06 16:04:22.310
8344,1545027,0.0,0.0,0.0,2026-05-06 16:04:22.310
8345,1545248,0.0,0.0,0.0,2026-05-06 16:04:22.310
8346,1545487,0.0,0.0,0.0,2026-05-06 16:04:22.310
8347,1545708,0.0,0.0,0.0,2026-05-06 16:04:22.310
8348,1545929,0.0,0.0,0.0,2026-05-06 16:04:22.310
8349,1545974,0.0,0.0,0.0,2026-05-06 16:04:22.310
8350,1546198,0.0,0.0,0.0,2026-05-06 16:04:22.310
8351,1546437,0.0,0.0,0.0,2026-05-06 16:04:22.310
8352,1546658,0.0,0.0,0.0,2026-05-06 16:04:22.310
8353,1546879,0.0,0.0,0.0,2026-05-06 16:04:22.310
8354,1546924,0.0,0.0,0.0,2026-05-06 16:04:22.310
8355,1547145,0.0,0.0,0.0,2026-05-06 16:04:22.310
8356,1547384,0.0,0.0,0.0,2026-05-06 16:04:22.310
8357,1547605,0.0,0.0,0.0,2026-05-06 16:04:22.310
8358,1547826,0.0,0.0,0.0,2026-05-06 16:04:22.310
8359,1547871,0.0,0.0,0.0,2026-05-06 16:04:22.310
8360,1548092,0.0,0.0,0.0,2026-05-06 16:04:22.310
8361,1548331,0.0,0.0,0.0,2026-05-06 16:04:22.310
8362,1548552,0.0,0.0,0.0,2026-05-06 16:04:22.310
8363,1548773,0.0,0.0,0.0,2026-05-06 16:04:22.310
8364,1548818,0.0,0.0,0.0,2026-05-06 16:04:22.310
8365,1549039,0.0,0.0,0.0,2026-05-06 16:04:22.310
8366,1549278,0.0,0.0,0.0,2026-05-06 16:04:22.310
8367,1549499,0.0,0.0,0.0,2026-05-06 16:04:22.310
8368,1549720,0.0,0.0,0.0,2026-05-06 16:04:22.310
8369,1549765,0.0,0.0,0.0,2026-05-06 16:04:22.310
8370,1549986,0.0,0.0,0.0,2026-05-06 16:04:23.031
8371,1550225,0.0,0.0,0.0,2026-05-06 16:04:23.031
8372,1550446,0.0,0.0,0.0,2026-05-06 16:04:23.031
8373,1550667,0.0,0.0,0.0,2026-05-06 16:04:23.031
8374,1550712,0.0,0.0,0.0,2026-05-06 16:04:23.031
8375,1550933,0.0,0.0,0.0,2026-05-06 16:04:23.031
8376,1551172,0.0,0.0,0.0,2026-05-06 16:04:23.031
8377,1551393,0.0,0.0,0.0,2026-05-06 16:04:23.031
8378,1551614,0.0,0.0,0.0,2026-05-06 16:04:23.031
8379,1551659,0.0,0.0,0.0,2026-05-06 16:04:23.031
8380,1551881,0.0,0.0,0.0,2026-05-06 16:04:23.031
8381,1552120,0.0,0.0,0.0,2026-05-06 16:04:23.031
8382,1552341,0.0,0.0,0.0,2026-05-06 16:04:23.031
8383,1552580,0.0,0.0,0.0,2026-05-06 16:04:23.031
8384,1552801,0.0,0.0,0.0,2026-05-06 16:04:23.031
8385,1553022,0.0,0.0,0.0,2026-05-06 16:04:23.031
8386,1553241,0.0,0.0,0.0,2026-05-06 16:04:23.031
8387,1553462,0.0,0.0,0.0,2026-05-06 16:04:23.031
8388,1553527,0.0,0.0,0.0,2026-05-06 16:04:23.031
8389,1553751,0.0,0.0,0.0,2026-05-06 16:04:23.031
8390,1553972,0.0,0.0,0.0,2026-05-06 16:04:23.031
8391,1554017,0.0,0.0,0.0,2026-05-06 16:04:23.031
8392,1554238,0.0,0.0,0.0,2026-05-06 16:04:23.031
8393,1554477,0.0,0.0,0.0,2026-05-06 16:04:23.031
8394,1554701,0.0,0.0,0.0,2026-05-06 16:04:23.031
8395,1554922,0.0,0.0,0.0,2026-05-06 16:04:23.031
8396,1554967,0.0,0.0,0.0,2026-05-06 16:04:23.031
8397,1555188,0.0,0.0,0.0,2026-05-06 16:04:23.031
8398,1555427,0.0,0.0,0.0,2026-05-06 16:04:23.031
8399,1555648,0.0,0.0,0.0,2026-05-06 16:04:23.031
8400,1555869,0.0,0.0,0.0,2026-05-06 16:04:23.031
8401,1555914,0.0,0.0,0.0,2026-05-06 16:04:23.031
8402,1556135,0.0,0.0,0.0,2026-05-06 16:04:23.031
8403,1556374,0.0,0.0,0.0,2026-05-06 16:04:23.031
8404,1556595,0.0,0.0,0.0,2026-05-06 16:04:23.031
8405,1556815,0.0,0.0,0.0,2026-05-06 16:04:23.031
8406,1556860,0.0,0.0,0.0,2026-05-06 16:04:23.031
8407,1557081,0.0,0.0,0.0,2026-05-06 16:04:23.031
8408,1557302,0.0,0.0,0.0,2026-05-06 16:04:23.031
8409,1557347,0.0,0.0,0.0,2026-05-06 16:04:23.031
8410,1557568,0.0,0.0,0.0,2026-05-06 16:04:23.031
8411,1557807,0.0,0.0,0.0,2026-05-06 16:04:23.031
8412,1558028,0.0,0.0,0.0,2026-05-06 16:04:23.749
8413,1558249,0.0,0.0,0.0,2026-05-06 16:04:23.749
8414,1558294,0.0,0.0,0.0,2026-05-06 16:04:23.749
8415,1558515,0.0,0.0,0.0,2026-05-06 16:04:23.749
8416,1558754,0.0,0.0,0.0,2026-05-06 16:04:23.749
8417,1558974,0.0,0.0,0.0,2026-05-06 16:04:23.749
8418,1559194,0.0,0.0,0.0,2026-05-06 16:04:23.749
8419,1559240,0.0,0.0,0.0,2026-05-06 16:04:23.749
8420,1559461,0.0,0.0,0.0,2026-05-06 16:04:23.749
8421,1559700,0.0,0.0,0.0,2026-05-06 16:04:23.749
8422,1559921,0.0,0.0,0.0,2026-05-06 16:04:23.749
8423,1560142,0.0,0.0,0.0,2026-05-06 16:04:23.749
8424,1560187,0.0,0.0,0.0,2026-05-06 16:04:23.749
8425,1560408,0.0,0.0,0.0,2026-05-06 16:04:23.749
8426,1560673,0.0,0.0,0.0,2026-05-06 16:04:23.749
8427,1560894,0.0,0.0,0.0,2026-05-06 16:04:23.749
8428,1561118,0.0,0.0,0.0,2026-05-06 16:04:23.749
8429,1561163,0.0,0.0,0.0,2026-05-06 16:04:23.749
8430,1561384,0.0,0.0,0.0,2026-05-06 16:04:23.749
8431,1561623,0.0,0.0,0.0,2026-05-06 16:04:23.749
8432,1561844,0.0,0.0,0.0,2026-05-06 16:04:23.749
8433,1562065,0.0,0.0,0.0,2026-05-06 16:04:23.749
8434,1562110,0.0,0.0,0.0,2026-05-06 16:04:23.749
8435,1562331,0.0,0.0,0.0,2026-05-06 16:04:23.749
8436,1562570,0.0,0.0,0.0,2026-05-06 16:04:23.749
8437,1562791,0.0,0.0,0.0,2026-05-06 16:04:23.749
8438,1563012,0.0,0.0,0.0,2026-05-06 16:04:23.749
8439,1563057,0.0,0.0,0.0,2026-05-06 16:04:23.749
8440,1563278,0.0,0.0,0.0,2026-05-06 16:04:23.749
8441,1563517,0.0,0.0,0.0,2026-05-06 16:04:23.749
8442,1563738,0.0,0.0,0.0,2026-05-06 16:04:23.749
8443,1563959,0.0,0.0,0.0,2026-05-06 16:04:23.749
8444,1564004,0.0,0.0,0.0,2026-05-06 16:04:23.749
8445,1564225,0.0,0.0,0.0,2026-05-06 16:04:23.749
8446,1564464,0.0,0.0,0.0,2026-05-06 16:04:23.749
8447,1564685,0.0,0.0,0.0,2026-05-06 16:04:23.749
8448,1564906,0.0,0.0,0.0,2026-05-06 16:04:23.749
8449,1564951,0.0,0.0,0.0,2026-05-06 16:04:23.749
8450,1565172,0.0,0.0,0.0,2026-05-06 16:04:23.749
8451,1565411,0.0,0.0,0.0,2026-05-06 16:04:23.749
8452,1565632,0.0,0.0,0.0,2026-05-06 16:04:23.749
8453,1565853,0.0,0.0,0.0,2026-05-06 16:04:23.749
8454,1565898,0.0,0.0,0.0,2026-05-06 16:04:23.749
8455,1566119,0.0,0.0,0.0,2026-05-06 16:04:24.470
8456,1566358,0.0,0.0,0.0,2026-05-06 16:04:24.470
8457,1566579,0.0,0.0,0.0,2026-05-06 16:04:24.470
8458,1566800,0.0,0.0,0.0,2026-05-06 16:04:24.470
8459,1566845,0.0,0.0,0.0,2026-05-06 16:04:24.470
8460,1567066,0.0,0.0,0.0,2026-05-06 16:04:24.470
8461,1567305,0.0,0.0,0.0,2026-05-06 16:04:24.470
8462,1567526,0.0,0.0,0.0,2026-05-06 16:04:24.470
8463,1567747,0.0,0.0,0.0,2026-05-06 16:04:24.470
8464,1567792,0.0,0.0,0.0,2026-05-06 16:04:24.470
8465,1568013,0.0,0.0,0.0,2026-05-06 16:04:24.470
8466,1568252,0.0,0.0,0.0,2026-05-06 16:04:24.470
8467,1568473,0.0,0.0,0.0,2026-05-06 16:04:24.470
8468,1568697,0.0,0.0,0.0,2026-05-06 16:04:24.470
8469,1568742,0.0,0.0,0.0,2026-05-06 16:04:24.470
8470,1568962,0.0,0.0,0.0,2026-05-06 16:04:24.470
8471,1569182,0.0,0.0,0.0,2026-05-06 16:04:24.470
8472,1569227,0.0,0.0,0.0,2026-05-06 16:04:24.470
8473,1569448,0.0,0.0,0.0,2026-05-06 16:04:24.470
8474,1569669,0.0,0.0,0.0,2026-05-06 16:04:24.470
8475,1569714,0.0,0.0,0.0,2026-05-06 16:04:24.470
8476,1569935,0.0,0.0,0.0,2026-05-06 16:04:24.470
8477,1570174,0.0,0.0,0.0,2026-05-06 16:04:24.470
8478,1570395,0.0,0.0,0.0,2026-05-06 16:04:24.470
8479,1570616,0.0,0.0,0.0,2026-05-06 16:04:24.470
8480,1570661,0.0,0.0,0.0,2026-05-06 16:04:24.470
8481,1570882,0.0,0.0,0.0,2026-05-06 16:04:24.470
8482,1571121,0.0,0.0,0.0,2026-05-06 16:04:24.470
8483,1571342,0.0,0.0,0.0,2026-05-06 16:04:24.470
8484,1571563,0.0,0.0,0.0,2026-05-06 16:04:24.470
8485,1571608,0.0,0.0,0.0,2026-05-06 16:04:24.470
8486,1571829,0.0,0.0,0.0,2026-05-06 16:04:24.470
8487,1572068,0.0,0.0,0.0,2026-05-06 16:04:24.470
8488,1572289,0.0,0.0,0.0,2026-05-06 16:04:24.470
8489,1572510,0.0,0.0,0.0,2026-05-06 16:04:24.470
8490,1572555,0.0,0.0,0.0,2026-05-06 16:04:24.470
8491,1572776,0.0,0.0,0.0,2026-05-06 16:04:24.470
8492,1573015,0.0,0.0,0.0,2026-05-06 16:04:24.470
8493,1573236,0.0,0.0,0.0,2026-05-06 16:04:24.470
8494,1573457,0.0,0.0,0.0,2026-05-06 16:04:24.470
8495,1573502,0.0,0.0,0.0,2026-05-06 16:04:24.470
8496,1573723,0.0,0.0,0.0,2026-05-06 16:04:24.470
8497,1573962,0.0,0.0,0.0,2026-05-06 16:04:25.186
8498,1574183,0.0,0.0,0.0,2026-05-06 16:04:25.186
8499,1574404,0.0,0.0,0.0,2026-05-06 16:04:25.186
8500,1574449,0.0,0.0,0.0,2026-05-06 16:04:25.186
8501,1574670,0.0,0.0,0.0,2026-05-06 16:04:25.186
8502,1574909,0.0,0.0,0.0,2026-05-06 16:04:25.186
8503,1575130,0.0,0.0,0.0,2026-05-06 16:04:25.186
8504,1575351,0.0,0.0,0.0,2026-05-06 16:04:25.186
8505,1575396,0.0,0.0,0.0,2026-05-06 16:04:25.186
8506,1575617,0.0,0.0,0.0,2026-05-06 16:04:25.186
8507,1575856,0.0,0.0,0.0,2026-05-06 16:04:25.186
8508,1576077,0.0,0.0,0.0,2026-05-06 16:04:25.186
8509,1576301,0.0,0.0,0.0,2026-05-06 16:04:25.186
8510,1576346,0.0,0.0,0.0,2026-05-06 16:04:25.186
8511,1576567,0.0,0.0,0.0,2026-05-06 16:04:25.186
8512,1576806,0.0,0.0,0.0,2026-05-06 16:04:25.186
8513,1577027,0.0,0.0,0.0,2026-05-06 16:04:25.186
8514,1577248,0.0,0.0,0.0,2026-05-06 16:04:25.186
8515,1577293,0.0,0.0,0.0,2026-05-06 16:04:25.186
8516,1577514,0.0,0.0,0.0,2026-05-06 16:04:25.186
8517,1577734,0.0,0.0,0.0,2026-05-06 16:04:25.186
8518,1577779,0.0,0.0,0.0,2026-05-06 16:04:25.186
8519,1578000,0.0,0.0,0.0,2026-05-06 16:04:25.186
8520,1578239,0.0,0.0,0.0,2026-05-06 16:04:25.186
8521,1578459,0.0,0.0,0.0,2026-05-06 16:04:25.186
8522,1578680,0.0,0.0,0.0,2026-05-06 16:04:25.186
8523,1578725,0.0,0.0,0.0,2026-05-06 16:04:25.186
8524,1578946,0.0,0.0,0.0,2026-05-06 16:04:25.186
8525,1579167,0.0,0.0,0.0,2026-05-06 16:04:25.186
8526,1579212,0.0,0.0,0.0,2026-05-06 16:04:25.186
8527,1579433,0.0,0.0,0.0,2026-05-06 16:04:25.186
8528,1579672,0.0,0.0,0.0,2026-05-06 16:04:25.186
8529,1579893,0.0,0.0,0.0,2026-05-06 16:04:25.186
8530,1580114,0.0,0.0,0.0,2026-05-06 16:04:25.186
8531,1580159,0.0,0.0,0.0,2026-05-06 16:04:25.186
8532,1580380,0.0,0.0,0.0,2026-05-06 16:04:25.186
8533,1580619,0.0,0.0,0.0,2026-05-06 16:04:25.186
8534,1580840,0.0,0.0,0.0,2026-05-06 16:04:25.186
8535,1581061,0.0,0.0,0.0,2026-05-06 16:04:25.186
8536,1581106,0.0,0.0,0.0,2026-05-06 16:04:25.186
8537,1581327,0.0,0.0,0.0,2026-05-06 16:04:25.186
8538,1581566,0.0,0.0,0.0,2026-05-06 16:04:25.186
8539,1581831,0.0,0.0,0.0,2026-05-06 16:04:25.186
8540,1582053,0.0,0.0,0.0,2026-05-06 16:04:25.904
8541,1582274,0.0,0.0,0.0,2026-05-06 16:04:25.904
8542,1582513,0.0,0.0,0.0,2026-05-06 16:04:25.904
8543,1582734,0.0,0.0,0.0,2026-05-06 16:04:25.904
8544,1582955,0.0,0.0,0.0,2026-05-06 16:04:25.904
8545,1583000,0.0,0.0,0.0,2026-05-06 16:04:25.904
8546,1583221,0.0,0.0,0.0,2026-05-06 16:04:25.904
8547,1583460,0.0,0.0,0.0,2026-05-06 16:04:25.904
8548,1583682,0.0,0.0,0.0,2026-05-06 16:04:25.904
8549,1583924,0.0,0.0,0.0,2026-05-06 16:04:25.904
8550,1584145,0.0,0.0,0.0,2026-05-06 16:04:25.904
8551,1584366,0.0,0.0,0.0,2026-05-06 16:04:25.904
8552,1584411,0.0,0.0,0.0,2026-05-06 16:04:25.904
8553,1584632,0.0,0.0,0.0,2026-05-06 16:04:25.904
8554,1585046,0.0,0.0,0.0,2026-05-06 16:04:25.904
8555,1585267,0.0,0.0,0.0,2026-05-06 16:04:25.904
8556,1585332,0.0,0.0,0.0,2026-05-06 16:04:25.904
8557,1585553,0.0,0.0,0.0,2026-05-06 16:04:25.904
8558,1585792,0.0,0.0,0.0,2026-05-06 16:04:25.904
8559,1586013,0.0,0.0,0.0,2026-05-06 16:04:25.904
8560,1586234,0.0,0.0,0.0,2026-05-06 16:04:25.904
8561,1586279,0.0,0.0,0.0,2026-05-06 16:04:25.904
8562,1586500,0.0,0.0,0.0,2026-05-06 16:04:25.904
8563,1586739,0.0,0.0,0.0,2026-05-06 16:04:25.904
8564,1586960,0.0,0.0,0.0,2026-05-06 16:04:25.904
8565,1587181,0.0,0.0,0.0,2026-05-06 16:04:25.904
8566,1587226,0.0,0.0,0.0,2026-05-06 16:04:25.904
8567,1587448,0.0,0.0,0.0,2026-05-06 16:04:25.904
8568,1587687,0.0,0.0,0.0,2026-05-06 16:04:25.904
8569,1587908,0.0,0.0,0.0,2026-05-06 16:04:25.904
8570,1588147,0.0,0.0,0.0,2026-05-06 16:04:25.904
8571,1588368,0.0,0.0,0.0,2026-05-06 16:04:25.904
8572,1588589,0.0,0.0,0.0,2026-05-06 16:04:25.904
8573,1588634,0.0,0.0,0.0,2026-05-06 16:04:25.904
8574,1588855,0.0,0.0,0.0,2026-05-06 16:04:25.904
8575,1589094,0.0,0.0,0.0,2026-05-06 16:04:25.904
8576,1589315,0.0,0.0,0.0,2026-05-06 16:04:25.904
8577,1589536,0.0,0.0,0.0,2026-05-06 16:04:25.904
8578,1589581,0.0,0.0,0.0,2026-05-06 16:04:25.904
8579,1589802,0.0,0.0,0.0,2026-05-06 16:04:25.904
8580,1590041,0.0,0.0,0.0,2026-05-06 16:04:26.027
8581,1590262,0.0,0.0,0.0,2026-05-06 16:04:26.027
8582,1590483,0.0,0.0,0.0,2026-05-06 16:04:26.027
8583,1590528,0.0,0.0,0.0,2026-05-06 16:04:26.027
8584,1590972,0.0,0.0,0.0,2026-05-06 16:04:26.027
8585,1591017,0.0,0.0,0.0,2026-05-06 16:04:26.027
8586,1591238,0.0,0.0,0.0,2026-05-06 16:04:26.707
8587,1591477,0.0,0.0,0.0,2026-05-06 16:04:26.707
8588,1591698,0.0,0.0,0.0,2026-05-06 16:04:26.707
8589,1591919,0.0,0.0,0.0,2026-05-06 16:04:26.707
8590,1591964,0.0,0.0,0.0,2026-05-06 16:04:26.707
8591,1592185,0.0,0.0,0.0,2026-05-06 16:04:26.707
8592,1592426,0.0,0.0,0.0,2026-05-06 16:04:26.707
8593,1592647,0.0,0.0,0.0,2026-05-06 16:04:26.707
8594,1592868,0.0,0.0,0.0,2026-05-06 16:04:26.707
8595,1592913,0.0,0.0,0.0,2026-05-06 16:04:26.707
8596,1593134,0.0,0.0,0.0,2026-05-06 16:04:26.707
8597,1593373,0.0,0.0,0.0,2026-05-06 16:04:26.707
8598,1593594,0.0,0.0,0.0,2026-05-06 16:04:26.707
8599,1593814,0.0,0.0,0.0,2026-05-06 16:04:26.707
8600,1593859,0.0,0.0,0.0,2026-05-06 16:04:26.707
8601,1594080,0.0,0.0,0.0,2026-05-06 16:04:26.707
8602,1594301,0.0,0.0,0.0,2026-05-06 16:04:26.707
8603,1594346,0.0,0.0,0.0,2026-05-06 16:04:26.707
8604,1594567,0.0,0.0,0.0,2026-05-06 16:04:26.707
8605,1594806,0.0,0.0,0.0,2026-05-06 16:04:26.707
8606,1595027,0.0,0.0,0.0,2026-05-06 16:04:26.707
8607,1595248,0.0,0.0,0.0,2026-05-06 16:04:26.707
8608,1595293,0.0,0.0,0.0,2026-05-06 16:04:26.707
8609,1595514,0.0,0.0,0.0,2026-05-06 16:04:26.707
8610,1595753,0.0,0.0,0.0,2026-05-06 16:04:26.707
8611,1595974,0.0,0.0,0.0,2026-05-06 16:04:26.707
8612,1596195,0.0,0.0,0.0,2026-05-06 16:04:26.707
8613,1596240,0.0,0.0,0.0,2026-05-06 16:04:26.707
8614,1596461,0.0,0.0,0.0,2026-05-06 16:04:26.707
8615,1596700,0.0,0.0,0.0,2026-05-06 16:04:26.707
8616,1596921,0.0,0.0,0.0,2026-05-06 16:04:26.707
8617,1597142,0.0,0.0,0.0,2026-05-06 16:04:26.707
8618,1597187,0.0,0.0,0.0,2026-05-06 16:04:26.707
8619,1597408,0.0,0.0,0.0,2026-05-06 16:04:26.707
8620,1597647,0.0,0.0,0.0,2026-05-06 16:04:26.707
8621,1597868,0.0,0.0,0.0,2026-05-06 16:04:26.707
8622,1598088,0.0,0.0,0.0,2026-05-06 16:04:26.707
8623,1598133,0.0,0.0,0.0,2026-05-06 16:04:26.707
8624,1598597,0.0,0.0,0.0,2026-05-06 16:04:26.707
8625,1598818,0.0,0.0,0.0,2026-05-06 16:04:26.707
8626,1599042,0.0,0.0,0.0,2026-05-06 16:04:26.707
8627,1599087,0.0,0.0,0.0,2026-05-06 16:04:26.707
8628,1599308,0.0,0.0,0.0,2026-05-06 16:56:21.675
8629,1599547,0.0,0.0,0.0,2026-05-06 16:56:21.675
8630,1599768,0.0,0.0,0.0,2026-05-06 16:56:21.675
8631,1599989,0.0,0.0,0.0,2026-05-06 16:56:21.675
8632,1600034,0.0,0.0,0.0,2026-05-06 16:56:21.675
8633,1600255,0.0,0.0,0.0,2026-05-06 16:56:21.675
8634,1600494,0.0,0.0,0.0,2026-05-06 16:56:21.675
8635,1600715,0.0,0.0,0.0,2026-05-06 16:56:21.675
8636,1600936,0.0,0.0,0.0,2026-05-06 16:56:21.675
8637,1600981,0.0,0.0,0.0,2026-05-06 16:56:21.675
8638,1601201,0.0,0.0,0.0,2026-05-06 16:56:21.675
8639,1601422,0.0,0.0,0.0,2026-05-06 16:56:21.675
8640,1601467,0.0,0.0,0.0,2026-05-06 16:56:21.675
8641,1601688,0.0,0.0,0.0,2026-05-06 16:56:22.352
8642,1601927,0.0,0.0,0.0,2026-05-06 16:56:22.352
8643,1602148,0.0,0.0,0.0,2026-05-06 16:56:22.352
8644,1602368,0.0,0.0,0.0,2026-05-06 16:56:22.352
8645,1602413,0.0,0.0,0.0,2026-05-06 16:56:22.352
8646,1602634,0.0,0.0,0.0,2026-05-06 16:56:22.352
8647,1602855,0.0,0.0,0.0,2026-05-06 16:56:22.352
8648,1603002,0.0,0.0,0.0,2026-05-06 16:56:22.352
8649,1603223,0.0,0.0,0.0,2026-05-06 16:56:22.352
8650,1603389,0.0,0.0,0.0,2026-05-06 16:56:22.352
8651,1603610,0.0,0.0,0.0,2026-05-06 16:56:22.352
8652,1603831,0.0,0.0,0.0,2026-05-06 16:56:22.352
8653,1603876,0.0,0.0,0.0,2026-05-06 16:56:22.352
8654,1604097,0.0,0.0,0.0,2026-05-06 16:56:22.352
8655,1604336,0.0,0.0,0.0,2026-05-06 16:56:22.352
8656,1604557,0.0,0.0,0.0,2026-05-06 16:56:22.352
8657,1604778,0.0,0.0,0.0,2026-05-06 16:56:22.352
8658,1604823,0.0,0.0,0.0,2026-05-06 16:56:22.352
8659,1605044,0.0,0.0,0.0,2026-05-06 16:56:22.352
8660,1605283,0.0,0.0,0.0,2026-05-06 16:56:22.352
8661,1605504,0.0,0.0,0.0,2026-05-06 16:56:22.352
8662,1605725,0.0,0.0,0.0,2026-05-06 16:56:22.352
8663,1605770,0.0,0.0,0.0,2026-05-06 16:56:22.352
8664,1605991,0.0,0.0,0.0,2026-05-06 16:56:22.352
8665,1606230,0.0,0.0,0.0,2026-05-06 16:56:22.352
8666,1606451,0.0,0.0,0.0,2026-05-06 16:56:22.352
8667,1606672,0.0,0.0,0.0,2026-05-06 16:56:22.352
8668,1606717,0.0,0.0,0.0,2026-05-06 16:56:22.352
8669,1606937,0.0,0.0,0.0,2026-05-06 16:56:22.352
8670,1607158,0.0,0.0,0.0,2026-05-06 16:56:22.352
8671,1607203,0.0,0.0,0.0,2026-05-06 16:56:22.352
8672,1607423,0.0,0.0,0.0,2026-05-06 16:56:22.352
8673,1607643,0.0,0.0,0.0,2026-05-06 16:56:22.352
8674,1607688,0.0,0.0,0.0,2026-05-06 16:56:22.352
8675,1607909,0.0,0.0,0.0,2026-05-06 16:56:22.352
8676,1608130,0.0,0.0,0.0,2026-05-06 16:56:22.352
8677,1608175,0.0,0.0,0.0,2026-05-06 16:56:22.352
8678,1608396,0.0,0.0,0.0,2026-05-06 16:56:22.352
8679,1608635,0.0,0.0,0.0,2026-05-06 16:56:22.352
8680,1608856,0.0,0.0,0.0,2026-05-06 16:56:22.352
8681,1609077,0.0,0.0,0.0,2026-05-06 16:56:22.352
8682,1609122,0.0,0.0,0.0,2026-05-06 16:56:22.352
8683,1609343,0.0,0.0,0.0,2026-05-06 16:56:22.352
8684,1609582,0.0,0.0,0.0,2026-05-06 16:56:22.352
8685,1609803,0.0,0.0,0.0,2026-05-06 16:56:23.058
8686,1610024,0.0,0.0,0.0,2026-05-06 16:56:23.058
8687,1610069,0.0,0.0,0.0,2026-05-06 16:56:23.058
8688,1610290,0.0,0.0,0.0,2026-05-06 16:56:23.058
8689,1610529,0.0,0.0,0.0,2026-05-06 16:56:23.058
8690,1610750,0.0,0.0,0.0,2026-05-06 16:56:23.058
8691,1610974,0.0,0.0,0.0,2026-05-06 16:56:23.058
8692,1611019,0.0,0.0,0.0,2026-05-06 16:56:23.058
8693,1611240,0.0,0.0,0.0,2026-05-06 16:56:23.058
8694,1611479,0.0,0.0,0.0,2026-05-06 16:56:23.058
8695,1611700,0.0,0.0,0.0,2026-05-06 16:56:23.058
8696,1611921,0.0,0.0,0.0,2026-05-06 16:56:23.058
8697,1611966,0.0,0.0,0.0,2026-05-06 16:56:23.058
8698,1612187,0.0,0.0,0.0,2026-05-06 16:56:23.058
8699,1612407,0.0,0.0,0.0,2026-05-06 16:56:23.058
8700,1612452,0.0,0.0,0.0,2026-05-06 16:56:23.058
8701,1612673,0.0,0.0,0.0,2026-05-06 16:56:23.058
8702,1612912,0.0,0.0,0.0,2026-05-06 16:56:23.058
8703,1613133,0.0,0.0,0.0,2026-05-06 16:56:23.058
8704,1613354,0.0,0.0,0.0,2026-05-06 16:56:23.058
8705,1613399,0.0,0.0,0.0,2026-05-06 16:56:23.058
8706,1613620,0.0,0.0,0.0,2026-05-06 16:56:23.058
8707,1613861,0.0,0.0,0.0,2026-05-06 16:56:23.058
8708,1614082,0.0,0.0,0.0,2026-05-06 16:56:23.058
8709,1614303,0.0,0.0,0.0,2026-05-06 16:56:23.058
8710,1614348,0.0,0.0,0.0,2026-05-06 16:56:23.058
8711,1614569,0.0,0.0,0.0,2026-05-06 16:56:23.058
8712,1614808,0.0,0.0,0.0,2026-05-06 16:56:23.058
8713,1615029,0.0,0.0,0.0,2026-05-06 16:56:23.058
8714,1615250,0.0,0.0,0.0,2026-05-06 16:56:23.058
8715,1615295,0.0,0.0,0.0,2026-05-06 16:56:23.058
8716,1615516,0.0,0.0,0.0,2026-05-06 16:56:23.058
8717,1615755,0.0,0.0,0.0,2026-05-06 16:56:23.058
8718,1615976,0.0,0.0,0.0,2026-05-06 16:56:23.058
8719,1616197,0.0,0.0,0.0,2026-05-06 16:56:23.058
8720,1616242,0.0,0.0,0.0,2026-05-06 16:56:23.058
8721,1616463,0.0,0.0,0.0,2026-05-06 16:56:23.058
8722,1616702,0.0,0.0,0.0,2026-05-06 16:56:23.058
8723,1616923,0.0,0.0,0.0,2026-05-06 16:56:23.058
8724,1617144,0.0,0.0,0.0,2026-05-06 16:56:23.058
8725,1617189,0.0,0.0,0.0,2026-05-06 16:56:23.058
8726,1617410,0.0,0.0,0.0,2026-05-06 16:56:23.058
8727,1617649,0.0,0.0,0.0,2026-05-06 16:56:23.657
8728,1617870,0.0,0.0,0.0,2026-05-06 16:56:23.657
8729,1618091,0.0,0.0,0.0,2026-05-06 16:56:23.657
8730,1618136,0.0,0.0,0.0,2026-05-06 16:56:23.657
8731,1618357,0.0,0.0,0.0,2026-05-06 16:56:23.657
8732,1618599,0.0,0.0,0.0,2026-05-06 16:56:23.657
8733,1618820,0.0,0.0,0.0,2026-05-06 16:56:23.657
8734,1619041,0.0,0.0,0.0,2026-05-06 16:56:23.657
8735,1619086,0.0,0.0,0.0,2026-05-06 16:56:23.657
8736,1619307,0.0,0.0,0.0,2026-05-06 16:56:23.657
8737,1619545,0.0,0.0,0.0,2026-05-06 16:56:23.657
8738,1619766,0.0,0.0,0.0,2026-05-06 16:56:23.657
8739,1619987,0.0,0.0,0.0,2026-05-06 16:56:23.657
8740,1620033,0.0,0.0,0.0,2026-05-06 16:56:23.657
8741,1620254,0.0,0.0,0.0,2026-05-06 16:56:23.657
8742,1620475,0.0,0.0,0.0,2026-05-06 16:56:23.657
8743,1620520,0.0,0.0,0.0,2026-05-06 16:56:23.657
8744,1620741,0.0,0.0,0.0,2026-05-06 16:56:23.657
8745,1620980,0.0,0.0,0.0,2026-05-06 16:56:23.657
8746,1621201,0.0,0.0,0.0,2026-05-06 16:56:23.657
8747,1621422,0.0,0.0,0.0,2026-05-06 16:56:23.657
8748,1621467,0.0,0.0,0.0,2026-05-06 16:56:23.657
8749,1621689,0.0,0.0,0.0,2026-05-06 16:56:23.657
8750,1621928,0.0,0.0,0.0,2026-05-06 16:56:23.657
8751,1622149,0.0,0.0,0.0,2026-05-06 16:56:23.657
8752,1622370,0.0,0.0,0.0,2026-05-06 16:56:23.657
8753,1622415,0.0,0.0,-0.0016,2026-05-06 16:56:23.657
8754,1622640,0.0,0.0,-0.0022,2026-05-06 16:56:23.657
8755,1622880,0.0,0.0,-0.0083,2026-05-06 16:56:23.657
8756,1623105,0.0,0.0,-0.0083,2026-05-06 16:56:23.657
8757,1623346,0.0,0.0,-0.0203,2026-05-06 16:56:23.657
8758,1623571,0.0,0.0,-0.0203,2026-05-06 16:56:23.657
8759,1623810,0.0,0.0,-0.0384,2026-05-06 16:56:23.657
8760,1624036,0.0,0.0,-0.0417,2026-05-06 16:56:24.102
8761,1624278,0.0,0.0,-0.0662,2026-05-06 16:56:24.102
8762,1624507,0.0,0.0,-0.0662,2026-05-06 16:56:24.102
8763,1624750,0.0,0.0,-0.1083,2026-05-06 16:56:24.102
8764,1624978,0.0,0.0,-0.1083,2026-05-06 16:56:24.102
8765,1625220,0.0,0.0,-0.1439,2026-05-06 16:56:24.102
8766,1625450,0.0,0.0,-0.1482,2026-05-06 16:56:24.102
8767,1625690,0.0,0.0,-0.1696,2026-05-06 16:56:24.102
8768,1625918,0.0,0.0,-0.1724,2026-05-06 16:56:24.102
8769,1626162,0.0,0.0,-0.187,2026-05-06 16:56:24.102
8770,1626390,0.0,0.0,-0.187,2026-05-06 16:56:24.102
8771,1626691,0.0,0.0,-0.1963,2026-05-06 16:56:24.102
8772,1626919,0.0,0.0,-0.1963,2026-05-06 16:56:24.102
8773,1627285,0.0,0.0,-0.2,2026-05-06 16:56:24.102
8774,1627515,0.0,0.0,-0.2,2026-05-06 16:56:24.102
8775,1627575,0.0,0.0,-0.2,2026-05-06 16:56:24.102
8776,1627807,0.0,0.0,-0.2,2026-05-06 16:56:24.102
8777,1628048,0.0,0.0,-0.2,2026-05-06 16:56:24.102
8778,1628280,0.0,0.0,-0.2,2026-05-06 16:56:24.102
8779,1628522,0.0,0.0,-0.2,2026-05-06 16:56:24.102
8780,1628754,0.0,0.0,-0.1995,2026-05-06 16:56:24.102
8781,1628995,0.0,0.0,-0.1943,2026-05-06 16:56:24.102
8782,1629227,0.0,0.0,-0.193,2026-05-06 16:56:24.468
8783,1629469,0.0,0.0,-0.175,2026-05-06 16:56:24.468
8784,1629701,0.0,0.0,-0.175,2026-05-06 16:56:24.468
8785,1629942,0.0,0.0,-0.1299,2026-05-06 16:56:24.468
8786,1630174,0.0,0.0,-0.1205,2026-05-06 16:56:24.468
8787,1630600,0.0,0.0,-0.0599,2026-05-06 16:56:24.468
8788,1630832,0.0,0.0,-0.0513,2026-05-06 16:56:24.468
8789,1630890,0.0,0.0,-0.0143,2026-05-06 16:56:24.468
8790,1631122,0.0,0.0,-0.0143,2026-05-06 16:56:24.468
8791,1631363,0.0,0.0,-0.0021,2026-05-06 16:56:24.468
8792,1631595,0.0,0.0,-0.0013,2026-05-06 16:56:24.468
8793,1631837,0.0,0.0,0.0,2026-05-06 16:56:24.468
8794,1632065,0.0,0.0,0.0,2026-05-06 16:56:24.468
8795,1632306,0.0,0.0,0.0,2026-05-06 16:56:24.468
8796,1632534,0.0,0.0,-0.0005,2026-05-06 16:56:24.468
8797,1632776,0.0,0.0,-0.0044,2026-05-06 16:56:24.468
8798,1633008,0.0,0.0,-0.0044,2026-05-06 16:56:24.468
8799,1633250,0.0,0.0,-0.012,2026-05-06 16:56:25.153
8800,1633481,0.0,0.0,-0.0134,2026-05-06 16:56:25.153
8801,1633723,0.0,0.0,-0.0246,2026-05-06 16:56:25.153
8802,1633954,0.0,0.0,-0.027,2026-05-06 16:56:25.153
8803,1634195,0.0,0.0,-0.049,2026-05-06 16:56:25.153
8804,1634427,0.0,0.0,-0.049,2026-05-06 16:56:25.153
8805,1634795,0.0,0.0,-0.0864,2026-05-06 16:56:25.153
8806,1635027,0.0,0.0,-0.0864,2026-05-06 16:56:25.153
8807,1635330,0.0,0.0,-0.1244,2026-05-06 16:56:25.153
8808,1635562,0.0,0.0,-0.1295,2026-05-06 16:56:25.153
8809,1635620,0.0,0.0,-0.1563,2026-05-06 16:56:25.153
8810,1635852,0.0,0.0,-0.1563,2026-05-06 16:56:25.153
8811,1636093,0.0,0.0,-0.1796,2026-05-06 16:56:25.153
8812,1636348,0.0,0.0,-0.1796,2026-05-06 16:56:25.153
8813,1636580,0.0,0.0,-0.1912,2026-05-06 16:56:25.153
8814,1636812,0.0,0.0,-0.1924,2026-05-06 16:56:25.153
8815,1637054,0.0,0.0,-0.1978,2026-05-06 16:56:25.153
8816,1637286,0.0,0.0,-0.1985,2026-05-06 16:56:25.153
8817,1637527,0.0,0.0,-0.2,2026-05-06 16:56:25.153
8818,1637759,0.0,0.0,-0.2,2026-05-06 16:56:25.153
8819,1638124,0.0,0.0,-0.2,2026-05-06 16:56:25.153
8820,1638356,0.0,0.0,-0.2,2026-05-06 16:56:25.153
8821,1638598,0.0,0.0,-0.2,2026-05-06 16:56:25.153
8822,1638830,0.0,0.0,-0.2,2026-05-06 16:56:25.153
8823,1638949,0.0,0.0,-0.2,2026-05-06 16:56:25.153
8824,1639181,0.0,0.0,-0.2,2026-05-06 16:56:25.153
8825,1639422,0.0,0.0,-0.2,2026-05-06 16:56:25.153
8826,1639654,0.0,0.0,-0.2,2026-05-06 16:56:25.153
8827,1639896,0.0,0.0,-0.2,2026-05-06 16:56:25.153
8828,1640128,0.0,0.0,-0.2,2026-05-06 16:56:25.153
8829,1640369,0.0,0.0,-0.2,2026-05-06 16:56:25.153
8830,1640601,0.0,0.0,-0.2,2026-05-06 16:56:25.153
8831,1640906,0.0,0.0,-0.2,2026-05-06 16:56:25.153
8832,1641138,0.0,0.0,-0.2,2026-05-06 16:56:25.153
8833,1641439,0.0,0.0,-0.2,2026-05-06 16:56:25.264
8834,1641671,0.0,0.0,-0.2,2026-05-06 16:56:25.264
8835,1641790,0.0,0.0,-0.2,2026-05-06 16:56:25.264
8836,1642022,0.0,0.0,-0.2,2026-05-06 16:56:25.264
8837,1642498,0.0,0.0,-0.2,2026-05-06 16:56:25.866
8838,1642740,0.0,0.0,-0.2,2026-05-06 16:56:25.866
8839,1642975,0.0,0.0,-0.2,2026-05-06 16:56:25.866
8840,1643216,0.0,0.0,-0.2,2026-05-06 16:56:25.866
8841,1643448,0.0,0.0,-0.2,2026-05-06 16:56:25.866
8842,1643813,0.0,0.0,-0.2,2026-05-06 16:56:25.866
8843,1644045,0.0,0.0,-0.2,2026-05-06 16:56:25.866
8844,1644348,0.0,0.0,-0.2,2026-05-06 16:56:25.866
8845,1644580,0.0,0.0,-0.2,2026-05-06 16:56:25.866
8846,1644638,0.0,0.0,-0.2,2026-05-06 16:56:25.866
8847,1644870,0.0,0.0,-0.2,2026-05-06 16:56:25.866
8848,1645111,0.0,0.0,-0.2,2026-05-06 16:56:25.866
8849,1645343,0.0,0.0,-0.2,2026-05-06 16:56:25.866
8850,1645629,0.0,0.0,-0.1975,2026-05-06 16:56:25.866
8851,1645861,0.0,0.0,-0.1966,2026-05-06 16:56:25.866
8852,1646171,0.0,0.0,-0.1874,2026-05-06 16:56:25.866
8853,1646403,0.0,0.0,-0.1849,2026-05-06 16:56:25.866
8854,1646522,0.0,0.0,-0.1537,2026-05-06 16:56:25.866
8855,1646754,0.0,0.0,-0.1537,2026-05-06 16:56:25.866
8856,1646995,0.0,0.0,-0.0896,2026-05-06 16:56:25.866
8857,1647227,0.0,0.0,-0.0792,2026-05-06 16:56:25.866
8858,1647469,0.0005,0.0,-0.0308,2026-05-06 16:56:25.866
8859,1647701,0.001,0.0,-0.0257,2026-05-06 16:56:25.866
8860,1647942,0.0054,0.0,-0.0056,2026-05-06 16:56:25.866
8861,1648172,0.0054,0.0,-0.0056,2026-05-06 16:56:25.866
8862,1648413,0.0124,0.0,0.0,2026-05-06 16:56:25.866
8863,1648637,0.0124,0.0,0.0,2026-05-06 16:56:25.866
8864,1648877,0.0208,0.0,0.0,2026-05-06 16:56:25.866
8865,1649101,0.0222,0.0,0.0,2026-05-06 16:56:26.532
8866,1649341,0.0322,0.0,0.0,2026-05-06 16:56:26.532
8867,1649565,0.0341,0.0,0.0,2026-05-06 16:56:26.532
8868,1649805,0.0501,0.0,0.0,2026-05-06 16:56:26.532
8869,1650029,0.0501,0.0,0.0,2026-05-06 16:56:26.532
8870,1650269,0.0746,0.0,0.0,2026-05-06 16:56:26.532
8871,1650496,0.0746,0.0,0.0,2026-05-06 16:56:26.532
8872,1650735,0.1025,0.0,0.0,2026-05-06 16:56:26.532
8873,1650957,0.107,0.0,0.0,2026-05-06 16:56:26.532
8874,1651371,0.1414,0.0,0.0,2026-05-06 16:56:26.532
8875,1651592,0.1466,0.0,0.0,2026-05-06 16:56:26.532
8876,1651657,0.1793,0.0,0.0,2026-05-06 16:56:26.532
8877,1651877,0.1848,0.0,0.0,2026-05-06 16:56:26.532
8878,1652097,0.1902,0.0,0.0,2026-05-06 16:56:26.532
8879,1652143,0.2222,0.0,0.0,2026-05-06 16:56:26.532
8880,1652363,0.2272,0.0,0.0,2026-05-06 16:56:26.532
8881,1652583,0.2322,0.0,0.0,2026-05-06 16:56:26.532
8882,1652628,0.2595,0.0,0.0,2026-05-06 16:56:26.532
8883,1652848,0.2637,0.0,0.0,2026-05-06 16:56:26.532
8884,1653069,0.2677,0.0,0.0,2026-05-06 16:56:26.532
8885,1653114,0.2889,0.0,0.0,2026-05-06 16:56:26.532
8886,1653334,0.2889,0.0,0.0,2026-05-06 16:56:26.532
8887,1653554,0.2921,0.0,0.0,2026-05-06 16:56:26.532
8888,1653600,0.3106,0.0,0.0,2026-05-06 16:56:26.532
8889,1653818,0.3106,0.0,0.0,2026-05-06 16:56:26.532
8890,1654036,0.3128,0.0,0.0,2026-05-06 16:56:26.532
8891,1654083,0.3244,0.0,0.0,2026-05-06 16:56:26.532
8892,1654300,0.326,0.0,0.0,2026-05-06 16:56:26.532
8893,1654517,0.326,0.0,0.0,2026-05-06 16:56:26.532
8894,1654736,0.3344,0.0,0.0,2026-05-06 16:56:26.532
8895,1654953,0.3356,0.0,0.0,2026-05-06 16:56:26.532
8896,1655021,0.3426,0.0,0.0,2026-05-06 16:56:26.532
8897,1655240,0.3426,0.0,0.0,2026-05-06 16:56:26.532
8898,1655459,0.3435,0.0,0.0,2026-05-06 16:56:26.532
8899,1655506,0.3477,0.0,0.0,2026-05-06 16:56:26.532
8900,1655726,0.3483,0.0,0.0,2026-05-06 16:56:26.532
8901,1655946,0.3483,0.0,0.0,2026-05-06 16:56:26.532
8902,1655991,0.35,0.0,0.0,2026-05-06 16:56:26.532
8903,1656211,0.35,0.0,0.0,2026-05-06 16:56:26.532
8904,1656430,0.35,0.0,0.0,2026-05-06 16:56:26.532
8905,1656476,0.3462,0.0,0.0,2026-05-06 16:56:26.532
8906,1656695,0.3462,0.0,0.0,2026-05-06 16:56:26.532
8907,1656914,0.3454,0.0,0.0,2026-05-06 16:56:26.532
8908,1656961,0.337,0.0,0.0,2026-05-06 16:56:26.532
8909,1657178,0.337,0.0,0.0,2026-05-06 16:56:27.250
8910,1657395,0.3354,0.0,0.0,2026-05-06 16:56:27.250
8911,1657443,0.3218,0.0,0.0,2026-05-06 16:56:27.250
8912,1657662,0.3188,0.0,0.0,2026-05-06 16:56:27.250
8913,1657881,0.3188,0.0,0.0,2026-05-06 16:56:27.250
8914,1657927,0.2945,0.0,0.0,2026-05-06 16:56:27.250
8915,1658369,0.2893,0.0,0.0,2026-05-06 16:56:27.250
8916,1658416,0.2401,0.0,0.0,2026-05-06 16:56:27.250
8917,1658635,0.2401,0.0,0.0,2026-05-06 16:56:27.250
8918,1658854,0.2312,0.0,0.0,2026-05-06 16:56:27.250
8919,1658901,0.1713,0.0,0.0,2026-05-06 16:56:27.250
8920,1659121,0.1608,0.0,0.0,2026-05-06 16:56:27.250
8921,1659341,0.1608,0.0,0.0,2026-05-06 16:56:27.250
8922,1659386,0.1022,0.0,0.0,2026-05-06 16:56:27.250
8923,1659604,0.0938,0.0,0.0,2026-05-06 16:56:27.250
8924,1659881,0.0,0.0,0.0,2026-05-06 16:56:27.250
8925,1660105,0.0,0.0,0.0,2026-05-06 16:56:27.250
8926,1660156,0.0,0.0,0.0,2026-05-06 16:56:27.250
8927,1660380,0.0,0.0,0.0,2026-05-06 16:56:27.250
8928,1660620,0.0,0.0,0.0,2026-05-06 16:56:27.250
8929,1663573,0.0,0.0,0.0,2026-05-06 16:56:27.250
8930,1663792,0.0,0.0,0.0,2026-05-06 16:56:27.250
8931,1664010,0.0,0.0,0.0,2026-05-06 16:56:27.250
8932,1664228,0.0,0.0,0.0,2026-05-06 16:56:27.250
8933,1664446,0.0,0.0,0.0,2026-05-06 16:56:27.250
8934,1664663,0.0,0.0,0.0,2026-05-06 16:56:27.250
8935,1664881,0.0,0.0,0.0,2026-05-06 16:56:27.250
8936,1665099,0.0,0.0,0.0,2026-05-06 16:56:27.963
8937,1665317,0.0,0.0,0.0,2026-05-06 16:56:27.963
8938,1665535,0.0,0.0,0.0,2026-05-06 16:56:27.963
8939,1665752,0.0,0.0,0.0,2026-05-06 16:56:27.963
8940,1665969,0.0,0.0,0.0,2026-05-06 16:56:27.963
8941,1666076,0.0,0.0,0.0,2026-05-06 16:56:27.963
8942,1666294,0.0,0.0,0.0,2026-05-06 16:56:27.963
8943,1666511,0.0,0.0,0.0,2026-05-06 16:56:27.963
8944,1666565,0.0,0.0,0.0,2026-05-06 16:56:27.963
8945,1666782,0.0,0.0,0.0,2026-05-06 16:56:27.963
8946,1667000,0.0,0.0,0.0,2026-05-06 16:56:27.963
8947,1667047,0.0,0.0,0.0,2026-05-06 16:56:27.963
8948,1667265,0.0,0.0,0.0,2026-05-06 16:56:27.963
8949,1667482,0.0,0.0,0.0,2026-05-06 16:56:27.963
8950,1667530,0.0,0.0,0.0,2026-05-06 16:56:27.963
8951,1667748,0.0,0.0,0.0,2026-05-06 16:56:27.963
8952,1667966,0.0,0.0,0.0,2026-05-06 16:56:27.963
8953,1668013,0.0,0.0,0.0,2026-05-06 16:56:27.963
8954,1668230,0.0,0.0,0.0,2026-05-06 16:56:27.963
8955,1668448,0.0,0.0,0.0,2026-05-06 16:56:27.963
8956,1668495,0.0,0.0,0.0,2026-05-06 16:56:27.963
8957,1668714,0.0,0.0,0.0,2026-05-06 16:56:27.963
8958,1668933,0.0,0.0,0.0,2026-05-06 16:56:27.963
8959,1669151,0.0,0.0,0.0,2026-05-06 16:56:27.963
8960,1669369,0.0,0.0,0.0,2026-05-06 16:56:27.963
8961,1669437,0.0,0.0,0.0,2026-05-06 16:56:27.963
8962,1669655,0.0,0.0,0.0,2026-05-06 16:56:27.963
8963,1669874,0.0,0.0,0.0,2026-05-06 16:56:27.963
8964,1669921,0.0,0.0,0.0,2026-05-06 16:56:27.963
8965,1670139,0.0,0.0,0.0,2026-05-06 16:56:27.963
8966,1670358,0.0,0.0,0.0,2026-05-06 16:56:27.963
8967,1670405,0.0,0.0,0.0,2026-05-06 16:56:27.963
8968,1670623,0.0,0.0,0.0,2026-05-06 16:56:27.963
8969,1670842,0.0,0.0,0.0,2026-05-06 16:56:27.963
8970,1670889,0.0,0.0,0.0,2026-05-06 16:56:27.963
8971,1671108,0.0,0.0,0.0,2026-05-06 16:56:27.963
8972,1671330,0.0,0.0,0.0,2026-05-06 16:56:27.963
8973,1671376,0.0,0.0,0.0,2026-05-06 16:56:27.963
8974,1671593,0.0,0.0,0.0,2026-05-06 16:56:27.963
8975,1671811,0.0,0.0,0.0,2026-05-06 16:56:27.963
8976,1671859,0.0,0.0,0.0,2026-05-06 16:56:27.963
8977,1672078,0.0,0.0,0.0,2026-05-06 16:56:27.963
8978,1672296,0.0,0.0,0.0,2026-05-06 16:56:27.963
8979,1672343,0.0,0.0,0.0,2026-05-06 16:56:27.963
8980,1672560,0.0,0.0,0.0,2026-05-06 16:56:27.963
8981,1672778,0.0,0.0,0.0,2026-05-06 16:56:27.963
8982,1672825,0.0,0.0,0.0,2026-05-06 16:56:27.963
8983,1673045,0.0,0.0,0.0,2026-05-06 16:56:27.963
8984,1673263,0.0,0.0,0.0,2026-05-06 16:56:28.660
8985,1673310,0.0,0.0,0.0,2026-05-06 16:56:28.660
8986,1673528,0.0,0.0,0.0,2026-05-06 16:56:28.660
8987,1673747,0.0,0.0,0.0,2026-05-06 16:56:28.660
8988,1673794,0.0,0.0,0.0,2026-05-06 16:56:28.660
8989,1674011,0.0,0.0,0.0,2026-05-06 16:56:28.660
8990,1674228,0.0,0.0,0.0,2026-05-06 16:56:28.660
8991,1674276,0.0,0.0,0.0,2026-05-06 16:56:28.660
8992,1674494,0.0,0.0,0.0,2026-05-06 16:56:28.660
8993,1674712,0.0,0.0,0.0,2026-05-06 16:56:28.660
8994,1674759,0.0,0.0,0.0,2026-05-06 16:56:28.660
8995,1674976,0.0,0.0,0.0,2026-05-06 16:56:28.660
8996,1675194,0.0,0.0,0.0,2026-05-06 16:56:28.660
8997,1675241,0.0,0.0,0.0,2026-05-06 16:56:28.660
8998,1675459,0.0,0.0,0.0,2026-05-06 16:56:28.660
8999,1675677,0.0,0.0,0.0,2026-05-06 16:56:28.660
9000,1675724,0.0,0.0,0.0,2026-05-06 16:56:28.660
9001,1675941,0.0,0.0,0.0,2026-05-06 16:56:28.660
9002,1676158,0.0,0.0,0.0,2026-05-06 16:56:28.660
9003,1676206,0.0,0.0,0.0,2026-05-06 16:56:28.660
9004,1676424,0.0,0.0,0.0,2026-05-06 16:56:28.660
9005,1676642,0.0,0.0,0.0,2026-05-06 16:56:28.660
9006,1676803,0.0,0.0,0.0,2026-05-06 16:56:28.660
9007,1677022,0.0,0.0,0.0,2026-05-06 16:56:28.660
9008,1677147,0.0,0.0,0.0,2026-05-06 16:56:28.660
9009,1677365,0.0,0.0,0.0,2026-05-06 16:56:28.660
9010,1677582,0.0,0.0,0.0,2026-05-06 16:56:28.660
9011,1677629,0.0,0.0,0.0,2026-05-06 16:56:28.660
9012,1677848,0.0,0.0,0.0,2026-05-06 16:56:28.660
9013,1678066,0.0,0.0,0.0,2026-05-06 16:56:28.660
9014,1678113,0.0,0.0,0.0,2026-05-06 16:56:28.660
9015,1678332,0.0,0.0,0.0,2026-05-06 16:56:28.660
9016,1678551,0.0,0.0,0.0,2026-05-06 16:56:28.660
9017,1678597,0.0,0.0,0.0,2026-05-06 16:56:28.660
9018,1678815,0.0,0.0,0.0,2026-05-06 16:56:28.660
9019,1679035,0.0,0.0,0.0,2026-05-06 16:56:28.660
9020,1679083,0.0,0.0,0.0,2026-05-06 16:56:28.660
9021,1679303,0.0,0.0,0.0,2026-05-06 16:56:28.660
9022,1679522,0.0,0.0,0.0,2026-05-06 16:56:28.660
9023,1679568,0.0,0.0,0.0,2026-05-06 16:56:28.660
9024,1679785,0.0,0.0,0.0,2026-05-06 16:56:28.660
9025,1680002,0.0,0.0,0.0,2026-05-06 16:56:28.660
9026,1680050,0.0,0.0,0.0,2026-05-06 16:56:28.660
9027,1680268,0.0,0.0,0.0,2026-05-06 16:56:28.660
9028,1680486,0.0,0.0,0.0,2026-05-06 16:56:28.660
9029,1680533,0.0,0.0,0.0,2026-05-06 16:56:28.660
9030,1680750,0.0,0.0,0.0,2026-05-06 16:56:29.340
9031,1680968,0.0,0.0,0.0,2026-05-06 16:56:29.340
9032,1681015,0.0,0.0,0.0,2026-05-06 16:56:29.340
9033,1681233,0.0,0.0,0.0,2026-05-06 16:56:29.340
9034,1681451,0.0,0.0,0.0,2026-05-06 16:56:29.340
9035,1681498,0.0,0.0,0.0,2026-05-06 16:56:29.340
9036,1681715,0.0,0.0,0.0,2026-05-06 16:56:29.340
9037,1681932,0.0,0.0,0.0,2026-05-06 16:56:29.340
9038,1681980,0.0,0.0,0.0,2026-05-06 16:56:29.340
9039,1682198,0.0,0.0,0.0,2026-05-06 16:56:29.340
9040,1682416,0.0,0.0,0.0,2026-05-06 16:56:29.340
9041,1682463,0.0,0.0,0.0,2026-05-06 16:56:29.340
9042,1682682,0.0,0.0,0.0,2026-05-06 16:56:29.340
9043,1682899,0.0,0.0,0.0,2026-05-06 16:56:29.340
9044,1682946,0.0,0.0,0.0,2026-05-06 16:56:29.340
9045,1683165,0.0,0.0,0.0,2026-05-06 16:56:29.340
9046,1683384,0.0,0.0,0.0,2026-05-06 16:56:29.340
9047,1683431,0.0,0.0,0.0,2026-05-06 16:56:29.340
9048,1683649,0.0,0.0,0.0,2026-05-06 16:56:29.340
9049,1683867,0.0,0.0,0.0,2026-05-06 16:56:29.340
9050,1683914,0.0,0.0,0.0,2026-05-06 16:56:29.340
9051,1684132,0.0,0.0,0.0,2026-05-06 16:56:29.340
9052,1684350,0.0,0.0,0.0,2026-05-06 16:56:29.340
9053,1684397,0.0,0.0,0.0,2026-05-06 16:56:29.340
9054,1684615,0.0,0.0,0.0,2026-05-06 16:56:29.340
9055,1684833,0.0,0.0,0.0,2026-05-06 16:56:29.340
9056,1684880,0.0,0.0,0.0,2026-05-06 16:56:29.340
9057,1685097,0.0,0.0,0.0,2026-05-06 16:56:29.340
9058,1685314,0.0,0.0,0.0,2026-05-06 16:56:29.340
9059,1685362,0.0,0.0,0.0,2026-05-06 16:56:29.340
9060,1685580,0.0,0.0,0.0,2026-05-06 16:56:29.340
9061,1685797,0.0,0.0,0.0,2026-05-06 16:56:29.340
9062,1685844,0.0,0.0,0.0,2026-05-06 16:56:29.340
9063,1686063,0.0,0.0,0.0,2026-05-06 16:56:29.340
9064,1686281,0.0,0.0,0.0,2026-05-06 16:56:29.340
9065,1686328,0.0,0.0,0.0,2026-05-06 16:56:29.340
9066,1686545,0.0,0.0,0.0,2026-05-06 16:56:29.340
9067,1686766,0.0,0.0,0.0,2026-05-06 16:56:29.340
9068,1686813,0.0,0.0,0.0,2026-05-06 16:56:29.340
9069,1687031,0.0,0.0,0.0,2026-05-06 16:56:29.340
9070,1687250,0.0,0.0,0.0,2026-05-06 16:56:29.340
9071,1687297,0.0,0.0,0.0,2026-05-06 16:56:29.340
9072,1687515,0.0,0.0,0.0,2026-05-06 16:56:29.340
9073,1687734,0.0,0.0,0.0,2026-05-06 16:56:29.340
9074,1687781,0.0,0.0,0.0,2026-05-06 16:56:29.340
9075,1687999,0.0,0.0,0.0,2026-05-06 16:56:29.340
9076,1688216,0.0,0.0,0.0,2026-05-06 16:56:29.340
9077,1688263,0.0,0.0,0.0,2026-05-06 16:56:29.340
9078,1688480,0.0,0.0,0.0,2026-05-06 16:56:29.340
9079,1688698,0.0,0.0,0.0,2026-05-06 16:56:29.437
9080,1688746,0.0,0.0,0.0,2026-05-06 16:56:29.437
9081,1688964,0.0,0.0,0.0,2026-05-06 16:56:29.437
9082,1689182,0.0,0.0,0.0,2026-05-06 16:56:29.437
9083,1689229,0.0,0.0,0.0,2026-05-06 16:56:29.437
9084,1689446,0.0,0.0,0.0,2026-05-06 16:56:29.846
9085,1689665,0.0,0.0,0.0,2026-05-06 16:56:29.846
9086,1689712,0.0,0.0,0.0,2026-05-06 16:56:29.846
9087,1689930,0.0,0.0,0.0,2026-05-06 16:56:29.846
9088,1690148,0.0,0.0,0.0,2026-05-06 16:56:29.846
9089,1690195,0.0,0.0,0.0,2026-05-06 16:56:29.846
9090,1690413,0.0,0.0,0.0,2026-05-06 16:56:29.846
9091,1690631,0.0,0.0,0.0,2026-05-06 16:56:29.846
9092,1690678,0.0,0.0,0.0,2026-05-06 16:56:29.846
9093,1690897,0.0,0.0,0.0,2026-05-06 16:56:29.846
9094,1691116,0.0,0.0,0.0,2026-05-06 16:56:29.846
9095,1691162,0.0,0.0,0.0,2026-05-06 16:56:29.846
9096,1691380,0.0,0.0,0.0,2026-05-06 16:56:29.846
9097,1691598,0.0,0.0,0.0,2026-05-06 16:56:29.846
9098,1691645,0.0,0.0,0.0,2026-05-06 16:56:29.846
9099,1691863,0.0,0.0,0.0,2026-05-06 16:56:29.846
9100,1692081,0.0,0.0,0.0,2026-05-06 16:56:29.846
9101,1692128,0.0,0.0,0.0,2026-05-06 16:56:29.846
9102,1692346,0.0,0.0,0.0,2026-05-06 16:56:29.846
9103,1692563,0.0,0.0,0.0,2026-05-06 16:56:29.846
9104,1692611,0.0,0.0,0.0,2026-05-06 16:56:29.846
9105,1692830,0.0,0.0,0.0,2026-05-06 16:56:29.846
9106,1693048,0.0,0.0,0.0,2026-05-06 16:56:29.846
9107,1693095,0.0,0.0,0.0,2026-05-06 16:56:29.846
9108,1693314,0.0,0.0,0.0,2026-05-06 16:56:29.846
9109,1693533,0.0,0.0,0.0,2026-05-06 16:56:29.846
9110,1693579,0.0,0.0,0.0,2026-05-06 16:56:29.846
9111,1693797,0.0,0.0,0.0,2026-05-06 16:56:29.846
9112,1694015,0.0,0.0,0.0,2026-05-06 16:56:30.505
9113,1694062,0.0,0.0,0.0,2026-05-06 16:56:30.505
9114,1694280,0.0,0.0,0.0,2026-05-06 16:56:30.505
9115,1694501,0.0,0.0,0.0,2026-05-06 16:56:30.505
9116,1694548,0.0,0.0,0.0,2026-05-06 16:56:30.505
9117,1694766,0.0,0.0,0.0,2026-05-06 16:56:30.505
9118,1694983,0.0,0.0,0.0,2026-05-06 16:56:30.505
9119,1695031,0.0,0.0,0.0,2026-05-06 16:56:30.505
9120,1695248,0.0,0.0,0.0,2026-05-06 16:56:30.505
9121,1695465,0.0,0.0,0.0,2026-05-06 16:56:30.505
9122,1695513,0.0,0.0,0.0,2026-05-06 16:56:30.505
9123,1695731,0.0,0.0,0.0,2026-05-06 16:56:30.505
9124,1695950,0.0,0.0,0.0,2026-05-06 16:56:30.505
9125,1695997,0.0,0.0,0.0,2026-05-06 16:56:30.505
9126,1696214,0.0,0.0,0.0,2026-05-06 16:56:30.505
9127,1696432,0.0,0.0,0.0,2026-05-06 16:56:30.505
9128,1696479,0.0,0.0,0.0,2026-05-06 16:56:30.505
9129,1696698,0.0,0.0,0.0,2026-05-06 16:56:30.505
9130,1696917,0.0,0.0,0.0,2026-05-06 16:56:30.505
9131,1696964,0.0,0.0,0.0,2026-05-06 16:56:30.505
9132,1697183,0.0,0.0,0.0,2026-05-06 16:56:30.505
9133,1697402,0.0,0.0,0.0,2026-05-06 16:56:30.505
9134,1697448,0.0,0.0,0.0,2026-05-06 16:56:30.505
9135,1697665,0.0,0.0,0.0,2026-05-06 16:56:30.505
9136,1697883,0.0,0.0,0.0,2026-05-06 16:56:30.505
9137,1697931,0.0,0.0,0.0,2026-05-06 16:56:30.505
9138,1698148,0.0,0.0,0.0,2026-05-06 16:56:30.505
9139,1698365,0.0,0.0,0.0,2026-05-06 16:56:30.505
9140,1698413,0.0,0.0,0.0,2026-05-06 16:56:30.505
9141,1698630,0.0,0.0,0.0,2026-05-06 16:56:30.505
9142,1698847,0.0,0.0,0.0,2026-05-06 16:56:30.505
9143,1698895,0.0,0.0,0.0,2026-05-06 16:56:30.505
9144,1699114,0.0,0.0,0.0,2026-05-06 16:56:30.505
9145,1699333,0.0,0.0,0.0,2026-05-06 16:56:30.505
9146,1699379,0.0,0.0,0.0,2026-05-06 16:56:30.505
9147,1699598,0.0,0.0,0.0,2026-05-06 16:56:30.505
9148,1699817,0.0,0.0,0.0,2026-05-06 16:56:30.505
9149,1699864,0.0,0.0,0.0005,2026-05-06 16:56:30.505
9150,1700087,0.0,0.0,0.001,2026-05-06 16:56:30.505
9151,1700327,0.0,0.0,0.0053,2026-05-06 16:56:30.505
9152,1700552,0.0,0.0,0.0062,2026-05-06 16:56:30.505
9153,1700792,0.0,0.0,0.0149,2026-05-06 16:56:30.505
9154,1701017,0.0,0.0,0.0149,2026-05-06 16:56:30.505
9155,1701257,0.0,0.0,0.0323,2026-05-06 16:56:30.505
9156,1701485,0.0,0.0,0.0323,2026-05-06 16:56:30.505
9157,1701726,0.0,0.0,0.0572,2026-05-06 16:56:30.505
9158,1701954,0.0,0.0,0.0616,2026-05-06 16:56:31.211
9159,1702259,0.0,0.0,0.0918,2026-05-06 16:56:31.211
9160,1702487,0.0,0.0,0.0973,2026-05-06 16:56:31.211
9161,1702667,0.0,0.0,0.1345,2026-05-06 16:56:31.211
9162,1702895,0.0,0.0,0.1345,2026-05-06 16:56:31.211
9163,1703135,0.0,0.0,0.1634,2026-05-06 16:56:31.211
9164,1703362,0.0,0.0,0.1666,2026-05-06 16:56:31.211
9165,1703602,0.0,0.0,0.1817,2026-05-06 16:56:31.211
9166,1703830,0.0,0.0,0.1836,2026-05-06 16:56:31.211
9167,1704071,0.0,0.0,0.1935,2026-05-06 16:56:31.211
9168,1704300,0.0,0.0,0.1935,2026-05-06 16:56:31.211
9169,1704541,0.0,0.0,0.1997,2026-05-06 16:56:31.211
9170,1704770,0.0,0.0,0.1997,2026-05-06 16:56:31.211
9171,1705071,0.0,0.0,0.2,2026-05-06 16:56:31.211
9172,1705300,0.0,0.0,0.2,2026-05-06 16:56:31.211
9173,1705481,0.0,0.0,0.2,2026-05-06 16:56:31.211
9174,1705710,0.0,0.0,0.2,2026-05-06 16:56:31.211
9175,1705951,0.0,0.0,0.2,2026-05-06 16:56:31.211
9176,1706180,0.0,0.0,0.2,2026-05-06 16:56:31.211
9177,1706421,0.0,0.0,0.2,2026-05-06 16:56:31.211
9178,1706650,0.0,0.0,0.2,2026-05-06 16:56:31.211
9179,1706891,0.0,0.0,0.2,2026-05-06 16:56:31.211
9180,1707120,0.0,0.0,0.2,2026-05-06 16:56:31.211
9181,1707361,0.0,0.0,0.2,2026-05-06 16:56:31.211
9182,1707590,0.0,0.0,0.2,2026-05-06 16:56:31.211
9183,1707950,0.0,0.0,0.2,2026-05-06 16:56:31.211
9184,1708179,0.0,0.0,0.2,2026-05-06 16:56:31.211
9185,1708361,0.0,0.0,0.2,2026-05-06 16:56:31.211
9186,1708590,0.0,0.0,0.2,2026-05-06 16:56:31.211
9187,1708771,0.0,0.0,0.2,2026-05-06 16:56:31.211
9188,1709000,0.0,0.0,0.2,2026-05-06 16:56:31.211
9189,1709241,0.0,0.0,0.2,2026-05-06 16:56:31.211
9190,1709470,0.0,0.0,0.2,2026-05-06 16:56:31.211
9191,1709714,0.0,0.0,0.1983,2026-05-06 16:56:31.211
9192,1709943,0.0,0.0,0.1975,2026-05-06 16:56:31.211
9193,1710184,0.0,0.0,0.1874,2026-05-06 16:56:31.948
9194,1710413,0.0,0.0,0.1874,2026-05-06 16:56:31.948
9195,1710714,0.0,0.0,0.1537,2026-05-06 16:56:31.948
9196,1710943,0.0,0.0,0.1537,2026-05-06 16:56:31.948
9197,1711243,0.0,0.0,0.0896,2026-05-06 16:56:31.948
9198,1711472,0.0,0.0,0.0792,2026-05-06 16:56:31.948
9199,1711594,0.0,0.0,0.0308,2026-05-06 16:56:31.948
9200,1711823,0.0,0.0,0.0308,2026-05-06 16:56:31.948
9201,1712064,0.0,0.0,0.0056,2026-05-06 16:56:31.948
9202,1712293,0.0,0.0,0.0056,2026-05-06 16:56:31.948
9203,1712534,0.0,0.0,0.0,2026-05-06 16:56:31.948
9204,1712762,0.0005,0.0,0.0,2026-05-06 16:56:31.948
9205,1713000,0.004,0.0,0.0,2026-05-06 16:56:31.948
9206,1713222,0.0047,0.0,0.0,2026-05-06 16:56:31.948
9207,1713461,0.0095,0.0,0.0,2026-05-06 16:56:31.948
9208,1713684,0.0095,0.0,0.0,2026-05-06 16:56:31.948
9209,1713924,0.0181,0.0,0.0,2026-05-06 16:56:31.948
9210,1714148,0.0181,0.0,0.0,2026-05-06 16:56:31.948
9211,1714388,0.0303,0.0,0.0,2026-05-06 16:56:31.948
9212,1714612,0.0303,0.0,0.0,2026-05-06 16:56:31.948
9213,1714852,0.045,0.0,0.0,2026-05-06 16:56:31.948
9214,1715076,0.0475,0.0,0.0,2026-05-06 16:56:31.948
9215,1715316,0.0645,0.0,0.0,2026-05-06 16:56:31.948
9216,1715539,0.0678,0.0,0.0,2026-05-06 16:56:31.948
9217,1715779,0.0939,0.0,0.0,2026-05-06 16:56:31.948
9218,1716000,0.0939,0.0,0.0,2026-05-06 16:56:31.948
9219,1716239,0.131,0.0,0.0,2026-05-06 16:56:31.948
9220,1716459,0.131,0.0,0.0,2026-05-06 16:56:31.948
9221,1716679,0.1362,0.0,0.0,2026-05-06 16:56:31.948
9222,1716725,0.1738,0.0,0.0,2026-05-06 16:56:31.948
9223,1716946,0.1738,0.0,0.0,2026-05-06 16:56:31.948
9224,1717188,0.2118,0.0,0.0,2026-05-06 16:56:31.948
9225,1717407,0.217,0.0,0.0,2026-05-06 16:56:31.948
9226,1717626,0.217,0.0,0.0,2026-05-06 16:56:31.948
9227,1717673,0.2509,0.0,0.0,2026-05-06 16:56:31.948
9228,1717894,0.2553,0.0,0.0,2026-05-06 16:56:31.948
9229,1718133,0.2789,0.0,0.0,2026-05-06 16:56:32.074
9230,1718352,0.2824,0.0,0.0,2026-05-06 16:56:32.074
9231,1718571,0.2857,0.0,0.0,2026-05-06 16:56:32.074
9232,1718618,0.3033,0.0,0.0,2026-05-06 16:56:32.074
9233,1718836,0.3033,0.0,0.0,2026-05-06 16:56:32.074
9234,1719054,0.3058,0.0,0.0,2026-05-06 16:56:32.074
9235,1719101,0.319,0.0,0.0,2026-05-06 16:56:32.074
9236,1719319,0.3208,0.0,0.0,2026-05-06 16:56:32.755
9237,1719537,0.3208,0.0,0.0,2026-05-06 16:56:32.755
9238,1719583,0.3305,0.0,0.0,2026-05-06 16:56:32.755
9239,1719801,0.3319,0.0,0.0,2026-05-06 16:56:32.755
9240,1720020,0.3332,0.0,0.0,2026-05-06 16:56:32.755
9241,1720068,0.3399,0.0,0.0,2026-05-06 16:56:32.755
9242,1720287,0.3399,0.0,0.0,2026-05-06 16:56:32.755
9243,1720506,0.3409,0.0,0.0,2026-05-06 16:56:32.755
9244,1720552,0.3464,0.0,0.0,2026-05-06 16:56:32.755
9245,1720769,0.3464,0.0,0.0,2026-05-06 16:56:32.755
9246,1720986,0.3471,0.0,0.0,2026-05-06 16:56:32.755
9247,1721034,0.35,0.0,0.0,2026-05-06 16:56:32.755
9248,1721253,0.35,0.0,0.0,2026-05-06 16:56:32.755
9249,1721472,0.35,0.0,0.0,2026-05-06 16:56:32.755
9250,1721519,0.35,0.0,0.0,2026-05-06 16:56:32.755
9251,1721738,0.35,0.0,0.0,2026-05-06 16:56:32.755
9252,1721957,0.35,0.0,0.0,2026-05-06 16:56:32.755
9253,1722003,0.35,0.0,0.0,2026-05-06 16:56:32.755
9254,1722223,0.35,0.0,0.0,2026-05-06 16:56:32.755
9255,1722443,0.35,0.0,0.0,2026-05-06 16:56:32.755
9256,1722489,0.35,0.0,0.0,2026-05-06 16:56:32.755
9257,1722707,0.35,0.0,0.0,2026-05-06 16:56:32.755
9258,1722925,0.35,0.0,0.0,2026-05-06 16:56:32.755
9259,1723144,0.35,0.0,0.0,2026-05-06 16:56:32.755
9260,1723363,0.35,0.0,0.0,2026-05-06 16:56:32.755
9261,1723430,0.35,0.0,0.0,2026-05-06 16:56:32.755
9262,1723648,0.35,0.0,0.0,2026-05-06 16:56:32.755
9263,1723866,0.35,0.0,0.0,2026-05-06 16:56:32.755
9264,1723913,0.35,0.0,0.0,2026-05-06 16:56:32.755
9265,1724133,0.35,0.0,0.0,2026-05-06 16:56:32.755
9266,1724353,0.35,0.0,0.0,2026-05-06 16:56:32.755
9267,1724398,0.35,0.0,0.0,2026-05-06 16:56:32.755
9268,1724616,0.35,0.0,0.0,2026-05-06 16:56:32.755
9269,1724836,0.35,0.0,0.0,2026-05-06 16:56:32.755
9270,1724884,0.35,0.0,0.0,2026-05-06 16:56:32.755
9271,1725104,0.35,0.0,0.0,2026-05-06 16:56:32.755
9272,1725321,0.35,0.0,0.0,2026-05-06 16:56:32.755
9273,1725369,0.35,0.0,0.0,2026-05-06 16:56:32.755
9274,1725586,0.35,0.0,0.0,2026-05-06 16:56:32.755
9275,1725803,0.35,0.0,0.0,2026-05-06 16:56:32.755
9276,1725851,0.3462,0.0,0.0,2026-05-06 16:56:32.755
9277,1726070,0.3454,0.0,0.0,2026-05-06 16:56:32.755
9278,1726292,0.3454,0.0,0.0,2026-05-06 16:56:32.755
9279,1726338,0.3385,0.0,0.0,2026-05-06 16:56:32.755
9280,1726557,0.337,0.0,0.0,2026-05-06 16:56:32.755
9281,1726776,0.3354,0.0,0.0,2026-05-06 16:56:32.755
9282,1726823,0.3218,0.0,0.0,2026-05-06 16:56:32.755
9283,1727041,0.3218,0.0,0.0,2026-05-06 16:56:32.755
9284,1727259,0.3188,0.0,0.0,2026-05-06 16:56:33.464
9285,1727306,0.2893,0.0,0.0,2026-05-06 16:56:33.464
9286,1727525,0.2893,0.0,0.0,2026-05-06 16:56:33.464
9287,1727744,0.2836,0.0,0.0,2026-05-06 16:56:33.464
9288,1727790,0.2401,0.0,0.0,2026-05-06 16:56:33.464
9289,1728009,0.2312,0.0,0.0,2026-05-06 16:56:33.464
9290,1728228,0.2312,0.0,0.0,2026-05-06 16:56:33.464
9291,1728275,0.1713,0.0,0.0,2026-05-06 16:56:33.464
9292,1728494,0.1713,0.0,0.0,2026-05-06 16:56:33.464
9293,1728713,0.1608,0.0,0.0,2026-05-06 16:56:33.464
9294,1728759,0.0938,0.0,0.0,2026-05-06 16:56:33.464
9295,1728977,0.0938,0.0,0.0,2026-05-06 16:56:33.464
9296,1729195,0.0858,0.0,0.0,2026-05-06 16:56:33.464
9297,1729242,0.0483,0.0,0.0,2026-05-06 16:56:33.464
9298,1729460,0.0436,0.0,0.0,2026-05-06 16:56:33.464
9299,1729678,0.0436,0.0,0.0,2026-05-06 16:56:33.464
9300,1729725,0.0226,0.0,0.0,2026-05-06 16:56:33.464
9301,1729944,0.0201,0.0,0.0,2026-05-06 16:56:33.464
9302,1730163,0.0178,0.0,0.0,2026-05-06 16:56:33.464
9303,1730210,0.0077,0.0,0.0,2026-05-06 16:56:33.464
9304,1730428,0.0077,0.0,0.0,2026-05-06 16:56:33.464
9305,1730646,0.0065,0.0,0.0,2026-05-06 16:56:33.464
9306,1730693,0.0007,0.0,0.0,2026-05-06 16:56:33.464
9307,1730915,0.0007,0.0,0.0,2026-05-06 16:56:33.464
9308,1731154,0.0,0.0,0.0,2026-05-06 16:56:33.464
9309,1731378,0.0,0.0,0.0,2026-05-06 16:56:33.464
9310,1731618,0.0,0.0,0.0,2026-05-06 16:56:33.464
9311,1731840,0.0,0.0,0.0,2026-05-06 16:56:33.464
9312,1732079,0.0,0.0,0.0,2026-05-06 16:56:33.464
9313,1732302,0.0,0.0,0.0,2026-05-06 16:56:33.464
9314,1732541,0.0,0.0,0.0,2026-05-06 16:56:33.464
9315,1732764,0.0,0.0,0.0,2026-05-06 16:56:33.464
9316,1732987,0.0,0.0,0.0,2026-05-06 16:56:33.464
9317,1733032,0.0,0.0,0.0,2026-05-06 16:56:33.464
9318,1733255,0.0,0.0,0.0,2026-05-06 16:56:33.464
9319,1733494,0.0,0.0,0.0,2026-05-06 16:56:33.464
9320,1733717,0.0,0.0,0.0,2026-05-06 16:56:33.464
9321,1733959,0.0,0.0,0.0,2026-05-06 16:56:33.464
9322,1734182,0.0,0.0,0.0,2026-05-06 16:56:33.464
9323,1734405,0.0,0.0,0.0,2026-05-06 16:56:33.464
9324,1734450,0.0,0.0,0.0,2026-05-06 16:56:33.464
9325,1734673,0.0,0.0,0.0,2026-05-06 16:56:33.464
9326,1734912,0.0,0.0,0.0,2026-05-06 16:56:33.464
9327,1735136,0.0,0.0,0.0,2026-05-06 16:56:33.464
9328,1735375,0.0,0.0,0.0,2026-05-06 16:56:33.557
9329,1735599,0.0,0.0,0.0,2026-05-06 16:56:33.557
9330,1735841,0.0,0.0,0.0,2026-05-06 16:56:33.557
9331,1736064,0.0,0.0,0.0,2026-05-06 16:56:34.239
9332,1736304,0.0,0.0,0.0,2026-05-06 16:56:34.239
9333,1736528,0.0,0.0,0.0,2026-05-06 16:56:34.239
9334,1736768,0.0,0.0,0.0,2026-05-06 16:56:34.239
9335,1736992,0.0,0.0,0.0,2026-05-06 16:56:34.239
9336,1737231,0.0,0.0,0.0,2026-05-06 16:56:34.239
9337,1737455,0.0,0.0,0.0,2026-05-06 16:56:34.239
9338,1737694,0.0,0.0,0.0,2026-05-06 16:56:34.239
9339,1737917,0.0,0.0,0.0,2026-05-06 16:56:34.239
9340,1738139,0.0,0.0,0.0,2026-05-06 16:56:34.239
9341,1738184,0.0,0.0,0.0,2026-05-06 16:56:34.239
9342,1738408,0.0,0.0,0.0,2026-05-06 16:56:34.239
9343,1738819,0.0,0.0,0.0,2026-05-06 16:56:34.239
9344,1739042,0.0,0.0,0.0,2026-05-06 16:56:34.239
9345,1739281,0.0,0.0,0.0,2026-05-06 16:56:34.239
9346,1739504,0.0,0.0,0.0,2026-05-06 16:56:34.239
9347,1739743,0.0,0.0,0.0,2026-05-06 16:56:34.239
9348,1739965,0.0,0.0,0.0,2026-05-06 16:56:34.239
9349,1740248,0.0,0.0,0.0,2026-05-06 16:56:34.239
9350,1740471,0.0,0.0,0.0,2026-05-06 16:56:34.239
9351,1740708,0.0,0.0,0.0,2026-05-06 16:56:34.239
9352,1740931,0.0,0.0,0.0,2026-05-06 16:56:34.239
9353,1741169,0.0,0.0,0.0,2026-05-06 16:56:34.239
9354,1741471,0.0,0.0,0.0,2026-05-06 16:56:34.239
9355,1741692,0.0,0.0,0.0,2026-05-06 16:56:34.239
9356,1741913,0.0,0.0,0.0,2026-05-06 16:56:34.239
9357,1741959,0.0,0.0,0.0,2026-05-06 16:56:34.239
9358,1742181,0.0,0.0,0.0,2026-05-06 16:56:34.239
9359,1742325,0.0,0.0,0.0,2026-05-06 16:56:34.239
9360,1742564,0.0,0.0,0.0,2026-05-06 16:56:34.239
9361,1742784,0.0,0.0,0.0,2026-05-06 16:56:34.239
9362,1743004,0.0,0.0,0.0,2026-05-06 16:56:34.239
9363,1743050,0.0,0.0,0.0,2026-05-06 16:56:34.239
9364,1743270,0.0,0.0,0.0,2026-05-06 16:56:34.239
9365,1743490,0.0,0.0,0.0,2026-05-06 16:56:34.239
9366,1743535,0.0,0.0,0.0,2026-05-06 16:56:34.239
9367,1743755,0.0,0.0,0.0,2026-05-06 16:56:34.239
9368,1743975,0.0,0.0,0.0,2026-05-06 16:56:34.239
9369,1744021,0.0,0.0,0.0,2026-05-06 16:56:34.948
9370,1744242,0.0,0.0,0.0,2026-05-06 16:56:34.948
9371,1744481,0.0,0.0,0.0,2026-05-06 16:56:34.948
9372,1744701,0.0,0.0,0.0,2026-05-06 16:56:34.948
9373,1744921,0.0,0.0,0.0,2026-05-06 16:56:34.948
9374,1744967,0.0,0.0,0.0,2026-05-06 16:56:34.948
9375,1745187,0.0,0.0,0.0,2026-05-06 16:56:34.948
9376,1745407,0.0,0.0,0.0,2026-05-06 16:56:34.948
9377,1745452,0.0,0.0,0.0,2026-05-06 16:56:34.948
9378,1745672,0.0,0.0,0.0,2026-05-06 16:56:34.948
9379,1745893,0.0,0.0,0.0,2026-05-06 16:56:34.948
9380,1745938,0.0,0.0,0.0,2026-05-06 16:56:34.948
9381,1746159,0.0,0.0,0.0,2026-05-06 16:56:34.948
9382,1746380,0.0,0.0,0.0,2026-05-06 16:56:34.948
9383,1746425,0.0,0.0,0.0,2026-05-06 16:56:34.948
9384,1746646,0.0,0.0,0.0,2026-05-06 16:56:34.948
9385,1746866,0.0,0.0,0.0,2026-05-06 16:56:34.948
9386,1746911,0.0,0.0,0.0,2026-05-06 16:56:34.948
9387,1747132,0.0,0.0,0.0,2026-05-06 16:56:34.948
9388,1747371,0.0,0.0,0.0,2026-05-06 16:56:34.948
9389,1747592,0.0,0.0,0.0,2026-05-06 16:56:34.948
9390,1747813,0.0,0.0,0.0,2026-05-06 16:56:34.948
9391,1747858,0.0,0.0,0.0,2026-05-06 16:56:34.948
9392,1748079,0.0,0.0,0.0,2026-05-06 16:56:34.948
9393,1748318,0.0,0.0,0.0,2026-05-06 16:56:34.948
9394,1748538,0.0,0.0,0.0,2026-05-06 16:56:34.948
9395,1748759,0.0,0.0,0.0,2026-05-06 16:56:34.948
9396,1748804,0.0,0.0,0.0,2026-05-06 16:56:34.948
9397,1749028,0.0,0.0,0.0,2026-05-06 16:56:34.948
9398,1749249,0.0,0.0,0.0,2026-05-06 16:56:34.948
9399,1749294,0.0,0.0,0.0,2026-05-06 16:56:34.948
9400,1749514,0.0,0.0,0.0,2026-05-06 16:56:34.948
9401,1749735,0.0,0.0,0.0,2026-05-06 16:56:34.948
9402,1749780,0.0,0.0,0.0,2026-05-06 16:56:34.948
9403,1750001,0.0,0.0,0.0,2026-05-06 16:56:34.948
9404,1750240,0.0,0.0,0.0,2026-05-06 16:56:34.948
9405,1750460,0.0,0.0,0.0,2026-05-06 16:56:34.948
9406,1750680,0.0,0.0,0.0,2026-05-06 16:56:34.948
9407,1750726,0.0,0.0,0.0,2026-05-06 16:56:34.948
9408,1750947,0.0,0.0,0.0,2026-05-06 16:56:34.948
9409,1751186,0.0,0.0,0.0,2026-05-06 16:56:34.948
9410,1751406,0.0,0.0,0.0,2026-05-06 16:56:34.948
9411,1751626,0.0,0.0,0.0,2026-05-06 16:56:34.948
9412,1751672,0.0,0.0,0.0,2026-05-06 16:56:34.948
9413,1751893,0.0,0.0,0.0,2026-05-06 16:56:34.948
9414,1752132,0.0,0.0,0.0,2026-05-06 16:56:35.134
9415,1752354,0.0,0.0,0.0,2026-05-06 16:56:35.134
9416,1752594,0.0,0.0,0.0,2026-05-06 16:56:35.134
9417,1752815,0.0,0.0,0.0,2026-05-06 16:56:35.134
9418,1753035,0.0,0.0,0.0,2026-05-06 16:56:35.134
9419,1753080,0.0,0.0,0.0,2026-05-06 16:56:35.134
9420,1753301,0.0,0.0,0.0,2026-05-06 16:56:35.134
9421,1753540,0.0,0.0,0.0,2026-05-06 16:56:35.134
9422,1753760,0.0,0.0,0.0,2026-05-06 16:56:35.134
9423,1753981,0.0,0.0,0.0,2026-05-06 17:09:32.005
9424,1754026,0.0,0.0,0.0,2026-05-06 17:09:32.005
9425,1754247,0.0,0.0,0.0,2026-05-06 17:09:32.005
9426,1754468,0.0,0.0,0.0,2026-05-06 17:09:32.005
9427,1754513,0.0,0.0,0.0,2026-05-06 17:09:32.005
9428,1754733,0.0,0.0,0.0,2026-05-06 17:09:32.005
9429,1754953,0.0,0.0,0.0,2026-05-06 17:09:32.005
9430,1754998,0.0,0.0,0.0,2026-05-06 17:09:32.005
9431,1755218,0.0,0.0,0.0,2026-05-06 17:09:32.378
9432,1755483,0.0,0.0,0.0,2026-05-06 17:09:32.610
9433,1755704,0.0,0.0,0.0,2026-05-06 17:09:32.674
9434,1755925,0.0,0.0,0.0,2026-05-06 17:09:32.815
9435,1755970,0.0,0.0,0.0,2026-05-06 17:09:32.815
9436,1756191,0.0,0.0,0.0,2026-05-06 17:09:32.848
9437,1756430,0.0,0.0,0.0,2026-05-06 17:09:32.909
9438,1756654,0.0,0.0,0.0,2026-05-06 17:09:32.977
9439,1756874,0.0,0.0,0.0,2026-05-06 17:09:33.191
9440,1756919,0.0,0.0,0.0,2026-05-06 17:09:33.424
9441,1757139,0.0,0.0,0.0,2026-05-06 17:09:34.020
9442,1757359,0.0,0.0,0.0,2026-05-06 17:09:34.551
9443,1757405,0.0,0.0,0.0,2026-05-06 17:09:34.551
9444,1757626,0.0,0.0,0.0,2026-05-06 17:09:34.771
9445,1757865,0.0,0.0,0.0,2026-05-06 17:09:34.771
9446,1758086,0.0,0.0,0.0,2026-05-06 17:09:35.148
9447,1758307,0.0,0.0,0.0,2026-05-06 17:09:35.493
9448,1758352,0.0,0.0,0.0,2026-05-06 17:09:35.740
9449,1758572,0.0,0.0,0.0,2026-05-06 17:09:36.104
9450,1758792,0.0,0.0,0.0,2026-05-06 17:09:36.853
9451,1758837,0.0,0.0,0.0,2026-05-06 17:09:36.853
9452,1759058,0.0,0.0,0.0,2026-05-06 17:09:36.853
9453,1759279,0.0,0.0,0.0,2026-05-06 17:09:36.853
9454,1759324,0.0,0.0,0.0,2026-05-06 17:09:36.853
9455,1759544,0.0,0.0,0.0,2026-05-06 17:09:36.853
9456,1759764,0.0,0.0,0.0,2026-05-06 17:09:36.853
9457,1759809,0.0,0.0,0.0,2026-05-06 17:09:36.853
9458,1760029,0.0,0.0,0.0,2026-05-06 17:09:36.853
9459,1760250,0.0,0.0,0.0,2026-05-06 17:09:36.853
9460,1760295,0.0,0.0,0.0,2026-05-06 17:09:36.853
9461,1760515,0.0,0.0,0.0,2026-05-06 17:09:36.853
9462,1760736,0.0,0.0,0.0,2026-05-06 17:09:36.853
9463,1760781,0.0,0.0,0.0,2026-05-06 17:09:36.853
9464,1761001,0.0,0.0,0.0,2026-05-06 17:09:36.853
9465,1761222,0.0,0.0,0.0,2026-05-06 17:09:36.853
9466,1761267,0.0,0.0,0.0,2026-05-06 17:09:36.853
9467,1761488,0.0,0.0,0.0,2026-05-06 17:09:36.853
9468,1761709,0.0,0.0,0.0,2026-05-06 17:09:36.853
9469,1761754,0.0,0.0,0.0022,2026-05-06 17:09:36.853
9470,1761978,0.0,0.0,0.0029,2026-05-06 17:09:36.853
9471,1762395,0.0,0.0,0.0094,2026-05-06 17:09:36.853
9472,1762619,0.0,0.0,0.0106,2026-05-06 17:09:36.853
9473,1762682,0.0,0.0,0.0203,2026-05-06 17:09:36.853
9474,1762906,0.0,0.0,0.0203,2026-05-06 17:09:36.853
9475,1763146,0.0,0.0,0.0417,2026-05-06 17:09:36.853
9476,1763373,0.0,0.0,0.0417,2026-05-06 17:09:36.853
9477,1763613,0.0,0.0,0.071,2026-05-06 17:09:36.853
9478,1763841,0.0,0.0,0.076,2026-05-06 17:09:36.853
9479,1764142,0.0,0.0,0.1083,2026-05-06 17:09:36.853
9480,1764374,0.0,0.0,0.1137,2026-05-06 17:09:36.853
9481,1764555,0.0,0.0,0.1482,2026-05-06 17:09:36.853
9482,1764785,0.0,0.0,0.1482,2026-05-06 17:09:36.853
9483,1765025,0.0,0.0,0.1724,2026-05-06 17:09:36.853
9484,1765254,0.0,0.0,0.175,2026-05-06 17:09:36.853
9485,1765494,0.0,0.0,0.1886,2026-05-06 17:09:36.853
9486,1765722,0.0,0.0,0.1899,2026-05-06 17:09:36.853
9487,1766024,0.0,0.0,0.1963,2026-05-06 17:09:36.853
9488,1766252,0.0,0.0,0.1971,2026-05-06 17:09:36.853
9489,1766434,0.0,0.0,0.2,2026-05-06 17:09:36.853
9490,1766663,0.0,0.0,0.2,2026-05-06 17:09:36.853
9491,1766904,0.0,0.0,0.2,2026-05-06 17:09:37.567
9492,1767133,0.0,0.0,0.2,2026-05-06 17:09:37.567
9493,1767556,0.0,0.0,0.2,2026-05-06 17:09:37.567
9494,1767920,0.0,0.0,0.2,2026-05-06 17:09:37.567
9495,1768149,0.0,0.0,0.2,2026-05-06 17:09:37.567
9496,1768328,0.0,0.0,0.2,2026-05-06 17:09:37.567
9497,1768557,0.0,0.0,0.2,2026-05-06 17:09:37.567
9498,1768798,0.0,0.0,0.2,2026-05-06 17:09:37.567
9499,1769027,0.0,0.0,0.2,2026-05-06 17:09:37.567
9500,1769268,0.0,0.0,0.2,2026-05-06 17:09:37.567
9501,1769497,0.0,0.0,0.2,2026-05-06 17:09:37.567
9502,1769738,0.0,0.0,0.2,2026-05-06 17:09:37.567
9503,1769967,0.0,0.0,0.2,2026-05-06 17:09:37.567
9504,1770268,0.0,0.0,0.2,2026-05-06 17:09:37.567
9505,1770497,0.0,0.0,0.2,2026-05-06 17:09:37.567
9506,1770860,0.0,0.0,0.2,2026-05-06 17:09:37.567
9507,1771089,0.0,0.0,0.2,2026-05-06 17:09:37.567
9508,1771148,0.0,0.0,0.2,2026-05-06 17:09:37.567
9509,1771377,0.0,0.0,0.2,2026-05-06 17:09:37.567
9510,1771618,0.0,0.0,0.2,2026-05-06 17:09:37.567
9511,1771850,0.0,0.0,0.2,2026-05-06 17:09:37.567
9512,1772091,0.0,0.0,0.1966,2026-05-06 17:09:37.567
9513,1772320,0.0,0.0,0.1955,2026-05-06 17:09:37.567
9514,1772561,0.0,0.0,0.1849,2026-05-06 17:09:37.567
9515,1772790,0.0,0.0,0.182,2026-05-06 17:09:37.567
9516,1773031,0.0,0.0,0.1465,2026-05-06 17:09:37.567
9517,1773260,0.0,0.0,0.1465,2026-05-06 17:09:37.567
9518,1773500,0.0,0.0,0.0792,2026-05-06 17:09:37.567
9519,1773729,0.0,0.0,0.0693,2026-05-06 17:09:37.567
9520,1774155,0.0,0.0,0.0212,2026-05-06 17:09:37.567
9521,1774384,0.0,0.0,0.0175,2026-05-06 17:09:37.567
9522,1774441,0.0,0.0,0.0043,2026-05-06 17:09:37.567
9523,1774670,0.0,0.0,0.0043,2026-05-06 17:09:37.567
9524,1774911,0.0,0.0,0.0,2026-05-06 17:09:38.285
9525,1775139,0.0,0.0,0.0,2026-05-06 17:09:38.285
9526,1775380,0.0,0.0,0.0,2026-05-06 17:09:38.285
9527,1775608,0.0,0.0,0.0,2026-05-06 17:09:38.285
9528,1775918,0.0,0.0,0.0,2026-05-06 17:09:38.285
9529,1776146,0.0,0.0,0.0,2026-05-06 17:09:38.285
9530,1776322,0.0,0.0,0.0,2026-05-06 17:09:38.285
9531,1776550,0.0,0.0,0.0,2026-05-06 17:09:38.285
9532,1776969,0.0,0.0,0.0,2026-05-06 17:09:38.285
9533,1777197,0.0,0.0,0.0,2026-05-06 17:09:38.285
9534,1777442,0.0,0.0,0.0,2026-05-06 17:09:38.285
9535,1777670,0.0,0.0,0.0,2026-05-06 17:09:38.285
9536,1777911,0.0,0.0,0.0,2026-05-06 17:09:38.285
9537,1778138,0.0,0.0,0.0,2026-05-06 17:09:38.285
9538,1778379,0.0,0.0,0.0,2026-05-06 17:09:38.285
9539,1778607,0.0,0.0,0.0,2026-05-06 17:09:38.285
9540,1778848,0.0,0.0,0.0,2026-05-06 17:09:38.285
9541,1779076,0.0,0.0,0.0,2026-05-06 17:09:38.285
9542,1779321,0.0,0.0,0.0,2026-05-06 17:09:38.285
9543,1779548,0.0,0.0,0.0,2026-05-06 17:09:38.285
9544,1779790,0.0,0.0,0.0,2026-05-06 17:09:38.285
9545,1780019,0.0,0.0,0.0,2026-05-06 17:09:38.285
9546,1780259,0.0,0.0,0.0,2026-05-06 17:09:38.285
9547,1780488,0.0,0.0,0.0,2026-05-06 17:09:38.285
9548,1780727,0.0,0.0,0.0,2026-05-06 17:09:38.285
9549,1780955,0.0,0.0,0.0,2026-05-06 17:09:38.285
9550,1781075,0.0,0.0,-0.001,2026-05-06 17:09:38.285
9551,1781306,0.0,0.0,-0.0016,2026-05-06 17:09:38.285
9552,1781487,0.0,0.0,-0.0072,2026-05-06 17:09:38.285
9553,1781717,0.0,0.0,-0.0072,2026-05-06 17:09:38.285
9554,1781958,0.0,0.0,-0.0166,2026-05-06 17:09:38.285
9555,1782189,0.0,0.0,-0.0184,2026-05-06 17:09:38.285
9556,1782430,0.0,0.0,-0.0323,2026-05-06 17:09:38.285
9557,1782662,0.0,0.0,-0.0352,2026-05-06 17:09:38.285
9558,1782904,0.0,0.0,-0.0616,2026-05-06 17:09:38.285
9559,1783136,0.0,0.0,-0.0616,2026-05-06 17:09:38.997
9560,1783377,0.0,0.0,-0.1028,2026-05-06 17:09:38.997
9561,1783609,0.0,0.0,-0.1028,2026-05-06 17:09:38.997
9562,1784035,0.0,0.0,-0.1393,2026-05-06 17:09:38.997
9563,1784267,0.0,0.0,-0.1439,2026-05-06 17:09:38.997
9564,1784325,0.0,0.0,-0.1666,2026-05-06 17:09:38.997
9565,1784557,0.0,0.0,-0.1666,2026-05-06 17:09:38.997
9566,1784798,0.0,0.0,-0.1854,2026-05-06 17:09:38.997
9567,1785030,0.0,0.0,-0.1854,2026-05-06 17:09:38.997
9568,1785272,0.0,0.0,-0.1945,2026-05-06 17:09:38.997
9569,1785504,0.0,0.0,-0.1955,2026-05-06 17:09:38.997
9570,1785868,0.0,0.0,-0.1997,2026-05-06 17:09:38.997
9571,1786100,0.0,0.0,-0.2,2026-05-06 17:09:38.997
9572,1786219,0.0,0.0,-0.2,2026-05-06 17:09:38.997
9573,1786451,0.0,0.0,-0.2,2026-05-06 17:09:38.997
9574,1786692,0.0,0.0,-0.2,2026-05-06 17:09:38.997
9575,1786927,0.0,0.0,-0.2,2026-05-06 17:09:38.997
9576,1787169,0.0,0.0,-0.2,2026-05-06 17:09:38.997
9577,1787401,0.0,0.0,-0.2,2026-05-06 17:09:38.997
9578,1787642,0.0,0.0,-0.2,2026-05-06 17:09:38.997
9579,1787874,0.0,0.0,-0.2,2026-05-06 17:09:38.997
9580,1788116,0.0,0.0,-0.2,2026-05-06 17:09:38.997
9581,1788348,0.0,0.0,-0.2,2026-05-06 17:09:38.997
9582,1788589,0.0,0.0,-0.2,2026-05-06 17:09:38.997
9583,1788821,0.0,0.0,-0.2,2026-05-06 17:09:38.997
9584,1789063,0.0,0.0,-0.2,2026-05-06 17:09:38.997
9585,1789295,0.0,0.0,-0.2,2026-05-06 17:09:38.997
9586,1789599,0.0,0.0,-0.2,2026-05-06 17:09:38.997
9587,1789831,0.0,0.0,-0.2,2026-05-06 17:09:38.997
9588,1790010,0.0,0.0,-0.1966,2026-05-06 17:09:38.997
9589,1790242,0.0,0.0,-0.1955,2026-05-06 17:09:38.997
9590,1790483,0.0,0.0,-0.1849,2026-05-06 17:09:38.997
9591,1790715,0.0,0.0,-0.1849,2026-05-06 17:09:38.997
9592,1790957,0.0,0.0,-0.1465,2026-05-06 17:09:38.997
9593,1791189,0.0,0.0,-0.1465,2026-05-06 17:09:39.707
9594,1791430,0.0,0.0,-0.0896,2026-05-06 17:09:39.707
9595,1791662,0.0,0.0,-0.0792,2026-05-06 17:09:39.707
9596,1791904,0.0,0.0,-0.0257,2026-05-06 17:09:39.707
9597,1792136,0.0,0.0,-0.0257,2026-05-06 17:09:39.707
9598,1792500,0.0,0.0,-0.0043,2026-05-06 17:09:39.707
9599,1792732,0.0,0.0,-0.0043,2026-05-06 17:09:39.707
9600,1792851,0.0,0.0,0.0,2026-05-06 17:09:39.707
9601,1793080,0.0,0.0,0.0,2026-05-06 17:09:39.707
9602,1793320,0.0,0.0,0.0,2026-05-06 17:09:39.707
9603,1793549,0.0,0.0,0.0,2026-05-06 17:09:39.707
9604,1793973,0.0,0.0,0.0016,2026-05-06 17:09:39.707
9605,1794203,0.0,0.0,0.0022,2026-05-06 17:09:39.707
9606,1794262,0.0,0.0,0.0083,2026-05-06 17:09:39.707
9607,1794495,0.0,0.0,0.0083,2026-05-06 17:09:39.707
9608,1794736,0.0,0.0,0.0184,2026-05-06 17:09:39.707
9609,1794965,0.0,0.0,0.0203,2026-05-06 17:09:39.707
9610,1795206,0.0,0.0,0.0352,2026-05-06 17:09:39.707
9611,1795435,0.0,0.0,0.0384,2026-05-06 17:09:39.707
9612,1795676,0.0,0.0,0.0662,2026-05-06 17:09:39.707
9613,1795905,0.0,0.0,0.0662,2026-05-06 17:09:39.707
9614,1796265,0.0,0.0,0.1083,2026-05-06 17:09:39.707
9615,1796494,0.0,0.0,0.1083,2026-05-06 17:09:39.707
9616,1796616,0.0,0.0,0.1393,2026-05-06 17:09:39.707
9617,1796845,0.0,0.0,0.1439,2026-05-06 17:09:39.707
9618,1797086,0.0,0.0,0.1696,2026-05-06 17:09:39.707
9619,1797315,0.0,0.0,0.1696,2026-05-06 17:09:39.707
9620,1797556,0.0,0.0,0.1854,2026-05-06 17:09:39.707
9621,1797785,0.0,0.0,0.187,2026-05-06 17:09:39.707
9622,1798208,0.0,0.0,0.1955,2026-05-06 17:09:39.707
9623,1798437,0.0,0.0,0.1963,2026-05-06 17:09:39.707
9624,1798496,0.0,0.0,0.2,2026-05-06 17:09:39.707
9625,1798725,0.0,0.0,0.2,2026-05-06 17:09:39.707
9626,1799026,0.0,0.0,0.2,2026-05-06 17:09:39.707
9627,1799255,0.0,0.0,0.2,2026-05-06 17:09:40.429
9628,1799436,0.0,0.0,0.2,2026-05-06 17:09:40.429
9629,1799665,0.0,0.0,0.2,2026-05-06 17:09:40.429
9630,1799906,0.0,0.0,0.2,2026-05-06 17:09:40.429
9631,1800135,0.0,0.0,0.2,2026-05-06 17:09:40.429
9632,1800376,0.0,0.0,0.2,2026-05-06 17:09:40.429
9633,1800605,0.0,0.0,0.2,2026-05-06 17:09:40.429
9634,1800846,0.0,0.0,0.1975,2026-05-06 17:09:40.429
9635,1801075,0.0,0.0,0.1966,2026-05-06 17:09:40.429
9636,1801435,0.0,0.0,0.1874,2026-05-06 17:09:40.429
9637,1801664,0.0,0.0,0.1849,2026-05-06 17:09:40.429
9638,1801786,0.0,0.0,0.1537,2026-05-06 17:09:40.429
9639,1802018,0.0,0.0,0.1537,2026-05-06 17:09:40.429
9640,1802259,0.0,0.0,0.0896,2026-05-06 17:09:40.429
9641,1802488,0.0,0.0,0.0792,2026-05-06 17:09:40.429
9642,1802729,0.0,0.0,0.0308,2026-05-06 17:09:40.429
9643,1802958,0.0,0.0,0.0257,2026-05-06 17:09:40.429
9644,1803199,0.0,0.0,0.0056,2026-05-06 17:09:40.429
9645,1803676,0.0005,0.0,0.0,2026-05-06 17:09:40.429
9646,1803899,0.0005,0.0,0.0,2026-05-06 17:09:40.429
9647,1804139,0.0047,0.0,0.0,2026-05-06 17:09:40.429
9648,1804363,0.0054,0.0,0.0,2026-05-06 17:09:40.429
9649,1804602,0.0113,0.0,0.0,2026-05-06 17:09:40.429
9650,1804826,0.0124,0.0,0.0,2026-05-06 17:09:40.429
9651,1805067,0.0194,0.0,0.0,2026-05-06 17:09:40.429
9652,1805291,0.0194,0.0,0.0,2026-05-06 17:09:40.429
9653,1805531,0.0322,0.0,0.0,2026-05-06 17:09:40.429
9654,1805755,0.0322,0.0,0.0,2026-05-06 17:09:40.429
9655,1805995,0.0475,0.0,0.0,2026-05-06 17:09:40.429
9656,1806219,0.0501,0.0,0.0,2026-05-06 17:09:40.429
9657,1806459,0.0678,0.0,0.0,2026-05-06 17:09:40.429
9658,1806683,0.0711,0.0,0.0,2026-05-06 17:09:40.429
9659,1806923,0.0981,0.0,0.0,2026-05-06 17:09:40.429
9660,1807145,0.0981,0.0,0.0,2026-05-06 17:09:41.138
9661,1807384,0.131,0.0,0.0,2026-05-06 17:09:41.138
9662,1807605,0.1362,0.0,0.0,2026-05-06 17:09:41.138
9663,1807826,0.1362,0.0,0.0,2026-05-06 17:09:41.138
9664,1807871,0.1738,0.0,0.0,2026-05-06 17:09:41.138
9665,1808092,0.1793,0.0,0.0,2026-05-06 17:09:41.138
9666,1808312,0.1793,0.0,0.0,2026-05-06 17:09:41.138
9667,1808357,0.217,0.0,0.0,2026-05-06 17:09:41.138
9668,1808577,0.2222,0.0,0.0,2026-05-06 17:09:41.138
9669,1808797,0.2222,0.0,0.0,2026-05-06 17:09:41.138
9670,1808956,0.2509,0.0,0.0,2026-05-06 17:09:41.138
9671,1809174,0.2553,0.0,0.0,2026-05-06 17:09:41.138
9672,1809299,0.2824,0.0,0.0,2026-05-06 17:09:41.138
9673,1809519,0.2824,0.0,0.0,2026-05-06 17:09:41.138
9674,1809736,0.2857,0.0,0.0,2026-05-06 17:09:41.138
9675,1809784,0.3033,0.0,0.0,2026-05-06 17:09:41.138
9676,1810222,0.3058,0.0,0.0,2026-05-06 17:09:41.138
9677,1810385,0.3208,0.0,0.0,2026-05-06 17:09:41.138
9678,1810604,0.3226,0.0,0.0,2026-05-06 17:09:41.138
9679,1810728,0.3319,0.0,0.0,2026-05-06 17:09:41.138
9680,1810947,0.3319,0.0,0.0,2026-05-06 17:09:41.138
9681,1811166,0.3332,0.0,0.0,2026-05-06 17:09:41.138
9682,1811212,0.3409,0.0,0.0,2026-05-06 17:09:41.138
9683,1811431,0.3409,0.0,0.0,2026-05-06 17:09:41.138
9684,1811650,0.3418,0.0,0.0,2026-05-06 17:09:41.138
9685,1811697,0.3464,0.0,0.0,2026-05-06 17:09:41.138
9686,1811915,0.3471,0.0,0.0,2026-05-06 17:09:41.138
9687,1812134,0.3471,0.0,0.0,2026-05-06 17:09:41.138
9688,1812181,0.35,0.0,0.0,2026-05-06 17:09:41.138
9689,1812400,0.35,0.0,0.0,2026-05-06 17:09:41.138
9690,1812619,0.35,0.0,0.0,2026-05-06 17:09:41.138
9691,1812665,0.35,0.0,0.0,2026-05-06 17:09:41.138
9692,1812884,0.35,0.0,0.0,2026-05-06 17:09:41.138
9693,1813103,0.35,0.0,0.0,2026-05-06 17:09:41.138
9694,1813150,0.35,0.0,0.0,2026-05-06 17:09:41.138
9695,1813368,0.35,0.0,0.0,2026-05-06 17:09:41.138
9696,1813587,0.35,0.0,0.0,2026-05-06 17:09:41.138
9697,1813634,0.35,0.0,0.0,2026-05-06 17:09:41.138
9698,1813852,0.35,0.0,0.0,2026-05-06 17:09:41.138
9699,1814070,0.35,0.0,0.0,2026-05-06 17:09:41.138
9700,1814117,0.35,0.0,0.0,2026-05-06 17:09:41.138
9701,1814335,0.35,0.0,0.0,2026-05-06 17:09:41.138
9702,1814553,0.35,0.0,0.0,2026-05-06 17:09:41.138
9703,1814599,0.35,0.0,0.0,2026-05-06 17:09:41.138
9704,1814818,0.35,0.0,0.0,2026-05-06 17:09:41.138
9705,1815037,0.35,0.0,0.0,2026-05-06 17:09:41.138
9706,1815084,0.35,0.0,0.0,2026-05-06 17:09:41.138
9707,1815303,0.35,0.0,0.0,2026-05-06 17:09:41.848
9708,1815522,0.35,0.0,0.0,2026-05-06 17:09:41.848
9709,1815569,0.35,0.0,0.0,2026-05-06 17:09:41.848
9710,1815788,0.35,0.0,0.0,2026-05-06 17:09:41.848
9711,1816007,0.35,0.0,0.0,2026-05-06 17:09:41.848
9712,1816053,0.35,0.0,0.0,2026-05-06 17:09:41.848
9713,1816270,0.35,0.0,0.0,2026-05-06 17:09:41.848
9714,1816487,0.35,0.0,0.0,2026-05-06 17:09:41.848
9715,1816535,0.35,0.0,0.0,2026-05-06 17:09:41.848
9716,1816753,0.35,0.0,0.0,2026-05-06 17:09:41.848
9717,1816972,0.35,0.0,0.0,2026-05-06 17:09:41.848
9718,1817019,0.35,0.0,0.0,2026-05-06 17:09:41.848
9719,1817238,0.35,0.0,0.0,2026-05-06 17:09:41.848
9720,1817506,0.35,0.0,0.0,2026-05-06 17:09:41.848
9721,1817724,0.35,0.0,0.0,2026-05-06 17:09:41.848
9722,1817942,0.35,0.0,0.0,2026-05-06 17:09:41.848
9723,1817989,0.35,0.0,0.0,2026-05-06 17:09:41.848
9724,1818208,0.35,0.0,0.0,2026-05-06 17:09:41.848
9725,1818427,0.35,0.0,0.0,2026-05-06 17:09:41.848
9726,1818474,0.35,0.0,0.0,2026-05-06 17:09:41.848
9727,1818692,0.35,0.0,0.0,2026-05-06 17:09:41.848
9728,1818910,0.35,0.0,0.0,2026-05-06 17:09:41.848
9729,1818957,0.35,0.0,0.0,2026-05-06 17:09:41.848
9730,1819175,0.35,0.0,0.0,2026-05-06 17:09:41.848
9731,1819393,0.35,0.0,0.0,2026-05-06 17:09:41.848
9732,1819440,0.3462,0.0,0.0,2026-05-06 17:09:41.848
9733,1819704,0.3462,0.0,0.0,2026-05-06 17:09:41.848
9734,1819923,0.3385,0.0,0.0,2026-05-06 17:09:41.848
9735,1820140,0.337,0.0,0.0,2026-05-06 17:09:41.848
9736,1820358,0.337,0.0,0.0,2026-05-06 17:09:41.848
9737,1820405,0.3246,0.0,0.0,2026-05-06 17:09:41.848
9738,1820624,0.3218,0.0,0.0,2026-05-06 17:09:41.848
9739,1820843,0.3188,0.0,0.0,2026-05-06 17:09:41.848
9740,1820890,0.2945,0.0,0.0,2026-05-06 17:09:41.848
9741,1821109,0.2945,0.0,0.0,2026-05-06 17:09:41.848
9742,1821328,0.2893,0.0,0.0,2026-05-06 17:09:41.848
9743,1821374,0.2485,0.0,0.0,2026-05-06 17:09:41.848
9744,1821593,0.2401,0.0,0.0,2026-05-06 17:09:41.848
9745,1821812,0.2401,0.0,0.0,2026-05-06 17:09:41.848
9746,1821973,0.1713,0.0,0.0,2026-05-06 17:09:41.848
9747,1822192,0.1608,0.0,0.0,2026-05-06 17:09:41.848
9748,1822317,0.1022,0.0,0.0,2026-05-06 17:09:41.848
9749,1822535,0.1022,0.0,0.0,2026-05-06 17:09:41.848
9750,1822753,0.0938,0.0,0.0,2026-05-06 17:09:41.848
9751,1822800,0.0483,0.0,0.0,2026-05-06 17:09:41.848
9752,1823019,0.0483,0.0,0.0,2026-05-06 17:09:41.848
9753,1823238,0.0436,0.0,0.0,2026-05-06 17:09:41.910
9754,1823284,0.0226,0.0,0.0,2026-05-06 17:09:41.910
9755,1823502,0.0201,0.0,0.0,2026-05-06 17:09:41.910
9756,1823720,0.0201,0.0,0.0,2026-05-06 17:09:42.018
9757,1823880,0.009,0.0,0.0,2026-05-06 17:09:42.018
9758,1824097,0.0077,0.0,0.0,2026-05-06 17:09:42.018
9759,1824256,0.0013,0.0,0.0,2026-05-06 17:09:42.018
9760,1824478,0.0013,0.0,0.0,2026-05-06 17:09:42.018
9761,1824786,0.0,0.0,0.0,2026-05-06 17:09:42.694
9762,1825010,0.0,0.0,0.0,2026-05-06 17:09:42.694
9763,1825256,0.0,0.0,0.0,2026-05-06 17:09:42.694
9764,1825479,0.0,0.0,0.0,2026-05-06 17:09:42.694
9765,1825718,0.0,0.0,0.0,2026-05-06 17:09:42.694
9766,1825942,0.0,0.0,0.0,2026-05-06 17:09:42.694
9767,1826184,0.0,0.0,0.0,2026-05-06 17:09:42.694
9768,1826403,0.0,0.0,0.0,2026-05-06 17:09:42.694
9769,1826458,0.0,0.0,0.0,2026-05-06 17:09:42.694
9770,1826677,0.0,0.0,0.0,2026-05-06 17:09:42.694
9771,1826898,0.0,0.0,0.0,2026-05-06 17:09:42.694
9772,1827117,0.0,0.0,0.0,2026-05-06 17:09:42.694
9773,1827337,0.0,0.0,0.0,2026-05-06 17:09:42.694
9774,1827402,0.0,0.0,0.0,2026-05-06 17:09:42.694
9775,1827622,0.0,0.0,0.0,2026-05-06 17:09:42.694
9776,1827842,0.0,0.0,0.0,2026-05-06 17:09:42.694
9777,1827888,0.0,0.0,0.0,2026-05-06 17:09:42.694
9778,1828108,0.0,0.0,0.0,2026-05-06 17:09:42.694
9779,1828328,0.0,0.0,0.0,2026-05-06 17:09:42.694
9780,1828373,0.0,0.0,0.0,2026-05-06 17:09:42.694
9781,1828592,0.0,0.0,0.0,2026-05-06 17:09:42.694
9782,1828812,0.0,0.0,0.0,2026-05-06 17:09:42.694
9783,1829031,0.0,0.0,0.0,2026-05-06 17:09:42.694
9784,1829250,0.0,0.0,0.0,2026-05-06 17:09:42.694
9785,1829486,0.0,0.0,0.0,2026-05-06 17:09:42.694
9786,1829750,0.0,0.0,0.0,2026-05-06 17:09:42.694
9787,1829801,0.0,0.0,0.0,2026-05-06 17:09:42.694
9788,1830021,0.0,0.0,0.0,2026-05-06 17:09:42.694
9789,1830240,0.0,0.0,0.0,2026-05-06 17:09:42.694
9790,1830286,0.0,0.0,0.0,2026-05-06 17:09:42.694
9791,1830505,0.0,0.0,0.0,2026-05-06 17:09:42.694
9792,1830724,0.0,0.0,0.0,2026-05-06 17:09:42.694
9793,1830946,0.0,0.0,0.0,2026-05-06 17:09:42.694
9794,1831166,0.0,0.0,0.0,2026-05-06 17:09:42.694
9795,1831402,0.0,0.0,0.0,2026-05-06 17:09:42.694
9796,1831621,0.0,0.0,0.0,2026-05-06 17:09:42.694
9797,1831857,0.0,0.0,0.0,2026-05-06 17:09:42.694
9798,1832076,0.0,0.0,0.0,2026-05-06 17:09:42.694
9799,1832181,0.0,0.0,0.0,2026-05-06 17:09:42.694
9800,1832401,0.0,0.0,0.0,2026-05-06 17:09:42.694
9801,1832620,0.0,0.0,0.0,2026-05-06 17:09:42.694
9802,1832666,0.0,0.0,0.0,2026-05-06 17:09:42.694
9803,1832889,0.0,0.0,0.0,2026-05-06 17:09:43.401
9804,1833108,0.0,0.0,0.0,2026-05-06 17:09:43.401
9805,1833327,0.0,0.0,0.0,2026-05-06 17:09:43.401
9806,1833547,0.0,0.0,0.0,2026-05-06 17:09:43.401
9807,1833728,0.0,0.0,0.0,2026-05-06 17:09:43.401
9808,1833947,0.0,0.0,0.0,2026-05-06 17:09:43.401
9809,1834062,0.0,0.0,0.0,2026-05-06 17:09:43.401
9810,1834281,0.0,0.0,0.0,2026-05-06 17:09:43.401
9811,1834501,0.0,0.0,0.0,2026-05-06 17:09:43.401
9812,1834556,0.0,0.0,0.0,2026-05-06 17:09:43.401
9813,1834777,0.0,0.0,0.0,2026-05-06 17:09:43.401
9814,1834996,0.0,0.0,0.0,2026-05-06 17:09:43.401
9815,1835214,0.0,0.0,0.0,2026-05-06 17:09:43.401
9816,1835434,0.0,0.0,0.0,2026-05-06 17:09:43.401
9817,1835558,0.0,0.0,0.0,2026-05-06 17:09:43.401
9818,1835777,0.0,0.0,0.0,2026-05-06 17:09:43.401
9819,1835939,0.0,0.0,0.0,2026-05-06 17:09:43.401
9820,1835984,0.0,0.0,0.0,2026-05-06 17:09:43.401
9821,1836203,0.0,0.0,0.0,2026-05-06 17:09:43.401
9822,1836422,0.0,0.0,0.0,2026-05-06 17:09:43.401
9823,1836469,0.0,0.0,0.0,2026-05-06 17:09:43.401
9824,1836689,0.0,0.0,0.0,2026-05-06 17:09:43.401
9825,1836909,0.0,0.0,0.0,2026-05-06 17:09:43.401
9826,1837127,0.0,0.0,0.0,2026-05-06 17:09:43.401
9827,1837347,0.0,0.0,0.0,2026-05-06 17:09:43.401
9828,1837407,0.0,0.0,0.0,2026-05-06 17:09:43.401
9829,1837627,0.0,0.0,0.0,2026-05-06 17:09:43.401
9830,1837847,0.0,0.0,0.0,2026-05-06 17:09:43.401
9831,1837898,0.0,0.0,0.0,2026-05-06 17:09:43.401
9832,1838118,0.0,0.0,0.0,2026-05-06 17:09:43.401
9833,1838338,0.0,0.0,0.0,2026-05-06 17:09:43.401
9834,1838557,0.0,0.0,0.0,2026-05-06 17:09:43.401
9835,1838776,0.0,0.0,0.0,2026-05-06 17:09:43.401
9836,1839011,0.0,0.0,0.0,2026-05-06 17:09:43.401
9837,1839230,0.0,0.0,0.0,2026-05-06 17:09:43.401
9838,1839333,0.0,0.0,0.0,2026-05-06 17:09:43.401
9839,1839552,0.0,0.0,0.0,2026-05-06 17:09:43.401
9840,1839772,0.0,0.0,0.0,2026-05-06 17:09:43.401
9841,1839818,0.0,0.0,0.0,2026-05-06 17:09:43.401
9842,1840082,0.0,0.0,0.0,2026-05-06 17:09:43.401
9843,1840482,0.0,0.0,0.0,2026-05-06 17:09:43.401
9844,1840702,0.0,0.0,0.0,2026-05-06 17:09:43.401
9845,1840938,0.0,0.0,0.0,2026-05-06 17:09:56.304
9846,1841157,0.0,0.0,0.0,2026-05-06 17:09:56.304
9847,1841225,0.0,0.0,0.0,2026-05-06 17:09:56.304
9848,1841444,0.0,0.0,0.0,2026-05-06 17:09:56.304
9849,1841663,0.0,0.0,0.0,2026-05-06 17:09:56.304
9850,1841710,0.0,0.0,0.0,2026-05-06 17:09:56.304
9851,1841929,0.0,0.0,0.0,2026-05-06 17:09:56.304
9852,1842148,0.0,0.0,0.0,2026-05-06 17:09:56.304
9853,1842194,0.0,0.0,0.0,2026-05-06 17:09:56.304
9854,1842414,0.0,0.0,0.0,2026-05-06 17:09:56.304
9855,1842635,0.0,0.0,0.0,2026-05-06 17:09:56.304
9856,1842680,0.0,0.0,0.0,2026-05-06 17:09:56.304
9857,1842900,0.0,0.0,0.0,2026-05-06 17:09:56.304
9858,1843121,0.0,0.0,0.0,2026-05-06 17:09:56.304
9859,1843339,0.0,0.0,0.0,2026-05-06 17:09:56.304
9860,1843558,0.0,0.0,0.0,2026-05-06 17:09:56.304
9861,1843618,0.0,0.0,0.0,2026-05-06 17:09:56.304
9862,1843837,0.0,0.0,0.0,2026-05-06 17:09:56.304
9863,1844056,0.0,0.0,0.0,2026-05-06 17:09:56.304
9864,1844109,0.0,0.0,0.0,2026-05-06 17:09:56.304
9865,1844329,0.0,0.0,0.0,2026-05-06 17:09:56.304
9866,1844548,0.0,0.0,0.0005,2026-05-06 17:09:56.304
9867,1844594,0.0,0.0,0.0029,2026-05-06 17:09:56.304
9868,1844819,0.0,0.0,0.0037,2026-05-06 17:09:56.304
9869,1845059,0.0,0.0,0.0106,2026-05-06 17:09:56.304
9870,1845284,0.0,0.0,0.0106,2026-05-06 17:09:56.304
9871,1845524,0.0,0.0,0.0224,2026-05-06 17:09:56.304
9872,1845752,0.0,0.0,0.0246,2026-05-06 17:09:56.304
9873,1846174,0.0,0.0,0.0452,2026-05-06 17:09:56.304
9874,1846402,0.0,0.0,0.049,2026-05-06 17:09:56.304
9875,1846462,0.0,0.0,0.076,2026-05-06 17:09:56.304
9876,1846690,0.0,0.0,0.076,2026-05-06 17:09:56.304
9877,1846931,0.0,0.0,0.1191,2026-05-06 17:09:56.304
9878,1847159,0.0,0.0,0.1191,2026-05-06 17:09:56.304
9879,1847400,0.0,0.0,0.1524,2026-05-06 17:09:56.304
9880,1847629,0.0,0.0,0.1563,2026-05-06 17:09:56.304
9881,1847933,0.0,0.0,0.175,2026-05-06 17:09:56.304
9882,1848162,0.0,0.0,0.1774,2026-05-06 17:09:56.304
9883,1848343,0.0,0.0,0.1899,2026-05-06 17:09:56.304
9884,1848572,0.0,0.0,0.1899,2026-05-06 17:09:56.304
9885,1848813,0.0,0.0,0.1971,2026-05-06 17:09:56.304
9886,1849042,0.0,0.0,0.1978,2026-05-06 17:09:57.012
9887,1849283,0.0,0.0,0.2,2026-05-06 17:09:57.012
9888,1849512,0.0,0.0,0.2,2026-05-06 17:09:57.012
9889,1849753,0.0,0.0,0.2,2026-05-06 17:09:57.012
9890,1849982,0.0,0.0,0.2,2026-05-06 17:09:57.012
9891,1850223,0.0,0.0,0.2,2026-05-06 17:09:57.012
9892,1850452,0.0,0.0,0.2,2026-05-06 17:09:57.012
9893,1850693,0.0,0.0,0.2,2026-05-06 17:09:57.012
9894,1850922,0.0,0.0,0.2,2026-05-06 17:09:57.012
9895,1851163,0.0,0.0,0.2,2026-05-06 17:09:57.012
9896,1851392,0.0,0.0,0.2,2026-05-06 17:09:57.012
9897,1851633,0.0,0.0,0.2,2026-05-06 17:09:57.012
9898,1851862,0.0,0.0,0.2,2026-05-06 17:09:57.012
9899,1852103,0.0,0.0,0.2,2026-05-06 17:09:57.012
9900,1852332,0.0,0.0,0.2,2026-05-06 17:09:57.012
9901,1852573,0.0,0.0,0.2,2026-05-06 17:09:57.012
9902,1852802,0.0,0.0,0.2,2026-05-06 17:09:57.012
9903,1853043,0.0,0.0,0.2,2026-05-06 17:09:57.012
9904,1853272,0.0,0.0,0.2,2026-05-06 17:09:57.012
9905,1853573,0.0,0.0,0.2,2026-05-06 17:09:57.012
9906,1853802,0.0,0.0,0.2,2026-05-06 17:09:57.012
9907,1853983,0.0,0.0,0.2,2026-05-06 17:09:57.012
9908,1854212,0.0,0.0,0.2,2026-05-06 17:09:57.012
9909,1854453,0.0,0.0,0.2,2026-05-06 17:09:57.012
9910,1854682,0.0,0.0,0.2,2026-05-06 17:09:57.012
9911,1854923,0.0,0.0,0.1943,2026-05-06 17:09:57.012
9912,1855152,0.0,0.0,0.1943,2026-05-06 17:09:57.012
9913,1855393,0.0,0.0,0.0,2026-05-06 17:09:57.012
9914,1855625,0.0,0.0,0.175,2026-05-06 17:09:57.012
9915,1855866,0.0,0.0,0.1386,2026-05-06 17:09:57.012
9916,1856095,0.0,0.0,0.1299,2026-05-06 17:09:57.012
9917,1856336,0.0005,0.0,0.0599,2026-05-06 17:09:57.012
9918,1856565,0.0005,0.0,0.0599,2026-05-06 17:09:57.012
9919,1856806,0.0047,0.0,0.0175,2026-05-06 17:09:57.012
9920,1857035,0.0054,0.0,0.0143,2026-05-06 17:09:57.740
9921,1857392,0.0113,0.0,0.0021,2026-05-06 17:09:57.740
9922,1857616,0.0124,0.0,0.0013,2026-05-06 17:09:57.740
9923,1857739,0.0194,0.0,0.0,2026-05-06 17:09:57.740
9924,1857962,0.0194,0.0,0.0,2026-05-06 17:09:57.740
9925,1858202,0.0322,0.0,0.0,2026-05-06 17:09:57.740
9926,1858427,0.0322,0.0,0.0,2026-05-06 17:09:57.740
9927,1858667,0.0475,0.0,0.0,2026-05-06 17:09:57.740
9928,1858890,0.0501,0.0,0.0,2026-05-06 17:09:57.740
9929,1859130,0.0678,0.0,0.0,2026-05-06 17:09:57.740
9930,1859352,0.0711,0.0,0.0,2026-05-06 17:09:57.740
9931,1859591,0.0981,0.0,0.0,2026-05-06 17:09:57.740
9932,1859813,0.0981,0.0,0.0,2026-05-06 17:09:57.740
9933,1860058,0.1362,0.0,0.0,2026-05-06 17:09:57.740
9934,1860280,0.1362,0.0,0.0,2026-05-06 17:09:57.740
9935,1860519,0.1738,0.0,0.0,2026-05-06 17:09:57.740
9936,1860739,0.1793,0.0,0.0,2026-05-06 17:09:57.740
9937,1860959,0.1793,0.0,0.0,2026-05-06 17:09:57.740
9938,1861004,0.2118,0.0,0.0,2026-05-06 17:09:57.740
9939,1861224,0.217,0.0,0.0,2026-05-06 17:09:57.740
9940,1861490,0.2509,0.0,0.0,2026-05-06 17:09:57.740
9941,1861708,0.2509,0.0,0.0,2026-05-06 17:09:57.740
9942,1861926,0.2553,0.0,0.0,2026-05-06 17:09:57.740
9943,1861973,0.2824,0.0,0.0,2026-05-06 17:09:57.740
9944,1862191,0.2824,0.0,0.0,2026-05-06 17:09:57.740
9945,1862409,0.2857,0.0,0.0,2026-05-06 17:09:57.740
9946,1862456,0.3033,0.0,0.0,2026-05-06 17:09:57.740
9947,1862674,0.3058,0.0,0.0,2026-05-06 17:09:57.740
9948,1862892,0.3058,0.0,0.0,2026-05-06 17:09:57.740
9949,1862939,0.319,0.0,0.0,2026-05-06 17:09:57.740
9950,1863160,0.319,0.0,0.0,2026-05-06 17:09:57.740
9951,1863378,0.3208,0.0,0.0,2026-05-06 17:09:57.740
9952,1863425,0.3319,0.0,0.0,2026-05-06 17:09:57.740
9953,1863644,0.3319,0.0,0.0,2026-05-06 17:09:57.740
9954,1863863,0.3332,0.0,0.0,2026-05-06 17:09:57.740
9955,1863910,0.3399,0.0,0.0,2026-05-06 17:09:57.740
9956,1864129,0.3409,0.0,0.0,2026-05-06 17:09:57.740
9957,1864348,0.3409,0.0,0.0,2026-05-06 17:09:57.740
9958,1864394,0.3457,0.0,0.0,2026-05-06 17:09:57.740
9959,1864612,0.3464,0.0,0.0,2026-05-06 17:09:57.740
9960,1864830,0.3471,0.0,0.0,2026-05-06 17:09:57.740
9961,1864877,0.35,0.0,0.0,2026-05-06 17:09:57.740
9962,1865096,0.35,0.0,0.0,2026-05-06 17:09:58.452
9963,1865315,0.35,0.0,0.0,2026-05-06 17:09:58.452
9964,1865362,0.35,0.0,0.0,2026-05-06 17:09:58.452
9965,1865579,0.35,0.0,0.0,2026-05-06 17:09:58.452
9966,1865796,0.35,0.0,0.0,2026-05-06 17:09:58.452
9967,1865844,0.35,0.0,0.0,2026-05-06 17:09:58.452
9968,1866061,0.35,0.0,0.0,2026-05-06 17:09:58.452
9969,1866278,0.35,0.0,0.0,2026-05-06 17:09:58.452
9970,1866326,0.35,0.0,0.0,2026-05-06 17:09:58.452
9971,1866543,0.35,0.0,0.0,2026-05-06 17:09:58.452
9972,1866760,0.35,0.0,0.0,2026-05-06 17:09:58.452
9973,1866808,0.35,0.0,0.0,2026-05-06 17:09:58.452
9974,1867026,0.35,0.0,0.0,2026-05-06 17:09:58.452
9975,1867244,0.35,0.0,0.0,2026-05-06 17:09:58.452
9976,1867291,0.35,0.0,0.0,2026-05-06 17:09:58.452
9977,1867510,0.35,0.0,0.0,2026-05-06 17:09:58.452
9978,1867728,0.35,0.0,0.0,2026-05-06 17:09:58.452
9979,1867775,0.35,0.0,0.0,2026-05-06 17:09:58.452
9980,1867995,0.35,0.0,0.0,2026-05-06 17:09:58.452
9981,1868215,0.35,0.0,0.0,2026-05-06 17:09:58.452
9982,1868260,0.35,0.0,0.0,2026-05-06 17:09:58.452
9983,1868478,0.35,0.0,0.0,2026-05-06 17:09:58.452
9984,1868696,0.35,0.0,0.0,2026-05-06 17:09:58.452
9985,1868743,0.35,0.0,0.0,2026-05-06 17:09:58.452
9986,1868961,0.35,0.0,0.0,2026-05-06 17:09:58.452
9987,1869179,0.35,0.0,0.0,2026-05-06 17:09:58.452
9988,1869226,0.35,0.0,0.0,2026-05-06 17:09:58.452
9989,1869445,0.35,0.0,0.0,2026-05-06 17:09:58.452
9990,1869662,0.35,0.0,0.0,2026-05-06 17:09:58.452
9991,1869709,0.35,0.0,0.0,2026-05-06 17:09:58.452
9992,1869927,0.35,0.0,0.0,2026-05-06 17:09:58.452
9993,1870151,0.35,0.0,0.0,2026-05-06 17:09:58.452
9994,1870198,0.35,0.0,0.0,2026-05-06 17:09:58.452
9995,1870416,0.35,0.0,0.0,2026-05-06 17:09:58.452
9996,1870634,0.35,0.0,0.0,2026-05-06 17:09:58.452
9997,1870681,0.35,0.0,0.0,2026-05-06 17:09:58.452
9998,1870899,0.35,0.0,0.0,2026-05-06 17:09:58.452
9999,1871116,0.35,0.0,0.0,2026-05-06 17:09:58.452
10000,1871164,0.35,0.0,0.0,2026-05-06 17:09:58.452
10001,1871381,0.35,0.0,0.0,2026-05-06 17:09:58.452
10002,1871598,0.35,0.0,0.0,2026-05-06 17:09:58.452
10003,1871646,0.35,0.0,0.0,2026-05-06 17:09:58.452
10004,1871863,0.35,0.0,0.0,2026-05-06 17:09:58.452
10005,1872080,0.35,0.0,0.0,2026-05-06 17:09:58.452
10006,1872127,0.35,0.0,0.0,2026-05-06 17:09:58.452
10007,1872350,0.35,0.0,0.0,2026-05-06 17:09:58.452
10008,1872570,0.35,0.0,0.0,2026-05-06 17:09:58.452
10009,1872617,0.35,0.0,0.0,2026-05-06 17:09:58.452
10010,1872836,0.35,0.0,0.0,2026-05-06 17:09:58.452
10011,1873055,0.35,0.0,0.0,2026-05-06 17:09:59.189
10012,1873101,0.35,0.0,0.0,2026-05-06 17:09:59.189
10013,1873319,0.35,0.0,0.0,2026-05-06 17:09:59.189
10014,1873537,0.35,0.0,0.0,2026-05-06 17:09:59.189
10015,1873584,0.35,0.0,0.0,2026-05-06 17:09:59.189
10016,1873802,0.35,0.0,0.0,2026-05-06 17:09:59.189
10017,1874020,0.35,0.0,0.0,2026-05-06 17:09:59.189
10018,1874067,0.347,0.0,0.0,2026-05-06 17:09:59.189
10019,1874284,0.347,0.0,0.0,2026-05-06 17:09:59.189
10020,1874501,0.3462,0.0,0.0,2026-05-06 17:09:59.189
10021,1874549,0.3385,0.0,0.0,2026-05-06 17:09:59.189
10022,1874767,0.3385,0.0,0.0,2026-05-06 17:09:59.189
10023,1874985,0.337,0.0,0.0,2026-05-06 17:09:59.189
10024,1875032,0.3246,0.0,0.0,2026-05-06 17:09:59.189
10025,1875251,0.3218,0.0,0.0,2026-05-06 17:09:59.189
10026,1875470,0.3218,0.0,0.0,2026-05-06 17:09:59.189
10027,1875630,0.2994,0.0,0.0,2026-05-06 17:09:59.189
10028,1875847,0.2945,0.0,0.0,2026-05-06 17:09:59.189
10029,1875954,0.2893,0.0,0.0,2026-05-06 17:09:59.189
10030,1875999,0.2485,0.0,0.0,2026-05-06 17:09:59.189
10031,1876217,0.2485,0.0,0.0,2026-05-06 17:09:59.189
10032,1876435,0.2401,0.0,0.0,2026-05-06 17:09:59.189
10033,1876482,0.1818,0.0,0.0,2026-05-06 17:09:59.189
10034,1876701,0.1713,0.0,0.0,2026-05-06 17:09:59.189
10035,1876920,0.1713,0.0,0.0,2026-05-06 17:09:59.189
10036,1876966,0.1111,0.0,0.0,2026-05-06 17:09:59.189
10037,1877186,0.1022,0.0,0.0,2026-05-06 17:09:59.189
10038,1877406,0.0938,0.0,0.0,2026-05-06 17:09:59.189
10039,1877452,0.0534,0.0,0.0,2026-05-06 17:09:59.189
10040,1877671,0.0534,0.0,0.0,2026-05-06 17:09:59.189
10041,1877890,0.0483,0.0,0.0,2026-05-06 17:09:59.189
10042,1877936,0.0226,0.0,0.0,2026-05-06 17:09:59.189
10043,1878155,0.0226,0.0,0.0,2026-05-06 17:09:59.189
10044,1878374,0.0201,0.0,0.0,2026-05-06 17:09:59.189
10045,1878421,0.009,0.0,0.0,2026-05-06 17:09:59.189
10046,1878638,0.0077,0.0,0.0,2026-05-06 17:09:59.189
10047,1878855,0.0077,0.0,0.0,2026-05-06 17:09:59.189
10048,1878903,0.0013,0.0,0.0,2026-05-06 17:09:59.189
10049,1879121,0.0007,0.0,0.0,2026-05-06 17:09:59.189
10050,1879342,0.0007,0.0,0.0,2026-05-06 17:09:59.189
10051,1879388,0.0,0.0,0.0,2026-05-06 17:09:59.189
10052,1879608,0.0,0.0,0.0,2026-05-06 17:09:59.189
10053,1879828,0.0,0.0,0.0,2026-05-06 17:09:59.189
10054,1879873,0.0,0.0,0.0,2026-05-06 17:09:59.189
10055,1880035,0.0,0.0,0.0,2026-05-06 17:09:59.189
10056,1880255,0.0,0.0,0.0,2026-05-06 17:09:59.189
10057,1880350,0.0,0.0,0.0,2026-05-06 17:09:59.189
10058,1880570,0.0,0.0,0.0,2026-05-06 17:09:59.189
10059,1880791,0.0,0.0,0.0,2026-05-06 17:09:59.189
10060,1881089,0.0,0.0,0.0,2026-05-06 17:09:59.897
10061,1881308,0.0,0.0,0.0,2026-05-06 17:09:59.897
10062,1881360,0.0,0.0,0.0,2026-05-06 17:09:59.897
10063,1881579,0.0,0.0,0.0,2026-05-06 17:09:59.897
10064,1881799,0.0,0.0,0.0,2026-05-06 17:09:59.897
10065,1881845,0.0,0.0,0.0,2026-05-06 17:09:59.897
10066,1882108,0.0,0.0,0.0,2026-05-06 17:09:59.897
10067,1882329,0.0,0.0,0.0,2026-05-06 17:09:59.897
10068,1882548,0.0,0.0,0.0,2026-05-06 17:09:59.897
10069,1882767,0.0,0.0,0.0,2026-05-06 17:09:59.897
10070,1882986,0.0,0.0,0.0,2026-05-06 17:09:59.897
10071,1883205,0.0,0.0,0.0,2026-05-06 17:09:59.897
10072,1883440,0.0,0.0,0.0,2026-05-06 17:09:59.897
10073,1883659,0.0,0.0,0.0,2026-05-06 17:09:59.897
10074,1883763,0.0,0.0,0.0,2026-05-06 17:09:59.897
10075,1883983,0.0,0.0,0.0,2026-05-06 17:09:59.897
10076,1884202,0.0,0.0,0.0,2026-05-06 17:09:59.897
10077,1884248,0.0,0.0,0.0,2026-05-06 17:09:59.897
10078,1884468,0.0,0.0,0.0,2026-05-06 17:09:59.897
10079,1884687,0.0,0.0,0.0,2026-05-06 17:09:59.897
10080,1884907,0.0,0.0,0.0,2026-05-06 17:09:59.897
10081,1885126,0.0,0.0,0.0,2026-05-06 17:09:59.897
10082,1885186,0.0,0.0,0.0,2026-05-06 17:09:59.897
10083,1885407,0.0,0.0,0.0,2026-05-06 17:09:59.897
10084,1885627,0.0,0.0,0.0,2026-05-06 17:09:59.897
10085,1885678,0.0,0.0,0.0,2026-05-06 17:09:59.897
10086,1885897,0.0,0.0,0.0,2026-05-06 17:09:59.897
10087,1886116,0.0,0.0,0.0,2026-05-06 17:09:59.897
10088,1886162,0.0,0.0,0.0,2026-05-06 17:09:59.897
10089,1886382,0.0,0.0,0.0,2026-05-06 17:09:59.897
10090,1886601,0.0,0.0,0.0,2026-05-06 17:09:59.897
10091,1886820,0.0,0.0,0.0,2026-05-06 17:09:59.897
10092,1887039,0.0,0.0,0.0,2026-05-06 17:09:59.897
10093,1887099,0.0,0.0,0.0,2026-05-06 17:09:59.897
10094,1887318,0.0,0.0,0.0,2026-05-06 17:09:59.897
10095,1887538,0.0,0.0,0.0,2026-05-06 17:09:59.897
10096,1887590,0.0,0.0,0.0,2026-05-06 17:09:59.897
10097,1887812,0.0,0.0,0.0,2026-05-06 17:09:59.897
10098,1888033,0.0,0.0,0.0,2026-05-06 17:09:59.897
10099,1888079,0.0,0.0,0.0,2026-05-06 17:09:59.897
10100,1888299,0.0,0.0,0.0,2026-05-06 17:09:59.897
10101,1888518,0.0,0.0,0.0,2026-05-06 17:09:59.897
10102,1888564,0.0,0.0,0.0,2026-05-06 17:09:59.897
10103,1888784,0.0,0.0,0.0,2026-05-06 17:09:59.897
10104,1889004,0.0,0.0,0.0,2026-05-06 17:09:59.897
10105,1889222,0.0,0.0,0.0,2026-05-06 17:10:00.611
10106,1889442,0.0,0.0,0.0,2026-05-06 17:10:00.611
10107,1889502,0.0,0.0,0.0,2026-05-06 17:10:00.611
10108,1889722,0.0,0.0,0.0,2026-05-06 17:10:00.611
10109,1889942,0.0,0.0,0.0,2026-05-06 17:10:00.611
10110,1889993,0.0,0.0,0.0,2026-05-06 17:10:00.611
10111,1890213,0.0,0.0,0.0,2026-05-06 17:10:00.611
10112,1890433,0.0,0.0,0.0,2026-05-06 17:10:00.611
10113,1890479,0.0,0.0,0.0,2026-05-06 17:10:00.611
10114,1890699,0.0,0.0,0.0,2026-05-06 17:10:00.611
10115,1890919,0.0,0.0,0.0,2026-05-06 17:10:00.611
10116,1891137,0.0,0.0,0.0,2026-05-06 17:10:00.611
10117,1891358,0.0,0.0,0.0,2026-05-06 17:10:00.611
10118,1891418,0.0,0.0,0.0,2026-05-06 17:10:00.611
10119,1891637,0.0,0.0,0.0,2026-05-06 17:10:00.611
10120,1891856,0.0,0.0,0.0,2026-05-06 17:10:00.611
10121,1891908,0.0,0.0,0.0,2026-05-06 17:10:00.611
10122,1892127,0.0,0.0,0.0,2026-05-06 17:10:00.611
10123,1892348,0.0,0.0,0.0,2026-05-06 17:10:00.611
10124,1892393,0.0,0.0,0.0,2026-05-06 17:10:00.611
10125,1892612,0.0,0.0,0.0,2026-05-06 17:10:00.611
10126,1892831,0.0,0.0,0.0,2026-05-06 17:10:00.611
10127,1892878,0.0,0.0,0.0,2026-05-06 17:10:00.611
10128,1893097,0.0,0.0,0.0,2026-05-06 17:10:00.611
10129,1893316,0.0,0.0,0.0,2026-05-06 17:10:00.611
10130,1893362,0.0,0.0,0.0,2026-05-06 17:10:00.611
10131,1893581,0.0,0.0,0.0,2026-05-06 17:10:00.611
10132,1893800,0.0,0.0,0.0,2026-05-06 17:10:00.611
10133,1893847,0.0,0.0,0.0,2026-05-06 17:10:00.611
10134,1894067,0.0,0.0,0.0,2026-05-06 17:10:00.611
10135,1894287,0.0,0.0,0.0,2026-05-06 17:10:00.611
10136,1894332,0.0,0.0,0.0,2026-05-06 17:10:00.611
10137,1894551,0.0,0.0,0.0,2026-05-06 17:10:00.611
10138,1894771,0.0,0.0,0.0,2026-05-06 17:10:00.611
10139,1894817,0.0,0.0,0.0,2026-05-06 17:10:00.611
10140,1895038,0.0,0.0,0.0,2026-05-06 17:10:00.611
10141,1895259,0.0,0.0,0.0,2026-05-06 17:10:00.611
10142,1895304,0.0,0.0,0.0,2026-05-06 17:10:00.611
10143,1895528,0.0,0.0,0.0,2026-05-06 17:10:00.611
10144,1895748,0.0,0.0,0.0,2026-05-06 17:10:00.611
10145,1895793,0.0,0.0,0.0,2026-05-06 17:10:00.611
10146,1896014,0.0,0.0,0.0,2026-05-06 17:10:00.611
10147,1896253,0.0,0.0,0.0,2026-05-06 17:10:00.611
10148,1896473,0.0,0.0,0.0,2026-05-06 17:10:00.611
10149,1896693,0.0,0.0,0.0,2026-05-06 17:10:00.611
10150,1896739,0.0,0.0,0.0,2026-05-06 17:10:00.611
10151,1896959,0.0,0.0,0.0,2026-05-06 17:10:00.611
10152,1897179,0.0,0.0,0.0,2026-05-06 17:10:01.322
10153,1897224,0.0,0.0,0.0,2026-05-06 17:10:01.322
10154,1897443,0.0,0.0,0.0,2026-05-06 17:10:01.322
10155,1897662,0.0,0.0,0.0,2026-05-06 17:10:01.322
10156,1897709,0.0,0.0,0.0,2026-05-06 17:10:01.322
10157,1897929,0.0,0.0,0.0,2026-05-06 17:10:01.322
10158,1898149,0.0,0.0,0.0,2026-05-06 17:10:01.322
10159,1898194,0.0,0.0,0.0,2026-05-06 17:10:01.322
10160,1898415,0.0,0.0,0.0,2026-05-06 17:10:01.322
10161,1898636,0.0,0.0,0.0,2026-05-06 17:10:01.322
10162,1898681,0.0,0.0,0.0,2026-05-06 17:10:01.322
10163,1898901,0.0,0.0,0.0,2026-05-06 17:10:01.322
10164,1899121,0.0,0.0,0.0,2026-05-06 17:10:01.322
10165,1899166,0.0,0.0,0.0,2026-05-06 17:10:01.322
10166,1899386,0.0,0.0,0.0,2026-05-06 17:10:01.322
10167,1899606,0.0,0.0,0.0,2026-05-06 17:10:01.322
10168,1899652,0.0,0.0,0.0,2026-05-06 17:10:01.322
10169,1899872,0.0,0.0,0.0,2026-05-06 17:10:01.322
10170,1900092,0.0,0.0,0.0,2026-05-06 17:10:01.322
10171,1900137,0.0,0.0,0.0,2026-05-06 17:10:01.322
10172,1900356,0.0,0.0,0.0,2026-05-06 17:10:01.322
10173,1900575,0.0,0.0,0.0,2026-05-06 17:10:01.322
10174,1900622,0.0,0.0,0.0,2026-05-06 17:10:01.322
10175,1900841,0.0,0.0,0.0,2026-05-06 17:10:01.322
10176,1901062,0.0,0.0,0.0,2026-05-06 17:10:01.322
10177,1901107,0.0,0.0,0.0,2026-05-06 17:10:01.322
10178,1901326,0.0,0.0,0.0,2026-05-06 17:10:01.322
10179,1901545,0.0,0.0,0.0,2026-05-06 17:10:01.322
10180,1901592,0.0,0.0,0.0,2026-05-06 17:10:01.322
10181,1901811,0.0,0.0,0.0,2026-05-06 17:10:01.322
10182,1902031,0.0,0.0,0.0,2026-05-06 17:10:01.322
10183,1902077,0.0,0.0,0.0,2026-05-06 17:10:01.322
10184,1902296,0.0,0.0,0.0,2026-05-06 17:10:01.322
10185,1902515,0.0,0.0,0.0,2026-05-06 17:10:01.322
10186,1902561,0.0,0.0,0.0,2026-05-06 17:10:01.322
10187,1902781,0.0,0.0,0.0,2026-05-06 17:10:01.322
10188,1903000,0.0,0.0,0.0,2026-05-06 17:10:01.322
10189,1903046,0.0,0.0,0.0,2026-05-06 17:10:01.322
10190,1903332,0.0,0.0,0.0,2026-05-06 17:10:01.322
10191,1903551,0.0,0.0,0.0,2026-05-06 17:10:01.322
10192,1903598,0.0,0.0,0.0,2026-05-06 17:10:01.322
10193,1903817,0.0,0.0,0.0,2026-05-06 17:10:01.322
10194,1904036,0.0,0.0,0.0,2026-05-06 17:10:01.322
10195,1904151,0.0,0.0,0.0,2026-05-06 17:10:01.322
10196,1904197,0.0,0.0,0.0,2026-05-06 17:10:01.322
10197,1904417,0.0,0.0,0.0,2026-05-06 17:10:01.322
10198,1904637,0.0,0.0,0.0,2026-05-06 17:10:01.322
10199,1904682,0.0,0.0,0.0,2026-05-06 17:10:01.322
10200,1904901,0.0,0.0,0.0,2026-05-06 17:10:01.322
10201,1905120,0.0,0.0,0.0,2026-05-06 17:10:01.322
10202,1905167,0.0,0.0,0.0,2026-05-06 17:10:02.032
10203,1905387,0.0,0.0,0.0,2026-05-06 17:10:02.032
10204,1905607,0.0,0.0,0.0,2026-05-06 17:10:02.032
10205,1905652,0.0,0.0,0.0,2026-05-06 17:10:02.032
10206,1905871,0.0,0.0,0.0,2026-05-06 17:10:02.032
10207,1906090,0.0,0.0,0.0,2026-05-06 17:10:02.032
10208,1906137,0.0,0.0,0.0,2026-05-06 17:10:02.032
10209,1906357,0.0,0.0,0.0,2026-05-06 17:10:02.032
10210,1906577,0.0,0.0,0.0,2026-05-06 17:10:02.032
10211,1906622,0.0,0.0,0.0,2026-05-06 17:10:02.032
10212,1906841,0.0,0.0,0.0,2026-05-06 17:10:02.032
10213,1907060,0.0,0.0,0.0,2026-05-06 17:10:02.032
10214,1907222,0.0,0.0,0.0,2026-05-06 17:10:02.032
10215,1907441,0.0,0.0,0.0,2026-05-06 17:10:02.032
10216,1907565,0.0,0.0,0.0,2026-05-06 17:10:02.032
10217,1907784,0.0,0.0,0.0,2026-05-06 17:10:02.032
10218,1908003,0.0,0.0,0.0,2026-05-06 17:10:02.032
10219,1908049,0.0,0.0,0.0,2026-05-06 17:10:02.032
10220,1908268,0.0,0.0,0.0,2026-05-06 17:10:02.032
10221,1908487,0.0,0.0,0.0,2026-05-06 17:10:02.032
10222,1908534,0.0,0.0,0.0,2026-05-06 17:10:02.032
10223,1908754,0.0,0.0,0.0,2026-05-06 17:10:02.032
10224,1908974,0.0,0.0,0.0,2026-05-06 17:10:02.032
10225,1909019,0.0,0.0,0.0,2026-05-06 17:10:02.032
10226,1909239,0.0,0.0,0.0,2026-05-06 17:10:02.032
10227,1909458,0.0,0.0,0.0,2026-05-06 17:10:02.032
10228,1909504,0.0,0.0,0.0,2026-05-06 17:10:02.032
10229,1909723,0.0,0.0,0.0,2026-05-06 17:10:02.032
10230,1909942,0.0,0.0,0.0,2026-05-06 17:10:02.032
10231,1909989,0.0,0.0,0.0,2026-05-06 17:10:02.032
10232,1910208,0.0,0.0,0.0,2026-05-06 17:10:02.032
10233,1910427,0.0,0.0,0.0,2026-05-06 17:10:02.032
10234,1910473,0.0,0.0,0.0,2026-05-06 17:10:02.032
10235,1910693,0.0,0.0,0.0,2026-05-06 17:10:02.032
10236,1910915,0.0,0.0,0.0,2026-05-06 17:10:02.032
10237,1910961,0.0,0.0,0.0,2026-05-06 17:10:02.032
10238,1911181,0.0,0.0,0.0,2026-05-06 17:10:02.032
10239,1911401,0.0,0.0,0.0,2026-05-06 17:10:02.032
10240,1911447,0.0,0.0,0.0,2026-05-06 17:10:02.032
10241,1911666,0.0,0.0,0.0,2026-05-06 17:10:02.032
10242,1911886,0.0,0.0,0.0,2026-05-06 17:10:02.032
10243,1911932,0.0,0.0,0.0,2026-05-06 17:10:02.032
10244,1912151,0.0,0.0,0.0,2026-05-06 17:10:02.032
10245,1912370,0.0,0.0,0.0,2026-05-06 17:10:02.032
10246,1912416,0.0,0.0,0.0,2026-05-06 17:10:02.032
10247,1912635,0.0,0.0,0.0,2026-05-06 17:10:02.032
10248,1912855,0.0,0.0,0.0,2026-05-06 17:10:02.032
10249,1912901,0.0,0.0,0.0,2026-05-06 17:10:02.032
10250,1913121,0.0,0.0,0.0,2026-05-06 17:10:02.032
10251,1913340,0.0,0.0,0.0,2026-05-06 17:10:02.111
10252,1913386,0.0,0.0,0.0,2026-05-06 17:10:02.111
10253,1913605,0.0,0.0,0.0,2026-05-06 17:10:02.111
10254,1913824,0.0,0.0,0.0,2026-05-06 17:10:02.800
10255,1913871,0.0,0.0,0.0,2026-05-06 17:10:02.800
10256,1914091,0.0,0.0,0.0,2026-05-06 17:10:02.800
10257,1914311,0.0,0.0,0.0,2026-05-06 17:10:02.800
10258,1914356,0.0,0.0,0.0,2026-05-06 17:10:02.800
10259,1914576,0.0,0.0,0.0,2026-05-06 17:10:02.800
10260,1914796,0.0,0.0,0.0,2026-05-06 17:10:02.800
10261,1914842,0.0,0.0,0.0,2026-05-06 17:10:02.800
10262,1915061,0.0,0.0,0.0,2026-05-06 17:10:02.800
10263,1915280,0.0,0.0,0.0,2026-05-06 17:10:02.800
10264,1915326,0.0,0.0,0.0,2026-05-06 17:10:02.800
10265,1915546,0.0,0.0,0.0,2026-05-06 17:10:02.800
10266,1915766,0.0,0.0,0.0,2026-05-06 17:10:02.800
10267,1915812,0.0,0.0,0.0,2026-05-06 17:10:02.800
10268,1916032,0.0,0.0,0.0,2026-05-06 17:10:02.800
10269,1916252,0.0,0.0,0.0,2026-05-06 17:10:02.800
10270,1916297,0.0,0.0,0.0,2026-05-06 17:10:02.800
10271,1916516,0.0,0.0,0.0,2026-05-06 17:10:02.800
10272,1916735,0.0,0.0,0.0,2026-05-06 17:10:02.800
10273,1916782,0.0,0.0,0.0,2026-05-06 17:10:02.800
10274,1917001,0.0,0.0,0.0,2026-05-06 17:10:02.800
10275,1917220,0.0,0.0,0.0,2026-05-06 17:10:02.800
10276,1917266,0.0,0.0,0.0,2026-05-06 17:10:02.800
10277,1917485,0.0,0.0,0.0,2026-05-06 17:10:02.800
10278,1917704,0.0,0.0,0.0,2026-05-06 17:10:02.800
10279,1917751,0.0,0.0,0.0037,2026-05-06 17:10:02.800
10280,1917973,0.0,0.0,0.0044,2026-05-06 17:10:02.800
10281,1918270,0.0,0.0,0.0106,2026-05-06 17:10:02.800
10282,1918494,0.0,0.0,0.012,2026-05-06 17:10:02.800
10283,1918679,0.0,0.0,0.0246,2026-05-06 17:10:02.800
10284,1918905,0.0,0.0,0.0246,2026-05-06 17:10:02.800
10285,1919146,0.0,0.0,0.0452,2026-05-06 17:10:02.800
10286,1919372,0.0,0.0,0.049,2026-05-06 17:10:02.800
10287,1919612,0.0,0.0,0.076,2026-05-06 17:10:02.800
10288,1919838,0.0,0.0,0.0812,2026-05-06 17:10:02.800
10289,1920079,0.0,0.0,0.1191,2026-05-06 17:10:02.800
10290,1920305,0.0,0.0,0.1191,2026-05-06 17:10:02.800
10291,1920545,0.0,0.0,0.1563,2026-05-06 17:10:02.800
10292,1920771,0.0,0.0,0.1563,2026-05-06 17:10:02.800
10293,1921012,0.0,0.0,0.1774,2026-05-06 17:10:02.800
10294,1921238,0.0,0.0,0.1796,2026-05-06 17:10:02.800
10295,1921536,0.0,0.0,0.1899,2026-05-06 17:10:02.800
10296,1921762,0.0,0.0,0.1912,2026-05-06 17:10:03.478
10297,1921945,0.0,0.0,0.1978,2026-05-06 17:10:03.478
10298,1922174,0.0,0.0,0.1978,2026-05-06 17:10:03.478
10299,1922415,0.0,0.0,0.2,2026-05-06 17:10:03.478
10300,1922644,0.0,0.0,0.2,2026-05-06 17:10:03.478
10301,1922885,0.0,0.0,0.2,2026-05-06 17:10:03.478
10302,1923114,0.0,0.0,0.2,2026-05-06 17:10:03.478
10303,1923355,0.0,0.0,0.2,2026-05-06 17:10:03.478
10304,1923584,0.0,0.0,0.2,2026-05-06 17:10:03.478
10305,1923825,0.0,0.0,0.2,2026-05-06 17:10:03.478
10306,1924054,0.0,0.0,0.2,2026-05-06 17:10:03.478
10307,1924295,0.0,0.0,0.2,2026-05-06 17:10:03.478
10308,1924524,0.0,0.0,0.2,2026-05-06 17:10:03.478
10309,1924825,0.0,0.0,0.2,2026-05-06 17:10:03.478
10310,1925054,0.0,0.0,0.2,2026-05-06 17:10:03.478
10311,1925235,0.0,0.0,0.2,2026-05-06 17:10:03.478
10312,1925464,0.0,0.0,0.2,2026-05-06 17:10:03.478
10313,1925705,0.0,0.0,0.2,2026-05-06 17:10:03.478
10314,1925934,0.0,0.0,0.2,2026-05-06 17:10:03.478
10315,1926178,0.0,0.0,0.2,2026-05-06 17:10:03.478
10316,1926407,0.0,0.0,0.2,2026-05-06 17:10:03.478
10317,1926648,0.0,0.0,0.2,2026-05-06 17:10:03.478
10318,1926877,0.0,0.0,0.2,2026-05-06 17:10:03.478
10319,1927118,0.0,0.0,0.193,2026-05-06 17:10:03.478
10320,1927347,0.0,0.0,0.193,2026-05-06 17:10:03.478
10321,1927590,0.0,0.0,0.175,2026-05-06 17:10:03.478
10322,1927819,0.0,0.0,0.1706,2026-05-06 17:10:03.478
10323,1928242,0.0,0.0,0.1299,2026-05-06 17:10:03.478
10324,1928471,0.0,0.0,0.1205,2026-05-06 17:10:03.478
10325,1928530,0.0,0.0,0.0513,2026-05-06 17:10:03.478
10326,1928759,0.0,0.0,0.0513,2026-05-06 17:10:03.478
10327,1929000,0.0,0.0,0.0143,2026-05-06 17:10:03.478
10328,1929229,0.0,0.0,0.0115,2026-05-06 17:10:03.478
10329,1929470,0.0,0.0,0.0021,2026-05-06 17:10:03.478
10330,1929699,0.0,0.0,0.0013,2026-05-06 17:14:08.227
10331,1929940,0.0,0.0,0.0,2026-05-06 17:14:08.227
10332,1930166,0.0,0.0,0.0,2026-05-06 17:14:08.227
10333,1930407,0.0,0.0,0.0,2026-05-06 17:14:08.227
10334,1930634,0.0,0.0,0.0,2026-05-06 17:14:08.227
10335,1930874,0.0,0.0,0.0,2026-05-06 17:14:08.227
10336,1931101,0.0,0.0,0.0,2026-05-06 17:14:08.227
10337,1931336,0.0,0.0,0.0,2026-05-06 17:14:08.227
10338,1931563,0.0,0.0,0.0,2026-05-06 17:14:08.227
10339,1931790,0.0,0.0,0.0,2026-05-06 17:14:08.227
10340,1932017,0.0,0.0,0.0,2026-05-06 17:14:08.227
10341,1932243,0.0,0.0,0.0,2026-05-06 17:14:08.227
10342,1932483,0.0,0.0,0.0,2026-05-06 17:14:08.227
10343,1932710,0.0,0.0,0.0,2026-05-06 17:14:08.227
10344,1932950,0.0,0.0,0.0,2026-05-06 17:14:08.227
10345,1933175,0.0,0.0,0.0,2026-05-06 17:14:08.227
10346,1933416,0.0,0.0,0.0,2026-05-06 17:14:08.227
10347,1933646,0.0,0.0,0.0,2026-05-06 17:14:08.227
10348,1933765,0.0,0.0,-0.0005,2026-05-06 17:14:08.227
10349,1933994,0.0,0.0,-0.001,2026-05-06 17:14:08.227
10350,1934176,0.0,0.0,-0.0062,2026-05-06 17:14:08.227
10351,1934404,0.0,0.0,-0.0062,2026-05-06 17:14:08.227
10352,1934645,0.0,0.0,-0.0149,2026-05-06 17:14:08.227
10353,1934873,0.0,0.0,-0.0166,2026-05-06 17:14:08.227
10354,1935114,0.0,0.0,-0.0296,2026-05-06 17:14:08.227
10355,1935341,0.0,0.0,-0.0323,2026-05-06 17:14:08.227
10356,1935581,0.0,0.0,-0.0572,2026-05-06 17:14:08.227
10357,1935809,0.0,0.0,-0.0572,2026-05-06 17:14:08.227
10358,1936108,0.0,0.0,-0.0973,2026-05-06 17:14:08.227
10359,1936336,0.0,0.0,-0.0973,2026-05-06 17:14:08.227
10360,1936519,0.0,0.0,-0.1345,2026-05-06 17:14:08.227
10361,1936747,0.0,0.0,-0.1393,2026-05-06 17:14:08.227
10362,1936988,0.0,0.0,-0.1634,2026-05-06 17:14:08.227
10363,1937216,0.0,0.0,-0.1634,2026-05-06 17:14:08.227
10364,1937457,0.0,0.0,-0.1836,2026-05-06 17:14:08.227
10365,1937685,0.0,0.0,-0.1836,2026-05-06 17:14:08.227
10366,1938106,0.0,0.0,-0.1935,2026-05-06 17:14:08.950
10367,1938334,0.0,0.0,-0.1945,2026-05-06 17:14:08.950
10368,1938395,0.0,0.0,-0.1991,2026-05-06 17:14:08.950
10369,1938623,0.0,0.0,-0.1991,2026-05-06 17:14:08.950
10370,1938864,0.0,0.0,-0.2,2026-05-06 17:14:08.950
10371,1939092,0.0,0.0,-0.2,2026-05-06 17:14:08.950
10372,1939333,0.0,0.0,-0.2,2026-05-06 17:14:08.950
10373,1939561,0.0,0.0,-0.2,2026-05-06 17:14:08.950
10374,1939802,0.0,0.0,-0.2,2026-05-06 17:14:08.950
10375,1940030,0.0,0.0,-0.2,2026-05-06 17:14:08.950
10376,1940271,0.0,0.0,-0.2,2026-05-06 17:14:08.950
10377,1940499,0.0,0.0,-0.2,2026-05-06 17:14:08.950
10378,1940740,0.0,0.0,-0.2,2026-05-06 17:14:08.950
10379,1940968,0.0,0.0,-0.2,2026-05-06 17:14:08.950
10380,1941271,0.0,0.0,-0.2,2026-05-06 17:14:08.950
10381,1941499,0.0,0.0,-0.2,2026-05-06 17:14:08.950
10382,1941681,0.0,0.0,-0.2,2026-05-06 17:14:08.950
10383,1941909,0.0,0.0,-0.2,2026-05-06 17:14:08.950
10384,1942150,0.0,0.0,-0.2,2026-05-06 17:14:08.950
10385,1942378,0.0,0.0,-0.2,2026-05-06 17:14:08.950
10386,1942619,0.0,0.0,-0.2,2026-05-06 17:14:08.950
10387,1942847,0.0,0.0,-0.2,2026-05-06 17:14:08.950
10388,1943088,0.0,0.0,-0.2,2026-05-06 17:14:08.950
10389,1943316,0.0,0.0,-0.2,2026-05-06 17:14:08.950
10390,1943557,0.0,0.0,-0.2,2026-05-06 17:14:08.950
10391,1943785,0.0,0.0,-0.2,2026-05-06 17:14:08.950
10392,1944026,0.0,0.0,-0.2,2026-05-06 17:14:08.950
10393,1944254,0.0,0.0,-0.2,2026-05-06 17:14:08.950
10394,1944554,0.0,0.0,-0.2,2026-05-06 17:14:08.950
10395,1944782,0.0,0.0,-0.2,2026-05-06 17:14:08.950
10396,1944964,0.0,0.0,-0.2,2026-05-06 17:14:08.950
10397,1945192,0.0,0.0,-0.2,2026-05-06 17:14:08.950
10398,1945433,0.0,0.0,-0.2,2026-05-06 17:14:08.950
10399,1945661,0.0,0.0,-0.2,2026-05-06 17:14:08.950
10400,1945902,0.0,0.0,-0.1989,2026-05-06 17:14:09.705
10401,1946130,0.0,0.0,-0.1983,2026-05-06 17:14:09.705
10402,1946371,0.0,0.0,-0.1895,2026-05-06 17:14:09.705
10403,1946599,0.0,0.0,-0.1895,2026-05-06 17:14:09.705
10404,1947020,0.0,0.0,-0.1601,2026-05-06 17:14:09.705
10405,1947248,0.0,0.0,-0.1601,2026-05-06 17:14:09.705
10406,1947309,0.0,0.0,-0.1105,2026-05-06 17:14:09.705
10407,1947537,0.0,0.0,-0.1001,2026-05-06 17:14:09.705
10408,1947791,0.0,0.0,-0.0368,2026-05-06 17:14:09.705
10409,1948019,0.0,0.0,-0.0368,2026-05-06 17:14:09.705
10410,1948260,0.0,0.0,-0.0073,2026-05-06 17:14:09.705
10411,1948488,0.0,0.0,-0.0073,2026-05-06 17:14:09.705
10412,1948786,0.0,0.0,0.0,2026-05-06 17:14:09.705
10413,1949012,0.0,0.0,0.0,2026-05-06 17:14:09.705
10414,1949255,0.0,0.0,0.0,2026-05-06 17:14:09.705
10415,1949481,0.0,0.0,0.0,2026-05-06 17:14:09.705
10416,1949632,0.0,0.0,0.0,2026-05-06 17:14:09.705
10417,1949872,0.0,0.0,0.0,2026-05-06 17:14:09.705
10418,1950097,0.0,0.0,0.0,2026-05-06 17:14:09.705
10419,1950337,0.0,0.0,0.0,2026-05-06 17:14:09.705
10420,1950562,0.0,0.0,0.0,2026-05-06 17:14:09.705
10421,1950622,0.0,0.0,0.0,2026-05-06 17:14:09.705
10422,1950891,0.0,0.0,0.0,2026-05-06 17:14:09.705
10423,1951059,0.0,0.0,0.0,2026-05-06 17:14:09.705
10424,1951106,0.0,0.0,0.0,2026-05-06 17:14:09.705
10425,1951331,0.0,0.0,0.0,2026-05-06 17:14:09.705
10426,1951571,0.0,0.0,0.0,2026-05-06 17:14:09.705
10427,1951797,0.0,0.0,0.0,2026-05-06 17:14:09.705
10428,1952037,0.0,0.0,0.0,2026-05-06 17:14:09.705
10429,1952263,0.0,0.0,0.0,2026-05-06 17:14:09.705
10430,1952503,0.0,0.0,0.0,2026-05-06 17:14:09.705
10431,1952728,0.0,0.0,0.0,2026-05-06 17:14:09.705
10432,1953142,0.0,0.0,0.0,2026-05-06 17:14:09.705
10433,1953369,0.0,0.0,0.0,2026-05-06 17:14:09.705
10434,1953610,0.0,0.0,0.0,2026-05-06 17:14:09.705
10435,1953835,0.0,0.0,0.0,2026-05-06 17:14:10.363
10436,1954076,0.0,0.0,0.0,2026-05-06 17:14:10.363
10437,1954301,0.0,0.0,0.0,2026-05-06 17:14:10.363
10438,1954542,0.0,0.0,0.0,2026-05-06 17:14:10.363
10439,1954767,0.0,0.0,0.0,2026-05-06 17:14:10.363
10440,1955009,0.0,0.0,0.0,2026-05-06 17:14:10.363
10441,1955234,0.0,0.0,0.0,2026-05-06 17:14:10.363
10442,1955475,0.0,0.0,0.0,2026-05-06 17:14:10.363
10443,1955701,0.0,0.0,0.0,2026-05-06 17:14:10.363
10444,1955941,0.0,0.0,0.0,2026-05-06 17:14:10.363
10445,1956169,0.0,0.0,0.0,2026-05-06 17:14:10.363
10446,1956409,0.0,0.0,0.0,2026-05-06 17:14:10.363
10447,1956634,0.0,0.0,0.0,2026-05-06 17:14:10.363
10448,1956814,0.0,0.0,0.0,2026-05-06 17:14:10.363
10449,1957039,0.0,0.0,0.0,2026-05-06 17:14:10.363
10450,1957159,0.0,0.0,0.0,2026-05-06 17:14:10.363
10451,1957384,0.0,0.0,0.0,2026-05-06 17:14:10.363
10452,1957625,0.0,0.0,0.0,2026-05-06 17:14:10.363
10453,1957850,0.0,0.0,0.0,2026-05-06 17:14:10.363
10454,1958091,0.0,0.0,0.0,2026-05-06 17:14:10.363
10455,1958316,0.0,0.0,0.0,2026-05-06 17:14:10.363
10456,1958731,0.0,0.0,0.0,2026-05-06 17:14:10.363
10457,1958956,0.0,0.0,0.0,2026-05-06 17:14:10.363
10458,1959016,0.0,0.0,0.0,2026-05-06 17:14:10.363
10459,1959241,0.0,0.0,0.0,2026-05-06 17:14:10.363
10460,1959466,0.0,0.0,0.0,2026-05-06 17:14:10.363
10461,1959514,0.0,0.0,0.0,2026-05-06 17:14:10.363
10462,1959741,0.0,0.0,0.0,2026-05-06 17:14:10.363
10463,1960155,0.0,0.0,0.0,2026-05-06 17:14:10.363
10464,1960380,0.0,0.0,0.0,2026-05-06 17:14:10.363
10465,1960622,0.0,0.0,0.0,2026-05-06 17:14:10.363
10466,1960847,0.0,0.0,0.0,2026-05-06 17:14:10.363
10467,1961132,0.0,0.0,0.0,2026-05-06 17:14:10.363
10468,1961357,0.0,0.0,0.0,2026-05-06 17:14:10.363
10469,1961581,0.0,0.0,0.0,2026-05-06 17:14:10.363
10470,1961806,0.0,0.0,0.0,2026-05-06 17:14:10.836
10471,1961866,0.0,0.0,0.0,2026-05-06 17:14:10.836
10472,1962092,0.0,0.0,0.0,2026-05-06 17:14:10.836
10473,1962333,0.0,0.0,0.0,2026-05-06 17:14:10.836
10474,1962558,0.0,0.0,0.0,2026-05-06 17:14:10.836
10475,1962798,0.0,0.0,0.0,2026-05-06 17:14:10.836
10476,1963023,0.0,0.0,0.0,2026-05-06 17:14:10.836
10477,1963263,0.0,0.0,0.0,2026-05-06 17:14:10.836
10478,1963489,0.0,0.0,0.0,2026-05-06 17:14:10.836
10479,1963733,0.0,0.0,0.0,2026-05-06 17:14:10.836
10480,1963958,0.0,0.0,0.0,2026-05-06 17:14:10.836
10481,1964372,0.0,0.0,0.0,2026-05-06 17:14:10.836
10482,1964597,0.0,0.0,0.0,2026-05-06 17:14:10.836
10483,1964838,0.0,0.0,0.0,2026-05-06 17:14:10.836
10484,1965064,0.0,0.0,0.0,2026-05-06 17:14:10.836
10485,1965305,0.0,0.0,0.0,2026-05-06 17:14:10.836
10486,1965531,0.0,0.0,0.0,2026-05-06 17:14:10.836
10487,1965772,0.0,0.0,0.0,2026-05-06 17:14:10.836
10488,1965998,0.0,0.0,0.0,2026-05-06 17:14:10.836
10489,1966240,0.0,0.0,0.0,2026-05-06 17:14:10.836
10490,1966466,0.0,0.0,0.0,2026-05-06 17:14:10.836
10491,1966706,0.0,0.0,0.0,2026-05-06 17:14:11.122
10492,1966931,0.0,0.0,0.0,2026-05-06 17:14:11.122
10493,1967050,0.0,0.0,-0.0005,2026-05-06 17:14:11.122
10494,1967277,0.0,0.0,-0.001,2026-05-06 17:14:11.122
10495,1967460,0.0,0.0,-0.0062,2026-05-06 17:14:11.122
10496,1967687,0.0,0.0,-0.0062,2026-05-06 17:14:11.122
10497,1967927,0.0,0.0,-0.0149,2026-05-06 17:14:11.122
10498,1968154,0.0,0.0,-0.0166,2026-05-06 17:14:11.122
10499,1968395,0.0,0.0,-0.0296,2026-05-06 17:14:11.122
10500,1968623,0.0,0.0,-0.0323,2026-05-06 17:14:11.122
10501,1968864,0.0,0.0,-0.0572,2026-05-06 17:14:11.122
10502,1969092,0.0,0.0,-0.0572,2026-05-06 17:14:11.122
10503,1969333,0.0,0.0,-0.0973,2026-05-06 17:14:11.122
10504,1969561,0.0,0.0,-0.0973,2026-05-06 17:14:11.122
10505,1969921,0.0,0.0,-0.1345,2026-05-06 17:14:11.767
10506,1970149,0.0,0.0,-0.1393,2026-05-06 17:14:11.767
10507,1970330,0.0,0.0,-0.1634,2026-05-06 17:14:11.767
10508,1970558,0.0,0.0,-0.1666,2026-05-06 17:14:11.767
10509,1970740,0.0,0.0,-0.1836,2026-05-06 17:14:11.767
10510,1970968,0.0,0.0,-0.1836,2026-05-06 17:14:11.767
10511,1971212,0.0,0.0,-0.1935,2026-05-06 17:14:11.767
10512,1971440,0.0,0.0,-0.1945,2026-05-06 17:14:11.767
10513,1971681,0.0,0.0,-0.1991,2026-05-06 17:14:11.767
10514,1971909,0.0,0.0,-0.1997,2026-05-06 17:14:11.767
10515,1972150,0.0,0.0,-0.2,2026-05-06 17:14:11.767
10516,1972378,0.0,0.0,-0.2,2026-05-06 17:14:11.767
10517,1972619,0.0,0.0,-0.2,2026-05-06 17:14:11.767
10518,1972847,0.0,0.0,-0.2,2026-05-06 17:14:11.767
10519,1973088,0.0,0.0,-0.2,2026-05-06 17:14:11.767
10520,1973316,0.0,0.0,-0.2,2026-05-06 17:14:11.767
10521,1973557,0.0,0.0,-0.2,2026-05-06 17:14:11.767
10522,1973785,0.0,0.0,-0.2,2026-05-06 17:14:11.767
10523,1974026,0.0,0.0,-0.2,2026-05-06 17:14:11.767
10524,1974254,0.0,0.0,-0.2,2026-05-06 17:14:11.767
10525,1974495,0.0,0.0,-0.2,2026-05-06 17:14:11.767
10526,1974723,0.0,0.0,-0.2,2026-05-06 17:14:11.767
10527,1974964,0.0,0.0,-0.2,2026-05-06 17:14:11.767
10528,1975192,0.0,0.0,-0.2,2026-05-06 17:14:11.767
10529,1975433,0.0,0.0,-0.2,2026-05-06 17:14:11.767
10530,1975661,0.0,0.0,-0.2,2026-05-06 17:14:11.767
10531,1975902,0.0,0.0,-0.2,2026-05-06 17:14:11.767
10532,1976130,0.0,0.0,-0.2,2026-05-06 17:14:11.767
10533,1976371,0.0,0.0,-0.2,2026-05-06 17:14:11.767
10534,1976599,0.0,0.0,-0.2,2026-05-06 17:14:11.767
10535,1976840,0.0,0.0,-0.1966,2026-05-06 17:14:11.767
10536,1977068,0.0,0.0,-0.1955,2026-05-06 17:14:11.767
10537,1977309,0.0,0.0,-0.1849,2026-05-06 17:14:11.972
10538,1977537,0.0,0.0,-0.182,2026-05-06 17:14:11.972
10539,1977778,0.0,0.0,-0.1465,2026-05-06 17:14:11.972
10540,1978006,0.0,0.0,-0.1465,2026-05-06 17:14:11.972
10541,1978247,0.0005,0.0,-0.0693,2026-05-06 17:14:11.972
10542,1978475,0.0005,0.0,-0.0693,2026-05-06 17:14:11.972
10543,1978719,0.0047,0.0,-0.0212,2026-05-06 17:14:11.972
10544,1978946,0.0054,0.0,-0.0175,2026-05-06 17:14:11.972
10545,1979365,0.0104,0.0,-0.0043,2026-05-06 17:14:11.972
10546,1979590,0.0113,0.0,-0.0031,2026-05-06 17:14:12.651
10547,1979652,0.0194,0.0,0.0,2026-05-06 17:14:12.651
10548,1979874,0.0194,0.0,0.0,2026-05-06 17:14:12.651
10549,1980113,0.0322,0.0,0.0,2026-05-06 17:14:12.651
10550,1980335,0.0322,0.0,0.0,2026-05-06 17:14:12.651
10551,1980575,0.0475,0.0,0.0,2026-05-06 17:14:12.651
10552,1980797,0.0501,0.0,0.0,2026-05-06 17:14:12.651
10553,1981036,0.0678,0.0,0.0,2026-05-06 17:14:12.651
10554,1981259,0.0711,0.0,0.0,2026-05-06 17:14:12.651
10555,1981499,0.0981,0.0,0.0,2026-05-06 17:14:12.651
10556,1981720,0.0981,0.0,0.0,2026-05-06 17:14:12.651
10557,1981959,0.1362,0.0,0.0,2026-05-06 17:14:12.651
10558,1982180,0.1362,0.0,0.0,2026-05-06 17:14:12.651
10559,1982401,0.1414,0.0,0.0,2026-05-06 17:14:12.651
10560,1982446,0.1738,0.0,0.0,2026-05-06 17:14:12.651
10561,1982666,0.1793,0.0,0.0,2026-05-06 17:14:12.651
10562,1982886,0.1793,0.0,0.0,2026-05-06 17:14:12.651
10563,1982931,0.217,0.0,0.0,2026-05-06 17:14:12.651
10564,1983149,0.2222,0.0,0.0,2026-05-06 17:14:12.651
10565,1983367,0.2222,0.0,0.0,2026-05-06 17:14:12.651
10566,1983414,0.2553,0.0,0.0,2026-05-06 17:14:12.651
10567,1983631,0.2595,0.0,0.0,2026-05-06 17:14:12.651
10568,1983848,0.2595,0.0,0.0,2026-05-06 17:14:12.651
10569,1983896,0.2824,0.0,0.0,2026-05-06 17:14:12.651
10570,1984115,0.2824,0.0,0.0,2026-05-06 17:14:12.651
10571,1984334,0.2857,0.0,0.0,2026-05-06 17:14:12.651
10572,1984381,0.3058,0.0,0.0,2026-05-06 17:14:12.651
10573,1984600,0.3058,0.0,0.0,2026-05-06 17:14:12.651
10574,1984819,0.3083,0.0,0.0,2026-05-06 17:14:12.651
10575,1984865,0.3208,0.0,0.0,2026-05-06 17:14:12.651
10576,1985084,0.3226,0.0,0.0,2026-05-06 17:14:12.651
10577,1985303,0.3226,0.0,0.0,2026-05-06 17:14:12.651
10578,1985350,0.3319,0.0,0.0,2026-05-06 17:14:12.651
10579,1985569,0.3332,0.0,0.0,2026-05-06 17:14:12.651
10580,1985788,0.3344,0.0,0.0,2026-05-06 17:14:12.651
10581,1985834,0.3409,0.0,0.0,2026-05-06 17:14:12.651
10582,1986051,0.3409,0.0,0.0,2026-05-06 17:14:12.651
10583,1986271,0.3418,0.0,0.0,2026-05-06 17:14:12.651
10584,1986319,0.3464,0.0,0.0,2026-05-06 17:14:12.651
10585,1986538,0.3471,0.0,0.0,2026-05-06 17:14:12.651
10586,1986757,0.3471,0.0,0.0,2026-05-06 17:14:12.651
10587,1986976,0.35,0.0,0.0,2026-05-06 17:14:12.651
10588,1987195,0.35,0.0,0.0,2026-05-06 17:14:12.651
10589,1987262,0.35,0.0,0.0,2026-05-06 17:14:12.651
10590,1987482,0.35,0.0,0.0,2026-05-06 17:14:12.651
10591,1987702,0.35,0.0,0.0,2026-05-06 17:20:35.489
10592,1987747,0.35,0.0,0.0,2026-05-06 17:20:35.489
10593,1987966,0.35,0.0,0.0,2026-05-06 17:20:35.489
10594,1988185,0.35,0.0,0.0,2026-05-06 17:20:35.489
10595,1988232,0.35,0.0,0.0,2026-05-06 17:20:35.489
10596,1988449,0.35,0.0,0.0,2026-05-06 17:20:35.489
10597,1988666,0.35,0.0,0.0,2026-05-06 17:20:35.489
10598,1988770,0.35,0.0,0.0,2026-05-06 17:20:35.489
10599,1988988,0.35,0.0,0.0,2026-05-06 17:20:35.489
10600,1989151,0.35,0.0,0.0,2026-05-06 17:20:35.489
10601,1989197,0.35,0.0,0.0,2026-05-06 17:20:35.489
10602,1989416,0.35,0.0,0.0,2026-05-06 17:20:35.489
10603,1989635,0.35,0.0,0.0,2026-05-06 17:20:35.489
10604,1989682,0.35,0.0,0.0,2026-05-06 17:20:35.489
10605,1989900,0.35,0.0,0.0,2026-05-06 17:20:35.489
10606,1990118,0.35,0.0,0.0,2026-05-06 17:20:35.489
10607,1990337,0.35,0.0,0.0,2026-05-06 17:20:35.489
10608,1990556,0.35,0.0,0.0,2026-05-06 17:20:35.489
10609,1990623,0.35,0.0,0.0,2026-05-06 17:20:35.489
10610,1990841,0.35,0.0,0.0,2026-05-06 17:20:35.489
10611,1991059,0.35,0.0,0.0,2026-05-06 17:20:35.489
10612,1991106,0.35,0.0,0.0,2026-05-06 17:20:35.489
10613,1991324,0.35,0.0,0.0,2026-05-06 17:20:35.489
10614,1991542,0.35,0.0,0.0,2026-05-06 17:20:35.489
10615,1991589,0.35,0.0,0.0,2026-05-06 17:20:35.489
10616,1991808,0.35,0.0,0.0,2026-05-06 17:20:35.489
10617,1992030,0.35,0.0,0.0,2026-05-06 17:20:35.489
10618,1992076,0.35,0.0,0.0,2026-05-06 17:20:35.489
10619,1992295,0.35,0.0,0.0,2026-05-06 17:20:35.489
10620,1992514,0.35,0.0,0.0,2026-05-06 17:20:35.489
10621,1992561,0.3477,0.0,0.0,2026-05-06 17:20:35.489
10622,1993003,0.347,0.0,0.0,2026-05-06 17:20:35.489
10623,1993049,0.3412,0.0,0.0,2026-05-06 17:20:35.489
10624,1993268,0.3399,0.0,0.0,2026-05-06 17:20:35.489
10625,1993487,0.3399,0.0,0.0,2026-05-06 17:20:35.489
10626,1993648,0.3271,0.0,0.0,2026-05-06 17:20:35.489
10627,1993867,0.3246,0.0,0.0,2026-05-06 17:20:35.489
10628,1993991,0.3039,0.0,0.0,2026-05-06 17:20:35.489
10629,1994209,0.3039,0.0,0.0,2026-05-06 17:20:35.489
10630,1994428,0.2994,0.0,0.0,2026-05-06 17:20:35.489
10631,1994531,0.0,0.0,0.0,2026-05-06 17:20:35.489
10632,1994828,0.0,0.0,0.0,2026-05-06 17:20:35.489
10633,1995051,0.0,0.0,0.0,2026-05-06 17:20:35.489
10634,1995607,0.0,0.0,0.0,2026-05-06 17:20:35.489
10635,1995827,0.0,0.0,0.0,2026-05-06 17:20:36.209
10636,1996048,0.0,0.0,0.0,2026-05-06 17:20:36.209
10637,1996112,0.0,0.0,0.0,2026-05-06 17:20:36.209
10638,1996332,0.0,0.0,0.0,2026-05-06 17:20:36.209
10639,1996552,0.0,0.0,0.0,2026-05-06 17:20:36.209
10640,1996775,0.0,0.0,0.0,2026-05-06 17:20:36.209
10641,1996994,0.0,0.0,0.0,2026-05-06 17:20:36.209
10642,1997232,0.0,0.0,0.0,2026-05-06 17:20:36.209
10643,1997451,0.0,0.0,0.0,2026-05-06 17:20:36.209
10644,1997686,0.0,0.0,0.0,2026-05-06 17:20:36.209
10645,1997907,0.0,0.0,0.0,2026-05-06 17:20:36.209
10646,1998126,0.0,0.0,0.0,2026-05-06 17:20:36.209
10647,1998345,0.0,0.0,0.0,2026-05-06 17:20:36.209
10648,1998462,0.0,0.0,0.0,2026-05-06 17:20:36.209
10649,1998683,0.0,0.0,0.0,2026-05-06 17:20:36.209
10650,1998902,0.0,0.0,0.0,2026-05-06 17:20:36.209
10651,1998956,0.0,0.0,0.0,2026-05-06 17:20:36.209
10652,1999177,0.0,0.0,0.0,2026-05-06 17:20:36.209
10653,1999396,0.0,0.0,0.0,2026-05-06 17:20:36.209
10654,1999618,0.0,0.0,0.0,2026-05-06 17:20:36.209
10655,1999839,0.0,0.0,0.0,2026-05-06 17:20:36.209
10656,2000018,0.0,0.0,0.0,2026-05-06 17:20:36.209
10657,2000239,0.0,0.0,0.0,2026-05-06 17:20:36.209
10658,2000356,0.0,0.0,0.0,2026-05-06 17:20:36.209
10659,2000575,0.0,0.0,0.0,2026-05-06 17:20:36.209
10660,2000796,0.0,0.0,0.0,2026-05-06 17:20:36.209
10661,2000849,0.0,0.0,0.0,2026-05-06 17:20:36.209
10662,2001069,0.0,0.0,0.0,2026-05-06 17:20:36.209
10663,2001289,0.0,0.0,0.0,2026-05-06 17:20:36.209
10664,2001509,0.0,0.0,0.0,2026-05-06 17:20:36.209
10665,2001729,0.0,0.0,0.0,2026-05-06 17:20:36.209
10666,2001909,0.0,0.0,0.0,2026-05-06 17:20:36.209
10667,2002133,0.0,0.0,0.0,2026-05-06 17:20:36.209
10668,2002250,0.0,0.0,0.0,2026-05-06 17:20:36.209
10669,2002470,0.0,0.0,0.0,2026-05-06 17:20:36.209
10670,2002691,0.0,0.0,0.0,2026-05-06 17:20:36.209
10671,2002744,0.0,0.0,0.0,2026-05-06 17:20:36.209
10672,2002964,0.0,0.0,0.0,2026-05-06 17:20:36.209
10673,2003184,0.0,0.0,0.0,2026-05-06 17:20:36.209
10674,2003403,0.0,0.0,0.0,2026-05-06 17:20:36.209
10675,2003625,0.0,0.0,0.0,2026-05-06 17:20:36.209
10676,2003690,0.0,0.0,0.0,2026-05-06 17:20:36.209
10677,2003910,0.0,0.0,0.0,2026-05-06 17:20:36.918
10678,2004130,0.0,0.0,0.0,2026-05-06 17:20:36.918
10679,2004175,0.0,0.0,0.0,2026-05-06 17:20:36.918
10680,2004395,0.0,0.0,0.0,2026-05-06 17:20:36.918
10681,2004614,0.0,0.0,0.0,2026-05-06 17:20:36.918
10682,2004660,0.0,0.0,0.0,2026-05-06 17:20:36.918
10683,2004879,0.0,0.0,0.0,2026-05-06 17:20:36.918
10684,2005099,0.0,0.0,0.0,2026-05-06 17:20:36.918
10685,2005145,0.0,0.0,0.0,2026-05-06 17:20:36.918
10686,2005366,0.0,0.0,0.0,2026-05-06 17:20:36.918
10687,2005772,0.0,0.0,0.0,2026-05-06 17:20:36.918
10688,2005991,0.0,0.0,0.0,2026-05-06 17:20:36.918
10689,2006273,0.0,0.0,0.0,2026-05-06 17:20:36.918
10690,2006492,0.0,0.0,0.0,2026-05-06 17:20:36.918
10691,2006556,0.0,0.0,0.0,2026-05-06 17:20:36.918
10692,2006777,0.0,0.0,0.0,2026-05-06 17:20:36.918
10693,2006998,0.0,0.0,0.0,2026-05-06 17:20:36.918
10694,2007046,0.0,0.0,0.0,2026-05-06 17:20:36.918
10695,2007267,0.0,0.0,0.0,2026-05-06 17:20:36.918
10696,2007487,0.0,0.0,0.0,2026-05-06 17:20:36.918
10697,2007532,0.0,0.0,0.0,2026-05-06 17:20:36.918
10698,2007753,0.0,0.0,0.0,2026-05-06 17:20:36.918
10699,2007972,0.0,0.0,0.0,2026-05-06 17:20:36.918
10700,2008191,0.0,0.0,0.0,2026-05-06 17:20:36.918
10701,2008413,0.0,0.0,0.0,2026-05-06 17:20:36.918
10702,2008473,0.0,0.0,0.0,2026-05-06 17:20:36.918
10703,2008693,0.0,0.0,0.0,2026-05-06 17:20:36.918
10704,2008912,0.0,0.0,0.0,2026-05-06 17:20:36.918
10705,2008963,0.0,0.0,0.0,2026-05-06 17:20:36.918
10706,2009183,0.0,0.0,0.0,2026-05-06 17:20:36.918
10707,2009403,0.0,0.0,0.0,2026-05-06 17:20:36.918
10708,2009448,0.0,0.0,0.0,2026-05-06 17:20:36.918
10709,2009668,0.0,0.0,0.0,2026-05-06 17:20:36.918
10710,2009892,0.0,0.0,0.0,2026-05-06 17:20:36.918
10711,2010111,0.0,0.0,0.0,2026-05-06 17:20:36.918
10712,2010331,0.0,0.0,0.0,2026-05-06 17:20:36.918
10713,2010391,0.0,0.0,0.0,2026-05-06 17:20:36.918
10714,2010612,0.0,0.0,0.0,2026-05-06 17:20:36.918
10715,2010833,0.0,0.0,0.0,2026-05-06 17:20:36.918
10716,2010883,0.0,0.0,0.0,2026-05-06 17:20:36.918
10717,2011104,0.0,0.0,0.0,2026-05-06 17:20:36.918
10718,2011323,0.0,0.0,0.0,2026-05-06 17:20:36.918
10719,2011369,0.0,0.0,0.0,2026-05-06 17:20:36.918
10720,2011589,0.0,0.0,0.0,2026-05-06 17:20:36.918
10721,2011808,0.0,0.0,0.0,2026-05-06 17:20:36.918
10722,2012027,0.0,0.0,0.0,2026-05-06 17:20:40.430
10723,2012247,0.0,0.0,-0.0005,2026-05-06 17:20:40.430
10724,2012313,0.0,0.0,-0.0044,2026-05-06 17:20:40.430
10725,2012536,0.0,0.0,-0.0044,2026-05-06 17:20:40.430
10726,2012776,0.0,0.0,-0.012,2026-05-06 17:20:40.430
10727,2013000,0.0,0.0,-0.0134,2026-05-06 17:20:40.430
10728,2013240,0.0,0.0,-0.0246,2026-05-06 17:20:40.430
10729,2013467,0.0,0.0,-0.027,2026-05-06 17:20:40.430
10730,2013708,0.0,0.0,-0.049,2026-05-06 17:20:40.430
10731,2013936,0.0,0.0,-0.049,2026-05-06 17:20:40.430
10732,2014177,0.0,0.0,-0.0864,2026-05-06 17:20:40.430
10733,2014405,0.0,0.0,-0.0864,2026-05-06 17:20:40.430
10734,2014646,0.0,0.0,-0.1244,2026-05-06 17:20:40.430
10735,2014874,0.0,0.0,-0.1295,2026-05-06 17:20:40.430
10736,2015174,0.0,0.0,-0.1563,2026-05-06 17:20:40.430
10737,2015402,0.0,0.0,-0.1599,2026-05-06 17:20:40.430
10738,2015584,0.0,0.0,-0.1796,2026-05-06 17:20:40.430
10739,2015811,0.0,0.0,-0.1796,2026-05-06 17:20:40.430
10740,2016051,0.0,0.0,-0.1912,2026-05-06 17:20:40.430
10741,2016278,0.0,0.0,-0.1924,2026-05-06 17:20:40.430
10742,2016519,0.0,0.0,-0.1978,2026-05-06 17:20:40.430
10743,2016747,0.0,0.0,-0.1985,2026-05-06 17:20:40.430
10744,2016988,0.0,0.0,-0.2,2026-05-06 17:20:40.430
10745,2017216,0.0,0.0,-0.0,2026-05-06 17:20:40.430
10746,2017460,0.0,0.0,-0.2,2026-05-06 17:20:40.430
10747,2017688,0.0,0.0,-0.2,2026-05-06 17:20:40.430
10748,2017929,0.0,0.0,-0.2,2026-05-06 17:20:40.430
10749,2018157,0.0,0.0,-0.2,2026-05-06 17:20:40.430
10750,2018457,0.0,0.0,-0.2,2026-05-06 17:20:40.430
10751,2018685,0.0,0.0,-0.2,2026-05-06 17:20:40.430
10752,2018867,0.0,0.0,-0.2,2026-05-06 17:20:40.430
10753,2019095,0.0,0.0,-0.2,2026-05-06 17:20:40.430
10754,2019336,0.0,0.0,-0.2,2026-05-06 17:20:40.430
10755,2019564,0.0,0.0,-0.2,2026-05-06 17:20:40.430
10756,2019805,0.0,0.0,-0.2,2026-05-06 17:20:40.430
10757,2020033,0.0,0.0,-0.2,2026-05-06 17:20:41.134
10758,2020274,0.0,0.0,-0.2,2026-05-06 17:20:41.134
10759,2020502,0.0,0.0,-0.2,2026-05-06 17:20:41.134
10760,2020801,0.0,0.0,-0.2,2026-05-06 17:20:41.134
10761,2021029,0.0,0.0,-0.2,2026-05-06 17:20:41.134
10762,2021331,0.0,0.0,-0.2,2026-05-06 17:20:41.134
10763,2021559,0.0,0.0,-0.2,2026-05-06 17:20:41.134
10764,2021681,0.0,0.0,-0.2,2026-05-06 17:20:41.134
10765,2021909,0.0,0.0,-0.2,2026-05-06 17:20:41.134
10766,2022209,0.0,0.0,-0.2,2026-05-06 17:20:41.134
10767,2022437,0.0,0.0,-0.2,2026-05-06 17:20:41.134
10768,2022619,0.0,0.0,-0.2,2026-05-06 17:20:41.134
10769,2022847,0.0,0.0,-0.2,2026-05-06 17:20:41.134
10770,2023088,0.0,0.0,-0.2,2026-05-06 17:20:41.134
10771,2023316,0.0,0.0,-0.2,2026-05-06 17:20:41.134
10772,2023557,0.0,0.0,-0.2,2026-05-06 17:20:41.134
10773,2023785,0.0,0.0,-0.2,2026-05-06 17:20:41.134
10774,2024026,0.0,0.0,-0.2,2026-05-06 17:20:41.134
10775,2024254,0.0,0.0,-0.2,2026-05-06 17:20:41.134
10776,2024614,0.0,0.0,-0.2,2026-05-06 17:20:41.134
10777,2024845,0.0,0.0,-0.2,2026-05-06 17:20:41.134
10778,2024967,0.0,0.0,-0.2,2026-05-06 17:20:41.134
10779,2025195,0.0,0.0,-0.2,2026-05-06 17:20:41.134
10780,2025436,0.0,0.0,-0.2,2026-05-06 17:20:41.134
10781,2025664,0.0,0.0,-0.2,2026-05-06 17:20:41.134
10782,2026024,0.0,0.0,-0.2,2026-05-06 17:20:41.134
10783,2026252,0.0,0.0,-0.2,2026-05-06 17:20:41.134
10784,2026374,0.0,0.0,-0.2,2026-05-06 17:20:41.134
10785,2026602,0.0,0.0,-0.2,2026-05-06 17:20:41.134
10786,2026843,0.0,0.0,-0.2,2026-05-06 17:20:41.134
10787,2027071,0.0,0.0,-0.2,2026-05-06 17:20:41.134
10788,2027312,0.0,0.0,-0.2,2026-05-06 17:20:41.134
10789,2027540,0.0,0.0,-0.2,2026-05-06 17:20:41.134
10790,2027781,0.0,0.0,-0.2,2026-05-06 17:20:41.134
10791,2028009,0.0,0.0,-0.2,2026-05-06 17:20:41.134
10792,2028309,0.0,0.0,-0.2,2026-05-06 17:20:41.853
10793,2028537,0.0,0.0,-0.2,2026-05-06 17:20:41.853
10794,2028838,0.0,0.0,-0.2,2026-05-06 17:20:41.853
10795,2029066,0.0,0.0,-0.2,2026-05-06 17:20:41.853
10796,2029188,0.0,0.0,-0.2,2026-05-06 17:20:41.853
10797,2029416,0.0,0.0,-0.2,2026-05-06 17:20:41.853
10798,2029657,0.0,0.0,-0.2,2026-05-06 17:20:41.853
10799,2029885,0.0,0.0,-0.2,2026-05-06 17:20:41.853
10800,2030126,0.0,0.0,-0.2,2026-05-06 17:20:41.853
10801,2030354,0.0,0.0,-0.2,2026-05-06 17:20:41.853
10802,2030714,0.0,0.0,-0.1983,2026-05-06 17:20:41.853
10803,2030942,0.0,0.0,-0.1975,2026-05-06 17:20:41.853
10804,2031064,0.0,0.0,-0.1874,2026-05-06 17:20:41.853
10805,2031292,0.0,0.0,-0.1874,2026-05-06 17:20:41.853
10806,2031533,0.0,0.0,-0.1601,2026-05-06 17:20:41.853
10807,2031761,0.0,0.0,-0.1537,2026-05-06 17:20:41.853
10808,2032002,0.0,0.0,-0.1001,2026-05-06 17:20:41.853
10809,2032230,0.0,0.0,-0.0,2026-05-06 17:20:41.853
10810,2032474,0.0,0.0,-0.0308,2026-05-06 17:20:41.853
10811,2032702,0.0,0.0,-0.0308,2026-05-06 17:20:41.853
10812,2032943,0.004,0.0,-0.0073,2026-05-06 17:20:41.853
10813,2033171,0.0047,0.0,-0.0056,2026-05-06 17:20:41.853
10814,2033412,0.0104,0.0,0.0,2026-05-06 17:20:41.853
10815,2033634,0.0113,0.0,0.0,2026-05-06 17:20:41.853
10816,2033873,0.0181,0.0,0.0,2026-05-06 17:20:41.853
10817,2034095,0.0181,0.0,0.0,2026-05-06 17:20:41.853
10818,2034335,0.0303,0.0,0.0,2026-05-06 17:20:41.853
10819,2034558,0.0303,0.0,0.0,2026-05-06 17:20:41.853
10820,2034798,0.045,0.0,0.0,2026-05-06 17:20:41.853
10821,2035021,0.0475,0.0,0.0,2026-05-06 17:20:41.853
10822,2035319,0.0645,0.0,0.0,2026-05-06 17:20:41.853
10823,2035543,0.0678,0.0,0.0,2026-05-06 17:20:41.853
10824,2035725,0.0939,0.0,0.0,2026-05-06 17:20:41.853
10825,2035948,0.0939,0.0,0.0,2026-05-06 17:20:41.853
10826,2036188,0.126,0.0,0.0,2026-05-06 17:20:42.572
10827,2036410,0.131,0.0,0.0,2026-05-06 17:20:42.572
10828,2036707,0.1683,0.0,0.0,2026-05-06 17:20:42.572
10829,2036927,0.1738,0.0,0.0,2026-05-06 17:20:42.572
10830,2037109,0.2065,0.0,0.0,2026-05-06 17:20:42.572
10831,2037329,0.2065,0.0,0.0,2026-05-06 17:20:42.572
10832,2037549,0.2118,0.0,0.0,2026-05-06 17:20:42.572
10833,2037595,0.2464,0.0,0.0,2026-05-06 17:20:42.572
10834,2037816,0.2509,0.0,0.0,2026-05-06 17:20:42.572
10835,2038055,0.2789,0.0,0.0,2026-05-06 17:20:42.572
10836,2038277,0.2824,0.0,0.0,2026-05-06 17:20:42.572
10837,2038519,0.3007,0.0,0.0,2026-05-06 17:20:42.572
10838,2038741,0.3033,0.0,0.0,2026-05-06 17:20:42.572
10839,2038980,0.319,0.0,0.0,2026-05-06 17:20:42.572
10840,2039199,0.319,0.0,0.0,2026-05-06 17:20:42.572
10841,2039419,0.3208,0.0,0.0,2026-05-06 17:20:42.572
10842,2039465,0.3305,0.0,0.0,2026-05-06 17:20:42.572
10843,2039756,0.3319,0.0,0.0,2026-05-06 17:20:42.572
10844,2040106,0.3399,0.0,0.0,2026-05-06 17:20:42.572
10845,2040324,0.3409,0.0,0.0,2026-05-06 17:20:42.572
10846,2040391,0.3457,0.0,0.0,2026-05-06 17:20:42.572
10847,2040609,0.3457,0.0,0.0,2026-05-06 17:20:42.572
10848,2040827,0.3464,0.0,0.0,2026-05-06 17:20:42.572
10849,2040874,0.35,0.0,0.0,2026-05-06 17:20:42.572
10850,2041092,0.35,0.0,0.0,2026-05-06 17:20:42.572
10851,2041310,0.35,0.0,0.0,2026-05-06 17:20:42.572
10852,2041357,0.35,0.0,0.0,2026-05-06 17:20:42.572
10853,2041575,0.35,0.0,0.0,2026-05-06 17:20:42.572
10854,2041793,0.35,0.0,0.0,2026-05-06 17:20:42.572
10855,2041840,0.35,0.0,0.0,2026-05-06 17:20:42.572
10856,2042058,0.35,0.0,0.0,2026-05-06 17:20:42.572
10857,2042275,0.35,0.0,0.0,2026-05-06 17:20:42.572
10858,2042323,0.35,0.0,0.0,2026-05-06 17:20:42.572
10859,2042542,0.35,0.0,0.0,2026-05-06 17:20:42.572
10860,2042761,0.35,0.0,0.0,2026-05-06 17:20:42.572
10861,2042807,0.35,0.0,0.0,2026-05-06 17:20:42.572
10862,2043026,0.35,0.0,0.0,2026-05-06 17:20:42.572
10863,2043462,0.35,0.0,0.0,2026-05-06 17:20:42.572
10864,2043679,0.35,0.0,0.0,2026-05-06 17:20:42.572
10865,2043781,0.35,0.0,0.0,2026-05-06 17:20:42.572
10866,2044000,0.35,0.0,0.0,2026-05-06 17:20:42.572
10867,2044219,0.35,0.0,0.0,2026-05-06 17:20:43.273
10868,2044265,0.35,0.0,0.0,2026-05-06 17:20:43.273
10869,2044484,0.35,0.0,0.0,2026-05-06 17:20:43.273
10870,2044703,0.35,0.0,0.0,2026-05-06 17:20:43.273
10871,2044750,0.35,0.0,0.0,2026-05-06 17:20:43.273
10872,2044968,0.35,0.0,0.0,2026-05-06 17:20:43.273
10873,2045186,0.35,0.0,0.0,2026-05-06 17:20:43.273
10874,2045233,0.35,0.0,0.0,2026-05-06 17:20:43.273
10875,2045451,0.35,0.0,0.0,2026-05-06 17:20:43.273
10876,2045669,0.35,0.0,0.0,2026-05-06 17:20:43.273
10877,2045716,0.35,0.0,0.0,2026-05-06 17:20:43.273
10878,2045933,0.35,0.0,0.0,2026-05-06 17:20:43.273
10879,2046150,0.35,0.0,0.0,2026-05-06 17:20:43.273
10880,2046198,0.35,0.0,0.0,2026-05-06 17:20:43.273
10881,2046415,0.35,0.0,0.0,2026-05-06 17:20:43.273
10882,2046632,0.35,0.0,0.0,2026-05-06 17:20:43.273
10883,2046793,0.35,0.0,0.0,2026-05-06 17:20:43.273
10884,2047011,0.35,0.0,0.0,2026-05-06 17:20:43.273
10885,2047137,0.35,0.0,0.0,2026-05-06 17:20:43.273
10886,2047356,0.35,0.0,0.0,2026-05-06 17:20:43.273
10887,2047578,0.35,0.0,0.0,2026-05-06 17:20:43.273
10888,2047624,0.35,0.0,0.0,2026-05-06 17:20:43.273
10889,2047843,0.35,0.0,0.0,2026-05-06 17:20:43.273
10890,2048062,0.35,0.0,0.0,2026-05-06 17:20:43.273
10891,2048109,0.35,0.0,0.0,2026-05-06 17:20:43.273
10892,2048328,0.35,0.0,0.0,2026-05-06 17:20:43.273
10893,2048547,0.35,0.0,0.0,2026-05-06 17:20:43.273
10894,2048592,0.35,0.0,0.0,2026-05-06 17:20:43.273
10895,2048810,0.35,0.0,0.0,2026-05-06 17:20:43.273
10896,2049029,0.35,0.0,0.0,2026-05-06 17:20:43.273
10897,2049077,0.35,0.0,0.0,2026-05-06 17:20:43.273
10898,2049295,0.35,0.0,0.0,2026-05-06 17:20:43.273
10899,2049513,0.35,0.0,0.0,2026-05-06 17:20:43.273
10900,2049560,0.35,0.0,0.0,2026-05-06 17:20:43.273
10901,2049778,0.35,0.0,0.0,2026-05-06 17:20:43.273
10902,2049996,0.35,0.0,0.0,2026-05-06 17:20:43.273
10903,2050043,0.35,0.0,0.0,2026-05-06 17:20:43.273
10904,2050261,0.35,0.0,0.0,2026-05-06 17:20:43.273
10905,2050479,0.35,0.0,0.0,2026-05-06 17:20:43.273
10906,2050526,0.35,0.0,0.0,2026-05-06 17:20:43.273
10907,2050745,0.35,0.0,0.0,2026-05-06 17:20:43.273
10908,2050964,0.35,0.0,0.0,2026-05-06 17:20:43.273
10909,2051068,0.35,0.0,0.0,2026-05-06 17:20:43.273
10910,2051287,0.35,0.0,0.0,2026-05-06 17:20:43.273
10911,2051450,0.35,0.0,0.0,2026-05-06 17:20:43.273
10912,2051495,0.35,0.0,0.0,2026-05-06 17:20:43.273
10913,2051713,0.35,0.0,0.0,2026-05-06 17:20:43.273
10914,2051931,0.35,0.0,0.0,2026-05-06 17:20:43.273
10915,2051978,0.35,0.0,0.0,2026-05-06 17:20:43.273
10916,2052196,0.35,0.0,0.0,2026-05-06 17:20:43.991
10917,2052414,0.35,0.0,0.0,2026-05-06 17:20:43.991
10918,2052461,0.35,0.0,0.0,2026-05-06 17:20:43.991
10919,2052679,0.35,0.0,0.0,2026-05-06 17:20:43.991
10920,2052897,0.35,0.0,0.0,2026-05-06 17:20:43.991
10921,2052944,0.35,0.0,0.0,2026-05-06 17:20:43.991
10922,2053163,0.35,0.0,0.0,2026-05-06 17:20:43.991
10923,2053382,0.35,0.0,0.0,2026-05-06 17:20:43.991
10924,2053429,0.3477,0.0,0.0,2026-05-06 17:20:43.991
10925,2053647,0.347,0.0,0.0,2026-05-06 17:20:43.991
10926,2053864,0.3462,0.0,0.0,2026-05-06 17:20:43.991
10927,2053911,0.3399,0.0,0.0,2026-05-06 17:20:43.991
10928,2054129,0.3399,0.0,0.0,2026-05-06 17:20:43.991
10929,2054347,0.3385,0.0,0.0,2026-05-06 17:20:43.991
10930,2054394,0.3246,0.0,0.0,2026-05-06 17:20:43.991
10931,2054611,0.3246,0.0,0.0,2026-05-06 17:20:43.991
10932,2054828,0.3218,0.0,0.0,2026-05-06 17:20:43.991
10933,2054876,0.2994,0.0,0.0,2026-05-06 17:20:43.991
10934,2055094,0.2945,0.0,0.0,2026-05-06 17:20:43.991
10935,2055164,0.0,0.0,0.0,2026-05-06 17:20:43.991
10936,2055386,0.0,0.0,0.0,2026-05-06 17:20:43.991
10937,2055616,0.0,0.0,0.0,2026-05-06 17:20:43.991
10938,2055837,0.0,0.0,0.0,2026-05-06 17:20:43.991
10939,2056060,0.0,0.0,0.0,2026-05-06 17:20:43.991
10940,2056376,0.0,0.0,0.0,2026-05-06 17:20:43.991
10941,2056644,0.0,0.0,0.0,2026-05-06 17:20:43.991
10942,2056862,0.0,0.0,0.0,2026-05-06 17:20:43.991
10943,2057023,0.0,0.0,0.0,2026-05-06 17:20:43.991
10944,2057347,0.0,0.0,0.0,2026-05-06 17:20:43.991
10945,2057509,0.0,0.0,0.0,2026-05-06 17:20:43.991
10946,2057834,0.0,0.0,0.0,2026-05-06 17:20:43.991
10947,2058102,0.0,0.0,0.0,2026-05-06 17:20:43.991
10948,2058321,0.0,0.0,0.0,2026-05-06 17:20:43.991
10949,2058483,0.0,0.0,0.0,2026-05-06 17:20:43.991
10950,2058807,0.0,0.0,0.0,2026-05-06 17:20:43.991
10951,2059075,0.0,0.0,0.0,2026-05-06 17:20:43.991
10952,2059293,0.0,0.0,0.0,2026-05-06 17:20:43.991
10953,2059560,0.0,0.0,0.0,2026-05-06 17:20:43.991
10954,2059780,0.0,0.0,0.0,2026-05-06 17:20:43.991
10955,2060048,0.0,0.0,0.0,2026-05-06 17:20:43.991
10956,2060266,0.0,0.0,0.0,2026-05-06 17:20:47.503
10957,2060534,0.0,0.0,0.0,2026-05-06 17:20:47.503
10958,2060858,0.0,0.0,0.0,2026-05-06 17:20:47.503
10959,2060910,0.0,0.0,0.0,2026-05-06 17:20:47.503
10960,2061236,0.0,0.0,0.0,2026-05-06 17:20:47.503
10961,2061503,0.0,0.0,0.0,2026-05-06 17:20:47.503
10962,2061721,0.0,0.0,0.0,2026-05-06 17:20:47.503
10963,2061989,0.0,0.0,0.0,2026-05-06 17:20:47.503
10964,2062206,0.0,0.0,0.0,2026-05-06 17:20:47.503
10965,2062474,0.0,0.0,0.0,2026-05-06 17:20:47.503
10966,2062693,0.0,0.0,0.0,2026-05-06 17:20:47.503
10967,2062964,0.0,0.0,0.0,2026-05-06 17:20:47.503
10968,2063184,0.0,0.0,0.0,2026-05-06 17:20:47.503
10969,2063451,0.0,0.0,0.0,2026-05-06 17:20:47.503
10970,2063670,0.0,0.0,0.0,2026-05-06 17:20:47.503
10971,2063938,0.0,0.0,0.0,2026-05-06 17:20:47.503
10972,2064156,0.0,0.0,0.0,2026-05-06 17:20:47.503
10973,2064493,0.0,0.0,0.0,2026-05-06 17:20:47.503
10974,2064711,0.0,0.0,0.0,2026-05-06 17:20:47.503
10975,2064884,0.0,0.0,0.0,2026-05-06 17:20:47.503
10976,2065102,0.0,0.0,0.0,2026-05-06 17:20:47.503
10977,2065370,0.0,0.0,0.0,2026-05-06 17:20:47.503
10978,2065588,0.0,0.0,0.0,2026-05-06 17:20:47.503
10979,2065856,0.0,0.0,0.0,2026-05-06 17:20:47.503
10980,2066074,0.0,0.0,0.0,2026-05-06 17:20:47.503
10981,2066563,0.0,0.0,0.0,2026-05-06 17:20:47.503
10982,2066831,0.0,0.0,0.0,2026-05-06 17:20:47.503
10983,2067049,0.0,0.0,0.0,2026-05-06 17:20:47.503
10984,2067210,0.0,0.0,0.0,2026-05-06 17:20:47.503
10985,2067533,0.0,0.0,0.0,2026-05-06 17:20:47.503
10986,2067802,0.0,0.0,0.0,2026-05-06 17:20:47.503
10987,2068021,0.0,0.0,0.0,2026-05-06 17:20:47.503
10988,2068184,0.0,0.0,0.0,2026-05-06 17:20:48.209
10989,2068507,0.0,0.0,0.0,2026-05-06 17:20:48.209
10990,2068775,0.0,0.0,0.001,2026-05-06 17:20:48.209
10991,2068999,0.0,0.0,0.001,2026-05-06 17:20:48.209
10992,2069233,0.0,0.0,0.0062,2026-05-06 17:20:48.209
10993,2069563,0.0,0.0,0.0072,2026-05-06 17:20:48.209
10994,2069731,0.0,0.0,0.0149,2026-05-06 17:20:48.209
10995,2070185,0.0,0.0,0.0323,2026-05-06 17:20:48.209
10996,2070412,0.0,0.0,0.0323,2026-05-06 17:20:48.209
10997,2070646,0.0,0.0,0.0572,2026-05-06 17:20:48.209
10998,2070979,0.0,0.0,0.0616,2026-05-06 17:20:48.209
10999,2071027,0.0,0.0,0.0918,2026-05-06 17:20:48.209
11000,2071361,0.0,0.0,0.0973,2026-05-06 17:20:48.209
11001,2071594,0.0,0.0,0.1345,2026-05-06 17:20:48.209
11002,2071822,0.0,0.0,0.1345,2026-05-06 17:20:48.209
11003,2072175,0.0,0.0,0.1666,2026-05-06 17:20:48.209
11004,2072525,0.0,0.0,0.1836,2026-05-06 17:20:48.209
11005,2072859,0.0,0.0,0.1854,2026-05-06 17:20:48.209
11006,2073013,0.0,0.0,0.1935,2026-05-06 17:20:48.209
11007,2073241,0.0,0.0,0.1935,2026-05-06 17:20:48.209
11008,2073368,0.0,0.0,0.1991,2026-05-06 17:20:48.209
11009,2073703,0.0,0.0,0.1997,2026-05-06 17:20:48.209
11010,2074409,0.0,0.0,0.2,2026-05-06 17:20:48.209
11011,2074638,0.0,0.0,0.2,2026-05-06 17:20:48.209
11012,2075054,0.0,0.0,0.2,2026-05-06 17:20:48.209
11013,2075343,0.0,0.0,0.2,2026-05-06 17:20:48.209
11014,2075572,0.0,0.0,0.2,2026-05-06 17:20:48.209
11015,2075806,0.0,0.0,0.2,2026-05-06 17:20:48.209
11016,2076141,0.0,0.0,0.2,2026-05-06 17:20:48.934
11017,2076307,0.0,0.0,0.1989,2026-05-06 17:20:48.934
11018,2076764,0.0,0.0,0.1895,2026-05-06 17:20:48.934
11019,2076993,0.0,0.0,0.1895,2026-05-06 17:20:48.934
11020,2077227,0.0,0.0,0.1657,2026-05-06 17:20:48.934
11021,2077562,0.0,0.0,0.1601,2026-05-06 17:20:48.934
11022,2077609,0.0,0.0,0.1105,2026-05-06 17:20:48.934
11023,2077944,0.0,0.0,0.1001,2026-05-06 17:20:48.934
11024,2078178,0.0,0.0,0.0368,2026-05-06 17:20:48.934
11025,2078407,0.0,0.0,0.0368,2026-05-06 17:20:48.934
11026,2078701,0.0,0.0,0.011,2026-05-06 17:20:48.934
11027,2078932,0.0,0.0,0.0105,2026-05-06 17:20:48.934
11028,2079116,0.0,0.0,0.0063,2026-05-06 17:20:48.934
11029,2079573,0.0,0.0,-0.0029,2026-05-06 17:20:48.934
11030,2079805,0.0,0.0,-0.0029,2026-05-06 17:20:48.934
11031,2080038,0.0,0.0,-0.0165,2026-05-06 17:20:48.934
11032,2080376,0.0,0.0,-0.019,2026-05-06 17:20:48.934
11033,2080423,0.0,0.0,-0.0379,2026-05-06 17:20:48.934
11034,2080762,0.0,0.0,-0.0418,2026-05-06 17:20:48.934
11035,2080996,0.0,0.0,-0.0742,2026-05-06 17:20:48.934
11036,2081228,0.0,0.0,-0.0742,2026-05-06 17:20:48.934
11037,2081802,0.0,0.0,-0.1176,2026-05-06 17:20:48.934
11038,2081849,0.0,0.0,-0.1462,2026-05-06 17:20:48.934
11039,2082188,0.0,0.0,-0.1503,2026-05-06 17:20:48.934
11040,2082421,0.0,0.0,-0.1729,2026-05-06 17:20:48.934
11041,2082653,0.0,0.0,-0.1729,2026-05-06 17:20:48.934
11042,2082885,0.0,0.0,-0.1869,2026-05-06 17:20:48.934
11043,2083189,0.0,0.0,-0.1884,2026-05-06 17:20:48.934
11044,2083355,0.0,0.0,-0.1952,2026-05-06 17:20:48.934
11045,2083587,0.0,0.0,-0.1952,2026-05-06 17:20:48.934
11046,2084004,0.0,0.0,-0.2,2026-05-06 17:20:48.934
11047,2084186,0.0,0.0,-0.2,2026-05-06 17:20:49.641
11048,2084525,0.0,0.0,-0.2,2026-05-06 17:20:49.641
11049,2084757,0.0,0.0,-0.2,2026-05-06 17:20:49.641
11050,2084989,0.0,0.0,-0.2,2026-05-06 17:20:49.641
11051,2085222,0.0,0.0,-0.2,2026-05-06 17:20:49.641
11052,2085561,0.0,0.0,-0.2,2026-05-06 17:20:49.641
11053,2085730,0.0,0.0,-0.2,2026-05-06 17:20:49.641
11054,2086188,0.0,0.0,-0.2,2026-05-06 17:20:49.641
11055,2086420,0.0,0.0,-0.2,2026-05-06 17:20:49.641
11056,2086546,0.0,0.0,-0.2,2026-05-06 17:20:49.641
11057,2086885,0.0,0.0,-0.2,2026-05-06 17:20:49.641
11058,2087117,0.0,0.0,-0.2,2026-05-06 17:20:49.641
11059,2087349,0.0,0.0,-0.2,2026-05-06 17:20:49.641
11060,2087582,0.0,0.0,-0.2,2026-05-06 17:20:49.641
11061,2087921,0.0,0.0,-0.2,2026-05-06 17:20:49.641
11062,2088074,0.0,0.0,-0.2,2026-05-06 17:20:49.641
11063,2088306,0.0,0.0,-0.2,2026-05-06 17:20:49.641
11064,2088538,0.0,0.0,-0.2,2026-05-06 17:20:49.641
11065,2088877,0.0,0.0,-0.2,2026-05-06 17:20:49.641
11066,2089051,0.0,0.0,-0.2,2026-05-06 17:20:49.641
11067,2089510,0.0,0.0,-0.2,2026-05-06 17:20:49.641
11068,2089742,0.0,0.0,-0.2,2026-05-06 17:20:49.641
11069,2089974,0.0,0.0,-0.2,2026-05-06 17:20:49.641
11070,2090313,0.0,0.0,-0.2,2026-05-06 17:20:49.641
11071,2090421,0.0,0.0,-0.2,2026-05-06 17:20:49.641
11072,2090760,0.0,0.0,-0.2,2026-05-06 17:20:49.641
11073,2090932,0.0,0.0,-0.2,2026-05-06 17:20:49.641
11074,2091164,0.0,0.0,-0.2,2026-05-06 17:20:49.641
11075,2091397,0.0,0.0,-0.2,2026-05-06 17:20:49.641
11076,2091736,0.0,0.0,-0.2,2026-05-06 17:20:49.641
11077,2091889,0.0,0.0,-0.2,2026-05-06 17:20:49.641
11078,2092121,0.0,0.0,-0.2,2026-05-06 17:20:50.352
11079,2092353,0.0,0.0,-0.2,2026-05-06 17:20:50.352
11080,2092585,0.0,0.0,-0.2,2026-05-06 17:20:50.352
11081,2092818,0.0,0.0,-0.2,2026-05-06 17:20:50.352
11082,2093157,0.0,0.0,-0.2,2026-05-06 17:20:50.352
11083,2093310,0.0,0.0,-0.2,2026-05-06 17:20:50.352
11084,2093542,0.0,0.0,-0.2,2026-05-06 17:20:50.352
11085,2093897,0.0,0.0,-0.2,2026-05-06 17:20:50.352
11086,2094142,0.0,0.0,-0.2,2026-05-06 17:20:50.352
11087,2094481,0.0,0.0,-0.2,2026-05-06 17:20:50.352
11088,2094713,0.0,0.0,-0.2,2026-05-06 17:20:50.352
11089,2094945,0.0,0.0,-0.2,2026-05-06 17:20:50.352
11090,2095071,0.0,0.0,-0.1943,2026-05-06 17:20:50.352
11091,2095410,0.0,0.0,-0.193,2026-05-06 17:20:50.352
11092,2095719,0.0,0.0,-0.1787,2026-05-06 17:20:50.352
11093,2095953,0.0,0.0,-0.175,2026-05-06 17:20:50.352
11094,2096116,0.0,0.0,-0.1299,2026-05-06 17:20:50.352
11095,2096348,0.0,0.0,-0.1299,2026-05-06 17:20:50.352
11096,2096922,0.0,0.0,-0.0513,2026-05-06 17:20:50.352
11097,2097075,0.0016,0.0,-0.0175,2026-05-06 17:20:50.352
11098,2097308,0.0016,0.0,-0.0175,2026-05-06 17:20:50.352
11099,2097540,0.0069,0.0,-0.0021,2026-05-06 17:20:50.352
11100,2097767,0.0069,0.0,-0.0021,2026-05-06 17:20:50.352
11101,2098000,0.0134,0.0,0.0,2026-05-06 17:20:50.352
11102,2098330,0.0145,0.0,0.0,2026-05-06 17:20:50.352
11103,2098380,0.0222,0.0,0.0,2026-05-06 17:20:50.352
11104,2098711,0.0237,0.0,0.0,2026-05-06 17:20:50.352
11105,2098944,0.0361,0.0,0.0,2026-05-06 17:20:50.352
11106,2099169,0.0361,0.0,0.0,2026-05-06 17:20:50.352
11107,2099403,0.0528,0.0,0.0,2026-05-06 17:20:50.352
11108,2099733,0.0555,0.0,0.0,2026-05-06 17:20:50.352
11109,2099948,0.0782,0.0,0.0,2026-05-06 17:20:50.352
11110,2100174,0.082,0.0,0.0,2026-05-06 17:20:50.920
11111,2100346,0.107,0.0,0.0,2026-05-06 17:20:50.920
11112,2100569,0.107,0.0,0.0,2026-05-06 17:20:50.920
11113,2100802,0.1466,0.0,0.0,2026-05-06 17:20:50.920
11114,2101021,0.1466,0.0,0.0,2026-05-06 17:20:50.920
11115,2101288,0.1848,0.0,0.0,2026-05-06 17:20:50.920
11116,2101615,0.1902,0.0,0.0,2026-05-06 17:20:50.920
11117,2101666,0.2222,0.0,0.0,2026-05-06 17:20:50.920
11118,2101992,0.2272,0.0,0.0,2026-05-06 17:20:50.920
11119,2102259,0.2595,0.0,0.0,2026-05-06 17:20:50.920
11120,2102481,0.2595,0.0,0.0,2026-05-06 17:20:50.920
11121,2102749,0.2857,0.0,0.0,2026-05-06 17:20:50.920
11122,2103074,0.2889,0.0,0.0,2026-05-06 17:20:50.920
11123,2103347,0.3083,0.0,0.0,2026-05-06 17:20:50.920
11124,2103691,0.3226,0.0,0.0,2026-05-06 17:20:50.920
11125,2103908,0.3226,0.0,0.0,2026-05-06 17:20:50.920
11126,2104397,0.3344,0.0,0.0,2026-05-06 17:20:50.920
11127,2104665,0.3418,0.0,0.0,2026-05-06 17:20:50.920
11128,2104989,0.3426,0.0,0.0,2026-05-06 17:20:50.920
11129,2105097,0.3471,0.0,0.0,2026-05-06 17:20:50.920
11130,2105421,0.3477,0.0,0.0,2026-05-06 17:20:50.920
11131,2105633,0.35,0.0,0.0,2026-05-06 17:20:50.920
11132,2105852,0.35,0.0,0.0,2026-05-06 17:20:50.920
11133,2106120,0.35,0.0,0.0,2026-05-06 17:20:50.920
11134,2106443,0.35,0.0,0.0,2026-05-06 17:20:50.998
11135,2106657,0.35,0.0,0.0,2026-05-06 17:20:50.998
11136,2107089,0.35,0.0,0.0,2026-05-06 17:20:50.998
11137,2107307,0.35,0.0,0.0,2026-05-06 17:20:51.156
11138,2107575,0.35,0.0,0.0,2026-05-06 17:20:51.156
11139,2107794,0.35,0.0,0.0,2026-05-06 17:20:51.156
11140,2108062,0.35,0.0,0.0,2026-05-06 17:20:51.156
11141,2108387,0.35,0.0,0.0,2026-05-06 17:20:51.156
11142,2108495,0.35,0.0,0.0,2026-05-06 17:20:51.156
11143,2108820,0.35,0.0,0.0,2026-05-06 17:20:51.156
11144,2109031,0.35,0.0,0.0,2026-05-06 17:43:34.693
11145,2109250,0.35,0.0,0.0,2026-05-06 17:43:34.693
11146,2109519,0.35,0.0,0.0,2026-05-06 17:43:34.693
11147,2109843,0.35,0.0,0.0,2026-05-06 17:43:34.693
11148,2110115,0.35,0.0,0.0,2026-05-06 17:43:34.693
11149,2110335,0.35,0.0,0.0,2026-05-06 17:43:34.693
11150,2110487,0.35,0.0,0.0,2026-05-06 17:43:34.693
11151,2110705,0.35,0.0,0.0,2026-05-06 17:43:34.693
11152,2110973,0.35,0.0,0.0,2026-05-06 17:43:34.693
11153,2111191,0.35,0.0,0.0,2026-05-06 17:43:34.693
11154,2111459,0.35,0.0,0.0,2026-05-06 17:43:34.693
11155,2111783,0.35,0.0,0.0,2026-05-06 17:43:34.693
11156,2111891,0.35,0.0,0.0,2026-05-06 17:43:34.693
11157,2112217,0.35,0.0,0.0,2026-05-06 17:43:34.693
11158,2112429,0.35,0.0,0.0,2026-05-06 17:43:34.693
11159,2112647,0.35,0.0,0.0,2026-05-06 17:43:34.693
11160,2112915,0.35,0.0,0.0,2026-05-06 17:43:34.693
11161,2113240,0.35,0.0,0.0,2026-05-06 17:43:34.693
11162,2113514,0.35,0.0,0.0,2026-05-06 17:43:34.693
11163,2113859,0.35,0.0,0.0,2026-05-06 17:43:34.693
11164,2114081,0.35,0.0,0.0,2026-05-06 17:43:34.693
11165,2114350,0.35,0.0,0.0,2026-05-06 17:43:34.693
11166,2114568,0.35,0.0,0.0,2026-05-06 17:43:34.693
11167,2114836,0.35,0.0,0.0,2026-05-06 17:43:34.693
11168,2115160,0.35,0.0,0.0,2026-05-06 17:43:34.693
11169,2115269,0.35,0.0,0.0,2026-05-06 17:43:34.693
11170,2115594,0.35,0.0,0.0,2026-05-06 17:43:34.693
11171,2115805,0.35,0.0,0.0,2026-05-06 17:43:34.693
11172,2116023,0.35,0.0,0.0,2026-05-06 17:43:34.693
11173,2116291,0.35,0.0,0.0,2026-05-06 17:43:34.693
11174,2116615,0.35,0.0,0.0,2026-05-06 17:43:34.693
11175,2116948,0.35,0.0,0.0,2026-05-06 17:43:34.693
11176,2117237,0.35,0.0,0.0,2026-05-06 17:43:35.423
11177,2117456,0.35,0.0,0.0,2026-05-06 17:43:35.423
11178,2117724,0.35,0.0,0.0,2026-05-06 17:43:35.423
11179,2117942,0.35,0.0,0.0,2026-05-06 17:43:35.423
11180,2118210,0.35,0.0,0.0,2026-05-06 17:43:35.423
11181,2118533,0.35,0.0,0.0,2026-05-06 17:43:35.423
11182,2118641,0.35,0.0,0.0,2026-05-06 17:43:35.423
11183,2118964,0.35,0.0,0.0,2026-05-06 17:43:35.423
11184,2119176,0.3454,0.0,0.0,2026-05-06 17:43:35.423
11185,2119393,0.3454,0.0,0.0,2026-05-06 17:43:35.423
11186,2119661,0.337,0.0,0.0,2026-05-06 17:43:35.423
11187,2119985,0.3354,0.0,0.0,2026-05-06 17:43:35.423
11188,2120257,0.3188,0.0,0.0,2026-05-06 17:43:35.423
11189,2120477,0.3155,0.0,0.0,2026-05-06 17:43:35.423
11190,2120630,0.2893,0.0,0.0,2026-05-06 17:43:35.423
11191,2120848,0.2893,0.0,0.0,2026-05-06 17:43:35.423
11192,2121116,0.2312,0.0,0.0,2026-05-06 17:43:35.423
11193,2121335,0.2312,0.0,0.0,2026-05-06 17:43:35.423
11194,2121603,0.1608,0.0,0.0,2026-05-06 17:43:35.423
11195,2121928,0.1504,0.0,0.0,2026-05-06 17:43:35.423
11196,2121979,0.0938,0.0,0.0,2026-05-06 17:43:35.423
11197,2122304,0.0858,0.0,0.0,2026-05-06 17:43:35.423
11198,2122573,0.0436,0.0,0.0,2026-05-06 17:43:35.423
11199,2122792,0.0436,0.0,0.0,2026-05-06 17:43:35.423
11200,2123060,0.0201,0.0,0.0,2026-05-06 17:43:35.423
11201,2123384,0.0178,0.0,0.0,2026-05-06 17:43:35.423
11202,2123586,0.0065,0.0,0.0,2026-05-06 17:43:35.423
11203,2124024,0.0007,0.0,0.0,2026-05-06 17:43:35.423
11204,2124244,0.0007,0.0,0.0,2026-05-06 17:43:35.423
11205,2124405,0.0,0.0,0.0,2026-05-06 17:43:35.423
11206,2124743,0.0,0.0,0.0,2026-05-06 17:43:35.423
11207,2124965,0.0,0.0,0.0,2026-05-06 17:43:35.423
11208,2125071,0.0,0.0,0.0,2026-05-06 17:43:36.129
11209,2125292,0.0,0.0,0.0,2026-05-06 17:43:36.129
11210,2125523,0.0,0.0,0.0,2026-05-06 17:43:36.129
11211,2125742,0.0,0.0,0.0,2026-05-06 17:43:36.129
11212,2126009,0.0,0.0,0.0,2026-05-06 17:43:36.129
11213,2126229,0.0,0.0,0.0,2026-05-06 17:43:36.129
11214,2126611,0.0,0.0,0.0,2026-05-06 17:43:36.129
11215,2126830,0.0,0.0,0.0,2026-05-06 17:43:36.129
11216,2126983,0.0,0.0,0.0,2026-05-06 17:43:36.129
11217,2127202,0.0,0.0,0.0,2026-05-06 17:43:36.129
11218,2127469,0.0,0.0,0.0,2026-05-06 17:43:36.129
11219,2127688,0.0,0.0,0.0,2026-05-06 17:43:36.129
11220,2127849,0.0,0.0,0.0,2026-05-06 17:43:36.129
11221,2128173,0.0,0.0,0.0,2026-05-06 17:43:36.129
11222,2128440,0.0,0.0,0.0,2026-05-06 17:43:36.129
11223,2128658,0.0,0.0,0.0,2026-05-06 17:43:36.129
11224,2129040,0.0,0.0,0.0,2026-05-06 17:43:36.129
11225,2129259,0.0,0.0,0.0,2026-05-06 17:43:36.129
11226,2129413,0.0,0.0,0.0,2026-05-06 17:43:36.129
11227,2129631,0.0,0.0,0.0,2026-05-06 17:43:36.129
11228,2129898,0.0,0.0,0.0,2026-05-06 17:43:36.129
11229,2130118,0.0,0.0,0.0,2026-05-06 17:43:36.129
11230,2130280,0.0,0.0,0.0,2026-05-06 17:43:36.129
11231,2130604,0.0,0.0,0.0,2026-05-06 17:43:36.129
11232,2130765,0.0,0.0,0.0,2026-05-06 17:43:36.129
11233,2131090,0.0,0.0,0.0,2026-05-06 17:43:36.129
11234,2131357,0.0,0.0,0.0,2026-05-06 17:43:36.129
11235,2131575,0.0,0.0,0.0,2026-05-06 17:43:36.129
11236,2131843,0.0,0.0,0.0,2026-05-06 17:43:36.129
11237,2132061,0.0,0.0,0.0,2026-05-06 17:43:36.129
11238,2132331,0.0,0.0,0.0,2026-05-06 17:43:36.129
11239,2132550,0.0,0.0,0.0,2026-05-06 17:43:36.129
11240,2132817,0.0,0.0,0.0,2026-05-06 17:43:36.129
11241,2133035,0.0,0.0,0.0,2026-05-06 17:43:36.129
11242,2133303,0.0,0.0,0.0,2026-05-06 17:43:36.850
11243,2133523,0.0,0.0,0.0,2026-05-06 17:43:36.850
11244,2133790,0.0,0.0,0.0,2026-05-06 17:43:36.850
11245,2134008,0.0,0.0,0.0,2026-05-06 17:43:36.850
11246,2134170,0.0,0.0,0.0,2026-05-06 17:43:36.850
11247,2134494,0.0,0.0,0.0,2026-05-06 17:43:36.850
11248,2134761,0.0,0.0,0.0,2026-05-06 17:43:36.850
11249,2135087,0.0,0.0,0.0,2026-05-06 17:43:36.850
11250,2135138,0.0,0.0,0.0,2026-05-06 17:43:36.850
11251,2135463,0.0,0.0,0.0,2026-05-06 17:43:36.850
11252,2135624,0.0,0.0,0.0,2026-05-06 17:43:36.850
11253,2135949,0.0,0.0,0.0,2026-05-06 17:43:36.850
11254,2136216,0.0,0.0,0.0,2026-05-06 17:43:36.850
11255,2136435,0.0,0.0,0.0,2026-05-06 17:43:36.850
11256,2136596,0.0,0.0,0.0,2026-05-06 17:43:36.850
11257,2136921,0.0,0.0,0.0,2026-05-06 17:43:36.850
11258,2137188,0.0,0.0,0.001,2026-05-06 17:43:36.850
11259,2137411,0.0,0.0,0.001,2026-05-06 17:43:36.850
11260,2137539,0.0,0.0,0.0062,2026-05-06 17:43:36.850
11261,2137869,0.0,0.0,0.0072,2026-05-06 17:43:36.850
11262,2138162,0.0,0.0,0.0166,2026-05-06 17:43:36.850
11263,2138388,0.0,0.0,0.0184,2026-05-06 17:43:36.850
11264,2138560,0.0,0.0,0.0323,2026-05-06 17:43:36.850
11265,2138785,0.0,0.0,0.0323,2026-05-06 17:43:36.850
11266,2139019,0.0,0.0,0.0616,2026-05-06 17:43:36.850
11267,2139248,0.0,0.0,0.0616,2026-05-06 17:43:36.850
11268,2139503,0.0,0.0,0.0973,2026-05-06 17:43:36.850
11269,2139974,0.0,0.0,0.1345,2026-05-06 17:43:36.850
11270,2140430,0.0,0.0,0.1666,2026-05-06 17:43:36.850
11271,2140659,0.0,0.0,0.1666,2026-05-06 17:43:36.850
11272,2140891,0.0,0.0,0.1836,2026-05-06 17:43:36.850
11273,2141226,0.0,0.0,0.1854,2026-05-06 17:43:37.560
11274,2141395,0.0,0.0,0.1935,2026-05-06 17:43:37.560
11275,2141670,0.0,0.0,0.1945,2026-05-06 17:43:37.560
11276,2141841,0.0,0.0,0.1997,2026-05-06 17:43:37.560
11277,2142071,0.0,0.0,0.1997,2026-05-06 17:43:37.560
11278,2142364,0.0,0.0,0.2,2026-05-06 17:43:37.560
11279,2142595,0.0,0.0,0.2,2026-05-06 17:43:37.560
11280,2142660,0.0,0.0,0.2,2026-05-06 17:43:37.560
11281,2142889,0.0,0.0,0.2,2026-05-06 17:43:37.560
11282,2143236,0.0,0.0,0.2,2026-05-06 17:43:37.560
11283,2143465,0.0,0.0,0.2,2026-05-06 17:43:37.560
11284,2143593,0.0,0.0,0.2,2026-05-06 17:43:37.560
11285,2143928,0.0,0.0,0.2,2026-05-06 17:43:37.560
11286,2144281,0.0,0.0,0.2,2026-05-06 17:43:37.560
11287,2144813,0.0,0.0,0.2,2026-05-06 17:43:37.560
11288,2145102,0.0,0.0,0.2,2026-05-06 17:43:37.560
11289,2145331,0.0,0.0,0.2,2026-05-06 17:43:37.560
11290,2145458,0.0,0.0,0.2,2026-05-06 17:43:37.560
11291,2145793,0.0,0.0,0.2,2026-05-06 17:43:37.560
11292,2145922,0.0,0.0,0.2,2026-05-06 17:43:37.560
11293,2146257,0.0,0.0,0.2,2026-05-06 17:43:37.560
11294,2146491,0.0,0.0,0.2,2026-05-06 17:43:37.560
11295,2146720,0.0,0.0,0.2,2026-05-06 17:43:37.560
11296,2147014,0.0,0.0,0.2,2026-05-06 17:43:37.560
11297,2147245,0.0,0.0,0.2,2026-05-06 17:43:37.560
11298,2147419,0.0,0.0,0.2,2026-05-06 17:43:37.560
11299,2147648,0.0,0.0,0.2,2026-05-06 17:43:37.560
11300,2147882,0.0,0.0,0.2,2026-05-06 17:43:37.560
11301,2148217,0.0,0.0,0.2,2026-05-06 17:43:37.560
11302,2148370,0.0,0.0,0.2,2026-05-06 17:43:37.560
11303,2148599,0.0,0.0,0.2,2026-05-06 17:43:37.560
11304,2148833,0.0,0.0,0.2,2026-05-06 17:43:37.560
11305,2149168,0.0,0.0,0.2,2026-05-06 17:43:38.271
11306,2149321,0.0,0.0,0.2,2026-05-06 17:43:38.271
11307,2149550,0.0,0.0,0.2,2026-05-06 17:43:38.271
11308,2149787,0.0,0.0,0.2,2026-05-06 17:43:38.271
11309,2150122,0.0,0.0,0.2,2026-05-06 17:43:38.271
11310,2150169,0.0,0.0,0.2,2026-05-06 17:43:38.271
11311,2150504,0.0,0.0,0.2,2026-05-06 17:43:38.271
11312,2150738,0.0,0.0,0.1983,2026-05-06 17:43:38.271
11313,2150967,0.0,0.0,0.1983,2026-05-06 17:43:38.271
11314,2151095,0.0,0.0,0.1914,2026-05-06 17:43:38.271
11315,2151430,0.0,0.0,0.1895,2026-05-06 17:43:38.271
11316,2151664,0.0,0.0,0.1657,2026-05-06 17:43:38.271
11317,2151893,0.0,0.0,0.1657,2026-05-06 17:43:38.271
11318,2152127,0.0,0.0,0.1105,2026-05-06 17:43:38.271
11319,2152462,0.0,0.0,0.1001,2026-05-06 17:43:38.271
11320,2152615,0.0,0.0,0.0436,2026-05-06 17:43:38.271
11321,2152844,0.0,0.0,0.0436,2026-05-06 17:43:38.271
11322,2152972,0.0,0.0,0.0115,2026-05-06 17:43:38.271
11323,2153307,0.0,0.0,0.0092,2026-05-06 17:43:38.271
11324,2153434,0.0,0.0,0.0013,2026-05-06 17:43:38.271
11325,2153769,0.0,0.0,0.0006,2026-05-06 17:43:38.271
11326,2153898,0.0,0.0,0.0,2026-05-06 17:43:38.271
11327,2154127,0.0,0.0,0.0,2026-05-06 17:43:38.271
11328,2154368,0.0,0.0,0.0,2026-05-06 17:43:38.271
11329,2154597,0.0,0.0,0.0,2026-05-06 17:43:38.271
11330,2154837,0.0,0.0,0.0,2026-05-06 17:43:38.271
11331,2155064,0.0,0.0,0.0,2026-05-06 17:43:38.271
11332,2155305,0.0,0.0,0.0,2026-05-06 17:43:38.271
11333,2155533,0.0,0.0,0.0,2026-05-06 17:43:38.271
11334,2155773,0.0,0.0,0.0,2026-05-06 17:43:38.271
11335,2156001,0.0,0.0,0.0,2026-05-06 17:43:38.271
11336,2156242,0.0,0.0,0.0,2026-05-06 17:43:38.271
11337,2156575,0.0005,0.0,0.0,2026-05-06 17:43:38.271
11338,2156924,0.0034,0.0,0.0,2026-05-06 17:43:38.271
11339,2157275,0.0086,0.0,0.0,2026-05-06 17:43:38.974
11340,2157499,0.0086,0.0,0.0,2026-05-06 17:43:38.974
11341,2157733,0.0169,0.0,0.0,2026-05-06 17:43:38.974
11342,2157957,0.0169,0.0,0.0,2026-05-06 17:43:38.974
11343,2158191,0.0269,0.0,0.0,2026-05-06 17:43:38.974
11344,2158521,0.0286,0.0,0.0,2026-05-06 17:43:38.974
11345,2158570,0.0404,0.0,0.0,2026-05-06 17:43:38.974
11346,2158900,0.0427,0.0,0.0,2026-05-06 17:43:38.974
11347,2159134,0.0614,0.0,0.0,2026-05-06 17:43:38.974
11348,2159356,0.0614,0.0,0.0,2026-05-06 17:43:38.974
11349,2159624,0.0858,0.0,0.0,2026-05-06 17:43:38.974
11350,2159952,0.0898,0.0,0.0,2026-05-06 17:43:38.974
11351,2160167,0.1211,0.0,0.0,2026-05-06 17:43:38.974
11352,2160601,0.1574,0.0,0.0,2026-05-06 17:43:38.974
11353,2160822,0.1574,0.0,0.0,2026-05-06 17:43:38.974
11354,2161090,0.2011,0.0,0.0,2026-05-06 17:43:38.974
11355,2161311,0.2011,0.0,0.0,2026-05-06 17:43:38.974
11356,2161578,0.237,0.0,0.0,2026-05-06 17:43:38.974
11357,2161902,0.2418,0.0,0.0,2026-05-06 17:43:38.974
11358,2162010,0.2677,0.0,0.0,2026-05-06 17:43:38.974
11359,2162334,0.2715,0.0,0.0,2026-05-06 17:43:38.974
11360,2162546,0.295,0.0,0.0,2026-05-06 17:43:38.974
11361,2162765,0.295,0.0,0.0,2026-05-06 17:43:38.974
11362,2163033,0.3128,0.0,0.0,2026-05-06 17:43:38.974
11363,2163357,0.315,0.0,0.0,2026-05-06 17:43:38.974
11364,2163631,0.3276,0.0,0.0,2026-05-06 17:43:38.974
11365,2163977,0.3368,0.0,0.0,2026-05-06 17:43:38.974
11366,2164196,0.3368,0.0,0.0,2026-05-06 17:43:38.974
11367,2164464,0.3443,0.0,0.0,2026-05-06 17:43:38.974
11368,2164681,0.3443,0.0,0.0,2026-05-06 17:43:38.974
11369,2164952,0.3489,0.0,0.0,2026-05-06 17:43:38.974
11370,2165276,0.3494,0.0,0.0,2026-05-06 17:43:39.695
11371,2165498,0.35,0.0,0.0,2026-05-06 17:43:39.695
11372,2165717,0.35,0.0,0.0,2026-05-06 17:43:39.695
11373,2165890,0.35,0.0,0.0,2026-05-06 17:43:39.695
11374,2166109,0.35,0.0,0.0,2026-05-06 17:43:39.695
11375,2166377,0.35,0.0,0.0,2026-05-06 17:43:39.695
11376,2166701,0.35,0.0,0.0,2026-05-06 17:43:39.695
11377,2166753,0.35,0.0,0.0,2026-05-06 17:43:39.695
11378,2167079,0.35,0.0,0.0,2026-05-06 17:43:39.695
11379,2167347,0.35,0.0,0.0,2026-05-06 17:43:39.695
11380,2167566,0.35,0.0,0.0,2026-05-06 17:43:39.695
11381,2167834,0.35,0.0,0.0,2026-05-06 17:43:39.695
11382,2168053,0.35,0.0,0.0,2026-05-06 17:43:39.695
11383,2168321,0.35,0.0,0.0,2026-05-06 17:43:39.695
11384,2168645,0.35,0.0,0.0,2026-05-06 17:43:39.695
11385,2168802,0.35,0.0,0.0,2026-05-06 17:43:39.695
11386,2169021,0.35,0.0,0.0,2026-05-06 17:43:39.695
11387,2169290,0.35,0.0,0.0,2026-05-06 17:43:39.695
11388,2169510,0.35,0.0,0.0,2026-05-06 17:43:39.695
11389,2169778,0.35,0.0,0.0,2026-05-06 17:43:39.695
11390,2170102,0.35,0.0,0.0,2026-05-06 17:43:39.695
11391,2170154,0.35,0.0,0.0,2026-05-06 17:43:39.695
11392,2170478,0.35,0.0,0.0,2026-05-06 17:43:39.695
11393,2170745,0.35,0.0,0.0,2026-05-06 17:43:39.695
11394,2170963,0.35,0.0,0.0,2026-05-06 17:43:39.695
11395,2171287,0.35,0.0,0.0,2026-05-06 17:43:39.695
11396,2171724,0.35,0.0,0.0,2026-05-06 17:43:39.695
11397,2172048,0.35,0.0,0.0,2026-05-06 17:43:39.695
11398,2172206,0.35,0.0,0.0,2026-05-06 17:43:39.695
11399,2172425,0.35,0.0,0.0,2026-05-06 17:43:39.695
11400,2172693,0.35,0.0,0.0,2026-05-06 17:43:39.695
11401,2172911,0.35,0.0,0.0,2026-05-06 17:43:39.695
11402,2173179,0.35,0.0,0.0,2026-05-06 17:43:39.695
11403,2173503,0.35,0.0,0.0,2026-05-06 17:49:53.996
11404,2173555,0.35,0.0,0.0,2026-05-06 17:49:53.996
11405,2173879,0.35,0.0,0.0,2026-05-06 17:49:53.996
11406,2174137,0.0,0.0,0.0,2026-05-06 17:49:53.996
11407,2174360,0.0,0.0,0.0,2026-05-06 17:49:53.996
11408,2174591,0.0,0.0,0.0,2026-05-06 17:49:53.996
11409,2174814,0.0,0.0,0.0,2026-05-06 17:49:53.996
11410,2175037,0.0,0.0,0.0,2026-05-06 17:49:53.996
11411,2175151,0.0,0.0,0.0,2026-05-06 17:49:53.996
11412,2175390,0.0,0.0,0.0,2026-05-06 17:49:53.996
11413,2175611,0.0,0.0,0.0,2026-05-06 17:49:53.996
11414,2175737,0.0,0.0,0.0,2026-05-06 17:49:53.996
11415,2176070,0.0,0.0,0.0,2026-05-06 17:49:53.996
11416,2176196,0.0,0.0,0.0,2026-05-06 17:49:53.996
11417,2176530,0.0,0.0,0.0,2026-05-06 17:49:53.996
11418,2176656,0.0,0.0,0.0,2026-05-06 17:49:53.996
11419,2176990,0.0,0.0,0.0,2026-05-06 17:49:53.996
11420,2177229,0.0,0.0,0.0,2026-05-06 17:49:53.996
11421,2177450,0.0,0.0,0.0,2026-05-06 17:49:53.996
11422,2177689,0.0,0.0,0.0,2026-05-06 17:49:53.996
11423,2178023,0.0,0.0,0.0,2026-05-06 17:49:53.996
11424,2178181,0.0,0.0,0.0,2026-05-06 17:49:53.996
11425,2178401,0.0,0.0,0.0,2026-05-06 17:49:53.996
11426,2178640,0.0,0.0,0.0,2026-05-06 17:49:53.996
11427,2178861,0.0,0.0,0.0,2026-05-06 17:49:53.996
11428,2179100,0.0,0.0,0.0,2026-05-06 17:49:53.996
11429,2179321,0.0,0.0,0.0,2026-05-06 17:49:53.996
11430,2179447,0.0,0.0,0.0,2026-05-06 17:49:53.996
11431,2179781,0.0,0.0,0.0,2026-05-06 17:49:53.996
11432,2180020,0.0,0.0,0.0,2026-05-06 17:49:53.996
11433,2180242,0.0,0.0,0.0,2026-05-06 17:49:53.996
11434,2180481,0.0,0.0,0.0,2026-05-06 17:49:53.996
11435,2180702,0.0,0.0,0.0,2026-05-06 17:49:53.996
11436,2180943,0.0,0.0,0.0,2026-05-06 17:49:53.996
11437,2181164,0.0,0.0,0.0,2026-05-06 17:49:53.996
11438,2181290,0.0,0.0,0.0,2026-05-06 17:49:53.996
11439,2181627,0.0,0.0,0.0,2026-05-06 17:49:54.357
11440,2181866,0.0,0.0,0.0,2026-05-06 17:49:54.357
11441,2182086,0.0,0.0,0.0,2026-05-06 17:49:54.357
11442,2182325,0.0,0.0,0.0,2026-05-06 17:49:54.357
11443,2182545,0.0,0.0,0.0,2026-05-06 17:49:54.357
11444,2182784,0.0,0.0,0.0,2026-05-06 17:49:54.357
11445,2183004,0.0,0.0,0.0,2026-05-06 17:49:54.357
11446,2183130,0.0,0.0,0.0,2026-05-06 17:49:54.357
11447,2183464,0.0,0.0,0.0,2026-05-06 17:49:54.357
11448,2183590,0.0,0.0,0.0,2026-05-06 17:49:54.357
11449,2183924,0.0,0.0,0.0,2026-05-06 17:49:54.357
11450,2184050,0.0,0.0,0.0,2026-05-06 17:49:54.357
11451,2184384,0.0,0.0,0.0,2026-05-06 17:49:54.357
11452,2184623,0.0,0.0,0.0,2026-05-06 17:49:54.357
11453,2184843,0.0,0.0,0.0,2026-05-06 17:49:54.357
11454,2184969,0.0,0.0,0.0,2026-05-06 17:49:55.542
11455,2185303,0.0,0.0,0.0,2026-05-06 17:49:55.542
11456,2185429,0.0,0.0,0.0,2026-05-06 17:49:55.542
11457,2185763,0.0,0.0,0.0,2026-05-06 17:49:55.542
11458,2185889,0.0,0.0,0.0,2026-05-06 17:49:55.542
11459,2186222,0.0,0.0,0.0,2026-05-06 17:49:55.542
11460,2186461,0.0,0.0,0.0,2026-05-06 17:49:55.542
11461,2186795,0.0,0.0,0.0,2026-05-06 17:49:55.542
11462,2186953,0.0,0.0,0.0,2026-05-06 17:49:55.542
11463,2187287,0.0,0.0,0.0,2026-05-06 17:49:55.542
11464,2187332,0.0,0.0,0.0,2026-05-06 17:49:55.542
11465,2187665,0.0,0.0,0.0,2026-05-06 17:49:55.542
11466,2187904,0.0,0.0,0.0,2026-05-06 17:49:55.542
11467,2188238,0.0,0.0,0.0,2026-05-06 17:49:55.542
11468,2188396,0.0,0.0,0.0,2026-05-06 17:49:55.542
11469,2188616,0.0,0.0,0.0,2026-05-06 17:49:55.542
11470,2188742,0.0,0.0,0.0,2026-05-06 17:49:55.542
11471,2189078,0.0,0.0,0.0,2026-05-06 17:49:55.542
11472,2189204,0.0,0.0,0.0,2026-05-06 17:49:55.542
11473,2189537,0.0,0.0,0.0,2026-05-06 17:49:55.542
11474,2189663,0.0,0.0,0.0,2026-05-06 17:49:55.542
11475,2189996,0.0,0.0,0.0,2026-05-06 17:49:55.542
11476,2190235,0.0,0.0,0.0,2026-05-06 17:49:55.542
11477,2190456,0.0,0.0,0.0,2026-05-06 17:49:55.542
11478,2190695,0.0,0.0,0.0,2026-05-06 17:49:55.542
11479,2190916,0.0,0.0,0.0,2026-05-06 17:49:55.542
11480,2191271,0.0,0.0,0.0,2026-05-06 17:49:55.542
11481,2191510,0.0,0.0,0.0,2026-05-06 17:49:55.542
11482,2191844,0.0,0.0,0.0,2026-05-06 17:49:55.542
11483,2191970,0.0,0.0,0.0,2026-05-06 17:49:55.542
11484,2192304,0.0,0.0,0.0,2026-05-06 17:49:55.542
11485,2192430,0.0,0.0,0.0,2026-05-06 17:49:55.542
11486,2192764,0.0,0.0,0.0,2026-05-06 17:49:55.542
11487,2192890,0.0,0.0,0.0,2026-05-06 17:49:55.542
11488,2193223,0.0,0.0,0.0,2026-05-06 17:49:56.261
11489,2193635,0.0,0.0,0.0,2026-05-06 17:49:56.261
11490,2193986,0.0,0.0,0.0,2026-05-06 17:49:56.261
11491,2194207,0.0,0.0,0.0,2026-05-06 17:49:56.261
11492,2194275,0.0,0.0,0.0,2026-05-06 17:49:56.261
11493,2194608,0.0,0.0,0.0,2026-05-06 17:49:56.261
11494,2194847,0.0,0.0,0.0,2026-05-06 17:49:56.261
11495,2195068,0.0,0.0,0.0,2026-05-06 17:49:56.261
11496,2195194,0.0,0.0,0.0,2026-05-06 17:49:56.261
11497,2195527,0.0,0.0,0.0,2026-05-06 17:49:56.261
11498,2195653,0.0,0.0,0.0,2026-05-06 17:49:56.261
11499,2195986,0.0,0.0,0.0,2026-05-06 17:49:56.261
11500,2196225,0.0,0.0,0.0,2026-05-06 17:49:56.261
11501,2196448,0.0,0.0,0.0,2026-05-06 17:49:56.261
11502,2196574,0.0,0.0,0.0,2026-05-06 17:49:56.261
11503,2196930,0.0,0.0,0.0,2026-05-06 17:49:56.261
11504,2197159,0.0,0.0,0.0,2026-05-06 17:49:56.261
11505,2197380,0.0,0.0,0.0,2026-05-06 17:49:56.261
11506,2197506,0.0,0.0,0.0,2026-05-06 17:49:56.261
11507,2197840,0.0,0.0,0.0,2026-05-06 17:49:56.261
11508,2198079,0.0,0.0,0.0,2026-05-06 17:49:56.261
11509,2198300,0.0,0.0,0.0,2026-05-06 17:49:56.261
11510,2198539,0.0,0.0,0.0,2026-05-06 17:49:56.261
11511,2198873,0.0,0.0,0.0,2026-05-06 17:49:56.261
11512,2198918,0.0,0.0,0.0,2026-05-06 17:49:56.261
11513,2199251,0.0,0.0,0.0,2026-05-06 17:49:56.261
11514,2199490,0.0,0.0,0.0,2026-05-06 17:49:56.261
11515,2199711,0.0,0.0,0.0,2026-05-06 17:49:56.261
11516,2199837,0.0,0.0,0.0,2026-05-06 17:49:56.261
11517,2200170,0.0,0.0,0.0,2026-05-06 17:49:56.261
11518,2200409,0.0,0.0,0.0,2026-05-06 17:49:56.261
11519,2200629,0.0,0.0,0.0,2026-05-06 17:49:56.261
11520,2200868,0.0,0.0,0.0,2026-05-06 17:49:56.261
11521,2201089,0.0,0.0,0.0,2026-05-06 17:49:56.972
11522,2201215,0.0,0.0,0.0,2026-05-06 17:49:56.972
11523,2201480,0.0,0.0,0.0,2026-05-06 17:49:56.972
11524,2201814,0.0,0.0,0.0,2026-05-06 17:49:56.972
11525,2202034,0.0,0.0,0.0,2026-05-06 17:49:56.972
11526,2202160,0.0,0.0,0.0,2026-05-06 17:49:56.972
11527,2202493,0.0,0.0,0.0,2026-05-06 17:49:56.972
11528,2202732,0.0,0.0,0.0,2026-05-06 17:49:56.972
11529,2202953,0.0,0.0,0.0,2026-05-06 17:49:56.972
11530,2203192,0.0,0.0,0.0,2026-05-06 17:49:56.972
11531,2203412,0.0,0.0,0.0,2026-05-06 17:49:56.972
11532,2203538,0.0,0.0,0.0,2026-05-06 17:49:56.972
11533,2203874,0.0,0.0,0.0,2026-05-06 17:49:56.972
11534,2204113,0.0,0.0,0.0,2026-05-06 17:49:56.972
11535,2204334,0.0,0.0,0.0,2026-05-06 17:49:56.972
11536,2204573,0.0,0.0,0.0,2026-05-06 17:49:56.972
11537,2204793,0.0,0.0,0.0,2026-05-06 17:49:56.972
11538,2205032,0.0,0.0,0.0,2026-05-06 17:49:56.972
11539,2205253,0.0,0.0,0.0,2026-05-06 17:49:56.972
11540,2205379,0.0,0.0,0.0,2026-05-06 17:49:56.972
11541,2205712,0.0,0.0,0.0,2026-05-06 17:49:56.972
11542,2205838,0.0,0.0,0.0,2026-05-06 17:49:56.972
11543,2206171,0.0,0.0,0.0,2026-05-06 17:49:56.972
11544,2206410,0.0,0.0,0.0,2026-05-06 17:49:56.972
11545,2206630,0.0,0.0,0.0,2026-05-06 17:49:56.972
11546,2206869,0.0,0.0,0.0,2026-05-06 17:49:56.972
11547,2207089,0.0,0.0,0.0,2026-05-06 17:49:56.972
11548,2207215,0.0,0.0,0.0,2026-05-06 17:49:56.972
11549,2207549,0.0,0.0,0.0,2026-05-06 17:49:56.972
11550,2207675,0.0,0.0,0.0,2026-05-06 17:49:56.972
11551,2208009,0.0,0.0,0.0,2026-05-06 17:49:56.972
11552,2208135,0.0,0.0,0.0,2026-05-06 17:49:56.972
11553,2208468,0.0,0.0,0.0,2026-05-06 17:49:56.972
11554,2208594,0.0,0.0,0.0,2026-05-06 17:49:56.972
11555,2208927,0.0,0.0,0.0,2026-05-06 17:49:56.972
11556,2209053,0.0,0.0,0.0,2026-05-06 17:49:57.681
11557,2209386,0.0,0.0,0.0,2026-05-06 17:49:57.681
11558,2209625,0.0,0.0,0.0,2026-05-06 17:49:57.681
11559,2209846,0.0,0.0,0.0,2026-05-06 17:49:57.681
11560,2210085,0.0,0.0,0.0,2026-05-06 17:49:57.681
11561,2210305,0.0,0.0,0.0,2026-05-06 17:49:57.681
11562,2210544,0.0,0.0,0.0,2026-05-06 17:49:57.681
11563,2210765,0.0,0.0,0.0,2026-05-06 17:49:57.681
11564,2210891,0.0,0.0,0.0,2026-05-06 17:49:57.681
11565,2211227,0.0,0.0,0.0,2026-05-06 17:49:57.681
11566,2211353,0.0,0.0,0.0,2026-05-06 17:49:57.681
11567,2211687,0.0,0.0,0.0,2026-05-06 17:49:57.681
11568,2211926,0.0,0.0,0.0,2026-05-06 17:49:57.681
11569,2212259,0.0,0.0,0.0,2026-05-06 17:49:57.681
11570,2212304,0.0,0.0,0.0,2026-05-06 17:49:57.681
11571,2212638,0.0,0.0,0.0,2026-05-06 17:49:57.681
11572,2212877,0.0,0.0,0.0,2026-05-06 17:49:57.681
11573,2213098,0.0,0.0,0.0,2026-05-06 17:49:57.681
11574,2213337,0.0,0.0,0.0,2026-05-06 17:49:57.681
11575,2213557,0.0,0.0,0.0,2026-05-06 17:49:57.681
11576,2213796,0.0,0.0,0.0,2026-05-06 17:49:57.681
11577,2214017,0.0,0.0,0.0,2026-05-06 17:49:57.681
11578,2214256,0.0,0.0,0.0,2026-05-06 17:49:57.681
11579,2214477,0.0,0.0,0.0,2026-05-06 17:49:57.681
11580,2214716,0.0,0.0,0.0,2026-05-06 17:49:57.681
11581,2214936,0.0,0.0,0.0,2026-05-06 17:49:57.681
11582,2215175,0.0,0.0,0.0,2026-05-06 17:49:57.681
11583,2215397,0.0,0.0,0.0,2026-05-06 17:49:57.681
11584,2215635,0.0,0.0,0.0,2026-05-06 17:49:57.681
11585,2215968,0.0,0.0,0.0,2026-05-06 17:49:57.681
11586,2216014,0.0,0.0,0.0,2026-05-06 17:49:57.681
11587,2216348,0.0,0.0,0.0,2026-05-06 17:49:57.681
11588,2216587,0.0,0.0,0.0,2026-05-06 17:49:57.681
11589,2216808,0.0,0.0,0.0,2026-05-06 17:49:57.681
11590,2217047,0.0,0.0,0.0,2026-05-06 17:49:57.681
11591,2217268,0.0,0.0,0.0,2026-05-06 17:49:58.391
11592,2217394,0.0,0.0,0.0,2026-05-06 17:49:58.391
11593,2217728,0.0,0.0,0.0,2026-05-06 17:49:58.391
11594,2217967,0.0,0.0,0.0,2026-05-06 17:49:58.391
11595,2218301,0.0,0.0,0.0,2026-05-06 17:49:58.391
11596,2218459,0.0,0.0,0.0,2026-05-06 17:49:58.391
11597,2218614,0.0,0.0,0.0,2026-05-06 17:49:58.391
11598,2218968,0.0,0.0,0.0,2026-05-06 17:49:58.391
11599,2219206,0.0,0.0,0.0,2026-05-06 17:49:58.391
11600,2219757,0.0,0.0,0.0,2026-05-06 17:49:58.391
11601,2219978,0.0,0.0,0.0,2026-05-06 17:49:58.391
11602,2220104,0.0,0.0,0.0,2026-05-06 17:49:58.391
11603,2220437,0.0,0.0,0.0,2026-05-06 17:49:58.391
11604,2220676,0.0,0.0,0.0,2026-05-06 17:49:58.391
11605,2220896,0.0,0.0,0.0,2026-05-06 17:49:58.391
11606,2221135,0.0,0.0,0.0,2026-05-06 17:49:58.391
11607,2221356,0.0,0.0,0.0,2026-05-06 17:49:58.391
11608,2221482,0.0,0.0,0.0,2026-05-06 17:49:58.391
11609,2221815,0.0,0.0,0.0,2026-05-06 17:49:58.391
11610,2222054,0.0,0.0,0.0,2026-05-06 17:49:58.391
11611,2222274,0.0,0.0,0.0,2026-05-06 17:49:58.391
11612,2222400,0.0,0.0,0.0,2026-05-06 17:49:58.391
11613,2222734,0.0,0.0,0.0,2026-05-06 17:49:58.391
11614,2222973,0.0,0.0,0.0,2026-05-06 17:49:58.391
11615,2223193,0.0,0.0,0.0,2026-05-06 17:49:58.391
11616,2223432,0.0,0.0,0.0,2026-05-06 17:49:58.391
11617,2223652,0.0,0.0,0.0,2026-05-06 17:49:58.391
11618,2223891,0.0,0.0,0.0,2026-05-06 17:49:58.391
11619,2224112,0.0,0.0,0.0,2026-05-06 17:49:58.391
11620,2224351,0.0,0.0,0.0,2026-05-06 17:49:58.391
11621,2224572,0.0,0.0,0.0,2026-05-06 17:49:58.391
11622,2224811,0.0,0.0,0.0,2026-05-06 17:49:58.391
11623,2225033,0.0,0.0,0.0,2026-05-06 17:49:58.391
11624,2225271,0.0,0.0,0.0,2026-05-06 17:49:59.114
11625,2225605,0.0,0.0,0.0,2026-05-06 17:49:59.114
11626,2225650,0.0,0.0,0.0,2026-05-06 17:49:59.114
11627,2226225,0.0,0.0,0.0,2026-05-06 17:49:59.114
11628,2226445,0.0,0.0,0.0,2026-05-06 17:49:59.114
11629,2226571,0.0,0.0,0.0,2026-05-06 17:49:59.114
11630,2226904,0.0,0.0,0.0,2026-05-06 17:49:59.114
11631,2227030,0.0,0.0,0.0,2026-05-06 17:49:59.114
11632,2227364,0.0,0.0,0.0,2026-05-06 17:49:59.114
11633,2227603,0.0,0.0,0.0,2026-05-06 17:49:59.114
11634,2227824,0.0,0.0,0.0,2026-05-06 17:49:59.114
11635,2227950,0.0,0.0,0.0,2026-05-06 17:49:59.114
11636,2228285,0.0,0.0,-0.0005,2026-05-06 17:49:59.114
11637,2228525,0.0,0.0,-0.0053,2026-05-06 17:49:59.114
11638,2228750,0.0,0.0,-0.0053,2026-05-06 17:49:59.114
11639,2228989,0.0,0.0,-0.0134,2026-05-06 17:49:59.114
11640,2229407,0.0,0.0,-0.027,2026-05-06 17:49:59.114
11641,2229748,0.0,0.0,-0.0296,2026-05-06 17:49:59.114
11642,2229925,0.0,0.0,-0.053,2026-05-06 17:49:59.114
11643,2230152,0.0,0.0,-0.053,2026-05-06 17:49:59.114
11644,2230391,0.0,0.0,-0.0864,2026-05-06 17:49:59.114
11645,2230749,0.0,0.0,-0.1244,2026-05-06 17:49:59.114
11646,2231091,0.0,0.0,-0.1295,2026-05-06 17:49:59.114
11647,2231330,0.0,0.0,-0.1599,2026-05-06 17:49:59.114
11648,2231559,0.0,0.0,-0.1599,2026-05-06 17:49:59.114
11649,2231797,0.0,0.0,-0.1817,2026-05-06 17:49:59.114
11650,2232026,0.0,0.0,-0.1817,2026-05-06 17:49:59.114
11651,2232264,0.0,0.0,-0.1924,2026-05-06 17:49:59.114
11652,2232803,0.0,0.0,-0.1985,2026-05-06 17:49:59.114
11653,2233035,0.0,0.0,-0.1991,2026-05-06 17:49:59.114
11654,2233207,0.0,0.0,-0.2,2026-05-06 17:49:59.114
11655,2233679,0.0,0.0,-0.2,2026-05-06 17:49:59.333
11656,2234038,0.0,0.0,-0.2,2026-05-06 17:49:59.333
11657,2234384,0.0,0.0,-0.2,2026-05-06 17:49:59.333
11658,2234621,0.0,0.0,-0.2,2026-05-06 17:49:59.333
11659,2234853,0.0,0.0,-0.2,2026-05-06 17:49:59.333
11660,2234976,0.0,0.0,-0.2,2026-05-06 17:49:59.333
11661,2235322,0.0,0.0,-0.2,2026-05-06 17:49:59.333
11662,2235559,0.0,0.0,-0.2,2026-05-06 17:49:59.584
11663,2235791,0.0,0.0,-0.2,2026-05-06 17:49:59.584
11664,2236028,0.0,0.0,-0.2,2026-05-06 17:49:59.584
11665,2236387,0.0,0.0,-0.2,2026-05-06 17:49:59.584
11666,2236733,0.0,0.0,-0.2,2026-05-06 17:49:59.584
11667,2236970,0.0,0.0,-0.2,2026-05-06 17:49:59.584
11668,2237202,0.0,0.0,-0.2,2026-05-06 17:49:59.584
11669,2237439,0.0,0.0,-0.2,2026-05-06 17:49:59.584
11670,2237982,0.0,0.0,-0.1966,2026-05-06 17:49:59.584
11671,2238216,0.0,0.0,-0.1955,2026-05-06 17:49:59.584
11672,2238386,0.0,0.0,-0.182,2026-05-06 17:50:00.276
11673,2238618,0.0,0.0,-0.182,2026-05-06 17:50:00.276
11674,2238741,0.0,0.0,-0.1537,2026-05-06 17:50:00.276
11675,2239087,0.0,0.0,-0.1465,2026-05-06 17:50:00.276
11676,2239324,0.0,0.0,-0.0792,2026-05-06 17:50:00.276
11677,2239556,0.0,0.0,-0.0792,2026-05-06 17:50:00.276
11678,2239793,0.0027,0.0,-0.0257,2026-05-06 17:50:00.276
11679,2240267,0.0077,0.0,-0.0056,2026-05-06 17:50:00.276
11680,2240496,0.0077,0.0,-0.0056,2026-05-06 17:50:00.276
11681,2240732,0.0145,0.0,0.0,2026-05-06 17:50:00.276
11682,2241090,0.0237,0.0,0.0,2026-05-06 17:50:00.276
11683,2241496,0.0253,0.0,0.0,2026-05-06 17:50:00.276
11684,2241670,0.0382,0.0,0.0,2026-05-06 17:50:00.276
11685,2241894,0.0382,0.0,0.0,2026-05-06 17:50:00.276
11686,2242132,0.0584,0.0,0.0,2026-05-06 17:50:00.276
11687,2242356,0.0584,0.0,0.0,2026-05-06 17:50:00.276
11688,2242593,0.082,0.0,0.0,2026-05-06 17:50:00.276
11689,2243061,0.1116,0.0,0.0,2026-05-06 17:50:00.276
11690,2243284,0.1116,0.0,0.0,2026-05-06 17:50:00.276
11691,2243521,0.152,0.0,0.0,2026-05-06 17:50:00.276
11692,2243743,0.152,0.0,0.0,2026-05-06 17:50:00.276
11693,2243980,0.1902,0.0,0.0,2026-05-06 17:50:00.276
11694,2244313,0.1957,0.0,0.0,2026-05-06 17:50:00.276
11695,2244359,0.2272,0.0,0.0,2026-05-06 17:50:00.276
11696,2244692,0.2322,0.0,0.0,2026-05-06 17:50:00.276
11697,2244930,0.2637,0.0,0.0,2026-05-06 17:50:00.276
11698,2245151,0.2637,0.0,0.0,2026-05-06 17:50:00.276
11699,2245388,0.04,0.0,0.0,2026-05-06 17:50:00.276
11700,2245610,0.04,0.0,0.0,2026-05-06 17:50:00.276
11701,2245849,0.075,0.0,0.0,2026-05-06 17:50:00.276
11702,2246180,0.08,0.0,0.0,2026-05-06 17:50:00.276
11703,2246339,0.11,0.0,0.0,2026-05-06 17:50:00.276
11704,2246557,0.11,0.0,0.0,2026-05-06 17:51:07.339
11705,2246829,0.15,0.0,0.0,2026-05-06 17:51:07.339
11706,2247047,0.15,0.0,0.0,2026-05-06 17:51:07.339
11707,2247286,0.185,0.0,0.0,2026-05-06 17:51:07.339
11708,2247617,0.19,0.0,0.0,2026-05-06 17:51:07.339
11709,2247663,0.22,0.0,0.0,2026-05-06 17:51:07.339
11710,2247994,0.225,0.0,0.0,2026-05-06 17:51:07.339
11711,2248233,0.26,0.0,0.0,2026-05-06 17:51:07.339
11712,2248693,0.295,0.0,0.0,2026-05-06 17:51:07.339
11713,2249026,0.3,0.0,0.0,2026-05-06 17:51:07.339
11714,2249242,0.35,0.0,0.0,2026-05-06 17:51:07.339
11715,2249462,0.35,0.0,0.0,2026-05-06 17:51:07.339
11716,2249643,0.35,0.0,0.0,2026-05-06 17:51:07.339
11717,2249861,0.35,0.0,0.0,2026-05-06 17:51:07.339
11718,2250100,0.35,0.0,0.0,2026-05-06 17:51:07.339
11719,2250588,0.35,0.0,0.0,2026-05-06 17:51:07.339
11720,2250920,0.35,0.0,0.0,2026-05-06 17:51:07.339
11721,2250967,0.35,0.0,0.0,2026-05-06 17:51:07.339
11722,2251299,0.35,0.0,0.0,2026-05-06 17:51:07.339
11723,2251536,0.35,0.0,0.0,2026-05-06 17:51:07.339
11724,2251755,0.35,0.0,0.0,2026-05-06 17:51:07.339
11725,2251994,0.35,0.0,0.0,2026-05-06 17:51:07.339
11726,2252325,0.35,0.0,0.0,2026-05-06 17:51:07.339
11727,2252657,0.3495,0.0,0.0,2026-05-06 17:51:07.339
11728,2252950,0.3445,0.0,0.0,2026-05-06 17:51:07.339
11729,2253168,0.3445,0.0,0.0,2026-05-06 17:51:07.339
11730,2253407,0.3335,0.0,0.0,2026-05-06 17:51:07.339
11731,2253624,0.3335,0.0,0.0,2026-05-06 17:51:07.339
11732,2253864,0.3155,0.0,0.0,2026-05-06 17:51:07.339
11733,2254197,0.312,0.0,0.0,2026-05-06 17:51:07.339
11734,2254242,0.2836,0.0,0.0,2026-05-06 17:51:07.339
11735,2254461,0.2836,0.0,0.0,2026-05-06 17:51:07.339
11736,2254813,0.222,0.0,0.0,2026-05-06 17:51:08.048
11737,2255033,0.222,0.0,0.0,2026-05-06 17:51:08.048
11738,2255272,0.1504,0.0,0.0,2026-05-06 17:51:08.048
11739,2255604,0.1402,0.0,0.0,2026-05-06 17:51:08.048
11740,2255650,0.0858,0.0,0.0,2026-05-06 17:51:08.048
11741,2256223,0.0393,0.0,0.0,2026-05-06 17:51:08.048
11742,2256441,0.0393,0.0,0.0,2026-05-06 17:51:08.048
11743,2256680,0.0157,0.0,0.0,2026-05-06 17:51:08.048
11744,2256899,0.0157,0.0,0.0,2026-05-06 17:51:08.048
11745,2257139,0.0055,0.0,0.0,2026-05-06 17:51:08.048
11746,2257471,0.0045,0.0,0.0,2026-05-06 17:51:08.048
11747,2257630,0.0001,0.0,0.0,2026-05-06 17:51:08.048
11748,2257849,0.0001,0.0,0.0,2026-05-06 17:51:08.048
11749,2258044,0.0,0.0,0.0,2026-05-06 17:51:08.048
11750,2258267,0.0,0.0,0.0,2026-05-06 17:51:08.048
11751,2258444,0.0,0.0,0.0,2026-05-06 17:51:08.048
11752,2258667,0.0,0.0,0.0,2026-05-06 17:51:08.048
11753,2258905,0.0,0.0,0.0,2026-05-06 17:51:08.048
11754,2259127,0.0,0.0,0.0,2026-05-06 17:51:08.048
11755,2259359,0.0,0.0,0.0,2026-05-06 17:51:08.048
11756,2259582,0.0,0.0,0.0,2026-05-06 17:51:08.048
11757,2259804,0.0,0.0,0.0,2026-05-06 17:51:08.048
11758,2259857,0.0,0.0,0.0,2026-05-06 17:51:08.048
11759,2260080,0.0,0.0,0.0,2026-05-06 17:51:08.048
11760,2260319,0.0,0.0,0.0,2026-05-06 17:51:08.048
11761,2260542,0.0,0.0,0.0,2026-05-06 17:51:08.048
11762,2260785,0.0,0.0,0.0,2026-05-06 17:51:08.048
11763,2261009,0.0,0.0,0.0,2026-05-06 17:51:08.048
11764,2261249,0.0,0.0,0.0,2026-05-06 17:51:08.048
11765,2261472,0.0,0.0,0.0,2026-05-06 17:51:08.048
11766,2261882,0.0,0.0,0.0,2026-05-06 17:51:08.048
11767,2262105,0.0,0.0,0.0,2026-05-06 17:51:08.048
11768,2262344,0.0,0.0,0.0,2026-05-06 17:51:08.048
11769,2262565,0.0,0.0,0.0,2026-05-06 17:51:08.048
11770,2262786,0.0,0.0,0.0,2026-05-06 17:51:08.758
11771,2263009,0.0,0.0,0.0,2026-05-06 17:51:08.758
11772,2263305,0.0,0.0,0.0,2026-05-06 17:51:08.758
11773,2263608,0.0,0.0,0.0,2026-05-06 17:51:08.758
11774,2263832,0.0,0.0,0.0,2026-05-06 17:51:08.758
11775,2264103,0.0,0.0,0.0,2026-05-06 17:51:08.758
11776,2264326,0.0,0.0,0.0,2026-05-06 17:51:08.758
11777,2264574,0.0,0.0,0.0,2026-05-06 17:51:08.758
11778,2264642,0.0,0.0,0.0,2026-05-06 17:51:08.758
11779,2264977,0.0,0.0,0.0,2026-05-06 17:51:08.758
11780,2265216,0.0,0.0,0.0,2026-05-06 17:51:08.758
11781,2265436,0.0,0.0,0.0,2026-05-06 17:51:08.758
11782,2265674,0.0,0.0,0.0,2026-05-06 17:51:08.758
11783,2265892,0.0,0.0,0.0,2026-05-06 17:51:08.758
11784,2266018,0.0,0.0,0.0,2026-05-06 17:51:08.758
11785,2266350,0.0,0.0,0.0,2026-05-06 17:51:08.758
11786,2266588,0.0,0.0,0.0,2026-05-06 17:51:08.758
11787,2266807,0.0,0.0,0.0,2026-05-06 17:51:08.758
11788,2267046,0.0,0.0,0.0,2026-05-06 17:51:08.758
11789,2267265,0.0,0.0,0.0,2026-05-06 17:51:08.758
11790,2267506,0.0,0.0,0.0,2026-05-06 17:51:08.758
11791,2267725,0.0,0.0,0.0,2026-05-06 17:51:08.758
11792,2267854,0.0,0.0,0.0,2026-05-06 17:51:08.758
11793,2268186,0.0,0.0,0.0,2026-05-06 17:51:08.758
11794,2268311,0.0,0.0,0.0,2026-05-06 17:51:08.758
11795,2268643,0.0,0.0,0.0,2026-05-06 17:51:08.758
11796,2268882,0.0,0.0,0.0,2026-05-06 17:51:08.758
11797,2269101,0.0,0.0,0.0,2026-05-06 17:51:08.758
11798,2269231,0.0,0.0,0.0,2026-05-06 17:51:08.758
11799,2269673,0.0,0.0,0.0,2026-05-06 17:51:08.758
11800,2269831,0.0,0.0,0.0,2026-05-06 17:51:08.758
11801,2270050,0.0,0.0,0.0,2026-05-06 17:51:08.758
11802,2270291,0.0,0.0,0.0,2026-05-06 17:51:08.758
11803,2270510,0.0,0.0,0.0,2026-05-06 17:51:08.758
11804,2270749,0.0,0.0,0.0,2026-05-06 17:51:09.007
11805,2270968,0.0,0.0,0.0,2026-05-06 17:51:09.007
11806,2271206,0.0,0.0,0.0016,2026-05-06 17:51:09.007
11807,2271430,0.0,0.0,0.0016,2026-05-06 17:51:09.007
11808,2271668,0.0,0.0,0.0072,2026-05-06 17:51:09.007
11809,2272027,0.0,0.0,0.0166,2026-05-06 17:51:09.007
11810,2272366,0.0,0.0,0.0184,2026-05-06 17:51:09.007
11811,2272836,0.0,0.0,0.0352,2026-05-06 17:51:09.007
11812,2273073,0.0,0.0,0.0616,2026-05-06 17:51:09.681
11813,2273431,0.0,0.0,0.0973,2026-05-06 17:51:09.681
11814,2273773,0.0,0.0,0.1028,2026-05-06 17:51:09.681
11815,2274010,0.0,0.0,0.1393,2026-05-06 17:51:09.681
11816,2274239,0.0,0.0,0.1393,2026-05-06 17:51:09.681
11817,2274480,0.0,0.0,0.1666,2026-05-06 17:51:09.681
11818,2274837,0.0,0.0,0.1836,2026-05-06 17:51:09.681
11819,2275178,0.0,0.0,0.1854,2026-05-06 17:51:09.681
11820,2275416,0.0,0.0,0.1945,2026-05-06 17:51:09.681
11821,2275645,0.0,0.0,0.1945,2026-05-06 17:51:09.681
11822,2276002,0.0,0.0,0.2,2026-05-06 17:51:09.681
11823,2276244,0.0,0.0,0.2,2026-05-06 17:51:09.681
11824,2276473,0.0,0.0,0.2,2026-05-06 17:51:09.681
11825,2276830,0.0,0.0,0.2,2026-05-06 17:51:09.681
11826,2277059,0.0,0.0,0.2,2026-05-06 17:51:09.681
11827,2277301,0.0,0.0,0.2,2026-05-06 17:51:09.681
11828,2277780,0.0,0.0,0.2,2026-05-06 17:51:09.681
11829,2278367,0.0,0.0,0.2,2026-05-06 17:51:09.681
11830,2278841,0.0,0.0,0.2,2026-05-06 17:51:09.681
11831,2279199,0.0,0.0,0.2,2026-05-06 17:51:09.681
11832,2279428,0.0,0.0,0.2,2026-05-06 17:51:09.681
11833,2279785,0.0,0.0,0.2,2026-05-06 17:51:09.681
11834,2280143,0.0,0.0,0.2,2026-05-06 17:51:09.681
11835,2280372,0.0,0.0,0.2,2026-05-06 17:51:09.681
11836,2280610,0.0,0.0,0.2,2026-05-06 17:51:09.681
11837,2280967,0.0,0.0,0.2,2026-05-06 17:51:09.681
11838,2281309,0.0,0.0,0.2,2026-05-06 17:51:10.408
11839,2281547,0.0,0.0,0.2,2026-05-06 17:51:10.408
11840,2281776,0.0,0.0,0.2,2026-05-06 17:51:10.408
11841,2282017,0.0,0.0,0.2,2026-05-06 17:51:10.408
11842,2282488,0.0,0.0,0.2,2026-05-06 17:51:10.408
11843,2282717,0.0,0.0,0.2,2026-05-06 17:51:10.408
11844,2282955,0.0,0.0,0.2,2026-05-06 17:51:10.408
11845,2283184,0.0,0.0,0.2,2026-05-06 17:51:10.408
11846,2283422,0.0,0.0,0.2,2026-05-06 17:51:10.408
11847,2283895,0.0,0.0,0.2,2026-05-06 17:51:10.408
11848,2284124,0.0,0.0,0.2,2026-05-06 17:51:10.408
11849,2284362,0.0,0.0,0.2,2026-05-06 17:51:10.408
11850,2284720,0.0,0.0,0.2,2026-05-06 17:51:10.408
11851,2285062,0.0,0.0,0.2,2026-05-06 17:51:10.408
11852,2285300,0.0,0.0,0.2,2026-05-06 17:51:10.408
11853,2285529,0.0,0.0,0.2,2026-05-06 17:51:10.408
11854,2285767,0.0,0.0,0.2,2026-05-06 17:51:10.408
11855,2286124,0.0,0.0,0.2,2026-05-06 17:51:10.408
11856,2286466,0.0,0.0,0.2,2026-05-06 17:51:10.408
11857,2286704,0.0,0.0,0.2,2026-05-06 17:51:10.408
11858,2286933,0.0,0.0,0.2,2026-05-06 17:51:10.408
11859,2287057,0.0,0.0,0.2,2026-05-06 17:51:10.408
11860,2287399,0.0,0.0,0.2,2026-05-06 17:51:10.408
11861,2287638,0.0,0.0,0.2,2026-05-06 17:51:10.408
11862,2287867,0.0,0.0,0.2,2026-05-06 17:51:10.408
11863,2288105,0.0,0.0,0.2,2026-05-06 17:51:10.408
11864,2288585,0.0,0.0,0.2,2026-05-06 17:51:10.408
11865,2289053,0.0,0.0,0.2,2026-05-06 17:51:10.862
11866,2289282,0.0,0.0,0.2,2026-05-06 17:51:10.862
11867,2289520,0.0,0.0,0.2,2026-05-06 17:51:10.862
11868,2289999,0.0,0.0,0.2,2026-05-06 17:51:10.862
11869,2290467,0.0,0.0,0.2,2026-05-06 17:51:10.862
11870,2290696,0.0,0.0,0.2,2026-05-06 17:51:10.862
11871,2290823,0.0,0.0,0.2,2026-05-06 17:51:10.862
11872,2291165,0.0,0.0,0.2,2026-05-06 17:51:10.862
11873,2291403,0.0,0.0,0.2,2026-05-06 17:51:10.862
11874,2291632,0.0,0.0,0.2,2026-05-06 17:51:10.862
11875,2291930,0.0,0.0,0.2,2026-05-06 17:51:10.862
11876,2292161,0.0,0.0,0.2,2026-05-06 17:51:10.862
11877,2292223,0.0,0.0,0.2,2026-05-06 17:51:10.862
11878,2292452,0.0,0.0,0.2,2026-05-06 17:51:10.862
11879,2292811,0.0,0.0,0.2,2026-05-06 17:51:10.862
11880,2293281,0.0,0.0,0.2,2026-05-06 17:51:10.862
11881,2293751,0.0,0.0,0.2,2026-05-06 17:51:10.862
11882,2293980,0.0,0.0,0.2,2026-05-06 17:51:11.050
11883,2294218,0.0,0.0,0.2,2026-05-06 17:51:11.050
11884,2294692,0.0,0.0,0.2,2026-05-06 17:51:11.050
11885,2294921,0.0,0.0,0.2,2026-05-06 17:51:11.050
11886,2295523,0.0,0.0,0.2,2026-05-06 17:51:11.050
11887,2295865,0.0,0.0,0.2,2026-05-06 17:51:11.050
11888,2296106,0.0,0.0,0.2,2026-05-06 17:51:11.050
11889,2296335,0.0,0.0,0.2,2026-05-06 17:51:11.290
11890,2296573,0.0,0.0,0.2,2026-05-06 17:51:11.290
11891,2297050,0.0,0.0,0.2,2026-05-06 17:51:11.290
11892,2297517,0.0,0.0,0.2,2026-05-06 17:51:11.290
11893,2297746,0.0,0.0,0.2,2026-05-06 17:51:11.290
11894,2298044,0.0,0.0,0.2,2026-05-06 17:51:11.290
11895,2298275,0.0,0.0,0.2,2026-05-06 17:51:11.290
11896,2298336,0.0,0.0,0.2,2026-05-06 17:51:11.290
11897,2298565,0.0,0.0,0.2,2026-05-06 17:51:11.290
11898,2298920,0.0,0.0,0.2,2026-05-06 17:51:11.290
11899,2299149,0.0,0.0,0.2,2026-05-06 18:12:48.435
11900,2299274,0.0,0.0,0.2,2026-05-06 18:12:48.435
11901,2299616,0.0,0.0,0.2,2026-05-06 18:12:48.435
11902,2299854,0.0,0.0,0.2,2026-05-06 18:12:48.435
11903,2300083,0.0,0.0,0.2,2026-05-06 18:12:48.435
11904,2300208,0.0,0.0,0.2,2026-05-06 18:12:48.435
11905,2300550,0.0,0.0,0.1995,2026-05-06 18:12:48.435
11906,2300788,0.0,0.0,0.193,2026-05-06 18:12:48.435
11907,2301017,0.0,0.0,0.193,2026-05-06 18:12:48.435
11908,2301315,0.0,0.0,0.175,2026-05-06 18:12:48.435
11909,2301546,0.0,0.0,0.1706,2026-05-06 18:12:48.435
11910,2301790,0.0,0.0,0.1299,2026-05-06 18:12:48.435
11911,2302021,0.0,0.0,0.1205,2026-05-06 18:12:48.435
11912,2302310,0.0,0.0,0.0513,2026-05-06 18:12:48.435
11913,2302784,0.0,0.0,0.0143,2026-05-06 18:12:48.435
11914,2303147,0.0027,0.0,0.0021,2026-05-06 18:12:48.435
11915,2303613,0.0086,0.0,0.0,2026-05-06 18:12:48.435
11916,2303836,0.0086,0.0,0.0,2026-05-06 18:12:48.435
11917,2304078,0.0169,0.0,0.0,2026-05-06 18:12:48.435
11918,2304301,0.0169,0.0,0.0,2026-05-06 18:12:48.435
11919,2304539,0.0269,0.0,0.0,2026-05-06 18:12:48.435
11920,2305007,0.0404,0.0,0.0,2026-05-06 18:12:48.435
11921,2305231,0.0404,0.0,0.0,2026-05-06 18:12:48.435
11922,2305469,0.0614,0.0,0.0,2026-05-06 18:12:48.435
11923,2305693,0.0614,0.0,0.0,2026-05-06 18:12:48.435
11924,2305931,0.0858,0.0,0.0,2026-05-06 18:12:48.435
11925,2306288,0.1163,0.0,0.0,2026-05-06 18:12:48.435
11926,2306621,0.1211,0.0,0.0,2026-05-06 18:12:48.435
11927,2306862,0.01,0.0,0.0,2026-05-06 18:12:48.435
11928,2307082,0.01,0.0,0.0,2026-05-06 18:12:49.148
11929,2307321,0.035,0.0,0.0,2026-05-06 18:12:49.148
11930,2307654,0.005,0.0,0.0,2026-05-06 18:12:49.148
11931,2307927,0.015,0.0,0.0,2026-05-06 18:12:49.148
11932,2308278,0.05,0.0,0.0,2026-05-06 18:12:49.148
11933,2308497,0.05,0.0,0.0,2026-05-06 18:12:49.148
11934,2308735,0.09,0.0,0.0,2026-05-06 18:12:49.148
11935,2308954,0.09,0.0,0.0,2026-05-06 18:12:49.148
11936,2309193,0.125,0.0,0.0,2026-05-06 18:12:49.148
11937,2309527,0.13,0.0,0.0,2026-05-06 18:12:49.148
11938,2309630,0.16,0.0,0.0,2026-05-06 18:12:49.148
11939,2309961,0.165,0.0,0.0,2026-05-06 18:12:49.148
11940,2310177,0.2,0.0,0.0,2026-05-06 18:12:49.148
11941,2310398,0.2,0.0,0.0,2026-05-06 18:12:49.148
11942,2310637,0.235,0.0,0.0,2026-05-06 18:12:49.148
11943,2310968,0.24,0.0,0.0,2026-05-06 18:12:49.148
11944,2311298,0.275,0.0,0.0,2026-05-06 18:12:49.148
11945,2311594,0.31,0.0,0.0,2026-05-06 18:12:49.148
11946,2311814,0.31,0.0,0.0,2026-05-06 18:12:49.148
11947,2312079,0.35,0.0,0.0,2026-05-06 18:12:49.148
11948,2312297,0.35,0.0,0.0,2026-05-06 18:12:49.148
11949,2312536,0.35,0.0,0.0,2026-05-06 18:12:49.148
11950,2312867,0.35,0.0,0.0,2026-05-06 18:12:49.148
11951,2312970,0.35,0.0,0.0,2026-05-06 18:12:49.148
11952,2313301,0.35,0.0,0.0,2026-05-06 18:12:49.148
11953,2313517,0.35,0.0,0.0,2026-05-06 18:12:49.148
11954,2313736,0.35,0.0,0.0,2026-05-06 18:12:49.148
11955,2313974,0.35,0.0,0.0,2026-05-06 18:12:49.148
11956,2314305,0.35,0.0,0.0,2026-05-06 18:12:49.148
11957,2314351,0.35,0.0,0.0,2026-05-06 18:12:49.148
11958,2314959,0.35,0.0,0.0,2026-05-06 18:12:49.866
11959,2315176,0.35,0.0,0.0,2026-05-06 18:12:49.866
11960,2315448,0.35,0.0,0.0,2026-05-06 18:12:49.866
11961,2315666,0.35,0.0,0.0,2026-05-06 18:12:49.866
11962,2316239,0.35,0.0,0.0,2026-05-06 18:12:49.866
11963,2316342,0.35,0.0,0.0,2026-05-06 18:12:49.866
11964,2316674,0.35,0.0,0.0,2026-05-06 18:12:49.866
11965,2316890,0.35,0.0,0.0,2026-05-06 18:12:49.866
11966,2317132,0.35,0.0,0.0,2026-05-06 18:12:49.866
11967,2317361,0.35,0.0,0.0,2026-05-06 18:12:49.866
11968,2317693,0.35,0.0,0.0,2026-05-06 18:12:49.866
11969,2317738,0.35,0.0,0.0,2026-05-06 18:12:49.866
11970,2318070,0.35,0.0,0.0,2026-05-06 18:12:49.866
11971,2318343,0.35,0.0,0.0,2026-05-06 18:12:49.866
11972,2318562,0.35,0.0,0.0,2026-05-06 18:12:49.866
11973,2318801,0.35,0.0,0.0,2026-05-06 18:12:49.866
11974,2319019,0.35,0.0,0.0,2026-05-06 18:12:49.866
11975,2319258,0.35,0.0,0.0,2026-05-06 18:12:49.866
11976,2319589,0.35,0.0,0.0,2026-05-06 18:12:49.866
11977,2319750,0.35,0.0,0.0,2026-05-06 18:12:49.866
11978,2319967,0.35,0.0,0.0,2026-05-06 18:12:49.866
11979,2320241,0.35,0.0,0.0,2026-05-06 18:12:49.866
11980,2320459,0.35,0.0,0.0,2026-05-06 18:12:49.866
11981,2320698,0.35,0.0,0.0,2026-05-06 18:12:49.866
11982,2321033,0.35,0.0,0.0,2026-05-06 18:12:49.866
11983,2321079,0.35,0.0,0.0,2026-05-06 18:12:49.866
11984,2321414,0.35,0.0,0.0,2026-05-06 18:12:49.866
11985,2321686,0.35,0.0,0.0,2026-05-06 18:12:49.866
11986,2321905,0.35,0.0,0.0,2026-05-06 18:12:49.866
11987,2322203,0.35,0.0,0.0,2026-05-06 18:12:49.866
11988,2322421,0.35,0.0,0.0,2026-05-06 18:12:49.866
11989,2322637,0.35,0.0,0.0,2026-05-06 18:12:49.866
11990,2322970,0.35,0.0,0.0,2026-05-06 18:12:50.569
11991,2323127,0.35,0.0,0.0,2026-05-06 18:12:50.569
11992,2323346,0.35,0.0,0.0,2026-05-06 18:12:50.569
11993,2323619,0.35,0.0,0.0,2026-05-06 18:12:50.569
11994,2323836,0.35,0.0,0.0,2026-05-06 18:12:50.569
11995,2324112,0.35,0.0,0.0,2026-05-06 18:12:50.569
11996,2324443,0.35,0.0,0.0,2026-05-06 18:12:50.569
11997,2324489,0.35,0.0,0.0,2026-05-06 18:12:50.569
11998,2324821,0.35,0.0,0.0,2026-05-06 18:12:50.569
11999,2325060,0.35,0.0,0.0,2026-05-06 18:12:50.569
12000,2325279,0.35,0.0,0.0,2026-05-06 18:12:50.569
12001,2325693,0.35,0.0,0.0,2026-05-06 18:12:50.569
12002,2325989,0.35,0.0,0.0,2026-05-06 18:12:50.569
12003,2326320,0.35,0.0,0.0,2026-05-06 18:12:50.569
12004,2326479,0.35,0.0,0.0,2026-05-06 18:12:50.569
12005,2326696,0.35,0.0,0.0,2026-05-06 18:12:50.569
12006,2326968,0.35,0.0,0.0,2026-05-06 18:12:50.569
12007,2327186,0.35,0.0,0.0,2026-05-06 18:12:50.569
12008,2327458,0.35,0.0,0.0,2026-05-06 18:12:50.569
12009,2327788,0.35,0.0,0.0,2026-05-06 18:12:50.569
12010,2327835,0.35,0.0,0.0,2026-05-06 18:12:50.569
12011,2328173,0.35,0.0,0.0,2026-05-06 18:12:50.569
12012,2328411,0.35,0.0,0.0,2026-05-06 18:12:50.569
12013,2328629,0.35,0.0,0.0,2026-05-06 18:12:50.569
12014,2328925,0.35,0.0,0.0,2026-05-06 18:12:50.569
12015,2329145,0.35,0.0,0.0,2026-05-06 18:12:50.569
12016,2329327,0.35,0.0,0.0,2026-05-06 18:12:50.569
12017,2329659,0.35,0.0,0.0,2026-05-06 18:12:50.569
12018,2329818,0.35,0.0,0.0,2026-05-06 18:12:50.569
12019,2330037,0.35,0.0,0.0,2026-05-06 18:12:50.569
12020,2330275,0.35,0.0,0.0,2026-05-06 18:12:50.569
12021,2330492,0.35,0.0,0.0,2026-05-06 18:12:50.569
12022,2330764,0.35,0.0,0.0,2026-05-06 18:12:50.569
12023,2331099,0.35,0.0,0.0,2026-05-06 18:12:51.287
12024,2331146,0.3462,0.0,0.0,2026-05-06 18:12:51.287
12025,2331478,0.3454,0.0,0.0,2026-05-06 18:12:51.287
12026,2331716,0.337,0.0,0.0,2026-05-06 18:12:51.287
12027,2331935,0.337,0.0,0.0,2026-05-06 18:12:51.287
12028,2332234,0.3188,0.0,0.0,2026-05-06 18:12:51.287
12029,2332452,0.3188,0.0,0.0,2026-05-06 18:12:51.287
12030,2332668,0.2893,0.0,0.0,2026-05-06 18:12:51.287
12031,2333004,0.2836,0.0,0.0,2026-05-06 18:12:51.287
12032,2333110,0.2401,0.0,0.0,2026-05-06 18:12:51.287
12033,2333443,0.2312,0.0,0.0,2026-05-06 18:12:51.287
12034,2333625,0.1608,0.0,0.0,2026-05-06 18:12:51.287
12035,2333845,0.1608,0.0,0.0,2026-05-06 18:12:51.287
12036,2334083,0.0938,0.0,0.0,2026-05-06 18:12:51.287
12037,2334418,0.0858,0.0,0.0,2026-05-06 18:12:51.287
12038,2334464,0.0483,0.0,0.0,2026-05-06 18:12:51.287
12039,2334796,0.0436,0.0,0.0,2026-05-06 18:12:51.287
12040,2335035,0.0201,0.0,0.0,2026-05-06 18:12:51.287
12041,2335253,0.0201,0.0,0.0,2026-05-06 18:12:51.287
12042,2335492,0.0065,0.0,0.0,2026-05-06 18:12:51.287
12043,2335709,0.0065,0.0,0.0,2026-05-06 18:12:51.287
12044,2335981,0.0007,0.0,0.0,2026-05-06 18:12:51.287
12045,2336312,0.0001,0.0,0.0,2026-05-06 18:12:51.287
12046,2336358,0.0,0.0,0.0,2026-05-06 18:12:51.287
12047,2336579,0.0,0.0,0.0,2026-05-06 18:12:51.287
12048,2336817,0.0,0.0,0.0,2026-05-06 18:12:51.287
12049,2337038,0.0,0.0,0.0,2026-05-06 18:12:51.287
12050,2337259,0.0,0.0,0.0,2026-05-06 18:12:51.287
12051,2337306,0.0,0.0,0.0,2026-05-06 18:12:51.287
12052,2337527,0.0,0.0,0.0,2026-05-06 18:12:51.287
12053,2337764,0.0,0.0,0.0,2026-05-06 18:12:51.287
12054,2337986,0.0,0.0,0.0,2026-05-06 18:12:51.287
12055,2338208,0.0,0.0,0.0,2026-05-06 18:12:51.287
12056,2338430,0.0,0.0,0.0,2026-05-06 18:12:51.287
12057,2338773,0.0,0.0,0.0,2026-05-06 18:12:51.287
12058,2338821,0.0,0.0,0.0,2026-05-06 18:12:51.287
12059,2339042,0.0,0.0,0.0,2026-05-06 18:12:51.994
12060,2339279,0.0,0.0,0.0,2026-05-06 18:12:51.994
12061,2339501,0.0,0.0,0.0,2026-05-06 18:12:51.994
12062,2343993,-0.0015,0.0,-0.0555,2026-05-06 18:12:51.994
12063,2344340,-0.3462,0.0,-0.0473,2026-05-06 18:12:51.994
12064,2344563,-0.3462,0.0,-0.0473,2026-05-06 18:12:51.994
12065,2344909,-0.0015,0.0,-0.0399,2026-05-06 18:12:51.994
12066,2345260,-0.005,0.0,-0.0335,2026-05-06 18:12:51.994
12067,2345488,-0.005,0.0,-0.0335,2026-05-06 18:12:51.994
12068,2345837,-0.01,0.0,-0.0279,2026-05-06 18:12:51.994
12069,2346185,-0.015,0.0,-0.0231,2026-05-06 18:12:51.994
12070,2346541,-0.0208,0.0,-0.0062,2026-05-06 18:12:51.994
12071,2346769,-0.0208,0.0,-0.0062,2026-05-06 18:12:51.994
12072,2346890,-0.0298,0.0,-0.0002,2026-05-06 18:13:00.417
12073,2347241,-0.0313,0.0,-0.0007,2026-05-06 18:13:00.417
12074,2347664,-0.0523,0.0,-0.0055,2026-05-06 18:13:00.417
12075,2348017,-0.0823,0.0,-0.0121,2026-05-06 18:13:00.417
12076,2348246,-0.0873,0.0,-0.0136,2026-05-06 18:13:00.417
12077,2348431,-0.1173,0.0,-0.0187,2026-05-06 18:13:00.417
12078,2348911,-0.1022,0.0,0.0,2026-05-06 18:13:00.417
12079,2349136,-0.1022,0.0,0.0,2026-05-06 18:13:00.417
12080,2349556,-0.0483,0.0,0.0,2026-05-06 18:13:00.417
12081,2349855,-0.0226,0.0,0.0,2026-05-06 18:13:00.417
12082,2350334,-0.009,0.0,0.0,2026-05-06 18:13:00.417
12083,2350560,-0.009,0.0,0.0,2026-05-06 18:13:00.417
12084,2350803,-0.0013,0.0,0.0,2026-05-06 18:13:00.417
12085,2351029,-0.0013,0.0,0.0,2026-05-06 18:13:00.417
12086,2351151,0.0,0.0,0.0,2026-05-06 18:13:00.417
12087,2351375,0.0,0.0,0.0,2026-05-06 18:13:00.417
12088,2351608,0.0,0.0,0.0,2026-05-06 18:13:00.417
12089,2351829,0.0,0.0,0.0,2026-05-06 18:13:00.417
12090,2352050,0.0,0.0,0.0,2026-05-06 18:13:00.417
12091,2352103,0.0,0.0,0.0,2026-05-06 18:13:00.417
12092,2352447,0.0005,0.0,0.0,2026-05-06 18:13:00.417
12093,2352569,0.0034,0.0,0.0,2026-05-06 18:13:00.417
12094,2352908,0.004,0.0,0.0,2026-05-06 18:13:00.417
12095,2353151,0.0095,0.0,0.0,2026-05-06 18:13:00.417
12096,2353369,0.0095,0.0,0.0,2026-05-06 18:13:00.417
12097,2353612,0.0169,0.0,0.0,2026-05-06 18:13:00.417
12098,2354255,0.0286,0.0,0.0,2026-05-06 18:13:00.417
12099,2354552,0.0427,0.0,0.0,2026-05-06 18:13:00.417
12100,2354769,0.0427,0.0,0.0,2026-05-06 18:13:00.417
12101,2355012,0.0645,0.0,0.0,2026-05-06 18:13:01.130
12102,2355230,0.0645,0.0,0.0,2026-05-06 18:13:01.130
12103,2355473,0.0898,0.0,0.0,2026-05-06 18:13:01.130
12104,2355945,0.1211,0.0,0.0,2026-05-06 18:13:01.130
12105,2356164,0.1211,0.0,0.0,2026-05-06 18:13:01.130
12106,2356408,0.1628,0.0,0.0,2026-05-06 18:13:01.130
12107,2356627,0.1628,0.0,0.0,2026-05-06 18:13:01.130
12108,2356869,0.2011,0.0,0.0,2026-05-06 18:13:01.130
12109,2357222,0.237,0.0,0.0,2026-05-06 18:13:01.130
12110,2357560,0.2418,0.0,0.0,2026-05-06 18:13:01.130
12111,2357803,0.2715,0.0,0.0,2026-05-06 18:13:01.130
12112,2358021,0.2715,0.0,0.0,2026-05-06 18:13:01.130
12113,2358321,0.291,0.0,0.0,2026-05-06 18:13:01.130
12114,2358540,0.291,0.0,0.0,2026-05-06 18:13:01.130
12115,2358726,0.285,0.0,0.0,2026-05-06 18:13:01.130
12116,2359202,0.2729,0.0,0.0,2026-05-06 18:13:01.130
12117,2359421,0.2729,0.0,0.0,2026-05-06 18:13:01.130
12118,2359664,0.2435,0.0,0.0,2026-05-06 18:13:01.130
12119,2359883,0.2435,0.0,0.0,2026-05-06 18:13:01.130
12120,2360127,0.1939,0.0,-0.0016,2026-05-06 18:13:01.130
12121,2360603,0.1234,0.0,-0.0072,2026-05-06 18:13:01.130
12122,2360825,0.1234,0.0,-0.0072,2026-05-06 18:13:01.130
12123,2361069,0.0614,0.0,-0.0166,2026-05-06 18:13:01.130
12124,2361545,0.026,0.0,-0.0323,2026-05-06 18:13:01.130
12125,2361770,0.026,0.0,-0.0323,2026-05-06 18:13:01.130
12126,2362013,0.0093,0.0,-0.0572,2026-05-06 18:13:01.130
12127,2362559,0.0016,0.0,-0.0918,2026-05-06 18:13:01.130
12128,2362787,0.0016,0.0,-0.0918,2026-05-06 18:13:01.838
12129,2363147,0.0,0.0,-0.1345,2026-05-06 18:13:01.838
12130,2363505,0.0,0.0,-0.1634,2026-05-06 18:13:01.838
12131,2363737,0.0,0.0,-0.1666,2026-05-06 18:13:01.838
12132,2363918,0.0,0.0,-0.1817,2026-05-06 18:13:01.838
12133,2364148,0.0,0.0,-0.1817,2026-05-06 18:13:01.838
12134,2364390,0.0,0.0,-0.1935,2026-05-06 18:13:01.838
12135,2364619,0.0,0.0,-0.1935,2026-05-06 18:13:01.838
12136,2364862,0.0,0.0,-0.1991,2026-05-06 18:13:01.838
12137,2365279,0.0,0.0,-0.2,2026-05-06 18:13:01.838
12138,2365626,0.0,0.0,-0.2,2026-05-06 18:13:01.838
12139,2365809,0.0,0.0,-0.2,2026-05-06 18:13:01.838
12140,2366034,0.0,0.0,-0.2,2026-05-06 18:13:01.838
12141,2366278,0.0,0.0,-0.2,2026-05-06 18:13:01.838
12142,2366638,0.0,0.0,-0.2,2026-05-06 18:13:01.838
12143,2366985,0.0,0.0,-0.2,2026-05-06 18:13:01.838
12144,2367229,0.0,0.0,-0.2,2026-05-06 18:13:01.838
12145,2367456,0.0,0.0,-0.2,2026-05-06 18:13:01.838
12146,2367699,0.0,0.0,-0.2,2026-05-06 18:13:01.838
12147,2368057,0.0,0.0,-0.2,2026-05-06 18:13:01.838
12148,2368406,0.0,0.0,-0.2,2026-05-06 18:13:01.838
12149,2368649,0.0,0.0,-0.2,2026-05-06 18:13:01.838
12150,2368877,0.0,0.0,-0.2,2026-05-06 18:13:01.838
12151,2369119,0.0,0.0,-0.2,2026-05-06 18:13:01.838
12152,2369597,0.0,0.0,-0.2,2026-05-06 18:13:01.838
12153,2370077,0.0,0.0,-0.2,2026-05-06 18:13:01.838
12154,2370305,0.0,0.0,-0.2,2026-05-06 18:13:01.838
12155,2370547,0.0,0.0,-0.2,2026-05-06 18:13:01.838
12156,2371086,0.0,0.0,-0.2,2026-05-06 18:13:02.559
12157,2371316,0.0,0.0,-0.2,2026-05-06 18:13:02.559
12158,2371496,0.0,0.0,-0.2,2026-05-06 18:13:02.559
12159,2371724,0.0,0.0,-0.2,2026-05-06 18:13:02.559
12160,2372024,0.0,0.0,-0.2,2026-05-06 18:13:02.559
12161,2372254,0.0,0.0,-0.2,2026-05-06 18:13:02.559
12162,2372436,0.0,0.0,-0.1995,2026-05-06 18:13:02.559
12163,2372664,0.0,0.0,-0.1995,2026-05-06 18:13:02.559
12164,2373025,0.0,0.0,-0.1914,2026-05-06 18:13:02.559
12165,2373263,0.0,0.0,-0.175,2026-05-06 18:13:02.559
12166,2373612,0.0,0.0,-0.1706,2026-05-06 18:13:02.559
12167,2373855,0.0,0.0,-0.1205,2026-05-06 18:13:02.559
12168,2374086,0.0,0.0,-0.1205,2026-05-06 18:13:02.559
12169,2374207,0.0027,0.0,-0.0599,2026-05-06 18:13:02.559
12170,2374556,0.0034,0.0,-0.0513,2026-05-06 18:13:02.559
12171,2374799,0.0086,0.0,-0.0143,2026-05-06 18:13:02.559
12172,2375027,0.0086,0.0,-0.0143,2026-05-06 18:13:02.559
12173,2375205,0.0145,0.0,-0.0031,2026-05-06 18:13:02.559
12174,2375749,0.0253,0.0,0.0,2026-05-06 18:13:02.559
12175,2375972,0.0253,0.0,0.0,2026-05-06 18:13:02.559
12176,2376330,0.0404,0.0,0.0,2026-05-06 18:13:02.559
12177,2376686,0.0584,0.0,0.0,2026-05-06 18:13:02.559
12178,2377161,0.082,0.0,0.0,2026-05-06 18:13:02.559
12179,2377384,0.082,0.0,0.0,2026-05-06 18:13:02.559
12180,2377626,0.1163,0.0,0.0,2026-05-06 18:13:02.559
12181,2377849,0.1163,0.0,0.0,2026-05-06 18:13:02.559
12182,2378091,0.152,0.0,0.0,2026-05-06 18:13:02.559
12183,2378445,0.0001,0.0,0.0,2026-05-06 18:13:02.559
12184,2378784,0.0016,0.0,0.0,2026-05-06 18:13:02.559
12185,2379027,0.0121,0.0,0.0,2026-05-06 18:13:03.271
12186,2379247,0.0121,0.0,0.0,2026-05-06 18:13:03.271
12187,2379491,0.0346,0.0,0.0,2026-05-06 18:13:03.271
12188,2379711,0.0346,0.0,0.0,2026-05-06 18:13:03.271
12189,2379954,0.0696,0.0,0.0,2026-05-06 18:13:03.271
12190,2380429,0.1046,0.0,0.0,2026-05-06 18:13:03.271
12191,2380648,0.1046,0.0,0.0,2026-05-06 18:13:03.271
12192,2380891,0.1446,0.0,0.0,2026-05-06 18:13:03.271
12193,2381110,0.1446,0.0,0.0,2026-05-06 18:13:03.271
12194,2381353,0.1796,0.0,0.0,2026-05-06 18:13:03.271
12195,2381709,0.2146,0.0,0.0,2026-05-06 18:13:03.271
12196,2382049,0.2196,0.0,0.0,2026-05-06 18:13:03.271
12197,2382293,0.2546,0.0,0.0,2026-05-06 18:13:03.271
12198,2382513,0.2546,0.0,0.0,2026-05-06 18:13:03.271
12199,2382755,0.2896,0.0,0.0,2026-05-06 18:13:03.271
12200,2383230,0.3296,0.0,0.0,2026-05-06 18:13:03.271
12201,2383702,0.35,0.0,0.0,2026-05-06 18:13:03.271
12202,2383920,0.35,0.0,0.0,2026-05-06 18:13:03.271
12203,2384163,0.35,0.0,0.0,2026-05-06 18:13:03.271
12204,2384383,0.35,0.0,0.0,2026-05-06 18:13:03.271
12205,2384626,0.35,0.0,0.0,2026-05-06 18:13:03.271
12206,2384892,0.35,0.0,0.0,2026-05-06 18:13:03.271
12207,2385017,0.35,0.0,0.0,2026-05-06 18:13:03.271
12208,2385356,0.35,0.0,0.0,2026-05-06 18:13:03.271
12209,2385543,0.3495,0.0,0.0,2026-05-06 18:13:03.271
12210,2385762,0.3495,0.0,0.0,2026-05-06 18:13:03.271
12211,2386005,0.3445,0.0,0.0,2026-05-06 18:13:03.271
12212,2386606,0.3335,0.0,0.0,2026-05-06 18:13:03.271
12213,2386961,0.3155,0.0,0.0,2026-05-06 18:13:03.983
12214,2387179,0.3155,0.0,0.0,2026-05-06 18:13:03.983
12215,2387422,0.2831,0.0,0.0,2026-05-06 18:13:03.983
12216,2387639,0.2831,0.0,0.0,2026-05-06 18:13:03.983
12217,2387883,0.2792,0.0,0.0,2026-05-06 18:13:03.983
12218,2388291,0.2746,0.0,0.0,2026-05-06 18:13:03.983
12219,2388629,0.2739,0.0,0.0,2026-05-06 18:13:03.983
12220,2388816,0.2683,0.0,0.0,2026-05-06 18:13:03.983
12221,2389039,0.2683,0.0,0.0,2026-05-06 18:13:03.983
12222,2389282,0.2617,0.0,0.0,2026-05-06 18:13:03.983
12223,2389927,0.2526,0.0,0.0,2026-05-06 18:13:03.983
12224,2390224,0.2431,0.0,0.0,2026-05-06 18:13:03.983
12225,2390442,0.2431,0.0,0.0,2026-05-06 18:13:03.983
12226,2390685,0.2301,0.0,0.0,2026-05-06 18:13:03.983
12227,2390902,0.2301,0.0,0.0,2026-05-06 18:13:03.983
12228,2391146,0.2164,0.0,0.0,2026-05-06 18:13:03.983
12229,2391614,0.2004,0.0,0.0,2026-05-06 18:13:03.983
12230,2392089,0.1788,0.0,0.0,2026-05-06 18:13:03.983
12231,2392309,0.1788,0.0,0.0,2026-05-06 18:13:03.983
12232,2392552,0.1565,0.0,0.0,2026-05-06 18:13:03.983
12233,2393195,0.127,0.0,0.0,2026-05-06 18:13:03.983
12234,2393492,0.0975,0.0,0.0,2026-05-06 18:13:03.983
12235,2393984,0.0598,0.0,0.0,2026-05-06 18:13:03.983
12236,2394202,0.0598,0.0,0.0,2026-05-06 18:13:03.983
12237,2394445,0.0239,0.0,0.0,2026-05-06 18:13:03.983
12238,2394798,-0.0138,0.0,0.0,2026-05-06 18:13:03.983
12239,2395142,-0.0193,0.0,0.0,2026-05-06 18:23:44.985
12240,2395386,-0.0577,0.0,0.0,2026-05-06 18:23:44.985
12241,2395609,-0.0577,0.0,0.0,2026-05-06 18:23:44.985
12242,2395853,-0.1007,0.0,0.0,2026-05-06 18:23:44.985
12243,2396079,-0.1007,0.0,0.0,2026-05-06 18:23:44.985
12244,2396323,-0.1363,0.0,0.0,2026-05-06 18:23:45.235
12245,2396741,-0.169,0.0,0.0,2026-05-06 18:23:45.235
12246,2397089,-0.1734,0.0,0.0,2026-05-06 18:23:45.235
12247,2397274,-0.2023,0.0,0.0,2026-05-06 18:23:45.235
12248,2397498,-0.2023,0.0,0.0,2026-05-06 18:23:45.235
12249,2397741,-0.2277,0.0,0.0,2026-05-06 18:23:45.235
12250,2398398,-0.2526,0.0,0.0,2026-05-06 18:23:45.235
12251,2398696,-0.2711,0.0,0.0,2026-05-06 18:23:45.235
12252,2398921,-0.2711,0.0,0.0,2026-05-06 18:23:45.235
12253,2399164,-0.2888,0.0,0.0,2026-05-06 18:23:45.269
12254,2399390,-0.2888,0.0,0.0,2026-05-06 18:23:45.269
12255,2399633,-0.3018,0.0,0.0,2026-05-06 18:23:45.406
12256,2400049,-0.3128,0.0,0.0,2026-05-06 18:23:45.406
12257,2400397,-0.3142,0.0,0.0,2026-05-06 18:23:45.406
12258,2400581,-0.3232,0.0,0.0,2026-05-06 18:23:45.406
12259,2400807,-0.3232,0.0,0.0,2026-05-06 18:23:45.406
12260,2401051,-0.3308,0.0,0.0,2026-05-06 18:23:45.406
12261,2401646,-0.3379,0.0,0.0,2026-05-06 18:23:45.502
12262,2402005,-0.3431,0.0,0.0,2026-05-06 18:23:45.502
12263,2402231,-0.3431,0.0,0.0,2026-05-06 18:23:45.502
12264,2402474,-0.348,0.0,0.0,2026-05-06 18:23:45.673
12265,2402700,-0.348,0.0,0.0,2026-05-06 18:23:45.673
12266,2402944,-0.35,0.0,0.0,2026-05-06 18:23:45.673
12267,2403361,-0.35,0.0,0.0,2026-05-06 18:23:45.673
12268,2403709,-0.35,0.0,0.0,2026-05-06 18:23:45.673
12269,2403893,-0.35,0.0,0.0,2026-05-06 18:23:45.673
12270,2404122,-0.35,0.0,0.0,2026-05-06 18:23:45.673
12271,2404424,-0.3477,0.0,0.0,2026-05-06 18:23:45.733
12272,2404649,-0.3477,0.0,0.0,2026-05-06 18:23:45.733
12273,2404834,-0.3412,0.0,0.0,2026-05-06 18:23:45.733
12274,2405249,-0.3294,0.0,0.0,2026-05-06 18:23:45.906
12275,2405596,-0.3271,0.0,0.0,2026-05-06 18:23:45.906
12276,2405782,-0.3039,0.0,0.0,2026-05-06 18:23:45.906
12277,2406007,-0.3039,0.0,0.0,2026-05-06 18:23:45.906
12278,2406250,-0.2639,0.0,0.0,2026-05-06 18:23:45.906
12279,2406847,-0.1922,0.0,0.0,2026-05-06 18:23:45.906
12280,2407206,-0.1205,0.0,-0.0029,2026-05-06 18:23:46.120
12281,2407433,-0.1205,0.0,-0.0029,2026-05-06 18:23:46.120
12282,2407677,-0.0649,0.0,-0.0094,2026-05-06 18:23:46.120
12283,2408214,-0.0317,0.0,-0.0203,2026-05-06 18:23:46.120
12284,2408444,-0.0284,0.0,-0.0224,2026-05-06 18:23:46.120
12285,2408627,-0.0121,0.0,-0.0417,2026-05-06 18:23:46.120
12286,2408854,-0.0121,0.0,-0.0417,2026-05-06 18:23:46.120
12287,2408975,-0.0045,0.0,-0.0662,2026-05-06 18:23:46.120
12288,2409326,-0.0036,0.0,-0.071,2026-05-06 18:23:46.120
12289,2409568,0.0,0.0,-0.1083,2026-05-06 18:23:46.166
12290,2409795,0.0,0.0,-0.1083,2026-05-06 18:23:46.166
12291,2410037,0.0,0.0,-0.1439,2026-05-06 18:23:46.203
12292,2410514,0.0,0.0,-0.1696,2026-05-06 18:23:46.353
12293,2410994,0.0,0.0,-0.187,2026-05-06 18:23:46.353
12294,2411221,0.0,0.0,-0.187,2026-05-06 18:23:46.353
12295,2411463,0.0,0.0,-0.1955,2026-05-06 18:23:46.353
12296,2411825,0.0,0.0,-0.2,2026-05-06 18:23:46.353
12297,2412174,0.0,0.0,-0.2,2026-05-06 18:23:46.460
12298,2412416,0.0,0.0,-0.2,2026-05-06 18:23:46.460
12299,2412644,0.0,0.0,-0.2,2026-05-06 18:23:46.460
12300,2412886,0.0,0.0,-0.2,2026-05-06 18:23:46.460
12301,2413246,0.0,0.0,-0.2,2026-05-06 18:23:46.619
12302,2413600,0.0,0.0,-0.2,2026-05-06 18:23:46.619
12303,2413841,0.0,0.0,-0.2,2026-05-06 18:23:46.619
12304,2414073,0.0,0.0,-0.2,2026-05-06 18:23:46.619
12305,2414314,0.0,0.0,-0.2,2026-05-06 18:23:46.619
12306,2414675,0.0,0.0,-0.2,2026-05-06 18:23:46.619
12307,2415028,0.0,0.0,-0.2,2026-05-06 18:23:46.619
12308,2415269,0.0,0.0,-0.2,2026-05-06 18:23:46.778
12309,2415501,0.0,0.0,-0.2,2026-05-06 18:23:46.778
12310,2415742,0.0,0.0,-0.2,2026-05-06 18:23:46.778
12311,2416224,0.0,0.0,-0.2,2026-05-06 18:23:46.778
12312,2416456,0.0,0.0,-0.2,2026-05-06 18:23:46.778
12313,2416820,0.0,0.0,-0.2,2026-05-06 18:23:46.778
12314,2417121,0.0,0.0,-0.1989,2026-05-06 18:23:47.235
12315,2417474,0.0,0.0,-0.1983,2026-05-06 18:23:47.235
12316,2417657,0.0,0.0,-0.1895,2026-05-06 18:23:47.235
12317,2417889,0.0,0.0,-0.1895,2026-05-06 18:23:47.235
12318,2418135,0.0,0.0,-0.1657,2026-05-06 18:23:47.235
12319,2418617,0.0,0.0,-0.1105,2026-05-06 18:23:47.235
12320,2418849,0.0,0.0,-0.1105,2026-05-06 18:23:47.235
12321,2419090,0.0034,0.0,-0.0436,2026-05-06 18:23:47.235
12322,2419573,0.0086,0.0,-0.0115,2026-05-06 18:23:47.235
12323,2419803,0.0086,0.0,-0.0115,2026-05-06 18:23:47.235
12324,2420045,0.0169,0.0,-0.0006,2026-05-06 18:23:47.235
12325,2420272,0.0169,0.0,-0.0006,2026-05-06 18:23:47.235
12326,2420513,0.0269,0.0,0.0,2026-05-06 18:23:47.235
12327,2420869,0.0404,0.0,0.0,2026-05-06 18:23:47.235
12328,2421212,0.0427,0.0,0.0,2026-05-06 18:23:47.235
12329,2421454,0.0614,0.0,0.0,2026-05-06 18:23:47.235
12330,2421677,0.0614,0.0,0.0,2026-05-06 18:23:47.235
12331,2421919,0.0898,0.0,0.0,2026-05-06 18:23:47.235
12332,2422141,0.0898,0.0,0.0,2026-05-06 18:23:47.235
12333,2422383,0.1211,0.0,0.0,2026-05-06 18:23:47.360
12334,2422858,0.1574,0.0,0.0,2026-05-06 18:23:47.360
12335,2423078,0.1574,0.0,0.0,2026-05-06 18:23:47.360
12336,2423320,0.2011,0.0,0.0,2026-05-06 18:23:47.360
12337,2423539,0.2011,0.0,0.0,2026-05-06 18:23:47.360
12338,2423781,0.237,0.0,0.0,2026-05-06 18:23:47.635
12339,2424134,0.0156,0.0,0.0,2026-05-06 18:23:47.635
12340,2424472,0.0171,0.0,0.0,2026-05-06 18:23:47.635
12341,2424716,0.0276,0.0,0.0,2026-05-06 18:23:47.635
12342,2424935,0.0276,0.0,0.0,2026-05-06 18:23:47.635
12343,2425179,0.0606,0.0,0.0,2026-05-06 18:23:47.635
12344,2425397,0.0606,0.0,0.0,2026-05-06 18:23:47.635
12345,2425644,0.0956,0.0,0.0,2026-05-06 18:23:47.635
12346,2426117,0.1306,0.0,0.0,2026-05-06 18:23:47.635
12347,2426335,0.1306,0.0,0.0,2026-05-06 18:23:47.635
12348,2426579,0.1706,0.0,0.0,2026-05-06 18:23:47.635
12349,2426797,0.1706,0.0,0.0,2026-05-06 18:23:47.668
12350,2427040,0.2056,0.0,0.0,2026-05-06 18:23:47.668
12351,2427393,0.2406,0.0,0.0,2026-05-06 18:23:47.820
12352,2427732,0.2456,0.0,0.0,2026-05-06 18:23:47.820
12353,2427975,0.2806,0.0,0.0,2026-05-06 18:23:47.820
12354,2428194,0.2806,0.0,0.0,2026-05-06 18:23:47.820
12355,2428609,0.3206,0.0,0.0,2026-05-06 18:23:47.820
12356,2428906,0.35,0.0,0.0,2026-05-06 18:23:47.886
12357,2429379,0.35,0.0,0.0,2026-05-06 18:23:47.886
12358,2429598,0.35,0.0,0.0,2026-05-06 18:23:47.886
12359,2429841,0.35,0.0,0.0,2026-05-06 18:23:47.961
12360,2430060,0.35,0.0,0.0,2026-05-06 18:23:47.961
12361,2430302,0.3484,0.0,0.0,2026-05-06 18:23:47.961
12362,2430711,0.3424,0.0,0.0,2026-05-06 18:23:48.619
12363,2431049,0.3412,0.0,0.0,2026-05-06 18:23:48.619
12364,2431236,0.3294,0.0,0.0,2026-05-06 18:23:48.619
12365,2431455,0.3294,0.0,0.0,2026-05-06 18:23:48.619
12366,2431757,0.3039,0.0,0.0,2026-05-06 18:23:48.619
12367,2431975,0.3039,0.0,0.0,2026-05-06 18:23:48.619
12368,2432160,0.2639,0.0,0.0,2026-05-06 18:23:48.619
12369,2432632,0.2024,0.0,0.0,2026-05-06 18:23:48.619
12370,2432850,0.2024,0.0,0.0,2026-05-06 18:23:48.619
12371,2433096,0.1205,0.0,0.0,2026-05-06 18:23:48.619
12372,2433314,0.1205,0.0,0.0,2026-05-06 18:23:48.619
12373,2433557,0.0649,0.0,0.0,2026-05-06 18:23:48.619
12374,2433910,0.061,0.0,0.0,2026-05-06 18:23:48.619
12375,2434249,0.0603,0.0,0.0,2026-05-06 18:23:48.619
12376,2434492,0.0551,0.0,0.0,2026-05-06 18:23:48.619
12377,2434711,0.0551,0.0,0.0,2026-05-06 18:23:48.619
12378,2434954,0.0471,0.0,0.0,2026-05-06 18:23:48.619
12379,2435173,0.0471,0.0,0.0,2026-05-06 18:23:48.619
12380,2435416,0.0379,0.0,0.0,2026-05-06 18:23:48.619
12381,2435769,0.026,0.0,0.0,2026-05-06 18:23:48.619
12382,2436106,0.0241,0.0,0.0,2026-05-06 18:23:48.619
12383,2436349,0.0083,0.0,0.0,2026-05-06 18:23:48.619
12384,2436568,0.0083,0.0,0.0,2026-05-06 18:23:48.619
12385,2436813,-0.0116,0.0,0.0,2026-05-06 18:23:48.619
12386,2437350,-0.0405,0.0,0.0,2026-05-06 18:23:48.619
12387,2437578,-0.0445,0.0,0.0,2026-05-06 18:23:48.619
12388,2437760,-0.0712,0.0,0.0,2026-05-06 18:23:48.619
12389,2437985,-0.0712,0.0,0.0,2026-05-06 18:23:48.719
12390,2438228,-0.1118,0.0,0.0,2026-05-06 18:23:48.719
12391,2438453,-0.1118,0.0,0.0,2026-05-06 18:23:48.719
12392,2438696,-0.1499,0.0,0.0,2026-05-06 18:23:48.719
12393,2439114,-0.1877,0.0,0.0,2026-05-06 18:23:48.911
12394,2439462,-0.193,0.0,0.0,2026-05-06 18:23:48.911
12395,2439647,-0.2272,0.0,0.0,2026-05-06 18:23:48.911
12396,2439872,-0.2272,0.0,0.0,2026-05-06 18:23:48.911
12397,2440115,-0.2565,0.0,0.0,2026-05-06 18:23:48.911
12398,2440715,-0.2835,0.0,0.0,2026-05-06 18:23:48.911
12399,2441074,-0.3019,0.0,0.0,2026-05-06 18:23:48.911
12400,2441300,-0.3019,0.0,0.0,2026-05-06 18:23:48.969
12401,2441543,-0.318,0.0,0.0,2026-05-06 18:23:48.969
12402,2441769,-0.318,0.0,0.0,2026-05-06 18:23:48.969
12403,2442013,-0.3287,0.0,0.0,2026-05-06 18:23:49.228
12404,2442428,-0.3368,0.0,0.0,2026-05-06 18:23:49.228
12405,2442774,-0.3378,0.0,0.0,2026-05-06 18:23:49.228
12406,2442960,-0.3438,0.0,0.0,2026-05-06 18:23:49.228
12407,2443184,-0.3438,0.0,0.0,2026-05-06 18:23:49.228
12408,2443427,-0.345,0.0,0.0,2026-05-06 18:23:49.228
12409,2444083,-0.3378,0.0,0.0,2026-05-06 18:23:49.228
12410,2444382,-0.3259,0.0,0.0,2026-05-06 18:23:49.228
12411,2444607,-0.3259,0.0,0.0,2026-05-06 18:23:49.228
12412,2444850,-0.2999,0.0,0.0,2026-05-06 18:23:49.228
12413,2445075,-0.2999,0.0,0.0,2026-05-06 18:23:49.318
12414,2445318,-0.2591,0.0,0.0,2026-05-06 18:23:49.318
12415,2445733,-0.1967,0.0,0.0,2026-05-06 18:23:49.318
12416,2446080,-0.1864,0.0,0.0,2026-05-06 18:23:49.410
12417,2446267,-0.115,0.0,-0.0029,2026-05-06 18:23:49.410
12418,2446493,-0.115,0.0,-0.0029,2026-05-06 18:23:49.410
12419,2446737,-0.0611,0.0,-0.0094,2026-05-06 18:23:49.410
12420,2447274,-0.0294,0.0,-0.0203,2026-05-06 18:23:49.723
12421,2447504,-0.0263,0.0,-0.0224,2026-05-06 18:23:49.723
12422,2447687,-0.0109,0.0,-0.0417,2026-05-06 18:23:49.723
12423,2447914,-0.0109,0.0,-0.0417,2026-05-06 18:23:49.723
12424,2448160,-0.0029,0.0,-0.071,2026-05-06 18:23:49.723
12425,2448459,-0.0021,0.0,-0.076,2026-05-06 18:23:49.723
12426,2448633,0.0,0.0,-0.1083,2026-05-06 18:23:49.723
12427,2449113,0.0,0.0,-0.1482,2026-05-06 18:23:49.723
12428,2449340,0.0,0.0,-0.1482,2026-05-06 18:23:49.723
12429,2449582,0.0,0.0,-0.1724,2026-05-06 18:23:49.723
12430,2449940,0.0,0.0,-0.187,2026-05-06 18:23:49.723
12431,2450288,0.0,0.0,-0.1886,2026-05-06 18:23:49.723
12432,2450531,0.0,0.0,-0.1963,2026-05-06 18:23:49.723
12433,2450758,0.0,0.0,-0.1963,2026-05-06 18:23:49.837
12434,2450999,0.0,0.0,-0.2,2026-05-06 18:23:49.837
12435,2451540,0.0,0.0,-0.2,2026-05-06 18:23:49.837
12436,2451771,0.0,0.0,-0.2,2026-05-06 18:23:49.837
12437,2451950,0.0,0.0,-0.2,2026-05-06 18:23:50.185
12438,2452179,0.0,0.0,-0.2,2026-05-06 18:23:50.185
12439,2452421,0.0,0.0,-0.2,2026-05-06 18:23:50.185
12440,2452650,0.0,0.0,-0.2,2026-05-06 18:23:50.185
12441,2452892,0.0,0.0,-0.2,2026-05-06 18:23:50.185
12442,2453371,0.0,0.0,-0.2,2026-05-06 18:23:50.185
12443,2453602,0.0,0.0,-0.2,2026-05-06 18:23:50.185
12444,2453844,0.0,0.0,-0.2,2026-05-06 18:23:50.185
12445,2454076,0.0,0.0,-0.2,2026-05-06 18:23:50.185
12446,2454501,0.0,0.0,-0.2,2026-05-06 18:23:50.185
12447,2454799,0.0,0.0,-0.2,2026-05-06 18:23:50.185
12448,2455031,0.0,0.0,-0.2,2026-05-06 18:23:50.185
12449,2455272,0.0,0.0,-0.2,2026-05-06 18:23:50.185
12450,2455757,0.0,0.0,-0.2,2026-05-06 18:23:50.185
12451,2455989,0.0,0.0,-0.2,2026-05-06 18:23:50.285
12452,2456230,0.0,0.0,-0.2,2026-05-06 18:23:50.285
12453,2456462,0.0,0.0,-0.2,2026-05-06 18:23:50.285
12454,2456765,0.0,0.0,-0.2,2026-05-06 18:23:50.285
12455,2456999,0.0,0.0,-0.2,2026-05-06 18:23:50.285
12456,2457177,0.0,0.0,-0.2,2026-05-06 18:23:50.344
12457,2457409,0.0,0.0,-0.2,2026-05-06 18:23:50.344
12458,2457650,0.0,0.0,-0.2,2026-05-06 18:23:50.344
12459,2457882,0.0,0.0,-0.2,2026-05-06 18:23:50.427
12460,2458246,0.0,0.0,-0.2,2026-05-06 18:23:50.427
12461,2458606,0.0,0.0,-0.2,2026-05-06 18:23:50.427
12462,2458838,0.0,0.0,-0.2,2026-05-06 18:23:50.585
12463,2459204,0.0,0.0,-0.2,2026-05-06 18:23:50.585
12464,2459443,0.0,0.0,-0.2,2026-05-06 18:23:50.585
12465,2459796,0.0,0.0,-0.2,2026-05-06 18:23:50.585
12466,2460037,0.0,0.0,-0.2,2026-05-06 18:23:50.585
12467,2460269,0.0,0.0,-0.2,2026-05-06 18:23:50.585
12468,2460389,0.0,0.0,-0.2,2026-05-06 18:23:50.585
12469,2460742,0.0,0.0,-0.2,2026-05-06 18:23:50.727
12470,2460985,0.0,0.0,-0.2,2026-05-06 18:23:50.727
12471,2461466,0.0,0.0,-0.2,2026-05-06 18:23:50.727
12472,2461698,0.0,0.0,-0.2,2026-05-06 18:23:50.727
12473,2462062,0.0,0.0,-0.2,2026-05-06 18:23:50.727
12474,2462422,0.0,0.0,-0.2,2026-05-06 18:23:50.759
12475,2462654,0.0,0.0,-0.2,2026-05-06 18:23:50.968
12476,2462895,0.0,0.0,-0.2,2026-05-06 18:23:50.968
12477,2463382,0.0,0.0,-0.2,2026-05-06 18:23:50.968
12478,2463863,0.0,0.0,-0.2,2026-05-06 18:23:50.968
12479,2464095,0.0,0.0,-0.2,2026-05-06 18:23:50.968
12480,2464336,0.0,0.0,-0.2,2026-05-06 18:23:50.968
12481,2464697,0.0,0.0,-0.2,2026-05-06 18:23:50.968
12482,2464929,0.0,0.0,-0.2,2026-05-06 18:23:50.968
12483,2465291,0.0,0.0,-0.2,2026-05-06 18:23:51.238
12484,2465523,0.0,0.0,-0.2,2026-05-06 18:23:51.238
12485,2465764,0.0,0.0,-0.1995,2026-05-06 18:23:51.238
12486,2466248,0.0,0.0,-0.193,2026-05-06 18:23:51.238
12487,2466729,0.0,0.0,-0.1706,2026-05-06 18:23:51.238
12488,2466961,0.0,0.0,-0.1706,2026-05-06 18:23:51.238
12489,2467202,0.0,0.0,-0.1205,2026-05-06 18:23:51.238
12490,2467684,0.0,0.0,-0.0513,2026-05-06 18:23:51.238
12491,2467916,0.0,0.0,-0.0513,2026-05-06 18:23:51.238
12492,2468157,0.0,0.0,-0.0115,2026-05-06 18:23:51.336
12493,2468389,0.0,0.0,-0.0115,2026-05-06 18:23:51.336
12494,2468630,0.0,0.0,-0.0013,2026-05-06 18:23:51.336
12495,2468991,0.0,0.0,0.0,2026-05-06 18:23:51.336
12496,2469219,0.0,0.0,0.0,2026-05-06 18:23:51.336
12497,2469461,0.0,0.0,0.0,2026-05-06 18:23:51.402
12498,2469690,0.0,0.0,0.0,2026-05-06 18:23:51.402
12499,2469932,0.0,0.0,0.0,2026-05-06 18:23:51.402
12500,2470160,0.0,0.0,0.0,2026-05-06 18:23:51.446
12501,2470401,0.0,0.0,0.0,2026-05-06 18:23:51.446
12502,2470628,0.0,0.0,0.0,2026-05-06 18:23:51.552
12503,2470871,0.0,0.0,0.0,2026-05-06 18:23:51.552
12504,2471098,0.0,0.0,0.0,2026-05-06 18:23:51.552
12505,2471339,0.0,0.0,0.0,2026-05-06 18:23:51.552
12506,2471687,0.0005,0.0,0.0,2026-05-06 18:23:51.552
12507,2472044,0.0034,0.0,0.0,2026-05-06 18:23:51.952
12508,2472401,0.0086,0.0,0.0,2026-05-06 18:23:51.952
12509,2472625,0.0086,0.0,0.0,2026-05-06 18:23:51.952
12510,2472867,0.0169,0.0,0.0,2026-05-06 18:23:51.952
12511,2473092,0.0169,0.0,0.0,2026-05-06 18:23:51.952
12512,2473334,0.0269,0.0,0.0,2026-05-06 18:23:51.952
12513,2473689,0.0404,0.0,0.0,2026-05-06 18:23:51.952
12514,2474032,0.0427,0.0,0.0,2026-05-06 18:23:51.952
12515,2474274,0.0614,0.0,0.0,2026-05-06 18:23:51.952
12516,2474494,0.0614,0.0,0.0,2026-05-06 18:23:51.952
12517,2474737,0.0858,0.0,0.0,2026-05-06 18:23:51.952
12518,2475325,0.1211,0.0,0.0,2026-05-06 18:23:51.952
12519,2475680,0.0027,0.0,0.0,2026-05-06 18:23:51.952
12520,2475899,0.0027,0.0,0.0,2026-05-06 18:23:51.952
12521,2476141,0.0147,0.0,0.0,2026-05-06 18:23:51.952
12522,2476362,0.0147,0.0,0.0,2026-05-06 18:23:51.952
12523,2476606,0.0287,0.0,0.0,2026-05-06 18:46:39.581
12524,2476958,0.0637,0.0,0.0,2026-05-06 18:46:39.581
12525,2477297,0.0687,0.0,0.0,2026-05-06 18:46:39.581
12526,2477541,0.1037,0.0,0.0,2026-05-06 18:46:41.454
12527,2477759,0.1037,0.0,0.0,2026-05-06 18:46:43.459
12528,2478001,0.1387,0.0,0.0,2026-05-06 18:46:45.455
12529,2478480,0.1787,0.0,0.0,2026-05-06 18:46:49.585
12530,2478953,0.2137,0.0,0.0,2026-05-06 18:46:52.502
12531,2479171,0.2137,0.0,0.0,2026-05-06 18:46:52.502
12532,2479415,0.2537,0.0,0.0,2026-05-06 18:46:52.502
12533,2479634,0.2537,0.0,0.0,2026-05-06 18:46:52.598
12534,2479878,0.2887,0.0,0.0,2026-05-06 18:46:52.661
12535,2480143,0.2937,0.0,0.0,2026-05-06 18:46:52.739
12536,2480269,0.3237,0.0,0.0,2026-05-06 18:46:52.739
12537,2480609,0.3287,0.0,0.0,2026-05-06 18:46:52.863
12538,2480795,0.35,0.0,0.0,2026-05-06 18:46:52.976
12539,2481013,0.35,0.0,0.0,2026-05-06 18:46:53.022
12540,2481256,0.35,0.0,0.0,2026-05-06 18:46:53.083
12541,2481901,0.35,0.0,0.0,2026-05-06 18:46:53.537
12542,2482198,0.35,0.0,0.0,2026-05-06 18:46:54.307
12543,2482417,0.35,0.0,0.0,2026-05-06 18:46:54.372
12544,2482660,0.35,0.0,0.0,2026-05-06 18:46:54.418
12545,2482878,0.35,0.0,0.0,2026-05-06 18:46:54.591
12546,2483121,0.35,0.0,0.0,2026-05-06 18:46:54.720
12547,2483531,0.35,0.0,0.0,2026-05-06 18:46:56.438
12548,2483870,0.35,0.0,0.0,2026-05-06 18:46:56.438
12549,2484056,0.35,0.0,0.0,2026-05-06 18:46:56.438
12550,2484275,0.35,0.0,0.0,2026-05-06 18:46:56.438
12551,2484518,0.35,0.0,0.0,2026-05-06 18:46:56.438
12552,2485047,0.35,0.0,0.0,2026-05-06 18:46:56.438
12553,2485267,0.35,0.0,0.0,2026-05-06 18:46:56.438
12554,2485452,0.35,0.0,0.0,2026-05-06 18:46:56.438
12555,2485670,0.35,0.0,0.0,2026-05-06 18:46:56.438
12556,2485918,0.35,0.0,0.0,2026-05-06 18:46:56.438
12557,2486137,0.35,0.0,0.0,2026-05-06 18:46:56.438
12558,2486380,0.3495,0.0,0.0,2026-05-06 18:46:56.438
12559,2486791,0.3445,0.0,0.0,2026-05-06 18:46:56.438
12560,2487130,0.3435,0.0,0.0,2026-05-06 18:46:56.438
12561,2487316,0.3335,0.0,0.0,2026-05-06 18:46:56.438
12562,2487536,0.3335,0.0,0.0,2026-05-06 18:46:56.438
12563,2487779,0.3155,0.0,0.0,2026-05-06 18:46:56.438
12564,2488252,0.2775,0.0,0.0,2026-05-06 18:46:56.438
12565,2488726,0.222,0.0,0.0,2026-05-06 18:46:56.438
12566,2488944,0.222,0.0,0.0,2026-05-06 18:46:56.438
12567,2489187,0.1402,0.0,0.0,2026-05-06 18:46:56.438
12568,2489405,0.1402,0.0,0.0,2026-05-06 18:46:56.438
12569,2489648,0.0784,0.0,0.0,2026-05-06 18:46:56.438
12570,2490000,0.0393,0.0,0.0,2026-05-06 18:46:56.438
12571,2490338,0.0353,0.0,0.0,2026-05-06 18:46:56.438
12572,2490581,0.0157,0.0,0.0,2026-05-06 18:46:56.438
12573,2490800,0.0157,0.0,0.0,2026-05-06 18:46:56.438
12574,2491043,0.0045,0.0,0.0,2026-05-06 18:46:56.438
12575,2491262,0.0045,0.0,0.0,2026-05-06 18:46:56.438
12576,2491505,0.0002,0.0,0.0,2026-05-06 18:46:57.161
12577,2491982,-0.005,0.0,0.0,2026-05-06 18:46:57.161
12578,2492206,-0.005,0.0,0.0,2026-05-06 18:46:57.161
12579,2492450,-0.0132,0.0,0.0,2026-05-06 18:46:57.161
12580,2492675,-0.0132,0.0,0.0,2026-05-06 18:46:57.161
12581,2492918,-0.0231,0.0,0.0,2026-05-06 18:46:57.161
12582,2493279,-0.0365,0.0,0.0,2026-05-06 18:46:57.161
12583,2493626,-0.0387,0.0,0.0,2026-05-06 18:46:57.161
12584,2493869,-0.0572,0.0,0.0,2026-05-06 18:46:57.161
12585,2494101,-0.0572,0.0,0.0,2026-05-06 18:46:57.161
12586,2494343,-0.0812,0.0,0.0,2026-05-06 18:46:57.161
12587,2494824,-0.116,0.0,0.0,2026-05-06 18:46:57.161
12588,2495302,-0.1519,0.0,0.0,2026-05-06 18:46:57.161
12589,2495526,-0.1519,0.0,0.0,2026-05-06 18:46:57.161
12590,2495770,-0.1956,0.0,0.0,2026-05-06 18:46:57.161
12591,2495995,-0.1956,0.0,0.0,2026-05-06 18:46:57.161
12592,2496239,-0.232,0.0,0.0,2026-05-06 18:46:57.161
12593,2496773,-0.2633,0.0,0.0,2026-05-06 18:46:57.161
12594,2497000,-0.2673,0.0,0.0,2026-05-06 18:46:57.161
12595,2497183,-0.2718,0.0,0.0,2026-05-06 18:46:57.161
12596,2497408,-0.2718,0.0,0.0,2026-05-06 18:46:57.161
12597,2497652,-0.2633,0.0,0.0,2026-05-06 18:46:57.161
12598,2498009,-0.2453,0.0,0.0,2026-05-06 18:46:57.161
12599,2498355,-0.2414,0.0,0.0,2026-05-06 18:46:57.161
12600,2498599,-0.2013,0.0,0.0,2026-05-06 18:46:57.161
12601,2498823,-0.2013,0.0,0.0,2026-05-06 18:46:57.161
12602,2499066,-0.1251,0.0,0.0,2026-05-06 18:46:57.161
12603,2499291,-0.1251,0.0,0.0,2026-05-06 18:46:57.866
12604,2499535,-0.0609,0.0,0.0,2026-05-06 18:46:57.866
12605,2500014,-0.0245,0.0,0.0,2026-05-06 18:46:57.866
12606,2500239,-0.0245,0.0,0.0,2026-05-06 18:46:57.866
12607,2500483,-0.0066,0.0,0.0044,2026-05-06 18:46:57.866
12608,2500711,-0.0066,0.0,0.0044,2026-05-06 18:46:57.866
12609,2500954,-0.0003,0.0,0.012,2026-05-06 18:46:57.866
12610,2501428,0.0,0.0,0.0246,2026-05-06 18:46:57.866
12611,2501908,0.0,0.0,0.049,2026-05-06 18:46:57.866
12612,2502378,0.0,0.0,0.0812,2026-05-06 18:46:57.866
12613,2502734,0.0,0.0,0.1191,2026-05-06 18:46:57.866
12614,2503078,0.0,0.0,0.1244,2026-05-06 18:46:57.866
12615,2503321,0.0,0.0,0.1563,2026-05-06 18:46:57.866
12616,2503547,0.0,0.0,0.1563,2026-05-06 18:46:57.866
12617,2503789,0.0,0.0,0.1796,2026-05-06 18:46:57.866
12618,2504016,0.0,0.0,0.1796,2026-05-06 18:46:57.866
12619,2504258,0.0,0.0,0.1912,2026-05-06 18:46:57.866
12620,2504616,0.0,0.0,0.1978,2026-05-06 18:46:57.866
12621,2504844,0.0,0.0,0.1978,2026-05-06 18:46:57.866
12622,2505204,0.0,0.0,0.2,2026-05-06 18:46:57.866
12623,2505433,0.0,0.0,0.2,2026-05-06 18:46:57.866
12624,2505674,0.0,0.0,0.2,2026-05-06 18:46:57.866
12625,2506033,0.0,0.0,0.2,2026-05-06 18:46:57.866
12626,2506381,0.0,0.0,0.2,2026-05-06 18:46:57.866
12627,2506622,0.0,0.0,0.2,2026-05-06 18:46:57.866
12628,2506851,0.0,0.0,0.2,2026-05-06 18:46:57.866
12629,2507212,0.0,0.0,0.2,2026-05-06 18:46:57.866
12630,2507451,0.0,0.0,0.2,2026-05-06 18:46:58.576
12631,2507800,0.0,0.0,0.2,2026-05-06 18:46:58.576
12632,2508042,0.0,0.0,0.2,2026-05-06 18:46:58.576
12633,2508271,0.0,0.0,0.2,2026-05-06 18:46:58.576
12634,2508632,0.0,0.0,0.2,2026-05-06 18:46:58.576
12635,2508871,0.0,0.0,0.2,2026-05-06 18:46:58.576
12636,2509220,0.0,0.0,0.2,2026-05-06 18:46:58.576
12637,2509462,0.0,0.0,0.2,2026-05-06 18:46:58.576
12638,2509936,0.0,0.0,0.2,2026-05-06 18:46:58.576
12639,2510295,0.0,0.0,0.2,2026-05-06 18:46:58.576
12640,2510644,0.0,0.0,0.2,2026-05-06 18:46:58.576
12641,2510886,0.0,0.0,0.2,2026-05-06 18:46:58.576
12642,2511115,0.0,0.0,0.2,2026-05-06 18:46:58.576
12643,2511357,0.0,0.0,0.2,2026-05-06 18:46:58.576
12644,2511835,0.0,0.0,0.2,2026-05-06 18:46:58.576
12645,2512314,0.0,0.0,0.2,2026-05-06 18:46:58.576
12646,2512543,0.0,0.0,0.2,2026-05-06 18:46:58.576
12647,2512785,0.0,0.0,0.2,2026-05-06 18:46:58.576
12648,2513263,0.0,0.0,0.2,2026-05-06 18:46:58.576
12649,2513742,0.0,0.0,0.2,2026-05-06 18:46:58.576
12650,2513971,0.0,0.0,0.2,2026-05-06 18:46:58.576
12651,2514213,0.0,0.0,0.2,2026-05-06 18:46:58.576
12652,2514692,0.0,0.0,0.2,2026-05-06 18:46:58.576
12653,2514921,0.0,0.0,0.2,2026-05-06 18:46:58.576
12654,2515163,0.0,0.0,0.2,2026-05-06 18:46:58.576
12655,2515522,0.0,0.0,0.2,2026-05-06 18:46:59.287
12656,2515871,0.0,0.0,0.2,2026-05-06 18:46:59.287
12657,2516113,0.0,0.0,0.2,2026-05-06 18:46:59.287
12658,2516342,0.0,0.0,0.2,2026-05-06 18:46:59.287
12659,2516584,0.0,0.0,0.2,2026-05-06 18:46:59.287
12660,2517062,0.0,0.0,0.2,2026-05-06 18:46:59.287
12661,2517536,0.0,0.0,0.2,2026-05-06 18:46:59.287
12662,2518014,0.0,0.0,0.2,2026-05-06 18:46:59.287
12663,2518493,0.0,0.0,0.2,2026-05-06 18:46:59.287
12664,2518722,0.0,0.0,0.2,2026-05-06 18:46:59.287
12665,2518843,0.0,0.0,0.2,2026-05-06 18:46:59.287
12666,2519192,0.0,0.0,0.2,2026-05-06 18:46:59.287
12667,2519435,0.0,0.0,0.2,2026-05-06 18:46:59.287
12668,2519664,0.0,0.0,0.2,2026-05-06 18:46:59.287
12669,2519906,0.0,0.0,0.2,2026-05-06 18:46:59.287
12670,2520135,0.0,0.0,0.2,2026-05-06 18:46:59.287
12671,2520496,0.0,0.0,0.1975,2026-05-06 18:46:59.287
12672,2520855,0.0,0.0,0.1874,2026-05-06 18:46:59.287
12673,2521084,0.0,0.0,0.1874,2026-05-06 18:46:59.287
12674,2521326,0.0,0.0,0.1537,2026-05-06 18:46:59.287
12675,2521555,0.0,0.0,0.1537,2026-05-06 18:46:59.287
12676,2521677,0.0,0.0,0.1001,2026-05-06 18:46:59.287
12677,2522026,0.0,0.0,0.0896,2026-05-06 18:46:59.287
12678,2522268,0.0,0.0,0.0308,2026-05-06 18:46:59.287
12679,2522497,0.0,0.0,0.0308,2026-05-06 18:46:59.287
12680,2522739,0.0,0.0,0.0073,2026-05-06 18:46:59.287
12681,2523279,0.0,0.0,0.0,2026-05-06 18:46:59.287
12682,2523507,0.0,0.0,0.0,2026-05-06 18:47:00.000
12683,2523567,0.0,0.0,0.0,2026-05-06 18:47:00.000
12684,2523796,0.0,0.0,0.0,2026-05-06 18:47:00.000
12685,2524034,0.0,0.0,0.0,2026-05-06 18:47:00.000
12686,2524262,0.0,0.0,0.0,2026-05-06 18:47:00.000
12687,2524505,0.0,0.0,0.0,2026-05-06 18:47:00.000
12688,2524733,0.0,0.0,0.0,2026-05-06 18:47:00.000
12689,2525098,0.0027,0.0,0.0,2026-05-06 18:47:00.000
12690,2525453,0.0077,0.0,0.0,2026-05-06 18:47:00.000
12691,2525797,0.0086,0.0,0.0,2026-05-06 18:47:00.000
12692,2526039,0.0157,0.0,0.0,2026-05-06 18:47:00.000
12693,2526263,0.0157,0.0,0.0,2026-05-06 18:47:00.000
12694,2526506,0.0269,0.0,0.0,2026-05-06 18:47:00.000
12695,2526730,0.0269,0.0,0.0,2026-05-06 18:47:00.000
12696,2526972,0.0404,0.0,0.0,2026-05-06 18:47:00.000
12697,2527448,0.0584,0.0,0.0,2026-05-06 18:47:00.000
12698,2527671,0.0584,0.0,0.0,2026-05-06 18:47:00.000
12699,2527913,0.0858,0.0,0.0,2026-05-06 18:47:00.000
12700,2528133,0.0858,0.0,0.0,2026-05-06 18:47:00.000
12701,2528376,0.015,0.0,0.0,2026-05-06 18:47:00.000
12702,2528729,0.005,0.0,0.0,2026-05-06 18:47:00.000
12703,2529069,0.01,0.0,0.0,2026-05-06 18:47:00.000
12704,2529311,0.0088,0.0,0.0,2026-05-06 18:47:00.000
12705,2529532,0.0088,0.0,0.0,2026-05-06 18:47:00.000
12706,2529835,0.0208,0.0,0.0,2026-05-06 18:47:00.000
12707,2530054,0.0208,0.0,0.0,2026-05-06 18:47:00.000
12708,2530241,0.0488,0.0,0.0,2026-05-06 18:47:00.000
12709,2530715,0.0838,0.0,0.0,2026-05-06 18:47:00.000
12710,2530933,0.0838,0.0,0.0,2026-05-06 18:47:00.000
12711,2531397,0.1238,0.0,0.0,2026-05-06 18:47:00.726
12712,2531644,0.1588,0.0,0.0,2026-05-06 18:47:00.726
12713,2531996,0.1938,0.0,0.0,2026-05-06 18:47:00.726
12714,2532335,0.1988,0.0,0.0,2026-05-06 18:47:00.726
12715,2532579,0.2338,0.0,0.0,2026-05-06 18:47:00.726
12716,2532797,0.2338,0.0,0.0,2026-05-06 18:47:00.726
12717,2533212,0.2738,0.0,0.0,2026-05-06 18:47:00.726
12718,2533510,0.3088,0.0,0.0,2026-05-06 18:47:00.726
12719,2533982,0.35,0.0,0.0,2026-05-06 18:47:00.726
12720,2534199,0.35,0.0,0.0,2026-05-06 18:47:00.726
12721,2534443,0.35,0.0,0.0,2026-05-06 18:47:00.726
12722,2534661,0.35,0.0,0.0,2026-05-06 18:47:00.726
12723,2534904,0.35,0.0,0.0,2026-05-06 18:47:00.726
12724,2535257,0.35,0.0,0.0,2026-05-06 18:47:00.726
12725,2535597,0.35,0.0,0.0,2026-05-06 18:47:00.726
12726,2535839,0.35,0.0,0.0,2026-05-06 18:47:00.726
12727,2536058,0.35,0.0,0.0,2026-05-06 18:47:00.726
12728,2536357,0.3495,0.0,0.0,2026-05-06 18:47:00.726
12729,2536577,0.3495,0.0,0.0,2026-05-06 18:47:00.726
12730,2536763,0.3445,0.0,0.0,2026-05-06 18:47:00.726
12731,2537117,0.3354,0.0,0.0,2026-05-06 18:47:00.726
12732,2537454,0.3335,0.0,0.0,2026-05-06 18:47:00.726
12733,2537698,0.3155,0.0,0.0,2026-05-06 18:47:00.726
12734,2537915,0.3155,0.0,0.0,2026-05-06 18:47:00.726
12735,2538158,0.3088,0.0,0.0,2026-05-06 18:47:00.726
12736,2538803,0.3038,0.0,0.0,2026-05-06 18:47:00.726
12737,2539103,0.2986,0.0,0.0,2026-05-06 18:47:00.726
12738,2539322,0.2986,0.0,0.0,2026-05-06 18:47:00.726
12739,2539565,0.2914,0.0,0.0,2026-05-06 18:47:01.435
12740,2539784,0.2914,0.0,0.0,2026-05-06 18:47:01.435
12741,2540027,0.284,0.0,0.0,2026-05-06 18:47:01.435
12742,2540437,0.2753,0.0,0.0,2026-05-06 18:47:01.435
12743,2540776,0.2739,0.0,0.0,2026-05-06 18:47:01.435
12744,2540962,0.2635,0.0,0.0,2026-05-06 18:47:01.435
12745,2541179,0.2635,0.0,0.0,2026-05-06 18:47:01.435
12746,2541423,0.2511,0.0,0.0,2026-05-06 18:47:01.435
12747,2541775,0.2367,0.0,0.0,2026-05-06 18:47:01.435
12748,2542113,0.2345,0.0,0.0,2026-05-06 18:47:01.435
12749,2542357,0.2173,0.0,0.0,2026-05-06 18:47:01.435
12750,2542575,0.2173,0.0,0.0,2026-05-06 18:47:01.435
12751,2542818,0.1943,0.0,0.0,2026-05-06 18:47:01.435
12752,2543035,0.1943,0.0,0.0,2026-05-06 18:47:01.435
12753,2543279,0.1709,0.0,0.0,2026-05-06 18:47:01.435
12754,2543691,0.1443,0.0,0.0,2026-05-06 18:47:01.435
12755,2544029,0.1402,0.0,0.0,2026-05-06 18:47:01.435
12756,2544216,0.1099,0.0,0.0,2026-05-06 18:47:01.435
12757,2544434,0.1099,0.0,0.0,2026-05-06 18:47:01.435
12758,2544677,0.0765,0.0,0.0,2026-05-06 18:47:01.435
12759,2545321,0.0352,0.0,0.0,2026-05-06 18:47:01.435
12760,2545620,-0.0027,0.0,0.0,2026-05-06 18:47:01.435
12761,2545842,-0.0027,0.0,0.0,2026-05-06 18:47:01.435
12762,2546087,-0.0466,0.0,0.0,2026-05-06 18:47:01.435
12763,2546309,-0.0466,0.0,0.0,2026-05-06 18:47:01.435
12764,2546553,-0.0843,0.0,0.0,2026-05-06 18:47:01.435
12765,2547033,-0.1202,0.0,0.0,2026-05-06 18:47:01.435
12766,2547258,-0.1202,0.0,0.0,2026-05-06 18:47:01.435
12767,2547570,-0.1581,0.0,0.0,2026-05-06 18:47:02.147
12768,2547795,-0.1581,0.0,0.0,2026-05-06 18:47:02.147
12769,2547975,-0.1878,0.0,0.0,2026-05-06 18:47:02.147
12770,2548332,-0.2142,0.0,0.0,2026-05-06 18:47:02.147
12771,2548679,-0.2177,0.0,0.0,2026-05-06 18:47:02.147
12772,2548923,-0.2404,0.0,0.0,2026-05-06 18:47:02.147
12773,2549148,-0.2404,0.0,0.0,2026-05-06 18:47:02.147
12774,2549450,-0.2626,0.0,0.0,2026-05-06 18:47:02.147
12775,2549675,-0.2626,0.0,0.0,2026-05-06 18:47:02.147
12776,2549860,-0.2791,0.0,0.0,2026-05-06 18:47:02.147
12777,2550338,-0.2932,0.0,0.0,2026-05-06 18:47:02.147
12778,2550562,-0.2932,0.0,0.0,2026-05-06 18:47:02.147
12779,2550806,-0.3067,0.0,0.0,2026-05-06 18:47:02.147
12780,2551032,-0.3067,0.0,0.0,2026-05-06 18:47:02.147
12781,2551278,-0.3166,0.0,0.0,2026-05-06 18:47:02.147
12782,2551638,-0.325,0.0,0.0,2026-05-06 18:47:02.147
12783,2551984,-0.3261,0.0,0.0,2026-05-06 18:47:02.147
12784,2552228,-0.3331,0.0,0.0,2026-05-06 18:47:02.147
12785,2552452,-0.3331,0.0,0.0,2026-05-06 18:47:02.147
12786,2552754,-0.3397,0.0,0.0,2026-05-06 18:47:02.147
12787,2552979,-0.3397,0.0,0.0,2026-05-06 18:47:02.147
12788,2553164,-0.3446,0.0,0.0,2026-05-06 18:47:02.147
12789,2553643,-0.3487,0.0,0.0,2026-05-06 18:47:02.147
12790,2553869,-0.3487,0.0,0.0,2026-05-06 18:47:02.147
12791,2554115,-0.35,0.0,0.0,2026-05-06 18:47:02.147
12792,2554342,-0.35,0.0,0.0,2026-05-06 18:47:02.147
12793,2554585,-0.35,0.0,0.0,2026-05-06 18:47:02.147
12794,2554942,-0.35,0.0,0.0,2026-05-06 18:47:02.147
12795,2555289,-0.35,0.0,0.0,2026-05-06 18:47:02.147
12796,2555532,-0.35,0.0,0.0,2026-05-06 18:47:02.744
12797,2555757,-0.35,0.0,0.0,2026-05-06 18:47:02.744
12798,2556058,-0.35,0.0,0.0,2026-05-06 18:47:02.744
12799,2556283,-0.35,0.0,0.0,2026-05-06 18:47:02.744
12800,2556469,-0.35,0.0,0.0,2026-05-06 18:47:02.744
12801,2556948,-0.35,0.0,0.0,2026-05-06 18:47:02.744
12802,2557174,-0.35,0.0,0.0,2026-05-06 18:47:02.744
12803,2557417,-0.35,0.0,0.0,2026-05-06 18:47:02.744
12804,2557643,-0.35,0.0,0.0,2026-05-06 18:47:02.744
12805,2557886,-0.35,0.0,0.0,2026-05-06 18:47:02.744
12806,2558243,-0.35,0.0,0.0,2026-05-06 18:47:02.744
12807,2558591,-0.35,0.0,0.0,2026-05-06 18:47:02.744
12808,2558834,-0.35,0.0,0.0,2026-05-06 18:47:02.744
12809,2559061,-0.35,0.0,0.0,2026-05-06 18:47:02.744
12810,2559363,-0.35,0.0,0.0,2026-05-06 18:47:02.744
12811,2559588,-0.35,0.0,0.0,2026-05-06 18:47:02.744
12812,2559773,-0.35,0.0,0.0,2026-05-06 18:47:02.744
12813,2560252,-0.35,0.0,0.0,2026-05-06 18:47:02.744
12814,2560477,-0.35,0.0,0.0,2026-05-06 18:47:02.744
12815,2560720,-0.35,0.0,0.0,2026-05-06 18:47:02.744
12816,2560944,-0.35,0.0,0.0,2026-05-06 18:47:02.744
12817,2561187,-0.3477,0.0,0.0,2026-05-06 18:47:02.744
12818,2561545,-0.3412,0.0,0.0,2026-05-06 18:47:02.744
12819,2561893,-0.3399,0.0,0.0,2026-05-06 18:47:02.902
12820,2562139,-0.3271,0.0,0.0,2026-05-06 18:47:03.456
12821,2562365,-0.3271,0.0,0.0,2026-05-06 18:47:03.456
12822,2562668,-0.2994,0.0,0.0,2026-05-06 18:47:03.456
12823,2562894,-0.2994,0.0,0.0,2026-05-06 18:47:03.456
12824,2563078,-0.2564,0.0,0.0,2026-05-06 18:47:03.456
12825,2563557,-0.1922,0.0,0.0,2026-05-06 18:47:03.456
12826,2563782,-0.1922,0.0,0.0,2026-05-06 18:47:03.456
12827,2564026,-0.1111,0.0,0.0,2026-05-06 18:47:03.456
12828,2564251,-0.1111,0.0,0.0,2026-05-06 18:47:03.456
12829,2564495,-0.0589,0.0,0.0,2026-05-06 18:47:03.456
12830,2564852,-0.0284,0.0,0.0,2026-05-06 18:47:03.456
12831,2565200,-0.0254,0.0,0.0,2026-05-06 18:47:03.456
12832,2565444,-0.0105,0.0,0.0,2026-05-06 18:47:03.456
12833,2565669,-0.0105,0.0,0.0,2026-05-06 18:47:03.456
12834,2565790,-0.0027,0.0,0.0,2026-05-06 18:47:03.456
12835,2566137,-0.002,0.0,0.0,2026-05-06 18:47:03.456
12836,2566258,0.0,0.0,0.0,2026-05-06 18:47:03.456
12837,2566548,0.0,0.0,0.0,2026-05-06 18:47:03.456
12838,2566720,0.0,0.0,0.0,2026-05-06 18:47:03.456
12839,2566940,0.0,0.0,0.0,2026-05-06 18:47:03.456
12840,2567160,0.0,0.0,0.0,2026-05-06 18:47:03.456
12841,2567210,0.0,0.0,0.0,2026-05-06 18:47:03.456
12842,2567431,0.0,0.0,0.0,2026-05-06 18:47:03.456
12843,2567668,0.0,0.0,0.0,2026-05-06 18:47:03.456
12844,2567888,0.0,0.0,0.0,2026-05-06 18:47:03.456
12845,2568108,0.0,0.0,0.0,2026-05-06 18:47:03.456
12846,2568156,0.0,0.0,0.0,2026-05-06 18:47:03.456
12847,2568376,0.0,0.0,0.0,2026-05-06 18:47:03.456
12848,2568597,0.0,0.0,0.0,2026-05-06 18:47:03.456
12849,2568642,0.0,0.0,0.0,2026-05-06 18:47:03.456
12850,2568862,0.0,0.0,0.0,2026-05-06 18:47:03.456
12851,2569082,0.0,0.0,0.0,2026-05-06 18:47:03.456
12852,2569127,0.0,0.0,0.0,2026-05-06 18:47:03.456
12853,2569348,0.0,0.0,0.0,2026-05-06 18:47:03.456
12854,2569569,0.0,0.0,0.0,2026-05-06 18:47:03.456
12855,2569614,0.0,0.0,0.0,2026-05-06 18:47:03.456
12856,2569838,0.0,0.0,0.0,2026-05-06 18:47:03.456
12857,2570058,0.0,0.0,0.0,2026-05-06 18:47:03.456
12858,2570278,0.0,0.0,0.0,2026-05-06 18:47:04.167
12859,2570499,0.0,0.0,0.0,2026-05-06 18:47:04.167
12860,2570736,0.0,0.0,0.0,2026-05-06 18:47:04.167
12861,2570956,0.0,0.0,0.0,2026-05-06 18:47:04.167
12862,2571023,0.0,0.0011,0.0,2026-05-06 18:47:04.167
12863,2571365,0.0,0.0017,0.0,2026-05-06 18:47:04.167
12864,2571607,0.0,0.0105,0.0,2026-05-06 18:47:04.167
12865,2571831,0.0,0.0105,0.0,2026-05-06 18:47:04.167
12866,2572073,0.0,0.0329,0.0,2026-05-06 18:47:04.167
12867,2572667,0.0,0.074,0.0,2026-05-06 18:47:04.167
12868,2573024,0.0,0.0939,0.0,2026-05-06 18:47:04.167
12869,2573251,0.0,0.0939,0.0,2026-05-06 18:47:04.167
12870,2573492,0.0,0.1,0.0,2026-05-06 18:47:04.167
12871,2573718,0.0,0.1,0.0,2026-05-06 18:47:04.167
12872,2573959,0.0,0.1,0.0,2026-05-06 18:47:04.167
12873,2574377,0.0,0.1,0.0,2026-05-06 18:47:04.167
12874,2574724,0.0,0.1,0.0,2026-05-06 18:47:04.167
12875,2574906,0.0,0.1,0.0,2026-05-06 18:47:04.167
12876,2575133,0.0,0.1,0.0,2026-05-06 18:47:04.167
12877,2575373,0.0,0.0341,0.0,2026-05-06 18:47:04.167
12878,2575732,0.0,0.0866,0.0,2026-05-06 18:47:04.167
12879,2576079,0.0,0.1,0.0,2026-05-06 18:47:04.167
12880,2576319,0.0,0.1,0.0,2026-05-06 18:47:04.167
12881,2576546,0.0,0.1,0.0,2026-05-06 18:47:04.167
12882,2576787,0.0,0.1,0.0,2026-05-06 18:47:04.167
12883,2577145,0.0,0.0908,0.0,2026-05-06 18:47:04.167
12884,2577495,0.0,0.0875,0.0,2026-05-06 18:47:04.167
12885,2577735,0.0,0.0318,0.0,2026-05-06 18:47:04.167
12886,2577962,0.0,0.0318,0.0,2026-05-06 18:47:04.167
12887,2578265,0.0,0.0003,0.0,2026-05-06 18:47:04.879
12888,2578492,0.0,0.0003,0.0,2026-05-06 18:47:04.879
12889,2578553,0.0,0.0,0.0,2026-05-06 18:47:04.879
12890,2578777,0.0,0.0,0.0,2026-05-06 18:47:04.879
12891,2579017,0.0,0.0,0.0,2026-05-06 18:47:04.879
12892,2579241,0.0,0.0,0.0,2026-05-06 18:47:04.879
12893,2579473,0.0,0.0,0.0,2026-05-06 18:47:04.879
12894,2579697,0.0,0.0,0.0,2026-05-06 18:47:04.879
12895,2579922,0.0,0.0,0.0,2026-05-06 18:47:04.879
12896,2579972,0.0,0.0,0.0,2026-05-06 18:47:04.879
12897,2580196,0.0,0.0,0.0,2026-05-06 18:47:04.879
12898,2580436,0.0,0.0,0.0,2026-05-06 18:47:04.879
12899,2580660,0.0,0.0,0.0,2026-05-06 18:47:04.879
12900,2580900,0.0,0.0,0.0,2026-05-06 18:47:04.879
12901,2581124,0.0,0.0,0.0,2026-05-06 18:47:04.879
12902,2581538,0.0,0.0,0.0,2026-05-06 18:47:04.879
12903,2581763,0.0,0.0,0.0,2026-05-06 18:47:04.879
12904,2581943,0.0005,0.0,0.0,2026-05-06 18:47:04.879
12905,2582165,0.0005,0.0,0.0,2026-05-06 18:47:04.879
12906,2582447,0.0047,0.0,0.0,2026-05-06 18:47:04.879
12907,2582800,0.0104,0.0,0.0,2026-05-06 18:47:04.879
12908,2583138,0.0113,0.0,0.0,2026-05-06 18:47:04.879
12909,2583381,0.0194,0.0,0.0,2026-05-06 18:47:04.879
12910,2583599,0.0194,0.0,0.0,2026-05-06 18:47:04.879
12911,2583845,0.0322,0.0,0.0,2026-05-06 18:47:04.879
12912,2584064,0.0322,0.0,0.0,2026-05-06 18:47:04.879
12913,2584307,0.0475,0.0,0.0,2026-05-06 18:47:04.879
12914,2584780,0.0678,0.0,0.0,2026-05-06 18:47:04.879
12915,2584999,0.0678,0.0,0.0,2026-05-06 18:47:04.879
12916,2585242,0.0981,0.0,0.0,2026-05-06 18:47:04.879
12917,2585461,0.0981,0.0,0.0,2026-05-06 18:47:04.879
12918,2585706,0.131,0.0,0.0,2026-05-06 18:47:04.879
12919,2586059,0.1683,0.0,0.0,2026-05-06 18:47:04.879
12920,2586398,0.1738,0.0,0.0,2026-05-06 18:47:05.588
12921,2586641,0.2118,0.0,0.0,2026-05-06 18:47:05.588
12922,2586860,0.2118,0.0,0.0,2026-05-06 18:47:05.588
12923,2586983,0.2464,0.0,0.0,2026-05-06 18:47:05.588
12924,2587320,0.2509,0.0,0.0,2026-05-06 18:47:05.588
12925,2587619,0.2789,0.0,0.0,2026-05-06 18:47:05.588
12926,2587839,0.2824,0.0,0.0,2026-05-06 18:47:05.588
12927,2588024,0.3007,0.0,0.0,2026-05-06 18:47:05.588
12928,2588243,0.3007,0.0,0.0,2026-05-06 18:47:05.588
12929,2588486,0.3112,0.0,0.0,2026-05-06 18:47:05.588
12930,2588705,0.3112,0.0,0.0,2026-05-06 18:47:05.588
12931,2588948,0.3048,0.0,0.0,2026-05-06 18:47:05.588
12932,2589415,0.2925,0.0,0.0,2026-05-06 18:47:05.588
12933,2589889,0.264,0.0,0.0,2026-05-06 18:47:05.588
12934,2590107,0.264,0.0,0.0,2026-05-06 18:47:05.588
12935,2590350,0.2173,0.0,0.0,2026-05-06 18:47:05.588
12936,2590996,0.1384,0.0,0.0,2026-05-06 18:47:05.588
12937,2591298,0.0738,0.0,0.0,2026-05-06 18:47:05.588
12938,2591517,0.0738,0.0,0.0,2026-05-06 18:47:05.588
12939,2591760,0.0301,0.0,0.0,2026-05-06 18:47:05.588
12940,2591978,0.0301,0.0,0.0,2026-05-06 18:47:05.588
12941,2592221,0.0119,0.0,0.0,2026-05-06 18:47:05.588
12942,2592573,0.003,0.0,0.0,2026-05-06 18:47:05.588
12943,2592911,0.0022,0.0,0.0,2026-05-06 18:47:05.588
12944,2593034,0.0,0.0,0.0,2026-05-06 18:47:05.588
12945,2593255,0.0,0.0,0.0,2026-05-06 18:47:05.588
12946,2593495,0.0,0.0,0.0,2026-05-06 18:47:05.588
12947,2593718,0.0,0.0,0.0,2026-05-06 18:47:05.588
12948,2593949,0.0,0.0,0.0,2026-05-06 18:47:05.588
12949,2594172,0.0,0.0,0.0,2026-05-06 18:47:06.299
12950,2594396,0.0,0.0,0.0,2026-05-06 18:47:06.299
12951,2594449,0.0,0.0,0.0,2026-05-06 18:47:06.299
12952,2594671,0.0,0.0,0.0,2026-05-06 18:47:06.299
12953,2594911,0.0,0.0,0.0,2026-05-06 18:47:06.299
12954,2595134,0.0,0.0,0.0,2026-05-06 18:47:06.299
12955,2595373,0.0,0.0,0.0,2026-05-06 18:47:06.299
12956,2595596,0.0,0.0,0.0,2026-05-06 18:47:06.299
12957,2596041,0.0,0.0,0.0,2026-05-06 18:47:06.299
12958,2596265,0.0,0.0,0.0,2026-05-06 18:47:06.299
12959,2596325,0.0,0.0,0.0,2026-05-06 18:47:06.299
12960,2596548,0.0,0.0,0.0,2026-05-06 18:47:06.299
12961,2596771,0.0,0.0,0.0,2026-05-06 18:47:06.299
12962,2596816,0.0,0.0,0.0,2026-05-06 18:47:06.299
12963,2597039,0.0,0.0,0.0,2026-05-06 18:47:06.299
12964,2597292,0.0,0.0,0.0,2026-05-06 18:47:06.299
12965,2597516,0.0,0.0,0.0,2026-05-06 18:47:06.299
12966,2597925,0.0,0.0,0.0,2026-05-06 18:47:06.299
12967,2598148,0.0,0.0,0.0,2026-05-06 18:47:06.299
12968,2598429,0.0,0.0,0.0,2026-05-06 18:47:06.299
12969,2598652,0.0,0.0,0.0,2026-05-06 18:47:06.299
12970,2598715,0.0,0.0,0.0,2026-05-06 18:47:06.299
12971,2598938,0.0,0.0,0.0,2026-05-06 18:47:06.299
12972,2599161,0.0,0.0,0.0,2026-05-06 18:47:06.299
12973,2599207,0.0,0.0,0.0,2026-05-06 18:47:06.299
12974,2599430,0.0,0.0,0.0,2026-05-06 18:47:06.299
12975,2599726,0.0,0.0,0.0,2026-05-06 18:47:06.299
12976,2599949,0.0,0.0,0.0,2026-05-06 18:47:06.299
12977,2600299,0.0,0.0,0.0,2026-05-06 18:47:06.299
12978,2600522,0.0,0.0,0.0,2026-05-06 18:47:06.299
12979,2600806,0.0,0.0,0.0,2026-05-06 18:47:06.299
12980,2601028,0.0,0.0,0.0,2026-05-06 18:47:06.299
12981,2601266,0.0,0.0,0.0,2026-05-06 18:47:06.299
12982,2601488,0.0,0.0,0.0,2026-05-06 18:47:06.299
12983,2601726,0.0,0.0,0.0,2026-05-06 18:47:06.299
12984,2601947,0.0,0.0,0.0,2026-05-06 18:47:06.299
12985,2602183,0.0,0.0,0.0,2026-05-06 18:47:06.299
12986,2602402,0.0,0.0,0.0,2026-05-06 18:47:07.026
12987,2602505,0.0,0.0,0.0,2026-05-06 18:47:07.026
12988,2602729,0.0,0.0,0.0,2026-05-06 18:47:07.026
12989,2602967,0.0,0.0,0.0,2026-05-06 18:47:07.026
12990,2603189,0.0,0.0,0.0,2026-05-06 18:47:07.026
12991,2603411,0.0,0.0,0.0,2026-05-06 18:47:07.026
12992,2603632,0.0,0.0,0.0,2026-05-06 18:47:07.026
12993,2603853,0.0,0.0,0.0,2026-05-06 18:47:07.026
12994,2604089,0.0,0.0,0.0,2026-05-06 18:47:07.026
12995,2604309,0.0,0.0,0.0,2026-05-06 18:47:07.026
12996,2604369,0.0,0.0,0.0,2026-05-06 18:47:07.026
12997,2604589,0.0,0.0,0.0,2026-05-06 18:47:07.026
12998,2604809,0.0,0.0,0.0,2026-05-06 18:47:07.026
12999,2604862,0.0,0.0,0.0,2026-05-06 18:47:07.026
13000,2605082,0.0,0.0,0.0,2026-05-06 18:47:07.026
13001,2605303,0.0,0.0,0.0,2026-05-06 18:47:07.026
13002,2605522,0.0,0.0,0.0,2026-05-06 18:47:07.026
13003,2605743,0.0,0.0,0.0,2026-05-06 18:47:07.026
13004,2605980,0.0,0.0,0.0,2026-05-06 18:47:07.026
13005,2606202,0.0,0.0,0.0,2026-05-06 18:47:07.026
13006,2606269,0.0,0.0,0.0,2026-05-06 18:47:07.026
13007,2606491,0.0,0.0,0.0,2026-05-06 18:47:07.026
13008,2606712,0.0,0.0,0.0,2026-05-06 18:47:07.026
13009,2606761,0.0,0.0,0.0,2026-05-06 18:47:07.026
13010,2606981,0.0,0.0,0.0,2026-05-06 18:47:07.026
13011,2607201,0.0,0.0,0.0,2026-05-06 18:47:07.026
13012,2607246,0.0,0.0,0.0,2026-05-06 18:47:07.026
13013,2607466,0.0,0.0,0.0,2026-05-06 18:47:07.026
13014,2607687,0.0,0.0,0.0,2026-05-06 18:47:07.026
13015,2607732,0.0,0.0,0.0,2026-05-06 18:47:07.026
13016,2607952,0.0,0.0,0.0,2026-05-06 18:47:07.026
13017,2608171,0.0,0.0,0.0,2026-05-06 18:47:07.026
13018,2608218,0.0,0.0,0.0,2026-05-06 18:47:07.026
13019,2608439,0.0,0.0,0.0,2026-05-06 18:47:07.026
13020,2608668,0.0,0.0,0.0,2026-05-06 18:47:07.026
13021,2608888,0.0,0.0,0.0,2026-05-06 18:47:07.026
13022,2609109,0.0,0.0,0.0,2026-05-06 18:47:07.026
13023,2609164,0.0,0.0,0.0,2026-05-06 18:47:07.026
13024,2609383,0.0,0.0,0.0,2026-05-06 18:47:07.026
13025,2609604,0.0,0.0,0.0,2026-05-06 18:47:07.026
13026,2609649,0.0,0.0,0.0,2026-05-06 18:47:07.026
13027,2609868,0.0,0.0,0.0,2026-05-06 18:47:07.026
13028,2610087,0.0,0.0,0.0,2026-05-06 18:47:07.026
13029,2610134,0.0,0.0,0.0,2026-05-06 18:47:07.026
13030,2610356,0.0,0.0,0.0,2026-05-06 18:47:07.738
13031,2610592,0.0,0.0,0.0,2026-05-06 18:47:07.738
13032,2610815,0.0,0.0,0.0,2026-05-06 18:47:07.738
13033,2611035,0.0,0.0,0.0,2026-05-06 18:47:07.738
13034,2611082,0.0,0.0,0.0,2026-05-06 18:47:07.738
13035,2611303,0.0,0.0,0.0,2026-05-06 18:47:07.738
13036,2611523,0.0,0.0,0.0,2026-05-06 18:47:07.738
13037,2611568,0.0,0.0,0.0,2026-05-06 18:47:07.738
13038,2611790,0.0,0.0,0.0,2026-05-06 18:47:07.738
13039,2612026,0.0,0.0,0.0,2026-05-06 18:47:07.738
13040,2612248,0.0,0.0,0.0,2026-05-06 18:47:07.738
13041,2612468,0.0,0.0,0.0,2026-05-06 18:47:07.738
13042,2612689,0.0,0.0,0.0,2026-05-06 18:47:07.738
13043,2612909,0.0,0.0,0.0,2026-05-06 18:47:07.738
13044,2613146,0.0,0.0,0.0,2026-05-06 18:47:07.738
13045,2613366,0.0,0.0,0.0,2026-05-06 18:47:07.738
13046,2613602,0.0,0.0,0.0,2026-05-06 18:47:07.738
13047,2613824,0.0,0.0,0.0,2026-05-06 18:47:07.738
13048,2613931,0.0,0.0,0.0,2026-05-06 18:47:07.738
13049,2614153,0.0,0.0,0.0,2026-05-06 18:47:07.738
13050,2614391,0.0,0.0,0.0,2026-05-06 18:47:07.738
13051,2614611,0.0,0.0,0.0,2026-05-06 18:47:07.738
13052,2614832,0.0,0.0,0.0,2026-05-06 18:47:07.738
13053,2615053,0.0,0.0,0.0,2026-05-06 18:47:07.738
13054,2615273,0.0,0.0,0.0,2026-05-06 18:47:07.738
13055,2615453,0.0,0.0,0.0,2026-05-06 18:47:07.738
13056,2615674,0.0,0.0,0.0,2026-05-06 18:47:07.738
13057,2615791,0.0,0.0,0.0,2026-05-06 18:47:07.738
13058,2616010,0.0,0.0,0.0,2026-05-06 18:47:07.738
13059,2616230,0.0,0.0,0.0,2026-05-06 18:47:07.738
13060,2616283,0.0,0.0,0.0,2026-05-06 18:47:07.738
13061,2616504,0.0,0.0,0.0,2026-05-06 18:47:07.738
13062,2616738,0.0,0.0,0.0,2026-05-06 18:47:07.738
13063,2616959,0.0,0.0,0.0,2026-05-06 18:47:07.738
13064,2617181,0.0,0.0,0.0,2026-05-06 18:47:07.738
13065,2617408,0.0,0.0,0.0,2026-05-06 18:47:07.738
13066,2617629,0.0,0.0,0.0,2026-05-06 18:47:07.738
13067,2617866,0.0,0.0,0.0,2026-05-06 18:47:07.738
13068,2618088,0.0,0.0,0.0,2026-05-06 18:47:07.738
13069,2618148,0.0,0.0,0.0,2026-05-06 18:47:07.738
13070,2618368,0.0,0.0,0.0,2026-05-06 18:47:08.442
13071,2618587,0.0,0.0,0.0,2026-05-06 18:47:08.442
13072,2618640,0.0,0.0,0.0,2026-05-06 18:47:08.442
13073,2618861,0.0,0.0,0.0,2026-05-06 18:47:08.442
13074,2619266,0.0,0.0,0.0,2026-05-06 18:47:08.442
13075,2619488,0.0,0.0,0.0,2026-05-06 18:47:08.442
13076,2619768,0.0,0.0,0.0,2026-05-06 18:47:08.442
13077,2619989,0.0,0.0,0.0,2026-05-06 18:47:08.442
13078,2620049,0.0,0.0,0.0,2026-05-06 18:47:08.442
13079,2620269,0.0,0.0,0.0,2026-05-06 18:47:08.442
13080,2620490,0.0,0.0,0.0,2026-05-06 18:47:08.442
13081,2620540,0.0,0.0,0.0,2026-05-06 18:47:08.442
13082,2620760,0.0,0.0,0.0,2026-05-06 18:47:08.442
13083,2620981,0.0,0.0,0.0,2026-05-06 18:47:08.442
13084,2621204,0.0,0.0,0.0,2026-05-06 18:47:08.442
13085,2621423,0.0,0.0,0.0,2026-05-06 18:47:08.442
13086,2621659,0.0,0.0,0.0,2026-05-06 18:47:08.442
13087,2621880,0.0,0.0,0.0,2026-05-06 18:47:08.442
13088,2622060,0.0,0.0,0.0,2026-05-06 18:47:08.442
13089,2622280,0.0,0.0,0.0,2026-05-06 18:47:08.442
13090,2622441,0.0,0.0,0.0,2026-05-06 18:47:08.442
13091,2622661,0.0,0.0,0.0,2026-05-06 18:47:08.442
13092,2622881,0.0,0.0,0.0,2026-05-06 18:47:08.442
13093,2623101,0.0,0.0,0.0,2026-05-06 18:47:08.442
13094,2623321,0.0,0.0,0.0,2026-05-06 18:47:08.442
13095,2623556,0.0,0.0,0.0,2026-05-06 18:47:08.442
13096,2623778,0.0,0.0,0.0,2026-05-06 18:47:08.442
13097,2624015,0.0,0.0,0.0,2026-05-06 18:47:08.442
13098,2624234,0.0,0.0,0.0,2026-05-06 18:47:08.442
13099,2624339,0.0,0.0,0.0,2026-05-06 18:47:08.442
13100,2624560,0.0,0.0,0.0,2026-05-06 18:47:08.442
13101,2624798,0.0,0.0,0.0,2026-05-06 18:47:08.442
13102,2625018,0.0,0.0,0.0,2026-05-06 18:47:08.442
13103,2625238,0.0,0.0,0.0,2026-05-06 18:47:08.442
13104,2625460,0.0,0.0,0.0,2026-05-06 18:47:08.442
13105,2625681,0.0,0.0,0.0,2026-05-06 18:47:08.442
13106,2625859,0.0,0.0,0.0,2026-05-06 18:47:08.442
13107,2626079,0.0,0.0,0.0,2026-05-06 18:47:08.442
13108,2626196,0.0,0.0,0.0,2026-05-06 18:47:08.442
13109,2626417,0.0,0.0,0.0,2026-05-06 18:47:09.164
13110,2626638,0.0,0.0,0.0,2026-05-06 18:47:09.164
13111,2626692,0.0,0.0,0.0,2026-05-06 18:47:09.164
13112,2626914,0.0,0.0,0.0,2026-05-06 18:47:09.164
13113,2627133,0.0,0.0,0.0,2026-05-06 18:47:09.164
13114,2627398,0.0,0.0,0.0,2026-05-06 18:47:09.164
13115,2627619,0.0,0.0,0.0,2026-05-06 18:47:09.164
13116,2627840,0.0,0.0,0.0,2026-05-06 18:47:09.164
13117,2628060,0.0,0.0,0.0,2026-05-06 18:47:09.164
13118,2628297,0.0,0.0,0.0,2026-05-06 18:47:09.164
13119,2628517,0.0,0.0,0.0,2026-05-06 18:47:09.164
13120,2628577,0.0,0.0,0.0,2026-05-06 18:47:09.164
13121,2628801,0.0,0.0,0.0,2026-05-06 18:47:09.164
13122,2629023,0.0,0.0,0.0,2026-05-06 18:47:09.164
13123,2629075,0.0,0.0,0.0,2026-05-06 18:47:09.164
13124,2629297,0.0,0.0,0.0,2026-05-06 18:47:09.164
13125,2629706,0.0,0.0,0.0,2026-05-06 18:47:09.164
13126,2629929,0.0,0.0,0.0,2026-05-06 18:47:09.164
13127,2630211,0.0,0.0,0.0,2026-05-06 18:47:09.164
13128,2630434,0.0,0.0,0.0,2026-05-06 18:47:09.164
13129,2630494,0.0,0.0,0.0,2026-05-06 18:47:09.164
13130,2630718,0.0,0.0,0.0,2026-05-06 18:47:09.164
13131,2630940,0.0,0.0,0.0,2026-05-06 18:47:09.164
13132,2630986,0.0,0.0,0.0,2026-05-06 18:47:09.164
13133,2631208,0.0,0.0,0.0,2026-05-06 18:47:09.164
13134,2631617,0.0,0.0,0.0,2026-05-06 18:47:09.164
13135,2631839,0.0,0.0,0.0,2026-05-06 18:47:09.164
13136,2631943,0.0,0.0,0.0,2026-05-06 18:47:09.164
13137,2632165,0.0,0.0,0.0,2026-05-06 18:47:09.164
13138,2632403,0.0,0.0,0.0,2026-05-06 18:47:09.164
13139,2632624,0.0,0.0,0.0,2026-05-06 18:47:09.164
13140,2632846,0.0,0.0,0.0,2026-05-06 18:47:09.164
13141,2633067,0.0,0.0,0.0,2026-05-06 18:47:09.164
13142,2633287,0.0,0.0,0.0,2026-05-06 18:47:09.164
13143,2633527,0.0,0.0,0.0,2026-05-06 18:47:09.164
13144,2633751,0.0,0.0,0.0,2026-05-06 18:47:09.164
13145,2633988,0.0,0.0,0.0,2026-05-06 18:47:09.164
13146,2634211,0.0,0.0,0.0,2026-05-06 18:47:09.164
13147,2634271,0.0,0.0,0.0,2026-05-06 18:47:09.164
13148,2634492,0.0,0.0,0.0,2026-05-06 18:47:09.877
13149,2634715,0.0,0.0,0.0,2026-05-06 18:47:09.877
13150,2634766,0.0,0.0,0.0,2026-05-06 18:47:09.877
13151,2634990,0.0,0.0,0.0,2026-05-06 18:47:09.877
13152,2635229,0.0,0.0,0.0,2026-05-06 18:47:09.877
13153,2635452,0.0,0.0,0.0,2026-05-06 18:47:09.877
13154,2635861,0.0,0.0,0.0,2026-05-06 18:47:09.877
13155,2636084,0.0,0.0,0.0,2026-05-06 18:47:09.877
13156,2636368,0.0,0.0,0.0,2026-05-06 18:47:09.877
13157,2636592,0.0,0.0,0.0,2026-05-06 18:47:09.877
13158,2636652,0.0,0.0,0.0,2026-05-06 18:47:09.877
13159,2636876,0.0,0.0,0.0,2026-05-06 18:47:09.877
13160,2637099,0.0,0.0,0.0,2026-05-06 18:47:09.877
13161,2637144,0.0,0.0,0.0,2026-05-06 18:47:09.877
13162,2637365,0.0,0.0,0.0,2026-05-06 18:47:09.877
13163,2637604,0.0,0.0,0.0,2026-05-06 18:47:09.877
13164,2637872,0.0,0.0,0.0,2026-05-06 18:47:09.877
13165,2638274,0.0,0.0,0.0,2026-05-06 18:47:09.877
13166,2638498,0.0,0.0,0.0,2026-05-06 18:47:09.877
13167,2638736,0.0,0.0,0.0,2026-05-06 18:47:09.877
13168,2638958,0.0,0.0,0.0,2026-05-06 18:47:09.877
13169,2639018,0.0,0.0,0.0,2026-05-06 18:47:09.877
13170,2639242,0.0,0.0,0.0,2026-05-06 18:47:09.877
13171,2639464,0.0,0.0,0.0,2026-05-06 18:47:09.877
13172,2639511,0.0,0.0,0.0,2026-05-06 18:47:09.877
13173,2639731,0.0,0.0,0.0,2026-05-06 18:47:09.877
13174,2639953,0.0,0.0,0.0,2026-05-06 18:47:09.877
13175,2640175,0.0,0.0,0.0,2026-05-06 18:47:09.877
13176,2640397,0.0,0.0,0.0,2026-05-06 18:47:09.877
13177,2640457,0.0,0.0,0.0,2026-05-06 18:47:09.877
13178,2640679,0.0,0.0,0.0,2026-05-06 18:47:09.877
13179,2640903,0.0,0.0,0.0,2026-05-06 18:47:09.877
13180,2640949,0.0,0.0,0.0,2026-05-06 18:47:09.877
13181,2641172,0.0,0.0,0.0,2026-05-06 18:47:09.877
13182,2641582,0.0,0.0,0.0,2026-05-06 18:47:09.877
13183,2641806,0.0,0.0,0.0,2026-05-06 18:47:09.877
13184,2642045,0.0,0.0,0.0,2026-05-06 18:47:09.877
13185,2642266,0.0,0.0,0.0,2026-05-06 18:47:09.877
13186,2642371,0.0,0.0,0.0,2026-05-06 18:47:09.971
13187,2642594,0.0,0.0,0.0,2026-05-06 18:47:09.971
13188,2642833,0.0,0.0,0.0,2026-05-06 18:47:09.971
13189,2643055,0.0,0.0,0.0,2026-05-06 18:47:09.971
13190,2643294,0.0,0.0,0.0,2026-05-06 18:47:10.651
13191,2643516,0.0,0.0,0.0,2026-05-06 18:47:10.651
13192,2643740,0.0,0.0,0.0,2026-05-06 18:47:10.651
13193,2643965,0.0,0.0,0.0,2026-05-06 18:47:10.651
13194,2644189,0.0,0.0,0.0,2026-05-06 18:47:10.651
13195,2644426,0.0,0.0,0.0,2026-05-06 18:47:10.651
13196,2644648,0.0,0.0,0.0,2026-05-06 18:47:10.651
13197,2644708,0.0,0.0,0.0,2026-05-06 18:47:10.651
13198,2644929,0.0,0.0,0.0,2026-05-06 18:47:10.651
13199,2645153,0.0,0.0,0.0,2026-05-06 18:47:10.651
13200,2645201,0.0,0.0,0.0,2026-05-06 18:47:10.651
13201,2645423,0.0,0.0,0.0,2026-05-06 18:47:10.651
13202,2645663,0.0,0.0,0.0,2026-05-06 18:47:10.651
13203,2646006,0.0,0.0,0.0,2026-05-06 18:47:10.651
13204,2646249,0.0,0.0,0.0,2026-05-06 18:47:10.651
13205,2646473,0.0,0.0,0.0,2026-05-06 18:47:10.651
13206,2646715,0.0,0.0,0.0,2026-05-06 18:47:10.651
13207,2646937,0.0,0.0,0.0,2026-05-06 18:47:10.651
13208,2647059,0.0,0.0,0.0,2026-05-06 18:47:10.651
13209,2647403,0.0,0.0,0.0,2026-05-06 18:47:10.651
13210,2647526,0.0,0.0,0.0,2026-05-06 18:47:10.651
13211,2647867,0.0,0.0,0.0,2026-05-06 18:47:10.651
13212,2648110,0.0,0.0,0.0,2026-05-06 18:47:10.651
13213,2648332,0.0,0.0,0.0,2026-05-06 18:47:10.651
13214,2648574,0.0,0.0,0.0,2026-05-06 18:47:10.651
13215,2648797,0.0,0.0,0.0,2026-05-06 18:47:10.651
13216,2648919,0.0,0.0,0.0,2026-05-06 18:47:10.651
13217,2649263,0.0,0.0,0.0,2026-05-06 18:47:10.651
13218,2649505,0.0,0.0,0.0,2026-05-06 18:47:10.651
13219,2649729,0.0,0.0,0.0,2026-05-06 18:47:10.651
13220,2649852,0.0,0.0,0.0,2026-05-06 18:47:10.651
13221,2650195,0.0,0.0,0.0,2026-05-06 18:47:10.651
13222,2650438,0.0,0.0,0.0,2026-05-06 18:47:10.651
13223,2650660,0.0,0.0,0.0,2026-05-06 18:47:10.651
13224,2650961,0.0,0.0,0.0,2026-05-06 18:47:10.651
13225,2651184,0.0,0.0,0.0,2026-05-06 18:47:10.651
13226,2651595,0.0,0.0,0.0,2026-05-06 18:47:10.745
13227,2651838,0.0,0.0,0.0,2026-05-06 18:47:10.745
13228,2652061,0.0,0.0,0.0,2026-05-06 18:47:11.425
13229,2652304,0.0,0.0,0.0,2026-05-06 18:47:11.425
13230,2652527,0.0,0.0,0.0,2026-05-06 18:47:11.425
13231,2652650,0.0,0.0,0.0,2026-05-06 18:47:11.425
13232,2652992,0.0,0.0,0.0,2026-05-06 18:47:11.425
13233,2653114,0.0,0.0,0.0,2026-05-06 18:47:11.425
13234,2653457,0.0,0.0,0.0,2026-05-06 18:47:11.425
13235,2653700,0.0,0.0,0.0,2026-05-06 18:47:11.425
13236,2653924,0.0,0.0,0.0,2026-05-06 18:47:11.425
13237,2654046,0.0,0.0,0.0,2026-05-06 18:47:11.425
13238,2654389,0.0,0.0,0.0,2026-05-06 18:47:11.425
13239,2654632,0.0,0.0,0.0,2026-05-06 18:47:11.425
13240,2654852,0.0,0.0,0.0,2026-05-06 18:47:11.425
13241,2655095,0.0,0.0,0.0,2026-05-06 18:47:11.425
13242,2655317,0.0,0.0,0.0,2026-05-06 18:47:11.425
13243,2655440,0.0,0.0,0.0,2026-05-06 18:47:11.425
13244,2655779,0.0,0.0,0.0,2026-05-06 18:47:11.425
13245,2655902,0.0,0.0,0.0,2026-05-06 18:47:11.425
13246,2656242,0.0,0.0,0.0,2026-05-06 18:47:11.425
13247,2656365,0.0,0.0,0.0,2026-05-06 18:47:11.425
13248,2656704,0.0,0.0,0.0,2026-05-06 18:47:11.425
13249,2656947,0.0,0.0,0.0,2026-05-06 18:47:11.425
13250,2657169,0.0,0.0,0.0,2026-05-06 18:47:11.425
13251,2657411,0.0,0.0,0.0,2026-05-06 18:47:11.425
13252,2657631,0.0,0.0,0.0,2026-05-06 18:47:11.425
13253,2657874,0.0,0.0,0.0,2026-05-06 18:47:11.425
13254,2658093,0.0,0.0,0.0,2026-05-06 18:47:11.425
13255,2658337,0.0,0.0,0.0,2026-05-06 18:47:11.425
13256,2658558,0.0,0.0,0.0,2026-05-06 18:47:11.425
13257,2658725,0.0,0.0,0.0,2026-05-06 18:47:11.425
13258,2659068,0.0,0.0,0.0,2026-05-06 18:47:11.425
13259,2659173,0.0,0.0,0.0,2026-05-06 18:47:11.425
13260,2659513,0.0,0.0,0.0,2026-05-06 18:47:11.425
13261,2659637,0.0,0.0,0.0,2026-05-06 18:47:11.425
13262,2659979,0.0,0.0,0.0,2026-05-06 18:47:12.134
13263,2660221,0.0,0.0,0.0,2026-05-06 18:47:12.134
13264,2660441,0.0,0.0,0.0,2026-05-06 18:47:12.134
13265,2660564,0.0,0.0,0.0,2026-05-06 18:47:12.134
13266,2660906,0.0,0.0,0.0,2026-05-06 18:47:12.134
13267,2661028,0.0,0.0,0.0,2026-05-06 18:47:12.134
13268,2661367,0.0,0.0,0.0,2026-05-06 18:47:12.134
13269,2661610,0.0,0.0,0.0,2026-05-06 18:47:12.134
13270,2661831,0.0,0.0,0.0,2026-05-06 18:47:12.134
13271,2662074,0.0,0.0,0.0,2026-05-06 18:47:12.134
13272,2662294,0.0,0.0,0.0,2026-05-06 18:47:12.134
13273,2662538,0.0,0.0,0.0,2026-05-06 18:47:12.134
13274,2662757,0.0,0.0,0.0,2026-05-06 18:47:12.134
13275,2662880,0.0,0.0,0.0,2026-05-06 18:47:12.134
13276,2663220,0.0,0.0,0.0,2026-05-06 18:47:12.134
13277,2663463,0.0,0.0,0.0,2026-05-06 18:47:12.134
13278,2663683,0.0,0.0,0.0,2026-05-06 18:47:12.134
13279,2663807,0.0,0.0,0.0,2026-05-06 18:47:12.134
13280,2664148,0.0,0.0,0.0,2026-05-06 18:47:12.134
13281,2664391,0.0,0.0,0.0,2026-05-06 18:47:12.134
13282,2664611,0.0,0.0,0.0,2026-05-06 18:47:12.134
13283,2664854,0.0,0.0,0.0,2026-05-06 18:47:12.134
13284,2665074,0.0,0.0,0.0,2026-05-06 18:47:12.134
13285,2665198,0.0,0.0,0.0,2026-05-06 18:47:12.134
13286,2665538,0.0,0.0,0.0,2026-05-06 18:47:12.134
13287,2665781,0.0,0.0,0.0,2026-05-06 18:47:12.134
13288,2666002,0.0,0.0,0.0,2026-05-06 18:47:12.134
13289,2666125,0.0,0.0,0.0,2026-05-06 18:47:12.134
13290,2666467,0.0,0.0,0.0,2026-05-06 18:47:12.134
13291,2666590,0.0,0.0,0.0,2026-05-06 18:47:12.134
13292,2666930,0.0,0.0,0.0,2026-05-06 18:47:12.134
13293,2667053,0.0,0.0,0.0,2026-05-06 18:47:12.134
13294,2667393,0.0,0.0,0.0,2026-05-06 18:47:12.134
13295,2667636,0.0,0.0,0.0,2026-05-06 18:47:12.134
13296,2667856,0.0,0.0,0.0,2026-05-06 18:47:12.134
13297,2667979,0.0,0.0,0.0,2026-05-06 18:47:12.848
13298,2668320,0.0,0.0,0.0,2026-05-06 18:47:12.848
13299,2668443,0.0,0.0,0.0,2026-05-06 18:47:12.848
13300,2668784,0.0,0.0,0.0,2026-05-06 18:47:12.848
13301,2669026,0.0,0.0,0.0,2026-05-06 18:47:12.848
13302,2669246,0.0,0.0,0.0,2026-05-06 18:47:12.848
13303,2669370,0.0,0.0,0.0,2026-05-06 18:47:12.848
13304,2669711,0.0,0.0,0.0,2026-05-06 18:47:12.848
13305,2669834,0.0,0.0,0.0,2026-05-06 18:47:12.848
13306,2670175,0.0,0.0,0.0,2026-05-06 18:47:12.848
13307,2670418,0.0,0.0,0.0,2026-05-06 18:47:12.848
13308,2670638,0.0,0.0,0.0,2026-05-06 18:47:12.848
13309,2670881,0.0,0.0,0.0,2026-05-06 18:47:12.848
13310,2671101,0.0,0.0,0.0,2026-05-06 18:47:12.848
13311,2671345,0.0,0.0,0.0,2026-05-06 18:47:12.848
13312,2671565,0.0,0.0,0.0,2026-05-06 18:47:12.848
13313,2671808,0.0,0.0,0.0,2026-05-06 18:47:12.848
13314,2672029,0.0,0.0,0.0,2026-05-06 18:47:12.848
13315,2672152,0.0,0.0,0.0,2026-05-06 18:47:12.848
13316,2672492,0.0,0.0,0.0,2026-05-06 18:47:12.848
13317,2672615,0.0,0.0,0.0,2026-05-06 18:47:12.848
13318,2672955,0.0,0.0,0.0,2026-05-06 18:47:12.848
13319,2673078,0.0,0.0,0.0,2026-05-06 18:47:12.848
13320,2673418,0.0,0.0,0.0,2026-05-06 18:47:12.848
13321,2673541,0.0,0.0,0.0,2026-05-06 18:47:12.848
13322,2673883,0.0,0.0,0.0,2026-05-06 18:47:12.848
13323,2674006,0.0,0.0,0.0,2026-05-06 18:47:12.848
13324,2674346,0.0,0.0,0.0,2026-05-06 18:47:12.848
13325,2674469,0.0,0.0,0.0,2026-05-06 18:47:12.848
13326,2674810,0.0,0.0,0.0,2026-05-06 18:47:12.848
13327,2674933,0.0,0.0,0.0,2026-05-06 18:47:12.848
13328,2675273,0.0,0.0,0.0,2026-05-06 18:47:12.848
13329,2675396,0.0,0.0,0.0,2026-05-06 18:47:12.848
13330,2675737,0.0,0.0,0.0,2026-05-06 18:47:12.848
13331,2675860,0.0,0.0,0.0,2026-05-06 18:47:12.848
13332,2676199,0.0,0.0,0.0,2026-05-06 18:47:13.351
13333,2676442,0.0,0.0,0.0,2026-05-06 18:47:13.351
13334,2676661,0.0,0.0,0.0,2026-05-06 18:47:13.351
13335,2676905,0.0,0.0,0.0,2026-05-06 18:47:13.351
13336,2677125,0.0,0.0,0.0,2026-05-06 18:47:13.351
13337,2677368,0.0,0.0,0.0,2026-05-06 18:47:13.351
13338,2677589,0.0,0.0,0.0,2026-05-06 18:47:13.351
13339,2677832,0.0,0.0,0.0,2026-05-06 18:47:13.351
13340,2678053,0.0,0.0,0.0,2026-05-06 18:47:13.351
13341,2678176,0.0,0.0,0.0,2026-05-06 18:47:13.351
13342,2678516,0.0,0.0,0.0,2026-05-06 18:47:13.351
13343,2678639,0.0,0.0,0.0,2026-05-06 18:47:13.351
13344,2678979,0.0,0.0,0.0,2026-05-06 18:47:13.351
13345,2679222,0.0,0.0,0.0,2026-05-06 18:47:13.351
13346,2679443,0.0,0.0,0.0,2026-05-06 18:47:13.351
13347,2679686,0.0,0.0,0.0,2026-05-06 18:47:13.351
13348,2680160,0.0,0.0,0.0,2026-05-06 18:47:13.351
13349,2680381,0.0,0.0,0.0,2026-05-06 18:47:13.351
13350,2680624,0.0,0.0,0.0,2026-05-06 18:47:13.351
13351,2680843,0.0,0.0,0.0,2026-05-06 18:47:13.351
13352,2681309,0.0,0.0,0.0,2026-05-06 18:47:13.477
13353,2681553,0.0,0.0,0.0,2026-05-06 18:47:13.477
13354,2681774,0.0,0.0,0.0,2026-05-06 18:47:13.477
13355,2682017,0.0,0.0,0.0,2026-05-06 18:47:13.477
13356,2682236,0.0,0.0,0.0,2026-05-06 18:47:13.477
13357,2682359,0.0,0.0,0.0,2026-05-06 18:47:13.477
13358,2682699,0.0,0.0,0.0,2026-05-06 18:47:13.477
13359,2682822,0.0,0.0,0.0,2026-05-06 18:47:13.507
13360,2683162,0.0,0.0,0.0,2026-05-06 18:47:14.185
13361,2683405,0.0,0.0,0.0,2026-05-06 18:47:14.185
13362,2683625,0.0,0.0,0.0,2026-05-06 18:47:14.185
13363,2683748,0.0,0.0,0.0,2026-05-06 18:47:14.185
13364,2684087,0.0,0.0,0.0,2026-05-06 18:47:14.185
13365,2684210,0.0,0.0,0.0,2026-05-06 18:47:14.185
13366,2684550,0.0,0.0,0.0,2026-05-06 18:47:14.185
13367,2684793,0.0,0.0,0.0,2026-05-06 18:47:14.185
13368,2685013,0.0,0.0,0.0,2026-05-06 18:47:14.185
13369,2685136,0.0,0.0,0.0,2026-05-06 18:47:14.185
13370,2685476,0.0,0.0,0.0,2026-05-06 18:47:14.185
13371,2685719,0.0,0.0,0.0,2026-05-06 18:47:14.185
13372,2685939,0.0,0.0,0.0,2026-05-06 18:47:14.185
13373,2686063,0.0,0.0,0.0,2026-05-06 18:47:14.185
13374,2686402,0.0,0.0,0.0,2026-05-06 18:47:14.185
13375,2686525,0.0,0.0,0.0,2026-05-06 18:47:14.185
13376,2686866,0.0,0.0,0.0,2026-05-06 18:47:14.185
13377,2687166,0.0,0.0,0.0,2026-05-06 18:47:14.185
13378,2687386,0.0,0.0,0.0,2026-05-06 18:47:14.185
13379,2687572,0.0,0.0,0.0,2026-05-06 18:47:14.185
13380,2687793,0.0,0.0,0.0,2026-05-06 18:47:14.185
13381,2687916,0.0,0.0,0.0,2026-05-06 18:47:14.185
13382,2688256,0.0,0.0,0.0,2026-05-06 18:47:14.185
13383,2688379,0.0,0.0,0.0,2026-05-06 18:47:14.185
13384,2688722,0.0,0.0,0.0,2026-05-06 18:47:14.185
13385,2688845,0.0,0.0,0.0,2026-05-06 18:47:14.185
13386,2689184,0.0,0.0,0.0,2026-05-06 18:47:14.185
13387,2689307,0.0,0.0,0.0,2026-05-06 18:47:14.185
13388,2689648,0.0,0.0,0.0,2026-05-06 18:47:14.185
13389,2689771,0.0,0.0,0.0,2026-05-06 18:47:14.185
13390,2690110,0.0,0.0,0.0,2026-05-06 18:47:14.185
13391,2690353,0.0,0.0,0.0,2026-05-06 18:47:14.185
13392,2690574,0.0,0.0,0.0,2026-05-06 18:47:14.185
13393,2690816,0.0,0.0,0.0,2026-05-06 18:47:14.185
13394,2691035,0.0,0.0,0.0,2026-05-06 18:47:14.185
13395,2691278,0.0,0.0,0.0,2026-05-06 18:47:14.672
13396,2691499,0.0,0.0,0.0,2026-05-06 18:47:14.672
13397,2691742,0.0,0.0,0.0,2026-05-06 18:47:14.672
13398,2692216,0.0,0.0,0.0,2026-05-06 18:47:14.672
13399,2692436,0.0,0.0,0.0,2026-05-06 18:47:14.672
13400,2692680,0.0,0.0,0.0,2026-05-06 18:47:14.672
13401,2693153,0.0,0.0,0.0,2026-05-06 18:47:14.672
13402,2693374,0.0,0.0,0.0,2026-05-06 18:47:14.672
13403,2693617,0.0,0.0,0.0,2026-05-06 18:47:14.672
13404,2693836,0.0,0.0,0.0,2026-05-06 18:47:14.672
13405,2693959,0.0,0.0,0.0,2026-05-06 18:47:14.672
13406,2694300,0.0,0.0,0.0,2026-05-06 18:47:14.672
13407,2694543,0.0,0.0,0.0,2026-05-06 18:47:14.672
13408,2694763,0.0,0.0,0.0,2026-05-06 18:47:14.672
13409,2695007,0.0,0.0,0.0,2026-05-06 18:47:14.672
13410,2695227,0.0,0.0,0.0,2026-05-06 18:47:14.672
13411,2695470,0.0,0.0,0.0,2026-05-06 18:47:14.672
13412,2695690,0.0,0.0,0.0,2026-05-06 18:47:14.672
13413,2696157,0.0,0.0,0.0,2026-05-06 18:47:15.353
13414,2696400,0.0,0.0,0.0,2026-05-06 18:47:15.353
13415,2696621,0.0,0.0,0.0,2026-05-06 18:47:15.353
13416,2696744,0.0,0.0,0.0,2026-05-06 18:47:15.353
13417,2697084,0.0,0.0,0.0,2026-05-06 18:47:15.353
13418,2697207,0.0,0.0,0.0,2026-05-06 18:47:15.353
13419,2697547,0.0,0.0,0.0,2026-05-06 18:47:15.353
13420,2697848,0.0,0.0,0.0,2026-05-06 18:47:15.353
13421,2698069,0.0,0.0,0.0,2026-05-06 18:47:15.353
13422,2698254,0.0,0.0,0.0,2026-05-06 18:47:15.353
13423,2698475,0.0,0.0,0.0,2026-05-06 18:47:15.353
13424,2698718,0.0,0.0,0.0,2026-05-06 18:47:15.353
13425,2698937,0.0,0.0,0.0,2026-05-06 18:47:15.353
13426,2699060,0.0,0.0,0.0,2026-05-06 18:47:15.353
13427,2699400,0.0,0.0,0.0,2026-05-06 18:47:15.353
13428,2699523,0.0,0.0,0.0,2026-05-06 18:47:15.353
13429,2699864,0.0,0.0,0.0,2026-05-06 18:47:15.353
13430,2699987,0.0,0.0,0.0,2026-05-06 18:47:15.353
13431,2700328,0.0,0.0,0.0,2026-05-06 18:47:15.353
13432,2700451,0.0,0.0,0.0,2026-05-06 18:47:15.353
13433,2700792,0.0,0.0,0.0,2026-05-06 18:47:15.353
13434,2701035,0.0,0.0,0.0,2026-05-06 18:47:15.353
13435,2701256,0.0,0.0,0.0,2026-05-06 18:47:15.353
13436,2701499,0.0,0.0,0.0,2026-05-06 18:47:15.353
13437,2701721,0.0,0.0,0.0,2026-05-06 18:47:15.353
13438,2701964,0.0,0.0,0.0,2026-05-06 18:47:15.353
13439,2702184,0.0,0.0,0.0,2026-05-06 18:47:15.353
13440,2702428,0.0,0.0,0.0,2026-05-06 18:47:15.353
13441,2702648,0.0,0.0,0.0,2026-05-06 18:47:15.353
13442,2702891,0.0,0.0,0.0,2026-05-06 18:47:15.353
13443,2703113,0.0,0.0,0.0,2026-05-06 18:47:15.353
13444,2703580,0.0,0.0,0.0,2026-05-06 18:47:15.353
13445,2703823,0.0,0.0,0.0,2026-05-06 18:47:15.353
13446,2704042,0.0,0.0,0.0,2026-05-06 18:47:15.353
13447,2704166,0.0,0.0,0.0,2026-05-06 18:47:15.415
13448,2704506,0.0,0.0,0.0,2026-05-06 18:47:16.087
13449,2704749,0.0,0.0,0.0,2026-05-06 18:47:16.087
13450,2704969,0.0,0.0,0.0,2026-05-06 18:47:16.087
13451,2705213,0.0,0.0,0.0,2026-05-06 18:47:16.087
13452,2705435,0.0,0.0,0.0,2026-05-06 18:47:16.087
13453,2705557,0.0,0.0,0.0,2026-05-06 18:47:16.087
13454,2705897,0.0,0.0,0.0,2026-05-06 18:47:16.087
13455,2706199,0.0,0.0,0.0,2026-05-06 18:47:16.087
13456,2706421,0.0,0.0,0.0,2026-05-06 18:47:16.087
13457,2706606,0.0,0.0,0.0,2026-05-06 18:47:16.087
13458,2706827,0.0,0.0,0.0,2026-05-06 18:47:16.087
13459,2707070,0.0,0.0,0.0,2026-05-06 18:47:16.087
13460,2707290,0.0,0.0,0.0,2026-05-06 18:47:16.087
13461,2707533,0.0,0.0,0.0,2026-05-06 18:47:16.087
13462,2707754,0.0,0.0,0.0,2026-05-06 18:47:16.087
13463,2707997,0.0,0.0,0.0,2026-05-06 18:47:16.087
13464,2708217,0.0,0.0,0.0,2026-05-06 18:47:16.087
13465,2708340,0.0,0.0,0.0,2026-05-06 18:47:16.087
13466,2708681,0.0,0.0,0.0,2026-05-06 18:47:16.087
13467,2708924,0.0,0.0,0.0,2026-05-06 18:47:16.087
13468,2709145,0.0,0.0,0.0,2026-05-06 18:47:16.087
13469,2709268,0.0,0.0,0.0,2026-05-06 18:47:16.087
13470,2709610,0.0,0.0,0.0,2026-05-06 18:47:16.087
13471,2709733,0.0,0.0,0.0,2026-05-06 18:47:16.087
13472,2710073,0.0,0.0,0.0,2026-05-06 18:47:16.087
13473,2710316,0.0,0.0,0.0,2026-05-06 18:47:16.087
13474,2710536,0.0,0.0,0.0,2026-05-06 18:47:16.087
13475,2711002,0.0,0.0,0.0,2026-05-06 18:47:16.087
13476,2711248,0.0,0.0,0.0,2026-05-06 18:47:16.087
13477,2711469,0.0,0.0,0.0,2026-05-06 18:47:16.087
13478,2711592,0.0,0.0,0.0,2026-05-06 18:47:16.087
13479,2711932,0.0,0.0,0.0,2026-05-06 18:47:16.087
13480,2712055,0.0,0.0,0.0,2026-05-06 18:47:16.087
13481,2712395,0.0,0.0,0.0,2026-05-06 18:47:16.087
13482,2712518,0.0,0.0,0.0,2026-05-06 18:47:16.433
13483,2712858,0.0,0.0,0.0,2026-05-06 18:47:16.433
13484,2712981,0.0,0.0,0.0,2026-05-06 18:47:16.433
13485,2713322,0.0,0.0,0.0,2026-05-06 18:47:16.433
13486,2713564,0.0,0.0,0.0,2026-05-06 18:47:16.433
13487,2713785,0.0,0.0,0.0,2026-05-06 18:47:16.433
13488,2714029,0.0,0.0,0.0,2026-05-06 18:47:16.433
13489,2714250,0.0,0.0,0.0,2026-05-06 18:47:16.433
13490,2714493,0.0,0.0,0.0,2026-05-06 18:47:16.433
13491,2714714,0.0,0.0,0.0,2026-05-06 18:47:16.433
13492,2714957,0.0,0.0,0.0,2026-05-06 18:47:16.433
13493,2715178,0.0,0.0,0.0,2026-05-06 18:47:16.433
13494,2715300,0.0,0.0,0.0,2026-05-06 18:47:16.433
13495,2715641,0.0,0.0,0.0,2026-05-06 18:47:16.433
13496,2715884,0.0,0.0,0.0,2026-05-06 18:47:16.433
13497,2716104,0.0,0.0,0.0,2026-05-06 18:47:17.112
13498,2716228,0.0,0.0,0.0,2026-05-06 18:47:17.112
13499,2716570,0.0,0.0,0.0,2026-05-06 18:47:17.112
13500,2716813,0.0,0.0,0.0,2026-05-06 18:47:17.112
13501,2717034,0.0,0.0,0.0,2026-05-06 18:47:17.112
13502,2717277,0.0,0.0,0.0,2026-05-06 18:47:17.112
13503,2717498,0.0,0.0,0.0,2026-05-06 18:47:17.112
13504,2717621,0.0,0.0,0.0,2026-05-06 18:47:17.112
13505,2717963,0.0,0.0,0.0,2026-05-06 18:47:17.112
13506,2718564,0.0,0.0,0.0,2026-05-06 18:47:17.112
13507,2718904,0.0,0.0,0.0,2026-05-06 18:47:17.112
13508,2719147,0.0,0.0,0.0,2026-05-06 18:47:17.112
13509,2719367,0.0,0.0,0.0,2026-05-06 18:47:17.112
13510,2719610,0.0,0.0,0.0,2026-05-06 18:47:17.112
13511,2719963,0.0,0.0,0.0,2026-05-06 18:47:17.112
13512,2720304,0.0,0.0,0.0,2026-05-06 18:47:17.112
13513,2720547,0.0,0.0,0.0,2026-05-06 18:47:17.112
13514,2720766,0.0,0.0,0.0,2026-05-06 18:47:17.112
13515,2721010,0.0,0.0,0.0,2026-05-06 18:47:17.112
13516,2721363,0.0,0.0,0.0,2026-05-06 18:47:17.112
13517,2721703,0.0,0.0,0.0,2026-05-06 18:47:17.112
13518,2721826,0.0,0.0,0.0,2026-05-06 18:47:17.112
13519,2722168,0.0,0.0,0.0,2026-05-06 18:47:17.112
13520,2722291,0.0,0.0,0.0,2026-05-06 18:47:17.112
13521,2722631,0.0,0.0,0.0,2026-05-06 18:47:17.112
13522,2722874,0.0,0.0,0.0,2026-05-06 18:47:17.112
13523,2723093,0.0,0.0,0.0,2026-05-06 18:47:17.112
13524,2723217,0.0,0.0,0.0,2026-05-06 18:47:17.112
13525,2723557,0.0,0.0,0.0,2026-05-06 18:47:17.112
13526,2723680,0.0,0.0,0.0,2026-05-06 18:47:17.112
13527,2724021,0.0,0.0,0.0,2026-05-06 18:47:17.822
13528,2724144,0.0,0.0,0.0,2026-05-06 18:47:17.822
13529,2724484,0.0,0.0,0.0,2026-05-06 18:47:17.822
13530,2724608,0.0,0.0,0.0,2026-05-06 18:47:17.822
13531,2724949,0.0,0.0,0.0,2026-05-06 18:47:17.822
13532,2725072,0.0,0.0,0.0,2026-05-06 18:47:17.822
13533,2725413,0.0,0.0,0.0,2026-05-06 18:47:17.822
13534,2725535,0.0,0.0,0.0,2026-05-06 18:47:17.822
13535,2725879,0.0,0.0,0.0,2026-05-06 18:47:17.822
13536,2726122,0.0,0.0,0.0,2026-05-06 18:47:17.822
13537,2726343,0.0,0.0,0.0,2026-05-06 18:47:17.822
13538,2726466,0.0,0.0,0.0,2026-05-06 18:47:17.822
13539,2726806,0.0,0.0,0.0,2026-05-06 18:47:17.822
13540,2727050,0.0,0.0,0.0,2026-05-06 18:47:17.822
13541,2727270,0.0,0.0,0.0,2026-05-06 18:47:17.822
13542,2727513,0.0,0.0,0.0,2026-05-06 18:47:17.822
13543,2727734,0.0,0.0,0.0,2026-05-06 18:47:17.822
13544,2727857,0.0,0.0,0.0,2026-05-06 18:47:17.822
13545,2728198,0.0,0.0,0.0,2026-05-06 18:47:17.822
13546,2728441,0.0,0.0,0.0,2026-05-06 18:47:17.822
13547,2728794,0.0,0.0,0.0,2026-05-06 18:47:17.822
13548,2729135,0.0,0.0,0.0,2026-05-06 18:47:17.822
13549,2729378,0.0,0.0,0.0,2026-05-06 18:47:17.822
13550,2729598,0.0,0.0,0.0,2026-05-06 18:47:17.822
13551,2729721,0.0,0.0,0.0,2026-05-06 18:47:17.822
13552,2730062,0.0,0.0,0.0,2026-05-06 18:47:17.822
13553,2730305,0.0,0.0,0.0,2026-05-06 18:47:17.822
13554,2730526,0.0,0.0,0.0,2026-05-06 18:47:17.822
13555,2730768,0.0,0.0,0.0,2026-05-06 18:47:17.822
13556,2731123,0.0,0.0,0.0,2026-05-06 18:47:17.822
13557,2731463,0.0,0.0,0.0,2026-05-06 18:47:17.822
13558,2731706,0.0,0.0,0.0,2026-05-06 18:47:17.822
13559,2731926,0.0,0.0,0.0,2026-05-06 18:47:17.822
13560,2732049,0.0,0.0,0.0,2026-05-06 18:47:18.478
13561,2732389,0.0,0.0,0.0,2026-05-06 18:47:18.478
13562,2732512,0.0,0.0,0.0,2026-05-06 18:47:18.478
13563,2732853,0.0,0.0,0.0,2026-05-06 18:47:18.478
13564,2733319,0.0,0.0,0.0,2026-05-06 18:47:18.478
13565,2733442,0.0,0.0,0.0,2026-05-06 18:47:18.478
13566,2733783,0.0,0.0,0.0,2026-05-06 18:47:18.478
13567,2734026,0.0,0.0,0.0,2026-05-06 18:47:18.478
13568,2734380,0.0,0.0,0.0,2026-05-06 18:47:18.478
13569,2734721,0.0,0.0,0.0,2026-05-06 18:47:18.478
13570,2734964,0.0,0.0,0.0,2026-05-06 18:47:18.478
13571,2735185,0.0,0.0,0.0,2026-05-06 18:47:18.478
13572,2735428,0.0,0.0,0.0,2026-05-06 18:47:18.478
13573,2735648,0.0,0.0,0.0,2026-05-06 18:47:18.478
13574,2735891,0.0,0.0,0.0,2026-05-06 18:47:18.478
13575,2736111,0.0,0.0,0.0,2026-05-06 18:47:18.478
13576,2736234,0.0,0.0,0.0,2026-05-06 18:47:18.478
13577,2736575,0.0,0.0,0.0,2026-05-06 18:47:18.478
13578,2736817,0.0,0.0,0.0,2026-05-06 18:47:18.478
13579,2737037,0.0,0.0,0.0,2026-05-06 18:47:18.478
13580,2737280,0.0,0.0,0.0,2026-05-06 18:47:18.478
13581,2737500,0.0,0.0,0.0,2026-05-06 18:47:18.478
13582,2737743,0.0,0.0,0.0,2026-05-06 18:47:18.478
13583,2737962,0.0,0.0,0.0,2026-05-06 18:47:18.478
13584,2738205,0.0,0.0,0.0,2026-05-06 18:47:18.478
13585,2738425,0.0,0.0,0.0,2026-05-06 18:47:18.478
13586,2738549,0.0,0.0,0.0,2026-05-06 18:47:18.478
13587,2738888,0.0,0.0,0.0,2026-05-06 18:47:18.478
13588,2739011,0.0,0.0,0.0,2026-05-06 18:47:19.145
13589,2739352,0.0,0.0,0.0,2026-05-06 18:47:19.145
13590,2739595,0.0,0.0,0.0,2026-05-06 18:47:19.145
13591,2739816,0.0,0.0,0.0,2026-05-06 18:47:19.145
13592,2740058,0.0,0.0,0.0,2026-05-06 18:47:19.145
13593,2740279,0.0,0.0,0.0,2026-05-06 18:47:19.145
13594,2740402,0.0,0.0,0.0,2026-05-06 18:47:19.145
13595,2740746,0.0,0.0,0.0,2026-05-06 18:47:19.145
13596,2740869,0.0,0.0,0.0,2026-05-06 18:47:19.145
13597,2741209,0.0,0.0,0.0,2026-05-06 18:47:19.145
13598,2741332,0.0,0.0,0.0,2026-05-06 18:47:19.145
13599,2741673,0.0,0.0,0.0,2026-05-06 18:47:19.145
13600,2741916,0.0,0.0,0.0,2026-05-06 18:47:19.145
13601,2742136,0.0,0.0,0.0,2026-05-06 18:47:19.145
13602,2742259,0.0,0.0,0.0,2026-05-06 18:47:19.145
13603,2742600,0.0,0.0,0.0,2026-05-06 18:47:19.145
13604,2742843,0.0,0.0,0.0,2026-05-06 18:47:19.145
13605,2743063,0.0,0.0,0.0,2026-05-06 18:47:19.145
13606,2743187,0.0,0.0,0.0,2026-05-06 18:47:19.145
13607,2743528,0.0,0.0,0.0,2026-05-06 18:47:19.145
13608,2743651,0.0,0.0,0.0,2026-05-06 18:47:19.145
13609,2743990,0.0,0.0,0.0,2026-05-06 18:47:19.145
13610,2744113,0.0,0.0,0.0,2026-05-06 18:47:19.145
13611,2744452,0.0,0.0,0.0,2026-05-06 18:47:19.145
13612,2744575,0.0,0.0,0.0,2026-05-06 18:47:19.145
13613,2744916,0.0,0.0,0.0,2026-05-06 18:47:19.145
13614,2745158,0.0,0.0,0.0,2026-05-06 18:47:19.145
13615,2745377,0.0,0.0,0.0,2026-05-06 18:47:19.145
13616,2745621,0.0,0.0,0.0,2026-05-06 18:47:19.145
13617,2745842,0.0,0.0,0.0,2026-05-06 18:47:19.145
13618,2746085,0.0,0.0,0.0,2026-05-06 18:47:19.145
13619,2746305,0.0,0.0,0.0,2026-05-06 18:47:19.145
13620,2746548,0.0,0.0,0.0,2026-05-06 18:47:19.145
13621,2747021,0.0,0.0,0.0,2026-05-06 18:47:19.869
13622,2747242,0.0,0.0,0.0,2026-05-06 18:47:19.869
13623,2747365,0.0,0.0,0.0,2026-05-06 18:47:19.869
13624,2747705,0.0,0.0,0.0,2026-05-06 18:47:19.869
13625,2747828,0.0,0.0,0.0,2026-05-06 18:47:19.869
13626,2748172,0.0,0.0,0.0,2026-05-06 18:47:19.869
13627,2748415,0.0,0.0,0.0,2026-05-06 18:47:19.869
13628,2748636,0.0,0.0,0.0,2026-05-06 18:47:19.869
13629,2748759,0.0,0.0,0.0,2026-05-06 18:47:19.869
13630,2749100,0.0,0.0,0.0,2026-05-06 18:47:19.869
13631,2749343,0.0,0.0,0.0,2026-05-06 18:47:19.869
13632,2749563,0.0,0.0,0.0,2026-05-06 18:47:19.869
13633,2749686,0.0,0.0,0.0,2026-05-06 18:47:19.869
13634,2750027,0.0,0.0,0.0,2026-05-06 18:47:19.869
13635,2750270,0.0,0.0,0.0,2026-05-06 18:47:19.869
13636,2750743,0.0,0.0,0.0,2026-05-06 18:47:19.869
13637,2751097,0.0,0.0,0.0,2026-05-06 18:47:19.869
13638,2751437,0.0,0.0,0.0,2026-05-06 18:47:19.869
13639,2751680,0.0,0.0,0.0,2026-05-06 18:47:19.869
13640,2751900,0.0,0.0,0.0,2026-05-06 18:47:19.869
13641,2752023,0.0,0.0,0.0,2026-05-06 18:47:19.869
13642,2752362,0.0,0.0,0.0,2026-05-06 18:47:19.869
13643,2752486,0.0,0.0,0.0,2026-05-06 18:47:19.869
13644,2752827,0.0,0.0,0.0,2026-05-06 18:47:19.869
13645,2753072,0.0,0.0,0.0,2026-05-06 18:47:19.869
13646,2753294,0.0,0.0,0.0,2026-05-06 18:47:19.869
13647,2753536,0.0,0.0,0.0,2026-05-06 18:47:19.869
13648,2753757,0.0,0.0,0.0,2026-05-06 18:47:19.869
13649,2754000,0.0,0.0,0.0,2026-05-06 18:47:19.869
13650,2754244,0.0,0.0,0.0,2026-05-06 18:47:19.869
13651,2754358,0.0,0.0,0.0,2026-05-06 18:47:19.869
13652,2754698,0.0,0.0,0.0,2026-05-06 18:47:19.869
13653,2754821,0.0,0.0,0.0,2026-05-06 18:47:19.869
13654,2755161,0.0,0.0,0.0,2026-05-06 18:47:20.597
13655,2755284,0.0,0.0,0.0,2026-05-06 18:47:20.597
13656,2755627,0.0,0.0,0.0,2026-05-06 18:47:20.597
13657,2755750,0.0,0.0,0.0,2026-05-06 18:47:20.597
13658,2756091,0.0,0.0,0.0,2026-05-06 18:47:20.597
13659,2756334,0.0,0.0,0.0,2026-05-06 18:47:20.597
13660,2756555,0.0,0.0,0.0,2026-05-06 18:47:20.597
13661,2756678,0.0,0.0,0.0,2026-05-06 18:47:20.597
13662,2757018,0.0,0.0,0.0,2026-05-06 18:47:20.597
13663,2757261,0.0,0.0,0.0,2026-05-06 18:47:20.597
13664,2757482,0.0,0.0,0.0,2026-05-06 18:47:20.597
13665,2757605,0.0,0.0,0.0,2026-05-06 18:47:20.597
13666,2757945,0.0,0.0,0.0,2026-05-06 18:47:20.597
13667,2758189,0.0,0.0,0.0,2026-05-06 18:47:20.597
13668,2758410,0.0,0.0,0.0,2026-05-06 18:47:20.597
13669,2758532,0.0,0.0,0.0,2026-05-06 18:47:20.597
13670,2758873,0.0,0.0,0.0,2026-05-06 18:47:20.597
13671,2759175,0.0,0.0,0.0,2026-05-06 18:47:20.597
13672,2759394,0.0,0.0,0.0,2026-05-06 18:47:20.597
13673,2759580,0.0,0.0,0.0,2026-05-06 18:47:20.597
13674,2759800,0.0,0.0,0.0,2026-05-06 18:47:20.597
13675,2759923,0.0,0.0,0.0,2026-05-06 18:47:20.597
13676,2760264,0.0,0.0,0.0,2026-05-06 18:47:20.597
13677,2760507,0.0,0.0,0.0,2026-05-06 18:47:20.597
13678,2760727,0.0,0.0,0.0,2026-05-06 18:47:20.597
13679,2760850,0.0,0.0,0.0,2026-05-06 18:47:20.597
13680,2761190,0.0,0.0,0.0,2026-05-06 18:47:20.597
13681,2761313,0.0,0.0,0.0,2026-05-06 18:47:20.597
13682,2761653,0.0,0.0,0.0,2026-05-06 18:47:20.597
13683,2761896,0.0,0.0,0.0,2026-05-06 18:47:20.597
13684,2762115,0.0,0.0,0.0,2026-05-06 18:47:20.597
13685,2762239,0.0,0.0,0.0,2026-05-06 18:47:20.597
13686,2762580,0.0,0.0,0.0,2026-05-06 18:47:20.597
13687,2762703,0.0,0.0,0.0,2026-05-06 18:47:20.597
13688,2763045,0.0,0.0,0.0,2026-05-06 18:47:21.309
13689,2763288,0.0,0.0,0.0,2026-05-06 18:47:21.309
13690,2763642,0.0,0.0,0.0,2026-05-06 18:47:21.309
13691,2763983,0.0,0.0,0.0,2026-05-06 18:47:21.309
13692,2764226,0.0,0.0,0.0,2026-05-06 18:47:21.309
13693,2764700,0.0,0.0,0.0,2026-05-06 18:47:21.309
13694,2764920,0.0,0.0,0.0,2026-05-06 18:47:21.309
13695,2765163,0.0,0.0,0.0,2026-05-06 18:47:21.309
13696,2765383,0.0,0.0,0.0,2026-05-06 18:47:21.309
13697,2765626,0.0,0.0,0.0,2026-05-06 18:47:21.309
13698,2765847,0.0,0.0,0.0,2026-05-06 18:47:21.309
13699,2765970,0.0,0.0,0.0,2026-05-06 18:47:21.309
13700,2766310,0.0,0.0,0.0,2026-05-06 18:47:21.309
13701,2766669,0.0,0.0,0.0,2026-05-06 18:47:21.309
13702,2766902,0.0,0.0,0.0,2026-05-06 18:47:21.309
13703,2767242,0.0,0.0,0.0,2026-05-06 18:47:21.309
13704,2767365,0.0,0.0,0.0,2026-05-06 18:47:21.309
13705,2767706,0.0,0.0,0.0,2026-05-06 18:47:21.309
13706,2767949,0.0,0.0,0.0,2026-05-06 18:47:21.309
13707,2768169,0.0,0.0,0.0,2026-05-06 18:47:21.309
13708,2768293,0.0,0.0,0.0,2026-05-06 18:47:21.309
13709,2768634,0.0,0.0,0.0,2026-05-06 18:47:21.309
13710,2768757,0.0,0.0,0.0,2026-05-06 18:47:21.309
13711,2769098,0.0,0.0,0.0,2026-05-06 18:47:21.309
13712,2769341,0.0,0.0,0.0,2026-05-06 18:47:21.309
13713,2769562,0.0,0.0,0.0,2026-05-06 18:47:21.309
13714,2769685,0.0,0.0,0.0,2026-05-06 18:47:21.309
13715,2770026,0.0,0.0,0.0,2026-05-06 18:47:21.309
13716,2770149,0.0,0.0,0.0,2026-05-06 18:47:21.309
13717,2770492,0.0,0.0,0.0,2026-05-06 18:47:21.309
13718,2770735,0.0,0.0,0.0,2026-05-06 18:47:21.309
13719,2770956,0.0,0.0,0.0,2026-05-06 18:47:21.309
13720,2771079,0.0,0.0,0.0,2026-05-06 18:47:22.035
13721,2771419,0.0,0.0,0.0,2026-05-06 18:47:22.035
13722,2771662,0.0,0.0,0.0,2026-05-06 18:47:22.035
13723,2771882,0.0,0.0,0.0,2026-05-06 18:47:22.035
13724,2772125,0.0,0.0,0.0,2026-05-06 18:47:22.035
13725,2772598,0.0,0.0,0.0,2026-05-06 18:47:22.035
13726,2772818,0.0,0.0,0.0,2026-05-06 18:47:22.035
13727,2773061,0.0,0.0,0.0,2026-05-06 18:47:22.035
13728,2773414,0.0,0.0,0.0,2026-05-06 18:47:22.035
13729,2773678,0.0,0.0,0.0,2026-05-06 18:47:22.035
13730,2774019,0.0,0.0,0.0,2026-05-06 18:47:22.035
13731,2774238,0.0,0.0,0.0,2026-05-06 18:47:22.035
13732,2774362,0.0,0.0,0.0,2026-05-06 18:47:22.035
