idx,char_pos,w,cmdA,cmdV,fbA,fbV,ts
0,1,1,-0.01,0.0,-0.01,0.0,2026-05-06 06:27:32.141
1,60,2,0.0,0.0,0.0,0.0,2026-05-06 06:27:32.141
2,117,3,-0.0,0.0,0.0,0.0,2026-05-06 06:27:32.141
3,176,1,0.0,0.001,-0.01,0.0,2026-05-06 06:27:32.141
4,234,2,0.0,0.001,0.0,0.0,2026-05-06 06:27:32.141
5,291,3,0.0,0.001,-0.01,0.0,2026-05-06 06:27:32.141
6,348,1,-0.01,0.0,-0.01,0.0,2026-05-06 06:27:32.141
7,407,2,0.0,0.0,0.0,0.0,2026-05-06 06:27:32.141
8,479,1,0.0,0.003,-0.0,0.0,2026-05-06 06:27:32.141
9,537,2,0.0,0.003,0.0,0.0,2026-05-06 06:27:32.141
10,594,3,0.0,0.003,-0.01,0.0,2026-05-06 06:27:32.141
11,652,1,0.0,0.003,-0.01,-0.0,2026-05-06 06:27:32.141
12,711,2,0.0,0.003,0.0,0.0,2026-05-06 06:27:32.141
13,768,3,0.0,0.003,0.0,0.0,2026-05-06 06:27:32.141
14,825,1,0.0,0.004,-0.01,-0.0,2026-05-06 06:27:32.141
15,884,2,0.0,0.004,0.0,0.0,2026-05-06 06:27:32.141
16,952,1,0.0,0.009,-0.0,0.001,2026-05-06 06:27:32.141
17,1010,2,0.0,0.009,0.0,0.0,2026-05-06 06:27:32.141
18,1067,3,0.0,0.009,0.0,0.001,2026-05-06 06:27:32.141
19,1124,1,0.0,0.009,-0.0,0.001,2026-05-06 06:27:32.141
20,1182,2,0.0,0.009,0.0,0.0,2026-05-06 06:27:32.141
21,1239,3,0.0,0.009,0.0,0.001,2026-05-06 06:27:32.141
22,1296,1,0.0,0.01,-0.0,0.001,2026-05-06 06:27:32.141
23,1354,2,0.0,0.01,0.0,0.001,2026-05-06 06:27:32.141
24,1422,1,0.0,0.018,-0.0,0.003,2026-05-06 06:27:32.141
25,1480,2,0.0,0.018,0.0,0.003,2026-05-06 06:27:32.141
26,1537,3,0.0,0.018,-0.0,0.004,2026-05-06 06:27:32.141
27,1595,1,0.0,0.018,-0.0,0.003,2026-05-06 06:27:32.141
28,1653,2,0.0,0.018,0.0,0.004,2026-05-06 06:27:32.141
29,1710,3,0.0,0.018,-0.0,0.003,2026-05-06 06:27:32.141
30,1768,1,0.0,0.019,-0.0,0.005,2026-05-06 06:27:32.141
31,1826,2,0.0,0.019,0.0,0.004,2026-05-06 06:27:32.141
32,1894,1,0.0,0.03,0.0,0.009,2026-05-06 06:27:32.141
33,1951,2,0.0,0.03,0.0,0.008,2026-05-06 06:27:32.141
34,2068,1,0.0,0.032,0.0,0.009,2026-05-06 06:27:32.141
35,2125,2,0.0,0.032,0.0,0.008,2026-05-06 06:27:32.141
36,2182,3,0.0,0.032,0.0,0.008,2026-05-06 06:27:32.141
37,2239,1,0.0,0.034,0.0,0.009,2026-05-06 06:27:32.141
38,2296,2,0.0,0.034,0.0,0.008,2026-05-06 06:27:32.141
39,2366,1,0.0,0.05,0.0,0.018,2026-05-06 06:27:32.141
40,2423,2,0.0,0.05,-0.0,0.02,2026-05-06 06:27:32.141
41,2481,3,0.0,0.05,0.0,0.018,2026-05-06 06:27:32.141
42,2538,1,0.0,0.05,0.0,0.02,2026-05-06 06:27:32.141
43,2595,2,0.0,0.05,0.0,0.02,2026-05-06 06:27:32.141
44,2652,3,0.0,0.05,-0.0,0.019,2026-05-06 06:27:32.141
45,2710,1,0.0,0.053,0.0,0.02,2026-05-06 06:27:32.141
46,2767,2,0.0,0.053,0.0,0.02,2026-05-06 06:27:32.141
47,2836,1,0.0,0.075,0.0,0.035,2026-05-06 06:27:32.141
48,2893,2,0.0,0.075,0.0,0.036,2026-05-06 06:27:32.141
49,2950,3,0.0,0.075,0.0,0.034,2026-05-06 06:27:32.141
50,3007,1,0.0,0.078,0.0,0.035,2026-05-06 06:27:32.141
51,3064,2,0.0,0.078,-0.0,0.036,2026-05-06 06:27:32.141
52,3122,3,0.0,0.078,0.01,0.034,2026-05-06 06:27:32.141
53,3179,1,0.0,0.082,0.0,0.035,2026-05-06 06:27:32.141
54,3236,2,0.0,0.082,-0.0,0.036,2026-05-06 06:27:32.141
55,3306,1,0.0,0.112,0.0,0.05,2026-05-06 06:27:32.141
56,3363,2,0.0,0.112,-0.0,0.05,2026-05-06 06:27:32.141
57,3421,3,0.0,0.112,0.0,0.049,2026-05-06 06:27:32.141
58,3478,1,0.0,0.112,0.0,0.054,2026-05-06 06:27:32.141
59,3535,2,0.0,0.112,-0.0,0.055,2026-05-06 06:27:32.141
60,3593,3,0.0,0.112,0.0,0.05,2026-05-06 06:27:32.141
61,3650,1,0.0,0.116,0.0,0.054,2026-05-06 06:27:32.141
62,3772,1,0.0,0.152,-0.0,0.08,2026-05-06 06:27:32.141
63,3830,2,0.0,0.152,-0.01,0.081,2026-05-06 06:27:32.141
64,3888,3,0.0,0.152,0.0,0.079,2026-05-06 06:27:32.141
65,3945,1,0.0,0.157,-0.0,0.08,2026-05-06 06:27:32.141
66,4003,2,0.0,0.157,-0.01,0.084,2026-05-06 06:27:32.204
67,4061,3,0.0,0.157,0.0,0.079,2026-05-06 06:27:32.439
68,4118,1,0.0,0.163,0.0,0.082,2026-05-06 06:27:32.439
69,4175,2,0.0,0.163,-0.0,0.084,2026-05-06 06:27:32.439
70,4234,1,0.0,0.196,-0.0,0.116,2026-05-06 06:27:32.439
71,4292,2,0.0,0.196,-0.0,0.12,2026-05-06 06:27:32.439
72,4350,3,0.0,0.196,0.0,0.117,2026-05-06 06:27:32.439
73,4407,1,0.0,0.201,-0.0,0.115,2026-05-06 06:27:32.439
74,4465,2,0.0,0.201,-0.0,0.12,2026-05-06 06:27:32.439
75,4523,3,0.0,0.201,0.0,0.117,2026-05-06 06:27:32.439
76,4580,1,0.0,0.206,-0.0,0.125,2026-05-06 06:27:32.439
77,4638,2,0.0,0.206,-0.0,0.127,2026-05-06 06:27:32.439
78,4696,1,0.0,0.237,-0.0,0.159,2026-05-06 06:27:32.439
79,4754,2,0.0,0.237,-0.0,0.162,2026-05-06 06:27:32.439
80,4812,3,0.0,0.237,0.01,0.158,2026-05-06 06:27:32.439
81,4869,1,0.0,0.242,-0.0,0.159,2026-05-06 06:27:32.439
82,4927,2,0.0,0.242,-0.0,0.162,2026-05-06 06:27:32.439
83,4985,3,0.0,0.242,0.01,0.158,2026-05-06 06:27:32.439
84,5042,1,0.0,0.246,-0.0,0.159,2026-05-06 06:27:32.439
85,5100,2,0.0,0.246,0.0,0.163,2026-05-06 06:27:32.439
86,5158,1,0.0,0.272,-0.0,0.203,2026-05-06 06:27:32.439
87,5217,1,0.0,0.275,-0.0,0.203,2026-05-06 06:27:32.439
88,5275,2,0.0,0.275,0.0,0.21,2026-05-06 06:27:32.439
89,5332,3,0.0,0.275,-0.0,0.203,2026-05-06 06:27:32.439
90,5389,2,0.0,0.272,0.0,0.21,2026-05-06 06:27:32.439
91,5446,3,0.0,0.272,-0.0,0.203,2026-05-06 06:27:32.439
92,5504,1,0.0,0.279,-0.0,0.208,2026-05-06 06:27:32.439
93,5562,2,0.0,0.279,0.0,0.215,2026-05-06 06:27:32.439
94,5630,1,0.0,0.301,-0.0,0.247,2026-05-06 06:27:32.439
95,5688,2,0.0,0.301,0.0,0.256,2026-05-06 06:27:32.439
96,5745,3,0.0,0.301,0.0,0.25,2026-05-06 06:27:32.439
97,5802,1,0.0,0.301,-0.0,0.247,2026-05-06 06:27:32.439
98,5860,2,0.0,0.301,0.0,0.256,2026-05-06 06:27:32.439
99,5917,3,0.0,0.301,0.0,0.25,2026-05-06 06:27:32.439
100,5974,1,0.0,0.303,-0.0,0.249,2026-05-06 06:27:32.439
101,6032,2,0.0,0.303,0.0,0.26,2026-05-06 06:27:32.439
102,6100,1,0.0,0.317,0.0,0.27,2026-05-06 06:27:32.439
103,6157,2,0.0,0.317,-0.0,0.281,2026-05-06 06:27:32.439
104,6215,3,0.0,0.317,0.0,0.276,2026-05-06 06:27:32.439
105,6272,1,0.0,0.319,0.0,0.27,2026-05-06 06:27:32.439
106,6329,2,0.0,0.319,-0.0,0.281,2026-05-06 06:27:32.439
107,6387,3,0.0,0.319,0.0,0.276,2026-05-06 06:27:32.439
108,6444,1,0.0,0.319,0.0,0.27,2026-05-06 06:27:32.439
109,6501,2,0.0,0.319,-0.0,0.281,2026-05-06 06:27:32.439
110,6571,1,0.0,0.332,0.0,0.27,2026-05-06 06:27:32.439
111,6628,2,0.0,0.332,-0.0,0.281,2026-05-06 06:27:32.439
112,6686,3,0.0,0.332,0.0,0.276,2026-05-06 06:27:32.439
113,6743,1,0.0,0.332,0.0,0.27,2026-05-06 06:27:32.439
114,6800,2,0.0,0.332,-0.0,0.281,2026-05-06 06:27:32.439
115,6859,1,0.0,0.333,0.0,0.27,2026-05-06 06:27:32.439
116,6977,3,0.0,0.333,0.0,0.276,2026-05-06 06:27:32.439
117,7044,1,0.0,0.34,-0.0,0.331,2026-05-06 06:27:32.439
118,7102,2,0.0,0.34,-0.0,0.341,2026-05-06 06:27:32.439
119,7160,3,0.0,0.34,-0.0,0.337,2026-05-06 06:27:32.439
120,7218,1,0.0,0.341,-0.0,0.332,2026-05-06 06:27:32.439
121,7276,2,0.0,0.341,-0.0,0.343,2026-05-06 06:27:32.439
122,7334,3,0.0,0.341,-0.0,0.338,2026-05-06 06:27:32.439
123,7392,1,0.0,0.342,-0.0,0.334,2026-05-06 06:27:32.439
124,7450,2,0.0,0.342,-0.0,0.346,2026-05-06 06:27:32.944
125,7518,1,0.0,0.345,-0.0,0.336,2026-05-06 06:27:32.944
126,7576,2,0.0,0.345,-0.0,0.348,2026-05-06 06:27:32.944
127,7634,3,0.0,0.345,-0.01,0.342,2026-05-06 06:27:32.944
128,7692,1,0.0,0.345,-0.0,0.336,2026-05-06 06:27:32.944
129,7750,2,0.0,0.345,-0.0,0.348,2026-05-06 06:27:32.944
130,7808,3,0.0,0.345,-0.01,0.342,2026-05-06 06:27:32.944
131,7866,1,0.0,0.345,-0.0,0.336,2026-05-06 06:27:32.944
132,7924,2,0.0,0.345,-0.0,0.348,2026-05-06 06:27:32.944
133,7991,1,0.0,0.339,-0.0,0.347,2026-05-06 06:27:32.944
134,8049,2,0.0,0.339,-0.0,0.36,2026-05-06 06:27:32.944
135,8107,3,0.0,0.339,0.0,0.355,2026-05-06 06:27:32.944
136,8164,1,0.0,0.339,-0.0,0.347,2026-05-06 06:27:32.944
137,8222,2,0.0,0.339,-0.0,0.36,2026-05-06 06:27:32.944
138,8280,3,0.0,0.339,0.0,0.355,2026-05-06 06:27:32.944
139,8337,1,0.0,0.338,-0.0,0.347,2026-05-06 06:27:32.944
140,8395,2,0.0,0.338,-0.0,0.36,2026-05-06 06:27:32.944
141,8464,1,0.0,0.329,-0.0,0.347,2026-05-06 06:27:32.944
142,8522,2,0.0,0.329,-0.0,0.36,2026-05-06 06:27:32.944
143,8580,3,0.0,0.329,0.0,0.355,2026-05-06 06:27:32.944
144,8637,1,0.0,0.327,-0.0,0.347,2026-05-06 06:27:32.944
145,8695,2,0.0,0.327,-0.0,0.36,2026-05-06 06:27:32.944
146,8753,3,0.0,0.327,0.0,0.355,2026-05-06 06:27:32.944
147,8810,1,0.0,0.327,-0.0,0.347,2026-05-06 06:27:32.944
148,8868,2,0.0,0.327,-0.0,0.36,2026-05-06 06:27:32.944
149,8936,1,0.0,0.311,-0.0,0.347,2026-05-06 06:27:32.944
150,8994,2,0.0,0.311,-0.0,0.36,2026-05-06 06:27:32.944
151,9052,3,0.0,0.311,0.0,0.355,2026-05-06 06:27:32.944
152,9109,1,0.0,0.307,-0.0,0.347,2026-05-06 06:27:32.944
153,9167,2,0.0,0.307,-0.0,0.36,2026-05-06 06:27:32.944
154,9225,3,0.0,0.307,0.0,0.355,2026-05-06 06:27:32.944
155,9282,1,0.0,0.303,-0.0,0.347,2026-05-06 06:27:32.944
156,9340,2,0.0,0.303,-0.0,0.36,2026-05-06 06:27:32.944
157,9409,1,0.0,0.272,-0.0,0.347,2026-05-06 06:27:32.944
158,9468,1,0.0,0.265,-0.0,0.347,2026-05-06 06:27:32.944
159,9526,2,0.0,0.265,-0.0,0.36,2026-05-06 06:27:32.944
160,9584,3,0.0,0.265,0.0,0.355,2026-05-06 06:27:32.944
161,9640,2,0.0,0.272,-0.0,0.36,2026-05-06 06:27:32.944
162,9698,3,0.0,0.272,0.0,0.355,2026-05-06 06:27:32.944
163,9755,1,0.0,0.258,-0.0,0.347,2026-05-06 06:27:32.944
164,9813,2,0.0,0.258,-0.0,0.36,2026-05-06 06:27:32.944
165,9881,1,0.0,0.195,0.0,0.304,2026-05-06 06:27:32.944
166,9938,2,0.0,0.195,-0.0,0.317,2026-05-06 06:27:32.944
167,9996,3,0.0,0.195,-0.0,0.313,2026-05-06 06:27:32.944
168,10054,1,0.0,0.195,0.0,0.304,2026-05-06 06:27:32.944
169,10111,2,0.0,0.195,-0.0,0.317,2026-05-06 06:27:32.944
170,10169,3,0.0,0.195,-0.0,0.313,2026-05-06 06:27:32.944
171,10227,1,0.0,0.185,0.0,0.301,2026-05-06 06:27:32.944
172,10284,2,0.0,0.185,-0.0,0.313,2026-05-06 06:27:32.944
173,10353,1,0.0,0.114,0.0,0.246,2026-05-06 06:27:32.944
174,10410,2,0.0,0.114,-0.0,0.256,2026-05-06 06:27:32.944
175,10468,3,0.0,0.114,0.0,0.259,2026-05-06 06:27:32.944
176,10525,1,0.0,0.114,0.0,0.246,2026-05-06 06:27:32.944
177,10582,2,0.0,0.114,-0.0,0.256,2026-05-06 06:27:32.944
178,10640,3,0.0,0.114,0.0,0.259,2026-05-06 06:27:32.944
179,10697,1,0.0,0.105,0.0,0.246,2026-05-06 06:27:32.944
180,10754,2,0.0,0.105,-0.0,0.256,2026-05-06 06:27:32.944
181,10823,1,0.0,0.054,-0.0,0.229,2026-05-06 06:27:32.944
182,10881,2,0.0,0.054,-0.0,0.241,2026-05-06 06:27:32.944
183,10939,3,0.0,0.054,0.0,0.241,2026-05-06 06:27:32.944
184,10996,1,0.0,0.054,-0.0,0.229,2026-05-06 06:27:32.944
185,11054,2,0.0,0.054,-0.0,0.241,2026-05-06 06:27:32.944
186,11111,1,0.0,0.049,-0.0,0.229,2026-05-06 06:27:32.944
187,11169,2,0.0,0.049,-0.0,0.241,2026-05-06 06:27:32.944
188,11227,3,0.0,0.049,0.0,0.241,2026-05-06 06:27:32.944
189,11295,2,0.0,0.023,-0.0,0.13,2026-05-06 06:27:32.944
190,11353,3,0.0,0.023,0.0,0.122,2026-05-06 06:27:32.944
191,11410,1,0.0,0.02,0.0,0.108,2026-05-06 06:27:32.944
192,11467,2,0.0,0.02,-0.0,0.111,2026-05-06 06:27:32.944
193,11525,3,0.0,0.02,-0.0,0.111,2026-05-06 06:27:32.944
194,11583,1,0.0,0.02,0.0,0.108,2026-05-06 06:27:32.944
195,11640,2,0.0,0.02,-0.0,0.111,2026-05-06 06:27:32.944
196,11698,3,0.0,0.02,-0.0,0.111,2026-05-06 06:27:32.944
197,11768,1,0.0,0.007,0.01,0.052,2026-05-06 06:27:32.944
198,11825,2,0.0,0.007,0.0,0.057,2026-05-06 06:27:32.944
199,11882,3,0.0,0.007,0.0,0.056,2026-05-06 06:27:32.944
200,11939,1,0.0,0.005,0.0,0.045,2026-05-06 06:27:32.944
201,11996,2,0.0,0.005,0.0,0.046,2026-05-06 06:27:32.944
202,12053,3,0.0,0.005,0.0,0.047,2026-05-06 06:27:32.944
203,12110,1,0.0,0.005,0.0,0.045,2026-05-06 06:27:32.944
204,12167,2,0.0,0.005,0.0,0.046,2026-05-06 06:27:32.944
205,12236,3,0.0,0.0,0.01,0.007,2026-05-06 06:27:32.944
206,12293,1,-0.0,0.0,-0.0,0.005,2026-05-06 06:27:32.944
207,12412,3,0.01,0.0,0.01,0.004,2026-05-06 06:27:32.944
208,12469,1,-0.0,0.0,-0.0,0.0,2026-05-06 06:27:32.944
209,12528,2,0.01,0.0,0.01,0.001,2026-05-06 06:27:32.944
210,12585,3,0.01,0.0,0.01,0.0,2026-05-06 06:27:32.944
211,12642,1,-0.0,0.0,-0.0,-0.002,2026-05-06 06:27:32.944
212,12713,1,-0.0,0.0,-0.0,-0.012,2026-05-06 06:27:32.944
213,12773,2,0.01,0.0,0.01,-0.011,2026-05-06 06:27:32.944
214,12831,3,0.01,0.0,0.01,-0.009,2026-05-06 06:27:32.944
215,12889,1,-0.0,0.0,-0.0,-0.013,2026-05-06 06:27:32.944
216,12949,2,0.01,0.0,0.0,-0.012,2026-05-06 06:27:32.944
217,13007,3,0.01,0.0,0.0,-0.011,2026-05-06 06:27:32.944
218,13065,1,-0.0,0.0,-0.0,-0.012,2026-05-06 06:27:32.944
219,13125,2,0.01,0.0,0.0,-0.013,2026-05-06 06:27:32.944
220,13190,1,-0.0,0.0,0.0,-0.012,2026-05-06 06:27:32.944
221,13249,2,0.01,0.0,0.01,-0.012,2026-05-06 06:27:33.490
222,13307,3,0.01,0.0,0.01,-0.012,2026-05-06 06:27:33.490
223,13365,1,-0.0,0.0,-0.0,-0.012,2026-05-06 06:27:33.490
224,13425,2,0.01,0.0,0.01,-0.012,2026-05-06 06:27:33.490
225,13483,3,0.01,0.0,0.01,-0.013,2026-05-06 06:27:33.490
226,13541,1,-0.0,0.0,0.0,-0.012,2026-05-06 06:27:33.490
227,13600,2,0.01,0.0,0.01,-0.011,2026-05-06 06:27:33.490
228,13666,1,-0.0,0.0,0.0,-0.012,2026-05-06 06:27:33.490
229,13725,2,0.01,0.0,0.01,-0.011,2026-05-06 06:27:33.490
230,13783,3,0.01,0.0,-0.0,-0.011,2026-05-06 06:27:33.490
231,13842,1,-0.0,0.0,-0.0,-0.011,2026-05-06 06:27:33.490
232,13902,2,0.01,0.0,0.01,-0.011,2026-05-06 06:27:33.490
233,13960,3,0.01,0.0,0.01,-0.011,2026-05-06 06:27:33.490
234,14018,1,-0.0,0.0,-0.0,-0.01,2026-05-06 06:27:33.490
235,14078,2,0.01,0.0,0.0,-0.011,2026-05-06 06:27:33.490
236,14143,2,0.01,0.0,0.0,-0.009,2026-05-06 06:27:33.490
237,14201,3,0.01,0.0,0.01,-0.009,2026-05-06 06:27:33.490
238,14259,1,-0.0,0.0,0.0,-0.008,2026-05-06 06:27:33.490
239,14318,2,0.01,0.0,0.0,-0.009,2026-05-06 06:27:33.490
240,14376,3,0.01,0.0,0.0,-0.008,2026-05-06 06:27:33.490
241,14434,1,0.0,0.001,0.0,-0.007,2026-05-06 06:27:33.490
242,14492,2,0.0,0.001,0.0,-0.008,2026-05-06 06:27:33.490
243,14550,3,0.0,0.001,0.0,-0.008,2026-05-06 06:27:33.490
244,14616,1,0.0,0.004,-0.0,-0.006,2026-05-06 06:27:33.490
245,14675,2,0.0,0.004,0.01,-0.007,2026-05-06 06:27:33.490
246,14733,3,0.0,0.004,0.0,-0.006,2026-05-06 06:27:33.490
247,14790,3,0.0,0.003,0.01,-0.006,2026-05-06 06:27:33.490
248,14848,1,0.0,0.005,-0.0,-0.006,2026-05-06 06:27:33.490
249,14907,2,0.0,0.005,0.01,-0.006,2026-05-06 06:27:33.490
250,14965,3,0.0,0.005,0.01,-0.006,2026-05-06 06:27:33.490
251,15023,1,0.0,0.005,-0.0,-0.006,2026-05-06 06:27:33.490
252,15093,1,0.0,0.01,0.0,-0.004,2026-05-06 06:27:33.490
253,15151,2,0.0,0.01,0.0,-0.004,2026-05-06 06:27:33.490
254,15209,3,0.0,0.01,0.0,-0.004,2026-05-06 06:27:33.490
255,15267,1,0.0,0.011,0.0,-0.003,2026-05-06 06:27:33.490
256,15325,2,0.0,0.011,0.0,-0.004,2026-05-06 06:27:33.490
257,15383,3,0.0,0.011,0.0,-0.004,2026-05-06 06:27:33.490
258,15441,1,0.0,0.012,0.0,-0.003,2026-05-06 06:27:33.490
259,15499,2,0.0,0.012,0.0,-0.004,2026-05-06 06:27:33.490
260,15566,1,0.0,0.019,0.0,0.0,2026-05-06 06:27:33.490
261,15623,2,0.0,0.019,0.0,0.0,2026-05-06 06:27:33.490
262,15680,3,0.0,0.019,0.0,0.0,2026-05-06 06:27:33.490
263,15737,1,0.0,0.021,0.0,0.001,2026-05-06 06:27:33.490
264,15794,2,0.0,0.021,0.0,0.0,2026-05-06 06:27:33.490
265,15851,3,0.0,0.021,0.0,-0.0,2026-05-06 06:27:33.490
266,15909,1,0.0,0.022,0.0,0.001,2026-05-06 06:27:33.490
267,15966,2,0.0,0.022,0.0,0.0,2026-05-06 06:27:33.490
268,16036,1,0.0,0.034,0.0,0.004,2026-05-06 06:27:33.490
269,16093,2,0.0,0.034,0.0,0.003,2026-05-06 06:27:33.490
270,16150,3,0.0,0.034,-0.01,0.004,2026-05-06 06:27:33.490
271,16208,1,0.0,0.036,-0.0,0.004,2026-05-06 06:27:33.490
272,16266,2,0.0,0.036,-0.0,0.003,2026-05-06 06:27:33.490
273,16324,3,0.0,0.036,-0.01,0.003,2026-05-06 06:27:33.490
274,16382,1,0.0,0.038,0.0,0.007,2026-05-06 06:27:33.490
275,16439,2,0.0,0.038,-0.0,0.005,2026-05-06 06:27:33.490
276,16508,1,0.0,0.053,-0.0,0.012,2026-05-06 06:27:33.490
277,16566,2,0.0,0.053,-0.0,0.011,2026-05-06 06:27:33.490
278,16624,3,0.0,0.053,0.0,0.01,2026-05-06 06:27:33.490
279,16681,1,0.0,0.056,-0.0,0.012,2026-05-06 06:27:33.490
280,16739,2,0.0,0.056,-0.0,0.011,2026-05-06 06:27:33.490
281,16797,3,0.0,0.056,0.0,0.01,2026-05-06 06:27:33.490
282,16854,1,0.0,0.058,-0.0,0.012,2026-05-06 06:27:33.490
283,16912,2,0.0,0.058,-0.0,0.011,2026-05-06 06:27:33.490
284,16980,1,0.0,0.082,-0.0,0.03,2026-05-06 06:27:33.490
285,17038,2,0.0,0.082,-0.0,0.028,2026-05-06 06:27:33.490
286,17096,3,0.0,0.082,0.0,0.027,2026-05-06 06:27:33.490
287,17153,1,0.0,0.086,-0.0,0.03,2026-05-06 06:27:33.490
288,17211,2,0.0,0.086,-0.0,0.03,2026-05-06 06:27:33.490
289,17269,3,0.0,0.086,0.0,0.027,2026-05-06 06:27:33.490
290,17326,1,0.0,0.09,-0.0,0.032,2026-05-06 06:27:33.490
291,17384,2,0.0,0.09,0.0,0.03,2026-05-06 06:27:33.490
292,17452,1,0.0,0.121,-0.0,0.051,2026-05-06 06:27:33.490
293,17510,2,0.0,0.121,0.0,0.049,2026-05-06 06:27:33.490
294,17567,3,0.0,0.121,-0.0,0.049,2026-05-06 06:27:33.490
295,17625,1,0.0,0.121,-0.0,0.051,2026-05-06 06:27:33.490
296,17683,2,0.0,0.121,0.0,0.049,2026-05-06 06:27:33.490
297,17740,3,0.0,0.121,-0.0,0.049,2026-05-06 06:27:33.490
298,17798,1,0.0,0.126,-0.0,0.054,2026-05-06 06:27:33.490
299,17856,2,0.0,0.126,0.0,0.054,2026-05-06 06:27:33.490
300,17924,1,0.0,0.163,-0.0,0.0,2026-05-06 06:27:33.490
301,17985,2,0.0,0.163,-0.0,0.078,2026-05-06 06:27:33.490
302,18043,3,0.0,0.163,-0.0,0.077,2026-05-06 06:27:33.490
303,18101,1,0.0,0.163,-0.0,0.077,2026-05-06 06:27:33.490
304,18159,2,0.0,0.163,-0.0,0.078,2026-05-06 06:27:33.490
305,18217,3,0.0,0.163,-0.0,0.077,2026-05-06 06:27:33.490
306,18275,1,0.0,0.168,-0.0,0.077,2026-05-06 06:27:33.490
307,18333,2,0.0,0.168,-0.0,0.078,2026-05-06 06:27:33.490
308,18399,1,0.0,0.206,-0.0,0.115,2026-05-06 06:27:33.490
309,18457,2,0.0,0.206,-0.0,0.127,2026-05-06 06:27:33.490
310,18515,3,0.0,0.206,-0.0,0.112,2026-05-06 06:27:33.490
311,18573,1,0.0,0.206,-0.0,0.122,2026-05-06 06:27:33.490
312,18631,2,0.0,0.206,-0.0,0.127,2026-05-06 06:27:33.490
313,18689,3,0.0,0.206,0.0,0.124,2026-05-06 06:27:33.490
314,18746,1,0.0,0.212,-0.01,0.124,2026-05-06 06:27:33.490
315,18804,2,0.0,0.212,-0.0,0.127,2026-05-06 06:27:33.490
316,18873,1,0.0,0.246,-0.0,0.158,2026-05-06 06:27:33.490
317,18931,2,0.0,0.246,0.0,0.164,2026-05-06 06:27:33.490
318,18988,3,0.0,0.246,0.0,0.16,2026-05-06 06:27:33.490
319,19045,1,0.0,0.246,-0.0,0.17,2026-05-06 06:27:33.490
320,19103,2,0.0,0.246,0.0,0.172,2026-05-06 06:27:33.490
321,19160,3,0.0,0.246,0.0,0.17,2026-05-06 06:27:33.490
322,19217,1,0.0,0.251,-0.0,0.17,2026-05-06 06:27:33.916
323,19275,2,0.0,0.251,-0.0,0.172,2026-05-06 06:27:33.916
324,19344,1,0.0,0.279,-0.0,0.196,2026-05-06 06:27:33.916
325,19402,2,0.0,0.279,0.0,0.2,2026-05-06 06:27:33.916
326,19459,3,0.0,0.279,0.0,0.193,2026-05-06 06:27:33.916
327,19516,1,0.0,0.279,-0.0,0.196,2026-05-06 06:27:33.916
328,19574,2,0.0,0.279,0.0,0.2,2026-05-06 06:27:33.916
329,19631,3,0.0,0.279,0.0,0.193,2026-05-06 06:27:33.916
330,19688,1,0.0,0.282,-0.0,0.216,2026-05-06 06:27:33.916
331,19746,2,0.0,0.282,0.0,0.219,2026-05-06 06:27:33.916
332,19815,1,0.0,0.303,-0.0,0.251,2026-05-06 06:27:33.916
333,19873,2,0.0,0.303,0.0,0.257,2026-05-06 06:27:33.916
334,19930,3,0.0,0.303,-0.0,0.253,2026-05-06 06:27:33.916
335,19988,1,0.0,0.306,-0.0,0.259,2026-05-06 06:27:33.916
336,20046,2,0.0,0.306,0.0,0.265,2026-05-06 06:27:33.916
337,20103,3,0.0,0.306,0.0,0.256,2026-05-06 06:27:33.916
338,20160,1,0.0,0.308,-0.0,0.262,2026-05-06 06:27:33.916
339,20218,2,0.0,0.308,0.0,0.267,2026-05-06 06:27:33.916
340,20286,1,0.0,0.321,-0.0,0.288,2026-05-06 06:27:33.916
341,20344,2,0.0,0.321,0.0,0.297,2026-05-06 06:27:33.916
342,20401,3,0.0,0.321,-0.01,0.292,2026-05-06 06:27:33.916
343,20459,1,0.0,0.323,-0.0,0.288,2026-05-06 06:27:33.916
344,20517,2,0.0,0.323,0.0,0.297,2026-05-06 06:27:33.916
345,20574,3,0.0,0.323,-0.01,0.292,2026-05-06 06:27:33.916
346,20632,1,0.0,0.324,-0.0,0.291,2026-05-06 06:27:33.916
347,20690,2,0.0,0.324,0.0,0.297,2026-05-06 06:27:33.916
348,20766,1,0.0,0.333,-0.0,0.316,2026-05-06 06:27:33.916
349,20824,2,0.0,0.333,0.0,0.324,2026-05-06 06:27:33.916
350,20881,3,0.0,0.333,-0.0,0.316,2026-05-06 06:27:33.916
351,20939,1,0.0,0.334,-0.0,0.316,2026-05-06 06:27:33.916
352,20997,2,0.0,0.334,0.0,0.324,2026-05-06 06:27:33.916
353,21054,3,0.0,0.334,-0.0,0.316,2026-05-06 06:27:33.916
354,21112,1,0.0,0.336,-0.0,0.32,2026-05-06 06:27:33.916
355,21170,2,0.0,0.336,0.0,0.328,2026-05-06 06:27:33.916
356,21237,3,0.0,0.342,-0.0,0.335,2026-05-06 06:27:33.916
357,21295,1,0.0,0.342,0.0,0.336,2026-05-06 06:27:33.916
358,21352,2,0.0,0.342,-0.0,0.342,2026-05-06 06:27:33.916
359,21410,3,0.0,0.342,0.01,0.34,2026-05-06 06:27:33.916
360,21467,1,0.0,0.343,0.0,0.336,2026-05-06 06:27:33.916
361,21524,2,0.0,0.343,-0.0,0.342,2026-05-06 06:27:33.916
362,21582,3,0.0,0.343,0.01,0.34,2026-05-06 06:27:33.916
363,21639,1,0.0,0.343,0.0,0.339,2026-05-06 06:27:33.916
364,21709,1,0.0,0.348,0.0,0.35,2026-05-06 06:27:33.916
365,21766,2,0.0,0.348,0.0,0.355,2026-05-06 06:27:33.916
366,21823,3,0.0,0.348,0.01,0.352,2026-05-06 06:27:33.916
367,21880,1,0.0,0.348,0.0,0.35,2026-05-06 06:27:33.916
368,21937,2,0.0,0.348,0.0,0.355,2026-05-06 06:27:33.916
369,21994,3,0.0,0.348,0.01,0.352,2026-05-06 06:27:33.916
370,22051,1,0.0,0.348,0.01,0.351,2026-05-06 06:27:33.916
371,22108,2,0.0,0.348,0.0,0.361,2026-05-06 06:27:33.916
372,22178,1,0.0,0.35,0.01,0.351,2026-05-06 06:27:33.916
373,22235,2,0.0,0.35,0.0,0.361,2026-05-06 06:27:33.916
374,22292,3,0.0,0.35,0.0,0.356,2026-05-06 06:27:33.916
375,22349,1,0.0,0.35,0.01,0.351,2026-05-06 06:27:33.916
376,22406,2,0.0,0.35,0.0,0.361,2026-05-06 06:27:33.916
377,22523,1,0.0,0.35,0.01,0.351,2026-05-06 06:27:33.916
378,22653,1,0.0,0.35,0.0,0.36,2026-05-06 06:27:33.916
379,22710,2,0.0,0.35,-0.0,0.37,2026-05-06 06:27:33.916
380,22768,3,0.0,0.35,-0.0,0.364,2026-05-06 06:27:33.916
381,22826,1,0.0,0.35,0.0,0.36,2026-05-06 06:27:33.916
382,22883,2,0.0,0.35,-0.0,0.37,2026-05-06 06:27:33.916
383,22941,3,0.0,0.35,-0.0,0.364,2026-05-06 06:27:33.916
384,22999,1,0.0,0.35,0.0,0.36,2026-05-06 06:27:33.916
385,23056,2,0.0,0.35,-0.0,0.37,2026-05-06 06:27:33.916
386,23125,1,0.0,0.35,0.0,0.36,2026-05-06 06:27:33.916
387,23182,2,0.0,0.35,-0.0,0.37,2026-05-06 06:27:33.916
388,23240,3,0.0,0.35,-0.0,0.364,2026-05-06 06:27:33.916
389,23298,1,0.0,0.35,0.0,0.36,2026-05-06 06:27:33.916
390,23355,2,0.0,0.35,-0.0,0.37,2026-05-06 06:27:33.916
391,23413,3,0.0,0.35,-0.0,0.364,2026-05-06 06:27:33.916
392,23471,1,0.0,0.35,0.0,0.36,2026-05-06 06:27:33.916
393,23528,2,0.0,0.35,-0.0,0.37,2026-05-06 06:27:33.916
394,23597,1,0.0,0.35,0.0,0.36,2026-05-06 06:27:33.916
395,23654,2,0.0,0.35,-0.0,0.37,2026-05-06 06:27:33.916
396,23712,3,0.0,0.35,-0.0,0.364,2026-05-06 06:27:33.916
397,23770,1,0.0,0.35,0.0,0.36,2026-05-06 06:27:33.916
398,23827,2,0.0,0.35,-0.0,0.37,2026-05-06 06:27:33.916
399,23885,3,0.0,0.35,-0.0,0.364,2026-05-06 06:27:33.916
400,23943,1,0.0,0.35,0.0,0.36,2026-05-06 06:27:33.916
401,24000,2,0.0,0.35,-0.0,0.37,2026-05-06 06:27:34.010
402,24069,1,0.0,0.35,0.0,0.36,2026-05-06 06:27:34.010
403,24126,2,0.0,0.35,-0.0,0.37,2026-05-06 06:27:34.010
404,24184,3,0.0,0.35,-0.0,0.364,2026-05-06 06:27:34.609
405,24242,1,0.0,0.35,0.0,0.36,2026-05-06 06:27:34.609
406,24299,2,0.0,0.35,-0.0,0.37,2026-05-06 06:27:34.609
407,24357,3,0.0,0.35,-0.0,0.364,2026-05-06 06:27:34.609
408,24415,1,0.0,0.35,0.0,0.36,2026-05-06 06:27:34.609
409,24472,2,0.0,0.35,-0.0,0.37,2026-05-06 06:27:34.609
410,24541,1,0.0,0.35,0.0,0.36,2026-05-06 06:27:34.609
411,24598,2,0.0,0.35,-0.0,0.37,2026-05-06 06:27:34.609
412,24656,3,0.0,0.35,-0.0,0.364,2026-05-06 06:27:34.609
413,24714,1,0.0,0.35,0.0,0.36,2026-05-06 06:27:34.609
414,24771,2,0.0,0.35,-0.0,0.37,2026-05-06 06:27:34.609
415,24829,3,0.0,0.35,-0.0,0.364,2026-05-06 06:27:34.609
416,24887,1,0.0,0.35,0.0,0.36,2026-05-06 06:27:34.609
417,24944,2,0.0,0.35,-0.0,0.37,2026-05-06 06:27:34.609
418,25013,1,0.0,0.35,0.0,0.36,2026-05-06 06:27:34.609
419,25070,2,0.0,0.35,-0.0,0.37,2026-05-06 06:27:34.609
420,25128,3,0.0,0.35,-0.0,0.364,2026-05-06 06:27:34.609
421,25186,1,0.0,0.35,0.0,0.36,2026-05-06 06:27:34.609
422,25243,2,0.0,0.35,-0.0,0.37,2026-05-06 06:27:34.609
423,25301,3,0.0,0.35,-0.0,0.364,2026-05-06 06:27:34.609
424,25359,1,0.0,0.35,0.0,0.36,2026-05-06 06:27:34.609
425,25416,2,0.0,0.35,-0.0,0.37,2026-05-06 06:27:34.609
426,25485,1,0.0,0.35,0.0,0.36,2026-05-06 06:27:34.609
427,25542,2,0.0,0.35,-0.0,0.37,2026-05-06 06:27:34.609
428,25600,3,0.0,0.35,-0.0,0.364,2026-05-06 06:27:34.609
429,25658,1,0.0,0.35,0.0,0.36,2026-05-06 06:27:34.609
430,25715,2,0.0,0.35,-0.0,0.37,2026-05-06 06:27:34.609
431,25773,3,0.0,0.35,-0.0,0.364,2026-05-06 06:27:34.609
432,25831,1,0.0,0.35,0.0,0.36,2026-05-06 06:27:34.609
433,25888,2,0.0,0.35,-0.0,0.37,2026-05-06 06:27:34.609
434,25957,1,0.0,0.35,0.0,0.36,2026-05-06 06:27:34.609
435,26014,2,0.0,0.35,-0.0,0.37,2026-05-06 06:27:34.609
436,26072,3,0.0,0.35,-0.0,0.364,2026-05-06 06:27:34.609
437,26130,1,0.0,0.35,0.0,0.36,2026-05-06 06:27:34.609
438,26187,2,0.0,0.35,-0.0,0.37,2026-05-06 06:27:34.609
439,26245,3,0.0,0.35,-0.0,0.364,2026-05-06 06:27:34.609
440,26303,1,0.0,0.35,0.0,0.36,2026-05-06 06:27:34.609
441,26360,2,0.0,0.35,-0.0,0.37,2026-05-06 06:27:34.609
442,26429,1,0.0,0.35,0.0,0.36,2026-05-06 06:27:34.609
443,26486,2,0.0,0.35,-0.0,0.37,2026-05-06 06:27:34.609
444,26544,3,0.0,0.35,-0.0,0.364,2026-05-06 06:27:34.609
445,26602,1,0.0,0.35,0.0,0.36,2026-05-06 06:27:34.609
446,26659,2,0.0,0.35,-0.0,0.37,2026-05-06 06:27:34.609
447,26717,3,0.0,0.35,-0.0,0.364,2026-05-06 06:27:34.609
448,26775,1,0.0,0.35,0.0,0.36,2026-05-06 06:27:34.609
449,26832,2,0.0,0.35,-0.0,0.37,2026-05-06 06:27:34.609
450,26901,1,0.0,0.35,0.0,0.36,2026-05-06 06:27:34.609
451,26958,2,0.0,0.35,-0.0,0.37,2026-05-06 06:27:34.609
452,27016,3,0.0,0.35,-0.0,0.364,2026-05-06 06:27:34.609
453,27074,1,0.0,0.35,0.0,0.36,2026-05-06 06:27:34.609
454,27131,2,0.0,0.35,-0.0,0.37,2026-05-06 06:27:34.609
455,27189,3,0.0,0.35,-0.0,0.364,2026-05-06 06:27:34.609
456,27247,1,0.0,0.35,0.0,0.36,2026-05-06 06:27:34.609
457,27304,2,0.0,0.35,-0.0,0.37,2026-05-06 06:27:34.609
458,27373,1,0.0,0.35,0.0,0.36,2026-05-06 06:27:34.609
459,27430,2,0.0,0.35,-0.0,0.37,2026-05-06 06:27:34.609
460,27488,3,0.0,0.35,-0.0,0.364,2026-05-06 06:27:34.609
461,27546,1,0.0,0.35,0.0,0.36,2026-05-06 06:27:34.609
462,27603,2,0.0,0.35,-0.0,0.37,2026-05-06 06:27:34.609
463,27661,3,0.0,0.35,-0.0,0.364,2026-05-06 06:27:34.609
464,27719,1,0.0,0.35,0.0,0.36,2026-05-06 06:27:34.609
465,27776,2,0.0,0.35,-0.0,0.37,2026-05-06 06:27:34.609
466,27845,1,0.0,0.35,-0.0,0.349,2026-05-06 06:27:34.609
467,27903,2,0.0,0.35,-0.0,0.356,2026-05-06 06:27:34.609
468,27961,3,0.0,0.35,-0.0,0.354,2026-05-06 06:27:34.609
469,28019,1,0.0,0.35,-0.0,0.349,2026-05-06 06:27:34.609
470,28077,2,0.0,0.35,-0.0,0.356,2026-05-06 06:27:34.609
471,28135,3,0.0,0.35,-0.0,0.354,2026-05-06 06:27:34.609
472,28193,1,0.0,0.35,-0.0,0.349,2026-05-06 06:27:34.609
473,28251,2,0.0,0.35,-0.0,0.356,2026-05-06 06:27:34.609
474,28318,1,0.0,0.35,-0.0,0.349,2026-05-06 06:27:34.609
475,28376,2,0.0,0.35,-0.0,0.356,2026-05-06 06:27:34.609
476,28434,3,0.0,0.35,-0.0,0.354,2026-05-06 06:27:34.609
477,28492,1,0.0,0.35,-0.0,0.349,2026-05-06 06:27:34.609
478,28550,2,0.0,0.35,-0.0,0.356,2026-05-06 06:27:34.609
479,28608,3,0.0,0.35,-0.0,0.354,2026-05-06 06:27:34.609
480,28666,1,0.0,0.35,-0.0,0.349,2026-05-06 06:27:34.609
481,28724,2,0.0,0.35,-0.0,0.356,2026-05-06 06:27:34.609
482,28792,1,0.0,0.35,0.0,0.346,2026-05-06 06:27:34.609
483,28849,2,0.0,0.35,0.0,0.354,2026-05-06 06:27:34.609
484,28906,3,0.0,0.35,0.0,0.351,2026-05-06 06:27:34.609
485,28963,1,0.0,0.35,0.0,0.346,2026-05-06 06:27:34.609
486,29020,2,0.0,0.35,0.0,0.354,2026-05-06 06:27:34.609
487,29077,3,0.0,0.35,0.0,0.351,2026-05-06 06:27:34.609
488,29134,1,0.0,0.35,0.0,0.346,2026-05-06 06:27:34.609
489,29191,2,0.0,0.35,0.0,0.354,2026-05-06 06:27:34.609
490,29261,1,0.0,0.35,0.0,0.346,2026-05-06 06:27:34.609
491,29318,2,0.0,0.35,0.0,0.354,2026-05-06 06:27:34.609
492,29375,3,0.0,0.35,0.0,0.351,2026-05-06 06:27:34.609
493,29432,1,0.0,0.35,0.0,0.346,2026-05-06 06:27:34.609
494,29489,2,0.0,0.35,0.0,0.354,2026-05-06 06:27:34.609
495,29546,3,0.0,0.35,0.0,0.351,2026-05-06 06:27:34.609
496,29603,1,0.0,0.35,0.0,0.346,2026-05-06 06:27:34.609
497,29660,2,0.0,0.35,0.0,0.354,2026-05-06 06:27:34.609
498,29730,1,0.0,0.35,0.0,0.346,2026-05-06 06:27:34.609
499,29907,1,0.0,0.35,0.0,0.346,2026-05-06 06:27:34.609
500,29964,2,0.0,0.35,0.0,0.354,2026-05-06 06:27:34.609
501,30021,3,0.0,0.35,0.0,0.351,2026-05-06 06:27:34.609
502,30078,1,0.0,0.35,0.0,0.346,2026-05-06 06:27:34.609
503,30135,2,0.0,0.35,0.0,0.354,2026-05-06 06:27:34.609
504,30205,1,0.0,0.35,0.0,0.346,2026-05-06 06:27:34.609
505,30262,2,0.0,0.35,0.0,0.354,2026-05-06 06:27:34.609
506,30319,3,0.0,0.35,0.0,0.351,2026-05-06 06:27:34.609
507,30376,1,0.0,0.35,0.0,0.346,2026-05-06 06:27:34.609
508,30433,2,0.0,0.35,0.0,0.354,2026-05-06 06:27:34.609
509,30490,3,0.0,0.35,0.0,0.351,2026-05-06 06:27:34.609
510,30547,1,0.0,0.35,0.0,0.346,2026-05-06 06:27:34.609
511,30604,2,0.0,0.35,0.0,0.354,2026-05-06 06:27:34.609
512,30674,1,0.0,0.35,0.0,0.353,2026-05-06 06:27:34.609
513,30731,2,0.0,0.35,0.0,0.357,2026-05-06 06:27:34.609
514,30788,3,0.0,0.35,-0.0,0.354,2026-05-06 06:27:34.609
515,30846,1,0.0,0.35,0.0,0.353,2026-05-06 06:27:34.609
516,30903,2,0.0,0.35,0.0,0.357,2026-05-06 06:27:34.609
517,30960,3,0.0,0.35,-0.0,0.354,2026-05-06 06:27:34.609
518,31018,1,0.0,0.35,0.0,0.353,2026-05-06 06:27:34.609
519,31075,2,0.0,0.35,0.0,0.357,2026-05-06 06:27:34.609
520,31144,1,0.0,0.35,0.0,0.353,2026-05-06 06:27:34.609
521,31201,2,0.0,0.35,0.0,0.357,2026-05-06 06:27:34.609
522,31258,3,0.0,0.35,-0.0,0.354,2026-05-06 06:27:34.609
523,31316,1,0.0,0.35,0.0,0.353,2026-05-06 06:27:34.609
524,31373,2,0.0,0.35,0.0,0.357,2026-05-06 06:27:34.609
525,31430,3,0.0,0.35,-0.0,0.354,2026-05-06 06:27:34.609
526,31488,1,0.0,0.35,0.0,0.353,2026-05-06 06:27:34.609
527,31545,2,0.0,0.35,0.0,0.357,2026-05-06 06:27:34.609
528,31614,1,0.0,0.35,0.0,0.353,2026-05-06 06:27:34.609
529,31671,2,0.0,0.35,0.0,0.357,2026-05-06 06:27:34.609
530,31728,3,0.0,0.35,-0.0,0.354,2026-05-06 06:27:34.609
531,31786,1,0.0,0.35,0.0,0.353,2026-05-06 06:27:34.609
532,31843,2,0.0,0.35,0.0,0.357,2026-05-06 06:27:34.735
533,31900,3,0.0,0.35,-0.0,0.354,2026-05-06 06:27:34.735
534,31958,1,0.0,0.35,0.0,0.353,2026-05-06 06:27:35.160
535,32015,2,0.0,0.35,0.0,0.357,2026-05-06 06:27:35.160
536,32084,1,0.0,0.35,0.0,0.353,2026-05-06 06:27:35.160
537,32141,2,0.0,0.35,0.0,0.357,2026-05-06 06:27:35.160
538,32198,3,0.0,0.35,-0.0,0.354,2026-05-06 06:27:35.160
539,32256,1,0.0,0.35,0.0,0.353,2026-05-06 06:27:35.160
540,32313,2,0.0,0.35,0.0,0.357,2026-05-06 06:27:35.160
541,32370,3,0.0,0.35,-0.0,0.354,2026-05-06 06:27:35.160
542,32428,1,0.0,0.35,0.0,0.353,2026-05-06 06:27:35.160
543,32485,2,0.0,0.35,0.0,0.357,2026-05-06 06:27:35.160
544,32554,1,0.0,0.35,0.0,0.353,2026-05-06 06:27:35.160
545,32611,2,0.0,0.35,0.0,0.357,2026-05-06 06:27:35.160
546,32668,3,0.0,0.35,-0.0,0.354,2026-05-06 06:27:35.160
547,32726,1,0.0,0.35,0.0,0.353,2026-05-06 06:27:35.160
548,32783,2,0.0,0.35,0.0,0.357,2026-05-06 06:27:35.160
549,32840,3,0.0,0.35,-0.0,0.354,2026-05-06 06:27:35.160
550,32898,1,0.0,0.35,0.0,0.353,2026-05-06 06:27:35.160
551,32955,2,0.0,0.35,0.0,0.357,2026-05-06 06:27:35.160
552,33024,1,0.0,0.35,0.0,0.353,2026-05-06 06:27:35.160
553,33081,2,0.0,0.35,0.0,0.357,2026-05-06 06:27:35.160
554,33138,3,0.0,0.35,-0.0,0.354,2026-05-06 06:27:35.160
555,33196,1,0.0,0.35,0.0,0.353,2026-05-06 06:27:35.160
556,33253,2,0.0,0.35,0.0,0.357,2026-05-06 06:27:35.160
557,33310,3,0.0,0.35,-0.0,0.354,2026-05-06 06:27:35.160
558,33368,1,0.0,0.35,0.0,0.353,2026-05-06 06:27:35.160
559,33425,2,0.0,0.35,0.0,0.357,2026-05-06 06:27:35.160
560,33494,1,0.0,0.35,-0.0,0.349,2026-05-06 06:27:35.160
561,33552,2,0.0,0.35,0.0,0.355,2026-05-06 06:27:35.160
562,33609,3,0.0,0.35,-0.01,0.353,2026-05-06 06:27:35.160
563,33667,1,0.0,0.35,-0.0,0.349,2026-05-06 06:27:35.160
564,33725,2,0.0,0.35,0.0,0.355,2026-05-06 06:27:35.160
565,33782,3,0.0,0.35,-0.01,0.353,2026-05-06 06:27:35.160
566,33840,1,0.0,0.35,-0.0,0.349,2026-05-06 06:27:35.160
567,33898,2,0.0,0.35,0.0,0.355,2026-05-06 06:27:35.160
568,33966,1,0.0,0.35,-0.0,0.349,2026-05-06 06:27:35.160
569,34024,2,0.0,0.35,0.0,0.355,2026-05-06 06:27:35.160
570,34081,3,0.0,0.35,-0.01,0.353,2026-05-06 06:27:35.160
571,34139,1,0.0,0.35,-0.0,0.349,2026-05-06 06:27:35.160
572,34197,2,0.0,0.35,0.0,0.355,2026-05-06 06:27:35.160
573,34254,3,0.0,0.35,-0.01,0.353,2026-05-06 06:27:35.160
574,34312,1,0.0,0.35,-0.0,0.349,2026-05-06 06:27:35.160
575,34370,2,0.0,0.35,0.0,0.355,2026-05-06 06:27:35.160
576,34438,1,0.0,0.35,-0.0,0.349,2026-05-06 06:27:35.160
577,34496,2,0.0,0.35,0.0,0.355,2026-05-06 06:27:35.160
578,34553,3,0.0,0.35,-0.01,0.353,2026-05-06 06:27:35.160
579,34611,1,0.0,0.35,-0.0,0.349,2026-05-06 06:27:35.160
580,34669,2,0.0,0.35,0.0,0.355,2026-05-06 06:27:35.160
581,34726,3,0.0,0.35,-0.01,0.353,2026-05-06 06:27:35.160
582,34784,1,0.0,0.35,-0.0,0.349,2026-05-06 06:27:35.160
583,34842,2,0.0,0.35,0.0,0.355,2026-05-06 06:27:35.160
584,34910,1,0.0,0.35,-0.0,0.349,2026-05-06 06:27:35.160
585,34968,2,0.0,0.35,0.0,0.355,2026-05-06 06:27:35.160
586,35025,3,0.0,0.35,-0.01,0.353,2026-05-06 06:27:35.160
587,35083,1,0.0,0.35,-0.0,0.349,2026-05-06 06:27:35.160
588,35141,2,0.0,0.35,0.0,0.355,2026-05-06 06:27:35.160
589,35198,3,0.0,0.35,-0.01,0.353,2026-05-06 06:27:35.160
590,35256,1,0.0,0.35,-0.0,0.349,2026-05-06 06:27:35.160
591,35314,2,0.0,0.35,0.0,0.355,2026-05-06 06:27:35.160
592,35382,1,0.0,0.35,-0.0,0.349,2026-05-06 06:27:35.160
593,35440,2,0.0,0.35,0.0,0.355,2026-05-06 06:27:35.160
594,35497,3,0.0,0.35,-0.01,0.353,2026-05-06 06:27:35.160
595,35555,1,0.0,0.35,-0.0,0.349,2026-05-06 06:27:35.160
596,35613,2,0.0,0.35,0.0,0.355,2026-05-06 06:27:35.160
597,35670,3,0.0,0.35,-0.01,0.353,2026-05-06 06:27:35.160
598,35789,2,0.0,0.35,0.0,0.355,2026-05-06 06:27:35.160
599,35857,1,0.0,0.35,-0.0,0.349,2026-05-06 06:27:35.160
600,35915,2,0.0,0.35,0.0,0.355,2026-05-06 06:27:35.160
601,35972,3,0.0,0.35,-0.01,0.353,2026-05-06 06:27:35.160
602,36030,1,0.0,0.35,-0.0,0.349,2026-05-06 06:27:35.160
603,36088,2,0.0,0.35,0.0,0.355,2026-05-06 06:27:35.160
604,36145,3,0.0,0.35,-0.01,0.353,2026-05-06 06:27:35.160
605,36203,1,0.0,0.35,-0.0,0.349,2026-05-06 06:27:35.160
606,36261,2,0.0,0.35,0.0,0.355,2026-05-06 06:27:35.160
607,36329,1,0.0,0.35,0.0,0.351,2026-05-06 06:27:35.160
608,36386,2,0.0,0.35,0.0,0.353,2026-05-06 06:27:35.160
609,36443,3,0.0,0.35,0.0,0.353,2026-05-06 06:27:35.160
610,36500,1,0.0,0.35,0.0,0.351,2026-05-06 06:27:35.160
611,36557,2,0.0,0.35,0.0,0.353,2026-05-06 06:27:35.160
612,36614,3,0.0,0.35,0.0,0.353,2026-05-06 06:27:35.160
613,36671,1,0.0,0.35,0.0,0.351,2026-05-06 06:27:35.160
614,36728,2,0.0,0.35,0.0,0.353,2026-05-06 06:27:35.160
615,36798,1,0.0,0.35,-0.0,0.344,2026-05-06 06:27:35.160
616,36856,2,0.0,0.35,-0.0,0.348,2026-05-06 06:27:35.160
617,36914,3,0.0,0.35,0.0,0.347,2026-05-06 06:27:35.160
618,36971,1,0.0,0.35,-0.0,0.344,2026-05-06 06:27:35.160
619,37029,2,0.0,0.35,-0.0,0.348,2026-05-06 06:27:35.160
620,37087,3,0.0,0.35,0.0,0.347,2026-05-06 06:27:35.160
621,37144,1,0.0,0.35,-0.0,0.347,2026-05-06 06:27:35.160
622,37202,2,0.0,0.35,-0.0,0.348,2026-05-06 06:27:35.160
623,37269,1,0.0,0.35,0.0,0.344,2026-05-06 06:27:35.160
624,37326,2,0.0,0.35,0.0,0.349,2026-05-06 06:27:35.160
625,37383,3,0.0,0.35,-0.01,0.348,2026-05-06 06:27:35.160
626,37441,1,0.0,0.35,0.0,0.344,2026-05-06 06:27:35.160
627,37498,2,0.0,0.35,0.0,0.349,2026-05-06 06:27:35.160
628,37555,3,0.0,0.35,-0.01,0.348,2026-05-06 06:27:35.160
629,37613,1,0.0,0.35,0.0,0.344,2026-05-06 06:27:35.160
630,37670,2,0.0,0.35,0.0,0.349,2026-05-06 06:27:35.160
631,37740,1,0.0,0.35,0.0,0.35,2026-05-06 06:27:35.160
632,37797,2,0.0,0.35,-0.0,0.351,2026-05-06 06:27:35.160
633,37855,3,0.0,0.35,0.0,0.351,2026-05-06 06:27:35.160
634,37912,1,0.0,0.35,0.0,0.35,2026-05-06 06:27:35.160
635,37969,2,0.0,0.35,-0.0,0.351,2026-05-06 06:27:35.160
636,38027,3,0.0,0.35,0.0,0.351,2026-05-06 06:27:35.160
637,38084,1,0.0,0.35,0.0,0.35,2026-05-06 06:27:35.160
638,38141,2,0.0,0.35,-0.0,0.351,2026-05-06 06:27:35.160
639,38211,1,0.0,0.35,-0.0,0.348,2026-05-06 06:27:35.428
640,38269,2,0.0,0.35,-0.0,0.353,2026-05-06 06:27:35.428
641,38327,3,0.0,0.35,0.0,0.35,2026-05-06 06:27:35.428
642,38384,1,0.0,0.35,-0.0,0.348,2026-05-06 06:27:35.428
643,38442,2,0.0,0.35,-0.0,0.353,2026-05-06 06:27:35.428
644,38500,3,0.0,0.35,0.0,0.35,2026-05-06 06:27:35.428
645,38618,2,0.0,0.35,-0.0,0.353,2026-05-06 06:27:35.428
646,38686,1,0.0,0.35,0.0,0.348,2026-05-06 06:27:35.428
647,38743,2,0.0,0.35,0.0,0.354,2026-05-06 06:27:35.428
648,38800,3,0.0,0.35,-0.0,0.352,2026-05-06 06:27:35.428
649,38858,1,0.0,0.35,0.0,0.348,2026-05-06 06:27:35.428
650,38915,2,0.0,0.35,0.0,0.354,2026-05-06 06:27:35.428
651,38972,3,0.0,0.35,-0.0,0.352,2026-05-06 06:27:35.428
652,39030,1,0.0,0.35,0.0,0.348,2026-05-06 06:27:35.428
653,39087,2,0.0,0.35,0.0,0.354,2026-05-06 06:27:35.428
654,39156,1,0.0,0.35,0.0,0.348,2026-05-06 06:27:35.428
655,39213,2,0.0,0.35,0.0,0.354,2026-05-06 06:27:35.428
656,39270,3,0.0,0.35,-0.0,0.352,2026-05-06 06:27:35.428
657,39328,1,0.0,0.35,0.0,0.348,2026-05-06 06:27:35.428
658,39385,2,0.0,0.35,0.0,0.354,2026-05-06 06:27:35.428
659,39442,3,0.0,0.35,-0.0,0.352,2026-05-06 06:27:35.428
660,39500,1,0.0,0.35,0.0,0.348,2026-05-06 06:27:35.428
661,39557,2,0.0,0.35,0.0,0.354,2026-05-06 06:27:35.428
662,39626,1,0.0,0.35,0.0,0.348,2026-05-06 06:27:35.428
663,39683,2,0.0,0.35,0.0,0.354,2026-05-06 06:27:35.428
664,39740,3,0.0,0.35,-0.0,0.352,2026-05-06 06:27:35.428
665,39798,1,0.0,0.35,0.0,0.348,2026-05-06 06:27:35.428
666,39855,2,0.0,0.35,0.0,0.354,2026-05-06 06:27:35.428
667,39912,3,0.0,0.35,-0.0,0.352,2026-05-06 06:27:35.428
668,39970,1,0.0,0.35,0.0,0.348,2026-05-06 06:27:35.428
669,40027,2,0.0,0.35,0.0,0.354,2026-05-06 06:27:35.428
670,40096,1,0.0,0.35,0.0,0.348,2026-05-06 06:27:35.428
671,40153,2,0.0,0.35,0.0,0.354,2026-05-06 06:27:35.428
672,40210,3,0.0,0.35,-0.0,0.352,2026-05-06 06:27:35.428
673,40268,1,0.0,0.35,0.0,0.348,2026-05-06 06:27:35.428
674,40325,2,0.0,0.35,0.0,0.354,2026-05-06 06:27:35.428
675,40382,3,0.0,0.35,-0.0,0.352,2026-05-06 06:27:35.428
676,40440,1,0.0,0.35,0.0,0.348,2026-05-06 06:27:35.428
677,40497,2,0.0,0.35,0.0,0.354,2026-05-06 06:27:35.428
678,40566,1,0.0,0.35,0.0,0.348,2026-05-06 06:27:35.428
679,40623,2,0.0,0.35,0.0,0.354,2026-05-06 06:27:35.428
680,40741,1,0.0,0.35,0.0,0.348,2026-05-06 06:27:35.428
681,40798,2,0.0,0.35,0.0,0.354,2026-05-06 06:27:35.428
682,40855,3,0.0,0.35,-0.0,0.352,2026-05-06 06:27:35.428
683,40913,1,0.0,0.35,0.0,0.348,2026-05-06 06:27:35.428
684,40970,2,0.0,0.35,0.0,0.354,2026-05-06 06:27:35.428
685,41039,1,0.0,0.35,0.0,0.348,2026-05-06 06:27:35.428
686,41096,2,0.0,0.35,0.0,0.354,2026-05-06 06:27:35.428
687,41153,3,0.0,0.35,-0.0,0.352,2026-05-06 06:27:35.428
688,41211,1,0.0,0.35,-0.0,0.348,2026-05-06 06:27:35.428
689,41269,2,0.0,0.35,-0.0,0.35,2026-05-06 06:27:35.634
690,41327,3,0.0,0.35,0.0,0.349,2026-05-06 06:27:35.634
691,41384,1,0.0,0.35,-0.0,0.345,2026-05-06 06:27:35.634
692,41442,2,0.0,0.35,-0.0,0.351,2026-05-06 06:27:35.634
693,41511,1,0.0,0.35,-0.0,0.346,2026-05-06 06:27:35.634
694,41569,2,0.0,0.35,-0.0,0.35,2026-05-06 06:27:35.634
695,41627,3,0.0,0.35,0.0,0.35,2026-05-06 06:27:35.634
696,41684,1,0.0,0.35,-0.0,0.346,2026-05-06 06:27:35.634
697,41742,2,0.0,0.35,-0.0,0.35,2026-05-06 06:27:35.634
698,41800,3,0.0,0.35,0.0,0.35,2026-05-06 06:27:35.634
699,41857,1,0.0,0.35,-0.0,0.346,2026-05-06 06:27:35.634
700,41915,2,0.0,0.35,-0.0,0.35,2026-05-06 06:27:35.634
701,41983,1,0.0,0.35,0.0,0.35,2026-05-06 06:27:35.634
702,42040,2,0.0,0.35,0.0,0.354,2026-05-06 06:27:35.634
703,42097,3,0.0,0.35,-0.0,0.35,2026-05-06 06:27:35.634
704,42155,1,0.0,0.35,0.0,0.35,2026-05-06 06:27:35.634
705,42212,2,0.0,0.35,0.0,0.354,2026-05-06 06:27:35.634
706,42269,3,0.0,0.35,-0.0,0.35,2026-05-06 06:27:35.634
707,42327,1,0.0,0.35,-0.0,0.35,2026-05-06 06:27:35.634
708,42385,2,0.0,0.35,0.0,0.353,2026-05-06 06:27:35.634
709,42454,1,0.0,0.35,0.0,0.35,2026-05-06 06:27:35.634
710,42511,2,0.0,0.35,0.0,0.355,2026-05-06 06:27:35.634
711,42568,3,0.0,0.35,-0.01,0.352,2026-05-06 06:27:35.634
712,42626,1,0.0,0.35,0.0,0.349,2026-05-06 06:27:35.634
713,42683,2,0.0,0.35,0.0,0.354,2026-05-06 06:27:35.634
714,42740,3,0.0,0.35,-0.01,0.351,2026-05-06 06:27:35.634
715,42798,1,0.0,0.35,0.0,0.349,2026-05-06 06:27:35.634
716,42855,2,0.0,0.35,0.0,0.354,2026-05-06 06:27:35.634
717,42924,1,0.0,0.35,-0.0,0.352,2026-05-06 06:27:35.634
718,42982,2,0.0,0.35,0.0,0.354,2026-05-06 06:27:35.634
719,43039,3,0.0,0.35,-0.0,0.353,2026-05-06 06:27:35.634
720,43097,1,0.0,0.35,-0.0,0.352,2026-05-06 06:27:35.634
721,43155,2,0.0,0.35,0.0,0.354,2026-05-06 06:27:35.634
722,43212,3,0.0,0.35,-0.0,0.353,2026-05-06 06:27:35.634
723,43270,1,0.0,0.35,0.0,0.355,2026-05-06 06:27:35.634
724,43327,2,0.0,0.35,0.0,0.356,2026-05-06 06:27:35.634
725,43395,1,0.0,0.349,0.0,0.353,2026-05-06 06:27:35.634
726,43452,2,0.0,0.349,0.0,0.355,2026-05-06 06:27:35.634
727,43509,3,0.0,0.349,0.0,0.353,2026-05-06 06:27:36.303
728,43566,1,0.0,0.349,0.0,0.353,2026-05-06 06:27:36.303
729,43623,2,0.0,0.349,0.0,0.355,2026-05-06 06:27:36.303
730,43680,3,0.0,0.349,0.0,0.353,2026-05-06 06:27:36.303
731,43737,1,0.0,0.348,0.0,0.353,2026-05-06 06:27:36.303
732,43794,2,0.0,0.348,0.0,0.355,2026-05-06 06:27:36.303
733,43864,1,0.0,0.342,0.0,0.353,2026-05-06 06:27:36.303
734,43921,2,0.0,0.342,0.0,0.355,2026-05-06 06:27:36.303
735,43978,3,0.0,0.342,0.0,0.353,2026-05-06 06:27:36.303
736,44035,1,0.0,0.342,0.0,0.353,2026-05-06 06:27:36.303
737,44092,2,0.0,0.342,0.0,0.355,2026-05-06 06:27:36.303
738,44149,3,0.0,0.342,0.0,0.353,2026-05-06 06:27:36.303
739,44206,1,0.0,0.341,0.0,0.353,2026-05-06 06:27:36.303
740,44263,2,0.0,0.341,0.0,0.355,2026-05-06 06:27:36.303
741,44333,1,0.0,0.332,0.0,0.353,2026-05-06 06:27:36.303
742,44390,2,0.0,0.332,0.0,0.355,2026-05-06 06:27:36.303
743,44447,3,0.0,0.332,0.0,0.353,2026-05-06 06:27:36.303
744,44504,1,0.0,0.329,0.0,0.353,2026-05-06 06:27:36.303
745,44561,2,0.0,0.329,0.0,0.355,2026-05-06 06:27:36.303
746,44618,3,0.0,0.329,0.0,0.353,2026-05-06 06:27:36.303
747,44675,1,0.0,0.329,0.0,0.353,2026-05-06 06:27:36.303
748,44732,2,0.0,0.329,0.0,0.355,2026-05-06 06:27:36.303
749,44802,1,0.0,0.312,0.0,0.353,2026-05-06 06:27:36.303
750,44859,2,0.0,0.312,0.0,0.355,2026-05-06 06:27:36.303
751,44916,3,0.0,0.312,0.0,0.353,2026-05-06 06:27:36.303
752,44973,1,0.0,0.308,0.0,0.353,2026-05-06 06:27:36.303
753,45030,2,0.0,0.308,0.0,0.355,2026-05-06 06:27:36.303
754,45087,3,0.0,0.308,0.0,0.353,2026-05-06 06:27:36.303
755,45144,1,0.0,0.304,0.0,0.353,2026-05-06 06:27:36.303
756,45201,2,0.0,0.304,0.0,0.355,2026-05-06 06:27:36.303
757,45271,1,0.0,0.271,0.0,0.353,2026-05-06 06:27:36.303
758,45328,2,0.0,0.271,0.0,0.355,2026-05-06 06:27:36.303
759,45385,3,0.0,0.271,0.0,0.353,2026-05-06 06:27:36.303
760,45442,1,0.0,0.264,0.0,0.353,2026-05-06 06:27:36.303
761,45499,2,0.0,0.264,0.0,0.355,2026-05-06 06:27:36.303
762,45556,3,0.0,0.264,0.0,0.353,2026-05-06 06:27:36.303
763,45613,1,0.0,0.256,0.0,0.353,2026-05-06 06:27:36.303
764,45670,2,0.0,0.256,0.0,0.355,2026-05-06 06:27:36.303
765,45740,1,0.0,0.192,-0.0,0.299,2026-05-06 06:27:36.303
766,45798,2,0.0,0.192,-0.0,0.304,2026-05-06 06:27:36.303
767,45856,3,0.0,0.192,-0.0,0.3,2026-05-06 06:27:36.303
768,45914,1,0.0,0.192,-0.0,0.299,2026-05-06 06:27:36.303
769,45972,2,0.0,0.192,-0.0,0.304,2026-05-06 06:27:36.303
770,46030,3,0.0,0.192,-0.0,0.3,2026-05-06 06:27:36.303
771,46088,1,0.0,0.182,-0.01,0.292,2026-05-06 06:27:36.303
772,46146,2,0.0,0.182,-0.01,0.297,2026-05-06 06:27:36.303
773,46213,1,0.0,0.12,-0.0,0.282,2026-05-06 06:27:36.303
774,46271,2,0.0,0.12,-0.01,0.286,2026-05-06 06:27:36.303
775,46329,3,0.0,0.12,0.0,0.284,2026-05-06 06:27:36.303
776,46386,1,0.0,0.111,-0.0,0.282,2026-05-06 06:27:36.303
777,46444,2,0.0,0.111,-0.01,0.286,2026-05-06 06:27:36.303
778,46502,3,0.0,0.111,0.0,0.284,2026-05-06 06:27:36.303
779,46559,1,0.0,0.111,-0.0,0.282,2026-05-06 06:27:36.303
780,46617,2,0.0,0.111,-0.01,0.286,2026-05-06 06:27:36.303
781,46686,1,0.0,0.053,-0.0,0.282,2026-05-06 06:27:36.303
782,46744,2,0.0,0.053,-0.01,0.286,2026-05-06 06:27:36.303
783,46802,3,0.0,0.053,0.0,0.284,2026-05-06 06:27:36.303
784,46859,1,0.0,0.053,-0.0,0.282,2026-05-06 06:27:36.303
785,46918,1,0.0,0.048,-0.0,0.282,2026-05-06 06:27:36.303
786,46976,2,0.0,0.048,-0.01,0.286,2026-05-06 06:27:36.303
787,47034,3,0.0,0.048,0.0,0.284,2026-05-06 06:27:36.303
788,47090,2,0.0,0.053,-0.01,0.286,2026-05-06 06:27:36.303
789,47158,1,0.0,0.025,0.01,0.108,2026-05-06 06:27:36.303
790,47215,2,0.0,0.025,-0.0,0.116,2026-05-06 06:27:36.303
791,47273,3,0.0,0.025,-0.01,0.112,2026-05-06 06:27:36.303
792,47331,1,0.0,0.023,0.01,0.108,2026-05-06 06:27:36.303
793,47388,2,0.0,0.023,-0.0,0.116,2026-05-06 06:27:36.303
794,47446,3,0.0,0.023,-0.0,0.112,2026-05-06 06:27:36.303
795,47504,1,0.0,0.02,0.01,0.098,2026-05-06 06:27:36.303
796,47561,2,0.0,0.02,-0.0,0.101,2026-05-06 06:27:36.303
797,47630,1,0.0,0.009,0.01,0.054,2026-05-06 06:27:36.303
798,47688,1,0.0,0.008,0.01,0.054,2026-05-06 06:27:36.303
799,47745,2,0.0,0.008,-0.0,0.055,2026-05-06 06:27:36.303
800,47803,3,0.0,0.008,0.0,0.055,2026-05-06 06:27:36.303
801,47859,2,0.0,0.009,-0.0,0.055,2026-05-06 06:27:36.303
802,47917,3,0.0,0.009,0.0,0.055,2026-05-06 06:27:36.303
803,47974,1,0.0,0.007,0.01,0.047,2026-05-06 06:27:36.303
804,48031,2,0.0,0.007,-0.0,0.048,2026-05-06 06:27:36.303
805,48100,1,0.0,0.001,0.0,0.007,2026-05-06 06:27:36.303
806,48157,2,0.0,0.001,0.0,0.007,2026-05-06 06:27:36.303
807,48275,1,0.0,0.0,0.0,0.006,2026-05-06 06:27:36.303
808,48332,2,0.0,0.0,0.0,0.005,2026-05-06 06:27:36.303
809,48389,3,0.0,0.0,-0.0,0.004,2026-05-06 06:27:36.303
810,48447,1,0.0,0.0,0.0,0.006,2026-05-06 06:27:36.303
811,48504,2,0.0,0.0,0.0,0.005,2026-05-06 06:27:36.303
812,48573,1,0.0,0.0,0.0,-0.005,2026-05-06 06:27:36.303
813,48631,2,0.0,0.0,0.01,-0.01,2026-05-06 06:27:36.303
814,48689,3,-0.0,0.0,0.0,-0.008,2026-05-06 06:27:36.303
815,48748,1,0.0,0.0,0.0,-0.009,2026-05-06 06:27:36.303
816,48806,2,0.0,0.0,0.01,-0.012,2026-05-06 06:27:36.303
817,48864,3,-0.0,0.0,0.0,-0.009,2026-05-06 06:27:36.303
818,48923,1,0.0,0.0,0.0,-0.01,2026-05-06 06:27:36.303
819,48981,2,0.0,0.0,0.01,-0.013,2026-05-06 06:27:36.303
820,49047,3,-0.0,0.0,-0.0,-0.011,2026-05-06 06:27:36.303
821,49107,1,0.0,0.0,0.01,-0.013,2026-05-06 06:27:36.303
822,49165,2,0.0,0.0,0.01,-0.013,2026-05-06 06:27:36.303
823,49223,3,-0.0,0.0,0.0,-0.012,2026-05-06 06:27:36.303
824,49282,1,0.0,0.0,0.01,-0.013,2026-05-06 06:27:36.303
825,49340,2,0.0,0.0,0.01,-0.014,2026-05-06 06:27:36.303
826,49398,3,-0.0,0.0,-0.0,-0.014,2026-05-06 06:27:36.303
827,49458,1,0.0,0.0,0.0,-0.013,2026-05-06 06:27:36.303
828,49525,1,0.0,0.0,0.01,-0.014,2026-05-06 06:27:36.303
829,49583,2,0.0,0.0,0.01,-0.016,2026-05-06 06:27:36.303
830,49641,3,-0.0,0.0,-0.0,-0.014,2026-05-06 06:27:36.303
831,49701,1,0.0,0.0,0.01,-0.013,2026-05-06 06:27:36.303
832,49759,2,0.0,0.0,0.0,-0.016,2026-05-06 06:27:36.303
833,49817,3,-0.0,0.0,-0.0,-0.014,2026-05-06 06:27:36.303
834,49877,1,0.0,0.0,0.0,-0.013,2026-05-06 06:27:36.303
835,49935,2,0.0,0.0,0.0,-0.015,2026-05-06 06:27:36.303
836,50001,1,0.0,0.0,0.0,-0.013,2026-05-06 06:27:36.303
837,50059,2,0.0,0.0,0.0,-0.014,2026-05-06 06:27:36.303
838,50117,3,-0.0,0.0,-0.0,-0.013,2026-05-06 06:27:36.303
839,50177,1,0.0,0.0,0.01,-0.011,2026-05-06 06:27:36.303
840,50235,2,0.0,0.0,0.0,-0.012,2026-05-06 06:27:36.303
841,50293,3,-0.0,0.0,-0.01,-0.011,2026-05-06 06:27:36.303
842,50353,1,0.0,0.0,0.0,-0.01,2026-05-06 06:27:36.303
843,50411,2,0.0,0.0,0.0,-0.01,2026-05-06 06:27:36.303
844,50473,2,0.0,0.0,0.0,-0.008,2026-05-06 06:27:36.303
845,50531,3,-0.0,0.0,0.0,-0.009,2026-05-06 06:27:36.303
846,50590,1,0.0,0.0,0.0,-0.008,2026-05-06 06:27:36.303
847,50648,2,0.0,0.0,0.0,-0.007,2026-05-06 06:27:36.303
848,50706,3,-0.0,0.0,-0.01,-0.007,2026-05-06 06:27:36.303
849,50766,1,0.0,0.0,0.0,-0.007,2026-05-06 06:27:36.303
850,50824,2,0.0,0.0,0.0,-0.006,2026-05-06 06:27:36.303
851,50882,3,-0.0,0.0,0.0,-0.007,2026-05-06 06:27:36.303
852,50953,1,0.0,0.0,0.0,-0.004,2026-05-06 06:27:36.303
853,51011,2,0.0,0.0,-0.0,-0.004,2026-05-06 06:27:36.303
854,51070,3,-0.0,0.0,-0.0,-0.004,2026-05-06 06:27:36.303
855,51130,1,0.0,0.0,0.0,-0.003,2026-05-06 06:27:36.303
856,51188,2,0.0,0.0,-0.0,-0.003,2026-05-06 06:27:36.303
857,51247,3,-0.0,0.0,0.0,-0.003,2026-05-06 06:27:36.303
858,51306,1,0.0,0.0,0.01,-0.002,2026-05-06 06:27:36.303
859,51364,2,0.0,0.0,-0.0,-0.002,2026-05-06 06:27:36.303
860,51430,1,0.0,0.0,0.01,-0.001,2026-05-06 06:27:36.303
861,51488,2,0.0,0.0,-0.0,-0.002,2026-05-06 06:27:36.303
862,51547,3,-0.0,0.0,0.01,-0.002,2026-05-06 06:27:37.027
863,51606,1,0.0,0.0,0.0,-0.001,2026-05-06 06:27:37.027
864,51664,2,0.0,0.0,-0.0,-0.002,2026-05-06 06:27:37.027
865,51723,3,-0.0,0.0,-0.0,-0.001,2026-05-06 06:27:37.027
866,51783,1,0.0,0.0,0.01,-0.001,2026-05-06 06:27:37.027
867,51841,2,0.0,0.0,-0.0,-0.002,2026-05-06 06:27:37.027
868,51907,1,0.0,0.0,0.0,-0.002,2026-05-06 06:27:37.027
869,51965,2,0.0,0.0,-0.0,-0.002,2026-05-06 06:27:37.027
870,52024,3,-0.0,0.0,0.01,-0.002,2026-05-06 06:27:37.027
871,52083,1,0.0,0.0,0.0,-0.002,2026-05-06 06:27:37.027
872,52141,2,0.0,0.0,0.0,-0.002,2026-05-06 06:27:37.027
873,52199,3,-0.0,0.0,0.0,-0.002,2026-05-06 06:27:37.027
874,52258,1,0.0,0.0,0.0,-0.002,2026-05-06 06:27:37.027
875,52316,2,0.0,0.0,0.0,-0.003,2026-05-06 06:27:37.027
876,52382,1,0.0,0.0,0.0,-0.002,2026-05-06 06:27:37.027
877,52440,2,0.0,0.0,0.0,-0.003,2026-05-06 06:27:37.027
878,52498,3,-0.0,0.0,0.0,-0.003,2026-05-06 06:27:37.027
879,52557,1,0.0,0.0,0.0,-0.003,2026-05-06 06:27:37.027
880,52615,2,0.0,0.0,0.0,-0.004,2026-05-06 06:27:37.027
881,52673,3,-0.0,0.0,0.0,-0.003,2026-05-06 06:27:37.027
882,52732,1,0.0,0.0,0.0,-0.004,2026-05-06 06:27:37.027
883,52790,2,0.0,0.0,0.0,-0.004,2026-05-06 06:27:37.027
884,52856,1,0.0,0.0,0.0,-0.004,2026-05-06 06:27:37.027
885,52914,2,0.0,0.0,0.0,-0.005,2026-05-06 06:27:37.027
886,52972,3,-0.0,0.0,-0.0,-0.004,2026-05-06 06:27:37.027
887,53032,1,0.0,0.0,0.0,-0.004,2026-05-06 06:27:37.027
888,53090,2,0.0,0.0,0.0,-0.004,2026-05-06 06:27:37.027
889,53148,3,-0.0,0.0,0.0,-0.004,2026-05-06 06:27:37.027
890,53207,1,0.0,0.0,0.0,-0.004,2026-05-06 06:27:37.027
891,53265,2,0.0,0.0,0.0,-0.004,2026-05-06 06:27:37.027
892,53331,1,0.0,0.0,0.0,-0.003,2026-05-06 06:27:37.027
893,53389,2,0.0,0.0,0.0,-0.003,2026-05-06 06:27:37.027
894,53447,3,-0.0,0.0,-0.0,-0.003,2026-05-06 06:27:37.027
895,53507,1,0.0,0.0,0.01,-0.003,2026-05-06 06:27:37.027
896,53565,2,0.0,0.0,0.0,-0.003,2026-05-06 06:27:37.027
897,53623,3,-0.0,0.0,-0.0,-0.003,2026-05-06 06:27:37.027
898,53683,1,0.0,0.0,0.0,-0.003,2026-05-06 06:27:37.027
899,53741,2,0.0,0.0,-0.0,-0.002,2026-05-06 06:27:37.027
900,53808,1,0.0,0.0,0.0,-0.001,2026-05-06 06:27:37.027
901,53866,2,0.0,0.0,0.0,-0.0,2026-05-06 06:27:37.027
902,53924,3,-0.0,0.0,0.0,-0.001,2026-05-06 06:27:37.027
903,53983,1,0.0,0.0,0.0,0.0,2026-05-06 06:27:37.027
904,54040,2,0.0,0.0,-0.0,0.0,2026-05-06 06:27:37.027
905,54098,3,-0.0,0.0,0.0,-0.0,2026-05-06 06:27:37.027
906,54157,1,0.0,0.0,0.0,0.0,2026-05-06 06:27:37.027
907,54214,2,0.0,0.0,-0.0,0.0,2026-05-06 06:27:37.027
908,54280,1,0.0,0.0,0.0,0.0,2026-05-06 06:27:37.027
909,54337,2,0.0,0.0,-0.0,-0.0,2026-05-06 06:27:37.027
910,54396,3,-0.0,0.0,0.0,0.0,2026-05-06 06:27:37.027
911,54454,1,0.0,0.0,0.0,-0.0,2026-05-06 06:27:37.027
912,54512,2,0.0,0.0,-0.0,-0.0,2026-05-06 06:27:37.027
913,54571,3,-0.0,0.0,-0.01,0.0,2026-05-06 06:27:37.027
914,54630,1,0.0,0.0,0.0,0.0,2026-05-06 06:27:37.027
915,54687,2,0.0,0.0,0.0,-0.0,2026-05-06 06:27:37.027
916,54753,1,0.0,0.0,0.01,0.0,2026-05-06 06:27:37.027
917,54810,2,0.0,0.0,0.0,-0.001,2026-05-06 06:27:37.027
918,54868,3,-0.0,0.0,-0.0,-0.0,2026-05-06 06:27:37.027
919,54928,1,0.0,0.0,0.0,0.0,2026-05-06 06:27:37.027
920,54985,2,0.0,0.0,0.0,-0.001,2026-05-06 06:27:37.027
921,55043,3,-0.0,0.0,-0.0,-0.0,2026-05-06 06:27:37.027
922,55103,1,0.0,0.0,0.0,0.0,2026-05-06 06:27:37.027
923,55160,2,0.0,0.0,0.0,-0.001,2026-05-06 06:27:37.027
924,55226,1,0.0,0.0,0.0,-0.001,2026-05-06 06:27:37.027
925,55284,2,0.0,0.0,0.0,-0.002,2026-05-06 06:27:37.027
926,55342,3,-0.0,0.0,0.0,-0.001,2026-05-06 06:27:37.027
927,55401,1,0.0,0.0,0.0,-0.001,2026-05-06 06:27:37.027
928,55459,2,0.0,0.0,0.0,-0.002,2026-05-06 06:27:37.027
929,55517,3,-0.0,0.0,0.02,-0.001,2026-05-06 06:27:37.027
930,55576,1,0.0,0.0,0.01,-0.001,2026-05-06 06:27:37.027
931,55634,2,0.0,0.0,0.0,-0.002,2026-05-06 06:27:37.027
932,55700,1,0.0,0.0,0.0,-0.002,2026-05-06 06:27:37.027
933,55758,2,0.0,0.0,0.0,-0.002,2026-05-06 06:27:37.027
934,55879,1,0.0,0.0,0.0,-0.002,2026-05-06 06:27:37.027
935,55937,2,0.0,0.0,0.0,-0.003,2026-05-06 06:27:37.027
936,55995,3,-0.0,0.0,0.0,-0.002,2026-05-06 06:27:37.027
937,56054,1,0.0,0.0,0.0,-0.002,2026-05-06 06:27:37.027
938,56112,2,0.0,0.0,-0.0,-0.002,2026-05-06 06:27:37.027
939,56179,1,0.0,0.0,0.0,-0.001,2026-05-06 06:27:37.027
940,56237,2,0.0,0.0,0.0,-0.001,2026-05-06 06:27:37.027
941,56295,3,-0.0,0.0,0.0,-0.001,2026-05-06 06:27:37.027
942,56354,1,0.0,0.0,0.01,-0.001,2026-05-06 06:27:37.027
943,56412,2,0.0,0.0,0.0,-0.001,2026-05-06 06:27:37.027
944,56470,3,-0.0,0.0,-0.0,-0.001,2026-05-06 06:27:37.027
945,56530,1,0.0,0.0,0.0,-0.001,2026-05-06 06:27:37.027
946,56588,2,0.0,0.0,0.0,-0.001,2026-05-06 06:27:37.027
947,56654,1,0.0,0.0,0.01,-0.0,2026-05-06 06:27:37.027
948,56712,2,0.0,0.0,-0.0,0.0,2026-05-06 06:27:37.027
949,56770,3,-0.0,0.0,-0.0,-0.0,2026-05-06 06:27:37.027
950,56830,1,0.0,0.0,0.0,0.0,2026-05-06 06:27:37.027
951,56887,2,0.0,0.0,-0.0,0.0,2026-05-06 06:27:37.027
952,56945,3,-0.0,0.0,-0.0,0.0,2026-05-06 06:27:37.027
953,57004,1,0.0,0.0,0.01,0.0,2026-05-06 06:27:37.027
954,57061,2,0.0,0.0,-0.0,0.0,2026-05-06 06:27:37.027
955,57127,1,0.0,0.0,0.01,0.0,2026-05-06 06:27:37.027
956,57184,2,0.0,0.0,-0.0,0.0,2026-05-06 06:27:37.027
957,57242,3,-0.0,0.0,-0.0,0.0,2026-05-06 06:27:37.027
958,57301,1,0.0,0.0,0.01,0.0,2026-05-06 06:27:37.027
959,57358,2,0.0,0.0,-0.0,0.0,2026-05-06 06:27:37.027
960,57416,3,-0.0,0.0,-0.0,0.0,2026-05-06 06:27:37.027
961,57475,1,0.0,0.0,0.01,0.0,2026-05-06 06:27:37.027
962,57532,2,0.0,0.0,-0.0,-0.0,2026-05-06 06:27:37.027
963,57599,1,0.0,0.0,0.01,0.0,2026-05-06 06:27:37.027
964,57656,2,0.0,0.0,0.0,0.0,2026-05-06 06:27:37.027
965,57713,3,-0.0,0.0,-0.0,0.0,2026-05-06 06:27:37.027
966,57772,1,0.0,0.0,0.0,0.0,2026-05-06 06:27:37.027
967,57829,2,0.0,0.0,0.0,-0.0,2026-05-06 06:27:37.027
968,57887,3,-0.0,0.0,-0.0,-0.0,2026-05-06 06:27:37.027
969,57947,1,0.0,0.0,0.0,-0.0,2026-05-06 06:27:37.027
970,58005,2,0.0,0.0,0.0,-0.0,2026-05-06 06:27:37.027
971,58148,1,0.0,0.0,0.0,-0.0,2026-05-06 06:27:37.027
972,58206,2,0.0,0.0,0.0,-0.001,2026-05-06 06:27:37.027
973,58264,3,-0.0,0.0,-0.0,-0.001,2026-05-06 06:27:37.027
974,58324,1,0.0,0.0,0.0,-0.0,2026-05-06 06:27:37.027
975,58382,2,0.0,0.0,0.0,-0.001,2026-05-06 06:27:37.027
976,58440,3,-0.0,0.0,0.0,-0.001,2026-05-06 06:27:37.027
977,58499,1,0.0,0.0,0.0,-0.0,2026-05-06 06:27:37.027
978,58567,1,0.0,0.0,0.0,-0.001,2026-05-06 06:27:37.027
979,58625,2,0.0,0.0,0.0,-0.001,2026-05-06 06:27:37.027
980,58683,3,-0.0,0.0,0.0,-0.001,2026-05-06 06:27:37.027
981,58742,1,0.0,0.0,0.0,-0.001,2026-05-06 06:27:37.027
982,58800,2,0.0,0.0,0.0,-0.001,2026-05-06 06:27:37.027
983,58858,3,-0.0,0.0,0.0,-0.001,2026-05-06 06:27:37.027
984,58917,1,0.0,-0.001,0.0,-0.001,2026-05-06 06:27:37.027
985,58976,2,0.0,-0.001,0.0,-0.001,2026-05-06 06:27:37.027
986,59043,1,0.0,-0.003,0.01,-0.001,2026-05-06 06:27:37.027
987,59102,2,0.0,-0.003,0.0,-0.001,2026-05-06 06:27:37.027
988,59161,3,0.0,-0.003,0.0,-0.001,2026-05-06 06:27:37.027
989,59220,1,0.0,-0.003,0.0,-0.001,2026-05-06 06:27:37.027
990,59279,2,0.0,-0.003,0.0,-0.0,2026-05-06 06:27:37.027
991,59338,3,0.0,-0.003,0.0,-0.0,2026-05-06 06:27:37.027
992,59397,1,0.0,-0.004,0.0,-0.001,2026-05-06 06:27:37.027
993,59456,2,0.0,-0.004,0.0,-0.0,2026-05-06 06:27:37.027
994,59522,1,0.0,-0.01,0.0,-0.001,2026-05-06 06:27:37.027
995,59581,2,0.0,-0.01,-0.0,-0.0,2026-05-06 06:27:37.739
996,59641,3,0.0,-0.01,-0.01,-0.0,2026-05-06 06:27:37.739
997,59701,1,0.0,-0.01,0.0,-0.001,2026-05-06 06:27:37.739
998,59760,2,0.0,-0.01,-0.0,-0.0,2026-05-06 06:27:37.739
999,59820,3,0.0,-0.01,-0.01,-0.0,2026-05-06 06:27:37.739
1000,59880,1,0.0,-0.011,0.0,-0.0,2026-05-06 06:27:37.739
1001,59939,2,0.0,-0.011,0.0,0.0,2026-05-06 06:27:37.739
1002,60002,1,0.0,-0.021,0.0,-0.003,2026-05-06 06:27:37.739
1003,60061,2,0.0,-0.021,-0.0,-0.002,2026-05-06 06:27:37.739
1004,60121,3,0.0,-0.021,0.0,-0.005,2026-05-06 06:27:37.739
1005,60180,1,0.0,-0.021,0.0,-0.003,2026-05-06 06:27:37.739
1006,60239,2,0.0,-0.021,-0.0,-0.003,2026-05-06 06:27:37.739
1007,60299,3,0.0,-0.021,0.0,-0.006,2026-05-06 06:27:37.739
1008,60358,1,0.0,-0.022,-0.0,-0.003,2026-05-06 06:27:37.739
1009,60418,2,0.0,-0.022,-0.0,-0.003,2026-05-06 06:27:37.739
1010,60483,1,0.0,-0.034,-0.0,-0.008,2026-05-06 06:27:37.739
1011,60543,2,0.0,-0.034,-0.0,-0.008,2026-05-06 06:27:37.739
1012,60603,3,0.0,-0.034,0.0,-0.008,2026-05-06 06:27:37.739
1013,60663,1,0.0,-0.036,0.0,-0.01,2026-05-06 06:27:37.739
1014,60722,2,0.0,-0.036,-0.0,-0.01,2026-05-06 06:27:37.739
1015,60782,3,0.0,-0.036,-0.0,-0.01,2026-05-06 06:27:37.739
1016,60841,1,0.0,-0.034,0.0,-0.01,2026-05-06 06:27:37.739
1017,60900,2,0.0,-0.034,-0.0,-0.01,2026-05-06 06:27:37.739
1018,60964,1,0.0,-0.053,-0.0,-0.019,2026-05-06 06:27:37.739
1019,61024,2,0.0,-0.053,0.0,-0.019,2026-05-06 06:27:37.739
1020,61083,3,0.0,-0.053,-0.0,-0.019,2026-05-06 06:27:37.739
1021,61143,1,0.0,-0.056,-0.0,-0.019,2026-05-06 06:27:37.739
1022,61203,2,0.0,-0.056,0.0,-0.019,2026-05-06 06:27:37.739
1023,61262,3,0.0,-0.056,-0.0,-0.019,2026-05-06 06:27:37.739
1024,61322,1,0.0,-0.056,-0.0,-0.022,2026-05-06 06:27:37.739
1025,61382,2,0.0,-0.056,-0.0,-0.022,2026-05-06 06:27:37.739
1026,61446,1,0.0,-0.082,0.0,-0.036,2026-05-06 06:27:37.739
1027,61505,2,0.0,-0.082,-0.0,-0.037,2026-05-06 06:27:37.739
1028,61565,3,0.0,-0.082,-0.0,-0.036,2026-05-06 06:27:37.739
1029,61625,1,0.0,-0.082,0.0,-0.036,2026-05-06 06:27:37.739
1030,61684,2,0.0,-0.082,-0.0,-0.037,2026-05-06 06:27:37.739
1031,61744,3,0.0,-0.082,-0.0,-0.036,2026-05-06 06:27:37.739
1032,61804,1,0.0,-0.086,0.0,-0.036,2026-05-06 06:27:37.739
1033,61863,2,0.0,-0.086,-0.0,-0.037,2026-05-06 06:27:37.739
1034,61928,1,0.0,-0.116,0.0,-0.056,2026-05-06 06:27:37.739
1035,61987,2,0.0,-0.116,-0.0,-0.058,2026-05-06 06:27:37.739
1036,62047,3,0.0,-0.116,-0.0,-0.054,2026-05-06 06:27:37.739
1037,62107,1,0.0,-0.121,-0.0,-0.061,2026-05-06 06:27:37.739
1038,62167,2,0.0,-0.121,0.0,-0.06,2026-05-06 06:27:37.739
1039,62226,3,0.0,-0.121,0.0,-0.058,2026-05-06 06:27:37.739
1040,62285,1,0.0,-0.121,-0.0,-0.063,2026-05-06 06:27:37.739
1041,62345,2,0.0,-0.121,0.0,-0.063,2026-05-06 06:27:37.739
1042,62409,1,0.0,-0.157,-0.0,-0.079,2026-05-06 06:27:37.739
1043,62469,2,0.0,-0.157,0.0,-0.081,2026-05-06 06:27:37.739
1044,62528,3,0.0,-0.157,0.0,-0.074,2026-05-06 06:27:37.739
1045,62587,1,0.0,-0.163,-0.0,-0.079,2026-05-06 06:27:37.739
1046,62647,2,0.0,-0.163,0.0,-0.081,2026-05-06 06:27:37.739
1047,62706,3,0.0,-0.163,0.0,-0.074,2026-05-06 06:27:37.739
1048,62765,1,0.0,-0.163,-0.0,-0.088,2026-05-06 06:27:37.739
1049,62825,2,0.0,-0.163,0.0,-0.091,2026-05-06 06:27:37.739
1050,62889,1,0.0,-0.195,0.0,-0.117,2026-05-06 06:27:37.739
1051,62948,2,0.0,-0.195,0.0,-0.123,2026-05-06 06:27:37.739
1052,63007,3,0.0,-0.195,-0.0,-0.124,2026-05-06 06:27:37.739
1053,63067,1,0.0,-0.195,0.0,-0.123,2026-05-06 06:27:37.739
1054,63126,2,0.0,-0.195,0.0,-0.129,2026-05-06 06:27:37.739
1055,63185,3,0.0,-0.195,0.01,-0.124,2026-05-06 06:27:37.739
1056,63244,1,0.0,-0.194,0.0,-0.128,2026-05-06 06:27:37.739
1057,63303,2,0.0,-0.194,0.0,-0.131,2026-05-06 06:27:37.739
1058,63368,1,0.0,-0.187,0.0,-0.159,2026-05-06 06:27:37.739
1059,63427,2,0.0,-0.187,0.0,-0.168,2026-05-06 06:27:37.739
1060,63509,2,0.0,-0.006,0.01,-0.109,2026-05-06 06:27:37.739
1061,63573,1,-0.01,0.0,-0.01,-0.101,2026-05-06 06:27:37.739
1062,63633,2,0.01,0.0,0.01,-0.109,2026-05-06 06:27:37.739
1063,63691,3,0.01,0.0,0.01,-0.103,2026-05-06 06:27:37.739
1064,63749,1,-0.01,0.0,-0.01,-0.101,2026-05-06 06:27:37.739
1065,63809,2,0.01,0.0,0.01,-0.109,2026-05-06 06:27:37.739
1066,63867,3,0.01,0.0,0.01,-0.103,2026-05-06 06:27:37.739
1067,63925,1,-0.01,0.0,-0.01,-0.101,2026-05-06 06:27:37.739
1068,63985,2,0.01,0.0,0.01,-0.109,2026-05-06 06:27:37.739
1069,64050,1,-0.01,0.0,-0.01,-0.101,2026-05-06 06:27:37.739
1070,64110,2,0.01,0.0,0.01,-0.109,2026-05-06 06:27:37.739
1071,64168,3,0.01,0.0,0.01,-0.103,2026-05-06 06:27:37.739
1072,64226,1,-0.01,0.0,-0.0,-0.007,2026-05-06 06:27:37.739
1073,64286,2,0.01,0.0,0.01,-0.014,2026-05-06 06:27:37.739
1074,64344,3,0.01,0.0,-0.01,-0.007,2026-05-06 06:27:37.739
1075,64466,2,0.01,0.0,0.0,0.0,2026-05-06 06:27:37.739
1076,64531,1,-0.01,0.0,-0.01,0.0,2026-05-06 06:27:37.739
1077,64590,2,0.01,0.0,0.0,-0.0,2026-05-06 06:27:37.739
1078,64648,3,0.01,0.0,0.01,0.0,2026-05-06 06:27:37.739
1079,64705,1,-0.01,0.0,-0.01,-0.0,2026-05-06 06:27:37.739
1080,64765,2,0.01,0.0,0.0,0.0,2026-05-06 06:27:37.739
1081,64822,3,0.01,0.0,0.01,0.0,2026-05-06 06:27:37.739
1082,64879,1,-0.01,0.0,-0.01,0.0,2026-05-06 06:27:37.739
1083,64938,2,0.01,0.0,0.01,0.0,2026-05-06 06:27:37.739
1084,65003,1,-0.01,0.0,-0.01,-0.0,2026-05-06 06:27:37.739
1085,65063,2,0.01,0.0,0.01,-0.0,2026-05-06 06:27:37.739
1086,65121,3,0.01,0.0,0.0,-0.0,2026-05-06 06:27:37.739
1087,65179,1,-0.01,0.0,-0.01,0.0,2026-05-06 06:27:37.739
1088,65238,2,0.01,0.0,0.0,-0.0,2026-05-06 06:27:37.739
1089,65296,3,0.01,0.0,0.01,0.0,2026-05-06 06:27:37.739
1090,65353,1,-0.01,0.0,-0.01,0.0,2026-05-06 06:27:37.739
1091,65412,2,0.01,0.0,0.01,-0.0,2026-05-06 06:27:37.739
1092,65478,1,-0.01,0.0,-0.01,0.0,2026-05-06 06:27:37.739
1093,65537,2,0.01,0.0,0.01,0.0,2026-05-06 06:27:37.739
1094,65594,3,0.01,0.0,0.01,0.0,2026-05-06 06:27:37.739
1095,65651,1,-0.01,0.0,-0.01,0.0,2026-05-06 06:27:37.739
1096,65710,2,0.01,0.0,0.0,0.0,2026-05-06 06:27:37.739
1097,65767,3,0.01,0.0,0.01,0.0,2026-05-06 06:27:37.739
1098,65824,1,-0.01,0.0,-0.01,-0.0,2026-05-06 06:27:37.739
1099,65884,2,0.01,0.0,0.01,-0.0,2026-05-06 06:27:37.739
1100,65942,3,0.01,0.0,0.01,0.0,2026-05-06 06:27:37.739
1101,65998,2,0.01,0.0,0.01,0.0,2026-05-06 06:27:37.739
1102,66055,3,0.01,0.0,0.01,0.0,2026-05-06 06:27:37.739
1103,66112,1,-0.01,0.0,-0.01,0.0,2026-05-06 06:27:37.739
1104,66171,2,0.01,0.0,0.01,0.0,2026-05-06 06:27:37.739
1105,66228,3,0.01,0.0,0.0,0.0,2026-05-06 06:27:37.739
1106,66285,1,-0.01,0.0,-0.01,0.0,2026-05-06 06:27:37.739
1107,66344,2,0.01,0.0,0.01,0.0,2026-05-06 06:27:37.739
1108,66401,3,0.01,0.0,0.0,0.0,2026-05-06 06:27:37.739
1109,66469,1,-0.01,0.0,-0.01,0.0,2026-05-06 06:27:37.739
1110,66528,2,0.01,0.0,0.01,0.0,2026-05-06 06:27:37.739
1111,66585,3,0.01,0.0,0.02,0.0,2026-05-06 06:27:37.739
1112,66642,1,-0.01,0.0,-0.01,-0.0,2026-05-06 06:27:37.739
1113,66702,2,0.01,0.0,0.01,0.0,2026-05-06 06:27:37.739
1114,66759,3,0.01,0.0,0.01,-0.0,2026-05-06 06:27:37.739
1115,66817,1,-0.01,0.0,-0.01,0.0,2026-05-06 06:27:37.739
1116,66876,2,0.01,0.0,0.0,0.0,2026-05-06 06:27:37.739
1117,66941,1,-0.01,0.0,-0.01,0.0,2026-05-06 06:27:37.739
1118,67000,2,0.01,0.0,0.01,0.0,2026-05-06 06:27:37.739
1119,67057,3,0.01,0.0,0.01,0.0,2026-05-06 06:27:37.739
1120,67114,1,-0.01,0.0,-0.01,0.0,2026-05-06 06:27:37.739
1121,67173,2,0.01,0.0,0.0,0.0,2026-05-06 06:27:37.739
1122,67230,3,0.01,0.0,0.01,0.0,2026-05-06 06:27:37.739
1123,67287,1,-0.01,0.0,-0.01,0.0,2026-05-06 06:27:37.739
1124,67346,2,0.01,0.0,0.01,0.0,2026-05-06 06:27:37.739
1125,67411,1,-0.01,0.0,-0.01,0.0,2026-05-06 06:27:37.739
1126,67470,2,0.01,0.0,0.01,0.0,2026-05-06 06:27:37.739
1127,67527,3,0.01,0.0,0.01,0.0,2026-05-06 06:27:37.739
1128,67584,1,-0.01,0.0,-0.01,-0.0,2026-05-06 06:27:37.739
1129,67644,2,0.01,0.0,0.01,0.0,2026-05-06 06:27:39.061
1130,67701,3,0.01,0.0,0.02,0.0,2026-05-06 06:27:39.061
1131,67758,1,-0.01,0.0,-0.01,0.0,2026-05-06 06:27:39.061
1132,67817,2,0.01,0.0,0.01,0.0,2026-05-06 06:27:39.061
1133,67882,1,-0.01,0.0,-0.01,-0.0,2026-05-06 06:27:39.061
1134,67942,2,0.01,0.0,0.01,0.0,2026-05-06 06:27:39.061
1135,67999,3,0.01,0.0,0.01,0.0,2026-05-06 06:27:39.061
1136,68056,1,-0.01,0.0,-0.01,-0.0,2026-05-06 06:27:39.061
1137,68116,2,0.01,0.0,0.01,-0.0,2026-05-06 06:27:39.061
1138,68174,3,0.01,0.0,0.0,-0.0,2026-05-06 06:27:39.061
1139,68232,1,-0.01,0.0,-0.01,0.0,2026-05-06 06:27:39.061
1140,68291,2,0.01,0.0,0.0,0.0,2026-05-06 06:27:39.061
1141,68356,1,-0.01,0.0,-0.01,0.0,2026-05-06 06:27:39.061
1142,68415,2,0.01,0.0,0.01,-0.0,2026-05-06 06:27:39.061
1143,68473,3,0.01,0.0,0.01,-0.0,2026-05-06 06:27:39.061
1144,68531,1,-0.01,0.0,-0.01,0.0,2026-05-06 06:27:39.061
1145,68590,2,0.01,0.0,0.01,-0.0,2026-05-06 06:27:39.061
1146,68648,3,0.01,0.0,0.01,0.0,2026-05-06 06:27:39.061
1147,68705,1,-0.01,0.0,-0.01,0.0,2026-05-06 06:27:39.061
1148,68764,2,0.01,0.0,0.01,-0.0,2026-05-06 06:27:39.061
1149,68830,1,-0.01,0.0,-0.01,0.0,2026-05-06 06:27:39.061
1150,68889,2,0.01,0.0,0.01,-0.0,2026-05-06 06:27:39.061
1151,68947,3,0.01,0.0,0.01,-0.0,2026-05-06 06:27:39.061
1152,69005,1,-0.01,0.0,-0.01,0.0,2026-05-06 06:27:39.061
1153,69064,2,0.01,0.0,0.01,0.0,2026-05-06 06:27:39.061
1154,69121,3,0.01,0.0,0.01,-0.0,2026-05-06 06:27:39.061
1155,69179,1,-0.01,0.0,-0.01,0.0,2026-05-06 06:27:39.061
1156,69238,2,0.01,0.0,0.01,0.0,2026-05-06 06:27:39.061
1157,69303,1,-0.01,0.0,-0.01,0.0,2026-05-06 06:27:39.061
1158,69362,2,0.01,0.0,0.01,0.0,2026-05-06 06:27:39.061
1159,69419,3,0.01,0.0,0.02,-0.0,2026-05-06 06:27:39.061
1160,69477,1,-0.01,0.0,-0.01,0.0,2026-05-06 06:27:39.061
1161,69536,2,0.01,0.0,0.01,-0.0,2026-05-06 06:27:39.061
1162,69594,3,0.01,0.0,0.01,-0.0,2026-05-06 06:27:39.061
1163,69652,1,-0.01,0.0,-0.01,0.0,2026-05-06 06:27:39.061
1164,69711,2,0.01,0.0,0.0,0.0,2026-05-06 06:27:39.061
1165,69776,1,-0.01,0.0,-0.01,0.0,2026-05-06 06:27:39.061
1166,69835,2,0.01,0.0,0.01,0.0,2026-05-06 06:27:39.061
1167,69892,3,0.01,0.0,0.01,0.0,2026-05-06 06:27:39.061
1168,69949,1,-0.01,0.0,-0.01,0.0,2026-05-06 06:27:39.061
1169,70008,2,0.01,0.0,0.01,0.0,2026-05-06 06:27:39.061
1170,70065,3,0.01,0.0,0.02,-0.0,2026-05-06 06:27:39.061
1171,70123,1,-0.01,0.0,-0.01,0.0,2026-05-06 06:27:39.061
1172,70182,2,0.01,0.0,0.0,0.0,2026-05-06 06:27:39.061
1173,70247,1,-0.01,0.0,-0.01,0.0,2026-05-06 06:27:39.061
1174,70306,2,0.01,0.0,0.01,0.0,2026-05-06 06:27:39.061
1175,70363,3,0.01,0.0,0.01,0.0,2026-05-06 06:27:39.061
1176,70443,1,-0.01,0.0,-0.01,0.0,2026-05-06 06:27:39.061
1177,70502,2,0.01,0.0,0.0,0.0,2026-05-06 06:27:39.061
1178,70559,3,0.01,0.0,0.01,-0.0,2026-05-06 06:27:39.061
1179,70617,1,-0.01,0.0,-0.01,0.0,2026-05-06 06:27:39.061
1180,70676,2,0.01,0.0,0.01,0.0,2026-05-06 06:27:39.061
1181,70741,1,-0.01,0.0,-0.01,0.0,2026-05-06 06:27:39.061
1182,70800,2,0.01,0.0,0.01,-0.0,2026-05-06 06:27:39.061
1183,70858,3,0.01,0.0,0.0,0.0,2026-05-06 06:27:39.061
1184,70915,1,-0.01,0.0,-0.01,0.0,2026-05-06 06:27:39.061
1185,70974,2,0.01,0.0,0.01,0.0,2026-05-06 06:27:39.061
1186,71031,3,0.01,0.0,0.02,0.0,2026-05-06 06:27:39.061
1187,71150,2,0.01,0.0,0.0,0.0,2026-05-06 06:27:39.061
1188,71215,1,-0.01,0.0,-0.01,0.0,2026-05-06 06:27:39.061
1189,71274,2,0.01,0.0,0.0,0.0,2026-05-06 06:27:39.061
1190,71331,3,0.01,0.0,0.01,-0.0,2026-05-06 06:27:39.061
1191,71389,1,-0.01,0.0,-0.01,0.0,2026-05-06 06:27:39.061
1192,71448,2,0.01,0.0,0.01,0.0,2026-05-06 06:27:39.061
1193,71505,3,0.01,0.0,0.01,0.0,2026-05-06 06:27:39.061
1194,71562,1,-0.01,0.0,-0.01,0.0,2026-05-06 06:27:39.061
1195,71621,2,0.01,0.0,0.01,0.0,2026-05-06 06:27:39.061
1196,71686,1,-0.01,0.0,-0.01,-0.0,2026-05-06 06:27:39.061
1197,71746,2,0.01,0.0,0.01,0.0,2026-05-06 06:27:39.061
1198,71803,3,0.01,0.0,0.01,0.0,2026-05-06 06:27:39.061
1199,71860,1,-0.01,0.0,-0.01,0.0,2026-05-06 06:27:39.061
1200,71919,2,0.01,0.0,0.01,0.0,2026-05-06 06:27:39.061
1201,71976,3,0.01,0.0,0.01,0.0,2026-05-06 06:27:39.061
1202,72033,1,-0.01,0.0,-0.01,0.0,2026-05-06 06:27:39.061
1203,72092,2,0.01,0.0,0.0,0.0,2026-05-06 06:27:39.061
1204,72159,2,0.01,0.0,0.0,0.0,2026-05-06 06:27:39.061
1205,72216,3,0.01,0.0,0.01,0.0,2026-05-06 06:27:39.061
1206,72273,1,-0.01,0.0,-0.01,0.0,2026-05-06 06:27:39.061
1207,72332,2,0.01,0.0,0.0,0.0,2026-05-06 06:27:39.061
1208,72389,3,0.01,0.0,0.01,-0.0,2026-05-06 06:27:39.061
1209,72447,1,-0.01,0.0,-0.01,0.0,2026-05-06 06:27:39.061
1210,72506,2,0.01,0.0,0.01,0.0,2026-05-06 06:27:39.061
1211,72563,3,0.01,0.0,0.02,0.0,2026-05-06 06:27:39.061
1212,72638,2,0.0,-0.002,0.0,-0.0,2026-05-06 06:27:39.061
1213,72697,3,0.0,-0.002,0.0,-0.001,2026-05-06 06:27:39.061
1214,72756,1,0.0,-0.003,-0.01,-0.0,2026-05-06 06:27:39.061
1215,72816,2,0.0,-0.003,0.0,-0.0,2026-05-06 06:27:39.061
1216,72875,3,0.0,-0.003,0.0,-0.001,2026-05-06 06:27:39.061
1217,72934,1,0.0,-0.003,-0.01,-0.0,2026-05-06 06:27:39.061
1218,72994,2,0.0,-0.003,0.0,-0.0,2026-05-06 06:27:39.061
1219,73053,3,0.0,-0.003,0.0,-0.001,2026-05-06 06:27:39.061
1220,73119,1,0.0,-0.009,-0.0,-0.0,2026-05-06 06:27:39.061
1221,73179,2,0.0,-0.009,0.0,-0.0,2026-05-06 06:27:39.061
1222,73238,3,0.0,-0.009,-0.01,-0.0,2026-05-06 06:27:39.061
1223,73298,1,0.0,-0.009,-0.0,-0.0,2026-05-06 06:27:39.061
1224,73358,2,0.0,-0.009,0.0,-0.0,2026-05-06 06:27:39.061
1225,73417,3,0.0,-0.009,0.0,-0.0,2026-05-06 06:27:39.061
1226,73476,1,0.0,-0.009,-0.0,-0.0,2026-05-06 06:27:39.061
1227,73536,2,0.0,-0.009,0.0,-0.0,2026-05-06 06:27:39.061
1228,73600,1,0.0,-0.017,0.0,-0.0,2026-05-06 06:27:39.061
1229,73659,2,0.0,-0.017,-0.0,-0.0,2026-05-06 06:27:39.061
1230,73719,3,0.0,-0.017,0.01,-0.0,2026-05-06 06:27:39.061
1231,73778,1,0.0,-0.018,-0.0,-0.001,2026-05-06 06:27:39.061
1232,73838,2,0.0,-0.018,0.0,-0.0,2026-05-06 06:27:39.061
1233,73897,3,0.0,-0.018,0.0,-0.0,2026-05-06 06:27:39.061
1234,73956,1,0.0,-0.019,-0.0,-0.001,2026-05-06 06:27:39.061
1235,74016,2,0.0,-0.019,0.0,-0.0,2026-05-06 06:27:39.061
1236,74080,1,0.0,-0.029,-0.0,-0.003,2026-05-06 06:27:39.061
1237,74140,2,0.0,-0.029,0.0,-0.003,2026-05-06 06:27:39.061
1238,74199,3,0.0,-0.029,0.0,-0.004,2026-05-06 06:27:39.061
1239,74258,1,0.0,-0.03,-0.0,-0.003,2026-05-06 06:27:39.061
1240,74318,2,0.0,-0.03,0.0,-0.003,2026-05-06 06:27:39.061
1241,74377,3,0.0,-0.03,0.0,-0.004,2026-05-06 06:27:39.061
1242,74436,1,0.0,-0.032,-0.0,-0.003,2026-05-06 06:27:39.061
1243,74496,2,0.0,-0.032,0.0,-0.003,2026-05-06 06:27:39.061
1244,74560,1,0.0,-0.048,0.0,-0.012,2026-05-06 06:27:39.061
1245,74619,2,0.0,-0.048,0.0,-0.011,2026-05-06 06:27:39.061
1246,74678,3,0.0,-0.048,0.01,-0.011,2026-05-06 06:27:39.061
1247,74737,1,0.0,-0.05,0.0,-0.013,2026-05-06 06:27:39.061
1248,74796,2,0.0,-0.05,0.0,-0.012,2026-05-06 06:27:39.061
1249,74855,3,0.0,-0.05,0.0,-0.012,2026-05-06 06:27:39.061
1250,74914,1,0.0,-0.053,0.0,-0.015,2026-05-06 06:27:39.061
1251,74973,2,0.0,-0.053,0.0,-0.014,2026-05-06 06:27:39.061
1252,75038,1,0.0,-0.075,0.0,-0.026,2026-05-06 06:27:39.061
1253,75097,2,0.0,-0.075,0.0,-0.026,2026-05-06 06:27:39.061
1254,75156,3,0.0,-0.075,0.01,-0.024,2026-05-06 06:27:39.061
1255,75215,1,0.0,-0.078,0.0,-0.026,2026-05-06 06:27:39.061
1256,75274,2,0.0,-0.078,0.0,-0.026,2026-05-06 06:27:39.061
1257,75333,3,0.0,-0.078,0.01,-0.024,2026-05-06 06:27:39.061
1258,75392,1,0.0,-0.082,0.0,-0.026,2026-05-06 06:27:39.061
1259,75451,2,0.0,-0.082,0.0,-0.026,2026-05-06 06:27:39.061
1260,75517,1,0.0,-0.107,0.0,-0.047,2026-05-06 06:27:39.061
1261,75576,2,0.0,-0.107,0.0,-0.046,2026-05-06 06:27:39.061
1262,75635,3,0.0,-0.107,-0.0,-0.044,2026-05-06 06:27:39.061
1263,75695,1,0.0,-0.112,0.0,-0.047,2026-05-06 06:27:39.754
1264,75754,2,0.0,-0.112,0.0,-0.046,2026-05-06 06:27:39.754
1265,75813,3,0.0,-0.112,-0.0,-0.044,2026-05-06 06:27:39.754
1266,75873,1,0.0,-0.116,0.0,-0.047,2026-05-06 06:27:39.754
1267,75932,2,0.0,-0.116,0.0,-0.046,2026-05-06 06:27:39.754
1268,75996,1,0.0,-0.152,0.0,-0.075,2026-05-06 06:27:39.754
1269,76055,2,0.0,-0.152,0.0,-0.078,2026-05-06 06:27:39.754
1270,76114,3,0.0,-0.152,-0.0,-0.074,2026-05-06 06:27:39.754
1271,76174,1,0.0,-0.152,0.0,-0.075,2026-05-06 06:27:39.754
1272,76233,2,0.0,-0.152,0.0,-0.078,2026-05-06 06:27:39.754
1273,76292,3,0.0,-0.152,-0.0,-0.074,2026-05-06 06:27:39.754
1274,76352,1,0.0,-0.157,0.0,-0.079,2026-05-06 06:27:39.754
1275,76411,2,0.0,-0.157,-0.0,-0.08,2026-05-06 06:27:39.754
1276,76476,1,0.0,-0.196,0.01,-0.092,2026-05-06 06:27:39.754
1277,76535,2,0.0,-0.196,-0.0,-0.096,2026-05-06 06:27:39.754
1278,76595,3,0.0,-0.196,-0.0,-0.093,2026-05-06 06:27:39.754
1279,76655,1,0.0,-0.196,0.01,-0.092,2026-05-06 06:27:39.754
1280,76714,2,0.0,-0.196,-0.0,-0.096,2026-05-06 06:27:39.754
1281,76774,3,0.0,-0.196,-0.0,-0.093,2026-05-06 06:27:39.754
1282,76834,1,0.0,-0.201,0.01,-0.092,2026-05-06 06:27:39.754
1283,76893,2,0.0,-0.201,-0.0,-0.096,2026-05-06 06:27:39.754
1284,76958,1,0.0,-0.237,0.0,-0.144,2026-05-06 06:27:39.754
1285,77017,2,0.0,-0.237,-0.01,-0.15,2026-05-06 06:27:39.754
1286,77077,3,0.0,-0.237,0.01,-0.146,2026-05-06 06:27:39.754
1287,77136,1,0.0,-0.237,0.0,-0.155,2026-05-06 06:27:39.754
1288,77195,2,0.0,-0.237,-0.01,-0.161,2026-05-06 06:27:39.754
1289,77255,3,0.0,-0.237,0.01,-0.154,2026-05-06 06:27:39.754
1290,77314,1,0.0,-0.242,0.0,-0.157,2026-05-06 06:27:39.754
1291,77373,2,0.0,-0.242,-0.01,-0.161,2026-05-06 06:27:39.754
1292,77438,1,0.0,-0.272,0.0,-0.198,2026-05-06 06:27:39.754
1293,77497,2,0.0,-0.272,-0.0,-0.207,2026-05-06 06:27:39.754
1294,77557,3,0.0,-0.272,-0.0,-0.202,2026-05-06 06:27:39.754
1295,77617,1,0.0,-0.272,0.0,-0.207,2026-05-06 06:27:39.754
1296,77676,2,0.0,-0.272,-0.0,-0.21,2026-05-06 06:27:39.754
1297,77736,3,0.0,-0.272,-0.0,-0.205,2026-05-06 06:27:39.754
1298,77796,1,0.0,-0.275,0.0,-0.207,2026-05-06 06:27:39.754
1299,77855,2,0.0,-0.275,-0.0,-0.21,2026-05-06 06:27:39.754
1300,77919,1,0.0,-0.298,0.0,-0.224,2026-05-06 06:27:39.754
1301,77978,2,0.0,-0.298,0.0,-0.231,2026-05-06 06:27:39.754
1302,78037,3,0.0,-0.298,-0.0,-0.225,2026-05-06 06:27:39.754
1303,78097,1,0.0,-0.298,0.0,-0.224,2026-05-06 06:27:39.754
1304,78218,3,0.0,-0.298,-0.0,-0.225,2026-05-06 06:27:39.754
1305,78340,2,0.0,-0.301,0.0,-0.231,2026-05-06 06:27:39.754
1306,78405,1,0.0,-0.315,-0.0,-0.274,2026-05-06 06:27:39.754
1307,78465,2,0.0,-0.315,0.01,-0.288,2026-05-06 06:27:39.754
1308,78524,3,0.0,-0.315,0.01,-0.278,2026-05-06 06:27:39.754
1309,78583,1,0.0,-0.317,-0.0,-0.274,2026-05-06 06:27:39.754
1310,78643,2,0.0,-0.317,0.01,-0.288,2026-05-06 06:27:39.754
1311,78702,3,0.0,-0.317,0.01,-0.278,2026-05-06 06:27:39.754
1312,78761,1,0.0,-0.317,-0.0,-0.274,2026-05-06 06:27:39.754
1313,78821,2,0.0,-0.317,0.01,-0.288,2026-05-06 06:27:39.754
1314,78885,1,0.0,-0.328,0.0,-0.306,2026-05-06 06:27:39.754
1315,78944,2,0.0,-0.328,0.01,-0.318,2026-05-06 06:27:39.754
1316,79003,3,0.0,-0.328,-0.0,-0.308,2026-05-06 06:27:39.754
1317,79063,1,0.0,-0.328,0.0,-0.306,2026-05-06 06:27:39.754
1318,79122,2,0.0,-0.328,0.01,-0.318,2026-05-06 06:27:39.754
1319,79181,3,0.0,-0.328,-0.0,-0.308,2026-05-06 06:27:39.754
1320,79241,1,0.0,-0.329,0.0,-0.306,2026-05-06 06:27:39.754
1321,79300,2,0.0,-0.329,0.01,-0.318,2026-05-06 06:27:39.754
1322,79364,1,0.0,-0.338,0.0,-0.306,2026-05-06 06:27:39.754
1323,79423,2,0.0,-0.338,0.01,-0.318,2026-05-06 06:27:39.754
1324,79482,3,0.0,-0.338,-0.0,-0.308,2026-05-06 06:27:39.754
1325,79542,1,0.0,-0.338,0.0,-0.306,2026-05-06 06:27:39.754
1326,79601,2,0.0,-0.338,0.01,-0.318,2026-05-06 06:27:39.754
1327,79660,3,0.0,-0.338,-0.0,-0.308,2026-05-06 06:27:39.754
1328,79720,1,0.0,-0.339,0.0,-0.306,2026-05-06 06:27:39.754
1329,79779,2,0.0,-0.339,0.01,-0.318,2026-05-06 06:27:39.754
1330,79844,1,0.0,-0.344,0.0,-0.306,2026-05-06 06:27:39.754
1331,79903,2,0.0,-0.344,0.01,-0.318,2026-05-06 06:27:39.754
1332,79962,3,0.0,-0.344,-0.0,-0.308,2026-05-06 06:27:39.754
1333,80022,1,0.0,-0.345,0.0,-0.306,2026-05-06 06:27:39.754
1334,80081,2,0.0,-0.345,0.01,-0.318,2026-05-06 06:27:39.754
1335,80140,3,0.0,-0.345,-0.0,-0.308,2026-05-06 06:27:39.754
1336,80200,1,0.0,-0.345,0.0,-0.306,2026-05-06 06:27:39.754
1337,80259,2,0.0,-0.345,0.01,-0.318,2026-05-06 06:27:39.754
1338,80323,1,0.0,-0.349,0.0,-0.306,2026-05-06 06:27:39.754
1339,80382,2,0.0,-0.349,0.01,-0.318,2026-05-06 06:27:39.754
1340,80441,3,0.0,-0.349,-0.0,-0.308,2026-05-06 06:27:39.754
1341,80501,1,0.0,-0.349,0.0,-0.306,2026-05-06 06:27:39.754
1342,80560,2,0.0,-0.349,0.01,-0.318,2026-05-06 06:27:39.754
1343,80619,3,0.0,-0.349,-0.0,-0.308,2026-05-06 06:27:39.754
1344,80679,1,0.0,-0.35,0.0,-0.306,2026-05-06 06:27:39.754
1345,80738,2,0.0,-0.35,0.01,-0.318,2026-05-06 06:27:39.754
1346,80803,1,0.0,-0.35,0.0,-0.306,2026-05-06 06:27:39.754
1347,80862,2,0.0,-0.35,0.01,-0.318,2026-05-06 06:27:39.754
1348,80921,3,0.0,-0.35,-0.0,-0.308,2026-05-06 06:27:39.754
1349,80981,1,0.0,-0.35,0.0,-0.306,2026-05-06 06:27:39.754
1350,81040,2,0.0,-0.35,0.01,-0.318,2026-05-06 06:27:39.754
1351,81099,3,0.0,-0.35,-0.0,-0.308,2026-05-06 06:27:39.754
1352,81159,1,0.0,-0.35,0.0,-0.306,2026-05-06 06:27:39.754
1353,81218,2,0.0,-0.35,0.01,-0.318,2026-05-06 06:27:39.754
1354,81282,1,0.0,-0.35,0.0,-0.358,2026-05-06 06:27:39.754
1355,81341,2,0.0,-0.35,-0.0,-0.373,2026-05-06 06:27:39.754
1356,81401,3,0.0,-0.35,0.0,-0.361,2026-05-06 06:27:39.754
1357,81460,1,0.0,-0.35,0.0,-0.358,2026-05-06 06:27:39.754
1358,81519,2,0.0,-0.35,-0.0,-0.373,2026-05-06 06:27:39.754
1359,81579,3,0.0,-0.35,0.0,-0.361,2026-05-06 06:27:39.754
1360,81638,1,0.0,-0.35,0.0,-0.358,2026-05-06 06:27:39.754
1361,81697,2,0.0,-0.35,-0.0,-0.373,2026-05-06 06:27:39.754
1362,81762,1,0.0,-0.35,0.0,-0.358,2026-05-06 06:27:39.754
1363,81821,2,0.0,-0.35,-0.0,-0.373,2026-05-06 06:27:39.754
1364,81881,3,0.0,-0.35,0.0,-0.361,2026-05-06 06:27:39.754
1365,81940,1,0.0,-0.35,0.0,-0.358,2026-05-06 06:27:39.754
1366,81999,2,0.0,-0.35,-0.0,-0.373,2026-05-06 06:27:39.754
1367,82059,3,0.0,-0.35,0.0,-0.361,2026-05-06 06:27:39.754
1368,82118,1,0.0,-0.35,0.0,-0.358,2026-05-06 06:27:39.754
1369,82177,2,0.0,-0.35,-0.0,-0.373,2026-05-06 06:27:39.754
1370,82242,1,0.0,-0.35,0.0,-0.358,2026-05-06 06:27:39.754
1371,82301,2,0.0,-0.35,-0.0,-0.373,2026-05-06 06:27:39.754
1372,82361,3,0.0,-0.35,0.0,-0.361,2026-05-06 06:27:39.754
1373,82420,1,0.0,-0.35,0.0,-0.358,2026-05-06 06:27:39.754
1374,82479,2,0.0,-0.35,-0.0,-0.373,2026-05-06 06:27:39.754
1375,82539,3,0.0,-0.35,0.0,-0.361,2026-05-06 06:27:39.754
1376,82598,1,0.0,-0.35,0.0,-0.358,2026-05-06 06:27:39.754
1377,82657,2,0.0,-0.35,-0.0,-0.373,2026-05-06 06:27:39.754
1378,82722,1,0.0,-0.35,0.0,-0.358,2026-05-06 06:27:39.754
1379,82781,2,0.0,-0.35,-0.0,-0.373,2026-05-06 06:27:39.754
1380,82841,3,0.0,-0.35,0.0,-0.361,2026-05-06 06:27:39.754
1381,82900,1,0.0,-0.35,0.0,-0.358,2026-05-06 06:27:39.754
1382,82959,2,0.0,-0.35,-0.0,-0.373,2026-05-06 06:27:39.754
1383,83019,3,0.0,-0.35,0.0,-0.361,2026-05-06 06:27:39.754
1384,83078,1,0.0,-0.35,0.0,-0.358,2026-05-06 06:27:39.754
1385,83137,2,0.0,-0.35,-0.0,-0.373,2026-05-06 06:27:39.912
1386,83202,1,0.0,-0.35,0.0,-0.358,2026-05-06 06:27:39.912
1387,83261,2,0.0,-0.35,-0.0,-0.373,2026-05-06 06:27:39.912
1388,83321,3,0.0,-0.35,0.0,-0.361,2026-05-06 06:27:40.365
1389,83380,1,0.0,-0.35,0.0,-0.358,2026-05-06 06:27:40.365
1390,83439,2,0.0,-0.35,-0.0,-0.373,2026-05-06 06:27:40.365
1391,83499,3,0.0,-0.35,0.0,-0.361,2026-05-06 06:27:40.365
1392,83558,1,0.0,-0.35,0.0,-0.358,2026-05-06 06:27:40.365
1393,83617,2,0.0,-0.35,-0.0,-0.373,2026-05-06 06:27:40.365
1394,83682,1,0.0,-0.35,0.0,-0.358,2026-05-06 06:27:40.365
1395,83741,2,0.0,-0.35,-0.0,-0.373,2026-05-06 06:27:40.365
1396,83801,3,0.0,-0.35,0.0,-0.361,2026-05-06 06:27:40.365
1397,83860,1,0.0,-0.35,0.0,-0.358,2026-05-06 06:27:40.365
1398,83919,2,0.0,-0.35,-0.0,-0.373,2026-05-06 06:27:40.365
1399,83979,3,0.0,-0.35,0.0,-0.361,2026-05-06 06:27:40.365
1400,84038,1,0.0,-0.35,0.0,-0.358,2026-05-06 06:27:40.365
1401,84097,2,0.0,-0.35,-0.0,-0.373,2026-05-06 06:27:40.365
1402,84162,1,0.0,-0.35,-0.0,-0.351,2026-05-06 06:27:40.365
1403,84222,2,0.0,-0.35,-0.0,-0.364,2026-05-06 06:27:40.365
1404,84282,3,0.0,-0.35,0.0,-0.352,2026-05-06 06:27:40.365
1405,84341,1,0.0,-0.35,-0.0,-0.351,2026-05-06 06:27:40.365
1406,84401,2,0.0,-0.35,-0.0,-0.364,2026-05-06 06:27:40.365
1407,84461,3,0.0,-0.35,0.0,-0.352,2026-05-06 06:27:40.365
1408,84520,1,0.0,-0.35,-0.0,-0.351,2026-05-06 06:27:40.365
1409,84580,2,0.0,-0.35,-0.0,-0.364,2026-05-06 06:27:40.365
1410,84644,1,0.0,-0.35,-0.0,-0.351,2026-05-06 06:27:40.365
1411,84704,2,0.0,-0.35,-0.0,-0.364,2026-05-06 06:27:40.365
1412,84764,3,0.0,-0.35,0.0,-0.352,2026-05-06 06:27:40.365
1413,84823,1,0.0,-0.35,-0.0,-0.351,2026-05-06 06:27:40.365
1414,84946,3,0.0,-0.35,0.0,-0.352,2026-05-06 06:27:40.365
1415,85005,1,0.0,-0.35,-0.0,-0.351,2026-05-06 06:27:40.365
1416,85065,2,0.0,-0.35,-0.0,-0.364,2026-05-06 06:27:40.365
1417,85129,1,0.0,-0.35,0.0,-0.349,2026-05-06 06:27:40.365
1418,85188,2,0.0,-0.35,-0.0,-0.359,2026-05-06 06:27:40.365
1419,85248,3,0.0,-0.35,-0.0,-0.355,2026-05-06 06:27:40.365
1420,85308,1,0.0,-0.35,0.0,-0.349,2026-05-06 06:27:40.365
1421,85367,2,0.0,-0.35,-0.0,-0.359,2026-05-06 06:27:40.365
1422,85427,3,0.0,-0.35,-0.0,-0.355,2026-05-06 06:27:40.365
1423,85487,1,0.0,-0.35,0.0,-0.349,2026-05-06 06:27:40.365
1424,85546,2,0.0,-0.35,0.0,-0.361,2026-05-06 06:27:40.365
1425,85609,3,0.0,-0.35,-0.0,-0.354,2026-05-06 06:27:40.365
1426,85669,1,0.0,-0.35,-0.0,-0.351,2026-05-06 06:27:40.365
1427,85729,2,0.0,-0.35,-0.0,-0.361,2026-05-06 06:27:40.365
1428,85789,3,0.0,-0.35,-0.0,-0.354,2026-05-06 06:27:40.365
1429,85849,1,0.0,-0.35,-0.0,-0.351,2026-05-06 06:27:40.365
1430,85909,2,0.0,-0.35,-0.0,-0.361,2026-05-06 06:27:40.365
1431,85969,3,0.0,-0.35,-0.0,-0.354,2026-05-06 06:27:40.365
1432,86029,1,0.0,-0.35,-0.0,-0.351,2026-05-06 06:27:40.365
1433,86093,1,0.0,-0.35,0.01,-0.35,2026-05-06 06:27:40.365
1434,86152,2,0.0,-0.35,0.01,-0.362,2026-05-06 06:27:40.365
1435,86211,3,0.0,-0.35,0.01,-0.353,2026-05-06 06:27:40.365
1436,86270,1,0.0,-0.35,0.01,-0.35,2026-05-06 06:27:40.365
1437,86329,2,0.0,-0.35,0.01,-0.362,2026-05-06 06:27:40.365
1438,86388,3,0.0,-0.35,0.01,-0.353,2026-05-06 06:27:40.365
1439,86447,1,0.0,-0.35,0.01,-0.35,2026-05-06 06:27:40.365
1440,86506,2,0.0,-0.35,0.01,-0.362,2026-05-06 06:27:40.365
1441,86575,1,0.0,-0.35,0.01,-0.35,2026-05-06 06:27:40.365
1442,86634,2,0.0,-0.35,0.01,-0.362,2026-05-06 06:27:40.365
1443,86693,3,0.0,-0.35,0.01,-0.353,2026-05-06 06:27:40.365
1444,86752,1,0.0,-0.35,0.01,-0.35,2026-05-06 06:27:40.365
1445,86811,2,0.0,-0.35,0.01,-0.362,2026-05-06 06:27:40.365
1446,86870,3,0.0,-0.35,0.01,-0.353,2026-05-06 06:27:40.365
1447,86929,1,0.0,-0.35,0.01,-0.35,2026-05-06 06:27:40.365
1448,86988,2,0.0,-0.35,0.01,-0.362,2026-05-06 06:27:40.365
1449,87053,1,0.0,-0.35,0.0,-0.346,2026-05-06 06:27:40.365
1450,87112,2,0.0,-0.35,0.0,-0.358,2026-05-06 06:27:40.365
1451,87171,3,0.0,-0.35,0.0,-0.351,2026-05-06 06:27:40.365
1452,87230,1,0.0,-0.35,0.0,-0.346,2026-05-06 06:27:40.365
1453,87289,2,0.0,-0.35,0.0,-0.358,2026-05-06 06:27:40.365
1454,87348,3,0.0,-0.35,0.0,-0.351,2026-05-06 06:27:40.365
1455,87407,1,0.0,-0.35,0.0,-0.346,2026-05-06 06:27:40.365
1456,87466,2,0.0,-0.35,0.0,-0.358,2026-05-06 06:27:40.365
1457,87531,2,0.0,-0.35,0.0,-0.358,2026-05-06 06:27:40.365
1458,87590,3,0.0,-0.35,0.0,-0.351,2026-05-06 06:27:40.365
1459,87649,1,0.0,-0.35,0.0,-0.346,2026-05-06 06:27:40.365
1460,87708,2,0.0,-0.35,0.0,-0.358,2026-05-06 06:27:40.365
1461,87767,3,0.0,-0.35,0.0,-0.351,2026-05-06 06:27:40.365
1462,87826,1,0.0,-0.35,0.0,-0.346,2026-05-06 06:27:40.365
1463,87885,2,0.0,-0.35,0.0,-0.358,2026-05-06 06:27:40.365
1464,87944,3,0.0,-0.35,0.0,-0.351,2026-05-06 06:27:40.365
1465,88010,1,0.0,-0.35,0.0,-0.346,2026-05-06 06:27:40.365
1466,88069,2,0.0,-0.35,0.0,-0.358,2026-05-06 06:27:40.365
1467,88128,3,0.0,-0.35,0.0,-0.351,2026-05-06 06:27:40.365
1468,88187,1,0.0,-0.35,0.0,-0.346,2026-05-06 06:27:40.365
1469,88246,2,0.0,-0.35,0.0,-0.358,2026-05-06 06:27:40.365
1470,88305,3,0.0,-0.35,0.0,-0.351,2026-05-06 06:27:40.365
1471,88364,1,0.0,-0.35,0.0,-0.346,2026-05-06 06:27:40.365
1472,88423,2,0.0,-0.35,0.0,-0.358,2026-05-06 06:27:40.365
1473,88489,1,0.0,-0.35,0.0,-0.346,2026-05-06 06:27:40.365
1474,88548,2,0.0,-0.35,0.0,-0.358,2026-05-06 06:27:40.365
1475,88607,3,0.0,-0.35,0.0,-0.351,2026-05-06 06:27:40.365
1476,88666,1,0.0,-0.35,0.0,-0.346,2026-05-06 06:27:40.365
1477,88725,2,0.0,-0.35,0.0,-0.358,2026-05-06 06:27:40.365
1478,88784,3,0.0,-0.35,0.0,-0.351,2026-05-06 06:27:40.365
1479,88843,1,0.0,-0.35,0.0,-0.346,2026-05-06 06:27:40.365
1480,88902,2,0.0,-0.35,0.0,-0.358,2026-05-06 06:27:40.365
1481,88967,1,0.0,-0.35,0.0,-0.346,2026-05-06 06:27:40.365
1482,89026,2,0.0,-0.35,0.0,-0.358,2026-05-06 06:27:40.365
1483,89085,3,0.0,-0.35,0.0,-0.351,2026-05-06 06:27:40.365
1484,89144,1,0.0,-0.35,0.0,-0.346,2026-05-06 06:27:40.365
1485,89203,2,0.0,-0.35,0.0,-0.358,2026-05-06 06:27:40.365
1486,89262,3,0.0,-0.35,0.0,-0.351,2026-05-06 06:27:40.365
1487,89321,1,0.0,-0.35,0.0,-0.346,2026-05-06 06:27:40.365
1488,89380,2,0.0,-0.35,0.0,-0.358,2026-05-06 06:27:40.365
1489,89447,2,0.0,-0.35,0.0,-0.357,2026-05-06 06:27:40.365
1490,89506,3,0.0,-0.35,0.0,-0.348,2026-05-06 06:27:40.365
1491,89565,1,0.0,-0.35,0.0,-0.346,2026-05-06 06:27:40.365
1492,89624,2,0.0,-0.35,0.0,-0.357,2026-05-06 06:27:40.365
1493,89683,3,0.0,-0.35,0.0,-0.348,2026-05-06 06:27:40.365
1494,89742,1,0.0,-0.35,0.0,-0.346,2026-05-06 06:27:40.365
1495,89801,2,0.0,-0.35,0.0,-0.357,2026-05-06 06:27:40.365
1496,89860,3,0.0,-0.35,0.0,-0.348,2026-05-06 06:27:40.365
1497,89924,1,0.0,-0.35,0.0,-0.349,2026-05-06 06:27:40.365
1498,89983,2,0.0,-0.35,-0.0,-0.359,2026-05-06 06:27:40.365
1499,90043,3,0.0,-0.35,0.0,-0.352,2026-05-06 06:27:40.365
1500,90102,1,0.0,-0.35,0.0,-0.349,2026-05-06 06:27:40.365
1501,90161,2,0.0,-0.35,-0.0,-0.359,2026-05-06 06:27:40.365
1502,90221,3,0.0,-0.35,0.0,-0.352,2026-05-06 06:27:40.522
1503,90280,1,0.0,-0.35,0.0,-0.349,2026-05-06 06:27:40.522
1504,90339,2,0.0,-0.35,-0.0,-0.359,2026-05-06 06:27:40.522
1505,90404,1,0.0,-0.35,0.0,-0.349,2026-05-06 06:27:40.522
1506,90463,2,0.0,-0.35,-0.0,-0.359,2026-05-06 06:27:40.522
1507,90523,3,0.0,-0.35,0.0,-0.352,2026-05-06 06:27:40.522
1508,90582,1,0.0,-0.35,0.0,-0.349,2026-05-06 06:27:40.522
1509,90641,2,0.0,-0.35,-0.0,-0.359,2026-05-06 06:27:40.522
1510,90701,3,0.0,-0.35,0.0,-0.352,2026-05-06 06:27:40.522
1511,90760,1,0.0,-0.35,0.0,-0.349,2026-05-06 06:27:40.522
1512,90819,2,0.0,-0.35,-0.0,-0.359,2026-05-06 06:27:40.522
1513,90883,2,0.0,-0.35,-0.0,-0.359,2026-05-06 06:27:40.522
1514,90943,3,0.0,-0.35,0.0,-0.352,2026-05-06 06:27:40.522
1515,91002,1,0.0,-0.35,0.0,-0.349,2026-05-06 06:27:40.522
1516,91061,2,0.0,-0.35,-0.0,-0.359,2026-05-06 06:27:40.522
1517,91121,3,0.0,-0.35,0.0,-0.352,2026-05-06 06:27:40.522
1518,91180,1,0.0,-0.35,0.0,-0.349,2026-05-06 06:27:40.522
1519,91239,2,0.0,-0.35,-0.0,-0.359,2026-05-06 06:27:40.522
1520,91299,3,0.0,-0.35,0.0,-0.352,2026-05-06 06:27:40.522
1521,91365,1,0.0,-0.35,0.0,-0.349,2026-05-06 06:27:40.522
1522,91424,2,0.0,-0.35,-0.0,-0.359,2026-05-06 06:27:40.522
1523,91484,3,0.0,-0.35,0.0,-0.352,2026-05-06 06:27:40.522
1524,91543,1,0.0,-0.35,0.0,-0.349,2026-05-06 06:27:40.522
1525,91602,2,0.0,-0.35,-0.0,-0.359,2026-05-06 06:27:40.522
1526,91662,3,0.0,-0.35,0.0,-0.352,2026-05-06 06:27:40.522
1527,91721,1,0.0,-0.35,0.0,-0.349,2026-05-06 06:27:40.522
1528,91780,2,0.0,-0.35,-0.0,-0.359,2026-05-06 06:27:40.522
1529,91845,1,0.0,-0.35,0.0,-0.349,2026-05-06 06:27:40.522
1530,91904,2,0.0,-0.35,-0.0,-0.359,2026-05-06 06:27:40.522
1531,91964,3,0.0,-0.35,0.0,-0.352,2026-05-06 06:27:40.522
1532,92023,1,0.0,-0.35,0.0,-0.349,2026-05-06 06:27:41.206
1533,92082,2,0.0,-0.35,-0.0,-0.359,2026-05-06 06:27:41.206
1534,92142,3,0.0,-0.35,0.0,-0.352,2026-05-06 06:27:41.206
1535,92201,1,0.0,-0.35,0.0,-0.349,2026-05-06 06:27:41.206
1536,92260,2,0.0,-0.35,-0.0,-0.359,2026-05-06 06:27:41.206
1537,92325,1,0.0,-0.35,0.0,-0.349,2026-05-06 06:27:41.206
1538,92384,2,0.0,-0.35,-0.0,-0.359,2026-05-06 06:27:41.206
1539,92444,3,0.0,-0.35,0.0,-0.352,2026-05-06 06:27:41.206
1540,92503,1,0.0,-0.35,0.0,-0.349,2026-05-06 06:27:41.206
1541,92562,2,0.0,-0.35,-0.0,-0.359,2026-05-06 06:27:41.206
1542,92622,3,0.0,-0.35,0.0,-0.352,2026-05-06 06:27:41.206
1543,92681,1,0.0,-0.35,0.0,-0.349,2026-05-06 06:27:41.206
1544,92740,2,0.0,-0.35,-0.0,-0.359,2026-05-06 06:27:41.206
1545,92805,1,0.0,-0.35,-0.0,-0.343,2026-05-06 06:27:41.206
1546,92865,2,0.0,-0.35,-0.0,-0.351,2026-05-06 06:27:41.206
1547,92925,3,0.0,-0.35,-0.0,-0.344,2026-05-06 06:27:41.206
1548,92985,1,0.0,-0.35,-0.0,-0.343,2026-05-06 06:27:41.206
1549,93045,2,0.0,-0.35,-0.0,-0.351,2026-05-06 06:27:41.206
1550,93105,3,0.0,-0.35,-0.0,-0.344,2026-05-06 06:27:41.206
1551,93165,1,0.0,-0.35,-0.0,-0.343,2026-05-06 06:27:41.206
1552,93225,2,0.0,-0.35,-0.0,-0.351,2026-05-06 06:27:41.206
1553,93288,1,0.0,-0.35,-0.0,-0.343,2026-05-06 06:27:41.206
1554,93348,2,0.0,-0.35,-0.0,-0.351,2026-05-06 06:27:41.206
1555,93408,3,0.0,-0.35,-0.0,-0.344,2026-05-06 06:27:41.206
1556,93468,1,0.0,-0.35,-0.0,-0.343,2026-05-06 06:27:41.206
1557,93528,2,0.0,-0.35,-0.0,-0.351,2026-05-06 06:27:41.206
1558,93588,3,0.0,-0.35,-0.0,-0.344,2026-05-06 06:27:41.206
1559,93648,1,0.0,-0.35,-0.0,-0.343,2026-05-06 06:27:41.206
1560,93708,2,0.0,-0.35,-0.0,-0.351,2026-05-06 06:27:41.206
1561,93771,1,0.0,-0.35,0.0,-0.348,2026-05-06 06:27:41.206
1562,93830,2,0.0,-0.35,0.0,-0.355,2026-05-06 06:27:41.206
1563,93889,3,0.0,-0.35,0.01,-0.35,2026-05-06 06:27:41.206
1564,93948,1,0.0,-0.35,0.0,-0.348,2026-05-06 06:27:41.206
1565,94007,2,0.0,-0.35,0.0,-0.355,2026-05-06 06:27:41.206
1566,94066,3,0.0,-0.35,0.01,-0.35,2026-05-06 06:27:41.206
1567,94125,1,0.0,-0.35,0.0,-0.348,2026-05-06 06:27:41.206
1568,94184,2,0.0,-0.35,0.0,-0.355,2026-05-06 06:27:41.206
1569,94254,1,0.0,-0.35,0.0,-0.348,2026-05-06 06:27:41.206
1570,94313,2,0.0,-0.35,0.0,-0.355,2026-05-06 06:27:41.206
1571,94372,3,0.0,-0.35,0.01,-0.35,2026-05-06 06:27:41.206
1572,94431,1,0.0,-0.35,0.0,-0.348,2026-05-06 06:27:41.206
1573,94490,2,0.0,-0.35,0.0,-0.355,2026-05-06 06:27:41.206
1574,94549,3,0.0,-0.35,0.01,-0.35,2026-05-06 06:27:41.206
1575,94608,1,0.0,-0.35,0.0,-0.348,2026-05-06 06:27:41.206
1576,94667,2,0.0,-0.35,0.0,-0.355,2026-05-06 06:27:41.206
1577,94733,1,0.0,-0.35,0.0,-0.348,2026-05-06 06:27:41.206
1578,94792,2,0.0,-0.35,0.0,-0.355,2026-05-06 06:27:41.206
1579,94851,3,0.0,-0.35,0.0,-0.348,2026-05-06 06:27:41.206
1580,94910,1,0.0,-0.35,0.0,-0.348,2026-05-06 06:27:41.206
1581,94969,2,0.0,-0.35,0.0,-0.355,2026-05-06 06:27:41.206
1582,95028,3,0.0,-0.35,0.0,-0.348,2026-05-06 06:27:41.206
1583,95087,1,0.0,-0.35,0.0,-0.348,2026-05-06 06:27:41.206
1584,95146,2,0.0,-0.35,0.0,-0.355,2026-05-06 06:27:41.206
1585,95211,1,0.0,-0.35,0.0,-0.348,2026-05-06 06:27:41.206
1586,95270,2,0.0,-0.35,0.0,-0.355,2026-05-06 06:27:41.206
1587,95329,3,0.0,-0.35,0.0,-0.348,2026-05-06 06:27:41.206
1588,95388,1,0.0,-0.35,0.0,-0.348,2026-05-06 06:27:41.206
1589,95447,2,0.0,-0.35,0.0,-0.355,2026-05-06 06:27:41.206
1590,95506,3,0.0,-0.35,0.0,-0.348,2026-05-06 06:27:41.206
1591,95565,1,0.0,-0.35,0.0,-0.348,2026-05-06 06:27:41.206
1592,95624,2,0.0,-0.35,0.0,-0.355,2026-05-06 06:27:41.206
1593,95690,1,0.0,-0.35,-0.0,-0.348,2026-05-06 06:27:41.206
1594,95750,2,0.0,-0.35,-0.0,-0.355,2026-05-06 06:27:41.206
1595,95810,3,0.0,-0.35,0.0,-0.349,2026-05-06 06:27:41.206
1596,95869,1,0.0,-0.35,-0.0,-0.348,2026-05-06 06:27:41.206
1597,95929,2,0.0,-0.35,-0.0,-0.355,2026-05-06 06:27:41.206
1598,95989,3,0.0,-0.35,0.0,-0.349,2026-05-06 06:27:41.206
1599,96048,1,0.0,-0.35,-0.0,-0.348,2026-05-06 06:27:41.206
1600,96108,2,0.0,-0.35,-0.0,-0.355,2026-05-06 06:27:41.206
1601,96172,1,0.0,-0.35,-0.0,-0.348,2026-05-06 06:27:41.206
1602,96232,2,0.0,-0.35,-0.0,-0.355,2026-05-06 06:27:41.206
1603,96292,3,0.0,-0.35,0.0,-0.349,2026-05-06 06:27:41.206
1604,96351,1,0.0,-0.35,-0.0,-0.348,2026-05-06 06:27:41.206
1605,96411,2,0.0,-0.35,-0.0,-0.355,2026-05-06 06:27:41.206
1606,96471,3,0.0,-0.35,0.0,-0.349,2026-05-06 06:27:41.206
1607,96530,1,0.0,-0.35,-0.0,-0.348,2026-05-06 06:27:41.206
1608,96590,2,0.0,-0.35,-0.0,-0.355,2026-05-06 06:27:41.206
1609,96654,1,0.0,-0.35,-0.0,-0.348,2026-05-06 06:27:41.206
1610,96714,2,0.0,-0.35,-0.0,-0.355,2026-05-06 06:27:41.206
1611,96774,3,0.0,-0.35,0.0,-0.349,2026-05-06 06:27:41.206
1612,96833,1,0.0,-0.35,-0.0,-0.348,2026-05-06 06:27:41.206
1613,96893,2,0.0,-0.35,-0.0,-0.355,2026-05-06 06:27:41.206
1614,96953,3,0.0,-0.35,0.0,-0.349,2026-05-06 06:27:41.206
1615,97012,1,0.0,-0.35,-0.0,-0.348,2026-05-06 06:27:41.206
1616,97072,2,0.0,-0.35,-0.0,-0.355,2026-05-06 06:27:41.206
1617,97136,1,0.0,-0.35,-0.0,-0.348,2026-05-06 06:27:41.206
1618,97196,2,0.0,-0.35,-0.0,-0.355,2026-05-06 06:27:41.206
1619,97256,3,0.0,-0.35,0.0,-0.349,2026-05-06 06:27:41.206
1620,97315,1,0.0,-0.35,-0.0,-0.348,2026-05-06 06:27:41.206
1621,97375,2,0.0,-0.35,-0.0,-0.355,2026-05-06 06:27:41.206
1622,97435,3,0.0,-0.35,0.0,-0.349,2026-05-06 06:27:41.206
1623,97494,1,0.0,-0.35,-0.0,-0.348,2026-05-06 06:27:41.206
1624,97554,2,0.0,-0.35,-0.0,-0.355,2026-05-06 06:27:41.206
1625,97618,1,0.0,-0.35,-0.0,-0.348,2026-05-06 06:27:41.206
1626,97678,2,0.0,-0.35,-0.0,-0.355,2026-05-06 06:27:41.206
1627,97738,3,0.0,-0.35,0.0,-0.349,2026-05-06 06:27:41.206
1628,97797,1,0.0,-0.35,-0.0,-0.348,2026-05-06 06:27:41.206
1629,97857,2,0.0,-0.35,-0.0,-0.355,2026-05-06 06:27:41.206
1630,97917,3,0.0,-0.35,0.0,-0.349,2026-05-06 06:27:41.206
1631,97976,1,0.0,-0.35,-0.0,-0.348,2026-05-06 06:27:41.206
1632,98036,2,0.0,-0.35,-0.0,-0.355,2026-05-06 06:27:41.206
1633,98100,1,0.0,-0.35,0.0,-0.349,2026-05-06 06:27:41.206
1634,98159,2,0.0,-0.35,-0.0,-0.358,2026-05-06 06:27:41.206
1635,98219,3,0.0,-0.35,-0.0,-0.352,2026-05-06 06:27:41.206
1636,98279,1,0.0,-0.35,0.0,-0.35,2026-05-06 06:27:41.206
1637,98338,2,0.0,-0.35,0.0,-0.357,2026-05-06 06:27:41.206
1638,98397,3,0.0,-0.35,-0.0,-0.351,2026-05-06 06:27:41.206
1639,98457,1,0.0,-0.35,0.0,-0.35,2026-05-06 06:27:41.206
1640,98516,2,0.0,-0.35,0.0,-0.357,2026-05-06 06:27:41.206
1641,98580,1,0.0,-0.35,0.0,-0.35,2026-05-06 06:27:41.206
1642,98639,2,0.0,-0.35,0.0,-0.357,2026-05-06 06:27:41.206
1643,98698,3,0.0,-0.35,-0.0,-0.351,2026-05-06 06:27:41.206
1644,98758,1,0.0,-0.35,0.0,-0.35,2026-05-06 06:27:41.206
1645,98817,2,0.0,-0.35,0.0,-0.357,2026-05-06 06:27:41.206
1646,98876,3,0.0,-0.35,-0.0,-0.351,2026-05-06 06:27:41.206
1647,98936,1,0.0,-0.35,0.0,-0.35,2026-05-06 06:27:41.206
1648,98995,2,0.0,-0.35,0.0,-0.357,2026-05-06 06:27:41.206
1649,99059,1,0.0,-0.35,0.0,-0.35,2026-05-06 06:27:41.206
1650,99118,2,0.0,-0.35,0.0,-0.357,2026-05-06 06:27:41.206
1651,99177,3,0.0,-0.35,-0.0,-0.351,2026-05-06 06:27:41.206
1652,99237,1,0.0,-0.35,0.0,-0.35,2026-05-06 06:27:41.206
1653,99296,2,0.0,-0.35,0.0,-0.357,2026-05-06 06:27:41.206
1654,99355,3,0.0,-0.35,-0.0,-0.351,2026-05-06 06:27:41.206
1655,99415,1,0.0,-0.35,0.0,-0.35,2026-05-06 06:27:41.206
1656,99474,2,0.0,-0.35,0.0,-0.357,2026-05-06 06:27:41.206
1657,99539,1,0.0,-0.35,0.0,-0.35,2026-05-06 06:27:41.206
1658,99598,2,0.0,-0.35,0.0,-0.357,2026-05-06 06:27:41.206
1659,99657,3,0.0,-0.35,-0.0,-0.351,2026-05-06 06:27:41.206
1660,99717,1,0.0,-0.35,0.0,-0.35,2026-05-06 06:27:41.206
1661,99776,2,0.0,-0.35,0.0,-0.357,2026-05-06 06:27:41.206
1662,99835,3,0.0,-0.35,-0.0,-0.351,2026-05-06 06:27:41.206
1663,99895,1,0.0,-0.35,0.0,-0.35,2026-05-06 06:27:41.206
1664,99954,2,0.0,-0.35,0.0,-0.357,2026-05-06 06:27:41.206
1665,100018,1,0.0,-0.35,0.0,-0.35,2026-05-06 06:27:41.206
1666,100077,2,0.0,-0.35,0.0,-0.357,2026-05-06 06:27:41.819
1667,100136,3,0.0,-0.35,-0.0,-0.351,2026-05-06 06:27:41.819
1668,100196,1,0.0,-0.35,0.0,-0.35,2026-05-06 06:27:41.819
1669,100255,2,0.0,-0.35,0.0,-0.357,2026-05-06 06:27:41.819
1670,100314,3,0.0,-0.35,-0.0,-0.351,2026-05-06 06:27:41.819
1671,100374,1,0.0,-0.35,0.0,-0.35,2026-05-06 06:27:41.819
1672,100433,2,0.0,-0.35,0.0,-0.357,2026-05-06 06:27:41.819
1673,100560,2,0.0,-0.35,0.0,-0.357,2026-05-06 06:27:41.819
1674,100619,3,0.0,-0.35,-0.0,-0.351,2026-05-06 06:27:41.819
1675,100679,1,0.0,-0.35,0.0,-0.35,2026-05-06 06:27:41.819
1676,100738,2,0.0,-0.35,0.0,-0.357,2026-05-06 06:27:41.819
1677,100797,3,0.0,-0.35,-0.0,-0.351,2026-05-06 06:27:41.819
1678,100857,1,0.0,-0.35,0.0,-0.35,2026-05-06 06:27:41.819
1679,100916,2,0.0,-0.35,0.0,-0.357,2026-05-06 06:27:41.819
1680,100980,1,0.0,-0.35,-0.0,-0.35,2026-05-06 06:27:41.819
1681,101040,2,0.0,-0.35,-0.0,-0.356,2026-05-06 06:27:41.819
1682,101100,3,0.0,-0.35,-0.0,-0.351,2026-05-06 06:27:41.819
1683,101160,1,0.0,-0.35,-0.0,-0.35,2026-05-06 06:27:41.819
1684,101220,2,0.0,-0.35,-0.0,-0.356,2026-05-06 06:27:41.819
1685,101280,3,0.0,-0.35,-0.0,-0.351,2026-05-06 06:27:41.819
1686,101340,1,0.0,-0.35,-0.0,-0.35,2026-05-06 06:27:41.819
1687,101400,2,0.0,-0.35,-0.0,-0.356,2026-05-06 06:27:41.819
1688,101463,1,0.0,-0.35,-0.0,-0.35,2026-05-06 06:27:41.819
1689,101523,2,0.0,-0.35,-0.0,-0.356,2026-05-06 06:27:41.819
1690,101583,3,0.0,-0.35,-0.0,-0.351,2026-05-06 06:27:41.819
1691,101643,1,0.0,-0.35,-0.0,-0.35,2026-05-06 06:27:41.819
1692,101703,2,0.0,-0.35,-0.0,-0.356,2026-05-06 06:27:41.819
1693,101763,3,0.0,-0.35,-0.0,-0.351,2026-05-06 06:27:41.819
1694,101823,1,0.0,-0.35,-0.0,-0.35,2026-05-06 06:27:41.819
1695,101883,2,0.0,-0.35,-0.0,-0.356,2026-05-06 06:27:41.819
1696,101946,1,0.0,-0.35,-0.0,-0.35,2026-05-06 06:27:41.819
1697,102006,2,0.0,-0.35,-0.0,-0.356,2026-05-06 06:27:41.819
1698,102066,3,0.0,-0.35,-0.0,-0.351,2026-05-06 06:27:41.819
1699,102126,1,0.0,-0.35,-0.0,-0.35,2026-05-06 06:27:41.819
1700,102186,2,0.0,-0.35,-0.0,-0.356,2026-05-06 06:27:41.819
1701,102246,3,0.0,-0.35,-0.0,-0.351,2026-05-06 06:27:41.819
1702,102306,1,0.0,-0.35,-0.0,-0.35,2026-05-06 06:27:41.819
1703,102366,2,0.0,-0.35,-0.0,-0.356,2026-05-06 06:27:41.819
1704,102429,1,0.0,-0.35,-0.0,-0.35,2026-05-06 06:27:41.819
1705,102489,2,0.0,-0.35,-0.0,-0.356,2026-05-06 06:27:41.819
1706,102549,3,0.0,-0.35,-0.0,-0.351,2026-05-06 06:27:41.819
1707,102609,1,0.0,-0.35,-0.0,-0.35,2026-05-06 06:27:41.819
1708,102669,2,0.0,-0.35,-0.0,-0.356,2026-05-06 06:27:41.819
1709,102729,3,0.0,-0.35,-0.0,-0.351,2026-05-06 06:27:41.819
1710,102789,1,0.0,-0.35,-0.0,-0.35,2026-05-06 06:27:41.819
1711,102849,2,0.0,-0.35,-0.0,-0.356,2026-05-06 06:27:41.819
1712,102912,1,0.0,-0.35,-0.0,-0.35,2026-05-06 06:27:41.819
1713,102972,2,0.0,-0.35,-0.0,-0.356,2026-05-06 06:27:41.819
1714,103032,3,0.0,-0.35,-0.0,-0.351,2026-05-06 06:27:41.819
1715,103092,1,0.0,-0.35,-0.0,-0.35,2026-05-06 06:27:41.819
1716,103152,2,0.0,-0.35,-0.0,-0.356,2026-05-06 06:27:41.819
1717,103212,3,0.0,-0.35,-0.0,-0.351,2026-05-06 06:27:41.819
1718,103272,1,0.0,-0.35,-0.0,-0.35,2026-05-06 06:27:41.819
1719,103332,2,0.0,-0.35,-0.0,-0.356,2026-05-06 06:27:41.819
1720,103394,3,0.0,-0.35,-0.0,-0.351,2026-05-06 06:27:41.819
1721,103454,1,0.0,-0.35,-0.0,-0.35,2026-05-06 06:27:41.819
1722,103514,2,0.0,-0.35,-0.0,-0.356,2026-05-06 06:27:41.819
1723,103574,3,0.0,-0.35,-0.0,-0.351,2026-05-06 06:27:41.819
1724,103634,1,0.0,-0.35,-0.01,-0.35,2026-05-06 06:27:41.819
1725,103694,2,0.0,-0.35,-0.0,-0.356,2026-05-06 06:27:41.819
1726,103754,3,0.0,-0.35,0.0,-0.35,2026-05-06 06:27:41.819
1727,103813,1,0.0,-0.35,-0.01,-0.35,2026-05-06 06:27:41.819
1728,103878,1,0.0,-0.35,-0.01,-0.35,2026-05-06 06:27:41.819
1729,103938,2,0.0,-0.35,-0.0,-0.356,2026-05-06 06:27:41.819
1730,103998,3,0.0,-0.35,0.0,-0.35,2026-05-06 06:27:41.819
1731,104057,1,0.0,-0.35,-0.01,-0.35,2026-05-06 06:27:41.819
1732,104117,2,0.0,-0.35,-0.0,-0.356,2026-05-06 06:27:41.819
1733,104177,3,0.0,-0.35,0.0,-0.35,2026-05-06 06:27:41.819
1734,104236,1,0.0,-0.35,-0.01,-0.35,2026-05-06 06:27:41.819
1735,104296,2,0.0,-0.35,-0.0,-0.356,2026-05-06 06:27:41.819
1736,104360,1,0.0,-0.35,-0.01,-0.352,2026-05-06 06:27:41.819
1737,104420,2,0.0,-0.35,-0.0,-0.355,2026-05-06 06:27:41.819
1738,104480,3,0.0,-0.35,0.0,-0.351,2026-05-06 06:27:41.819
1739,104539,1,0.0,-0.35,-0.01,-0.352,2026-05-06 06:27:41.819
1740,104599,2,0.0,-0.35,-0.0,-0.355,2026-05-06 06:27:41.819
1741,104659,3,0.0,-0.35,0.0,-0.351,2026-05-06 06:27:41.819
1742,104718,1,0.0,-0.35,-0.01,-0.352,2026-05-06 06:27:41.819
1743,104778,2,0.0,-0.35,-0.0,-0.355,2026-05-06 06:27:41.819
1744,104842,1,0.0,-0.35,-0.01,-0.352,2026-05-06 06:27:41.819
1745,104902,2,0.0,-0.35,-0.0,-0.355,2026-05-06 06:27:41.819
1746,104962,3,0.0,-0.35,0.0,-0.351,2026-05-06 06:27:41.819
1747,105021,1,0.0,-0.35,-0.01,-0.352,2026-05-06 06:27:41.819
1748,105081,2,0.0,-0.35,-0.0,-0.355,2026-05-06 06:27:41.819
1749,105141,3,0.0,-0.35,0.0,-0.351,2026-05-06 06:27:41.819
1750,105200,1,0.0,-0.35,-0.01,-0.352,2026-05-06 06:27:41.819
1751,105260,2,0.0,-0.35,-0.0,-0.355,2026-05-06 06:27:41.819
1752,105324,1,0.0,-0.35,-0.01,-0.352,2026-05-06 06:27:41.819
1753,105384,2,0.0,-0.35,-0.0,-0.355,2026-05-06 06:27:41.819
1754,105444,3,0.0,-0.35,0.0,-0.351,2026-05-06 06:27:41.819
1755,105503,1,0.0,-0.35,-0.01,-0.352,2026-05-06 06:27:41.819
1756,105563,2,0.0,-0.35,-0.0,-0.355,2026-05-06 06:27:41.819
1757,105623,3,0.0,-0.35,0.0,-0.351,2026-05-06 06:27:41.819
1758,105682,1,0.0,-0.35,-0.01,-0.352,2026-05-06 06:27:41.819
1759,105742,2,0.0,-0.35,-0.0,-0.355,2026-05-06 06:27:41.819
1760,105806,1,0.0,-0.35,-0.01,-0.352,2026-05-06 06:27:41.819
1761,105866,2,0.0,-0.35,-0.0,-0.355,2026-05-06 06:27:41.819
1762,105926,3,0.0,-0.35,0.0,-0.351,2026-05-06 06:27:41.819
1763,105985,1,0.0,-0.35,-0.01,-0.352,2026-05-06 06:27:41.819
1764,106045,2,0.0,-0.35,-0.0,-0.355,2026-05-06 06:27:41.819
1765,106105,3,0.0,-0.35,0.0,-0.351,2026-05-06 06:27:41.819
1766,106164,1,0.0,-0.35,-0.01,-0.352,2026-05-06 06:27:41.819
1767,106224,2,0.0,-0.35,-0.0,-0.355,2026-05-06 06:27:41.819
1768,106288,1,0.0,-0.35,-0.01,-0.352,2026-05-06 06:27:41.819
1769,106348,2,0.0,-0.35,-0.0,-0.355,2026-05-06 06:27:41.819
1770,106408,3,0.0,-0.35,0.0,-0.351,2026-05-06 06:27:41.819
1771,106467,1,0.0,-0.35,-0.01,-0.352,2026-05-06 06:27:41.819
1772,106527,2,0.0,-0.35,-0.0,-0.355,2026-05-06 06:27:41.819
1773,106587,3,0.0,-0.35,0.0,-0.351,2026-05-06 06:27:41.819
1774,106646,1,0.0,-0.35,-0.01,-0.352,2026-05-06 06:27:41.819
1775,106706,2,0.0,-0.35,-0.0,-0.355,2026-05-06 06:27:42.498
1776,106770,1,0.0,-0.35,0.0,-0.349,2026-05-06 06:27:42.498
1777,106829,2,0.0,-0.35,-0.0,-0.352,2026-05-06 06:27:42.498
1778,106889,3,0.0,-0.35,-0.0,-0.349,2026-05-06 06:27:42.498
1779,106949,1,0.0,-0.35,0.0,-0.349,2026-05-06 06:27:42.498
1780,107008,2,0.0,-0.35,-0.0,-0.352,2026-05-06 06:27:42.498
1781,107068,3,0.0,-0.35,-0.0,-0.349,2026-05-06 06:27:42.498
1782,107128,1,0.0,-0.35,0.0,-0.349,2026-05-06 06:27:42.498
1783,107187,2,0.0,-0.35,-0.0,-0.352,2026-05-06 06:27:42.498
1784,107251,1,0.0,-0.35,-0.0,-0.355,2026-05-06 06:27:42.498
1785,107311,2,0.0,-0.35,-0.0,-0.356,2026-05-06 06:27:42.498
1786,107371,3,0.0,-0.35,-0.0,-0.355,2026-05-06 06:27:42.498
1787,107431,1,0.0,-0.35,-0.0,-0.355,2026-05-06 06:27:42.498
1788,107491,2,0.0,-0.35,-0.0,-0.356,2026-05-06 06:27:42.498
1789,107551,3,0.0,-0.35,-0.0,-0.355,2026-05-06 06:27:42.498
1790,107611,1,0.0,-0.35,-0.0,-0.355,2026-05-06 06:27:42.498
1791,107671,2,0.0,-0.35,-0.0,-0.356,2026-05-06 06:27:42.498
1792,107734,1,0.0,-0.35,-0.0,-0.355,2026-05-06 06:27:42.498
1793,107794,2,0.0,-0.35,-0.0,-0.356,2026-05-06 06:27:42.498
1794,107854,3,0.0,-0.35,-0.0,-0.355,2026-05-06 06:27:42.498
1795,107914,1,0.0,-0.35,-0.0,-0.347,2026-05-06 06:27:42.498
1796,107974,2,0.0,-0.35,-0.0,-0.349,2026-05-06 06:27:42.498
1797,108034,3,0.0,-0.35,-0.0,-0.345,2026-05-06 06:27:42.498
1798,108094,1,0.0,-0.35,0.01,-0.347,2026-05-06 06:27:42.498
1799,108153,2,0.0,-0.35,0.0,-0.349,2026-05-06 06:27:42.498
1800,108278,2,0.0,-0.35,0.0,-0.349,2026-05-06 06:27:42.498
1801,108337,3,0.0,-0.35,0.0,-0.345,2026-05-06 06:27:42.498
1802,108396,1,0.0,-0.35,0.01,-0.347,2026-05-06 06:27:42.498
1803,108455,2,0.0,-0.35,0.0,-0.349,2026-05-06 06:27:42.498
1804,108514,3,0.0,-0.35,0.0,-0.345,2026-05-06 06:27:42.498
1805,108573,1,0.0,-0.35,0.01,-0.347,2026-05-06 06:27:42.498
1806,108632,2,0.0,-0.35,0.0,-0.349,2026-05-06 06:27:42.498
1807,108698,1,0.0,-0.35,0.01,-0.347,2026-05-06 06:27:42.498
1808,108819,3,0.0,-0.35,0.0,-0.345,2026-05-06 06:27:42.498
1809,108878,1,0.0,-0.35,0.01,-0.347,2026-05-06 06:27:42.498
1810,108937,2,0.0,-0.35,0.0,-0.349,2026-05-06 06:27:42.498
1811,108996,3,0.0,-0.35,0.0,-0.345,2026-05-06 06:27:42.498
1812,109055,1,0.0,-0.35,0.01,-0.347,2026-05-06 06:27:42.498
1813,109182,1,0.0,-0.35,0.01,-0.347,2026-05-06 06:27:42.498
1814,109241,2,0.0,-0.35,0.0,-0.349,2026-05-06 06:27:42.498
1815,109300,3,0.0,-0.35,0.0,-0.345,2026-05-06 06:27:42.498
1816,109359,1,0.0,-0.35,0.01,-0.347,2026-05-06 06:27:42.498
1817,109418,2,0.0,-0.35,0.0,-0.349,2026-05-06 06:27:42.498
1818,109477,3,0.0,-0.35,0.0,-0.345,2026-05-06 06:27:42.498
1819,109536,1,0.0,-0.35,0.01,-0.347,2026-05-06 06:27:42.498
1820,109595,2,0.0,-0.35,0.0,-0.349,2026-05-06 06:27:42.498
1821,109661,1,0.0,-0.35,0.01,-0.347,2026-05-06 06:27:42.498
1822,109720,2,0.0,-0.35,0.0,-0.349,2026-05-06 06:27:42.498
1823,109779,3,0.0,-0.35,0.0,-0.345,2026-05-06 06:27:42.498
1824,109838,1,0.0,-0.35,0.01,-0.347,2026-05-06 06:27:42.498
1825,109897,2,0.0,-0.35,0.0,-0.349,2026-05-06 06:27:42.498
1826,109956,3,0.0,-0.35,0.0,-0.345,2026-05-06 06:27:42.498
1827,110015,1,0.0,-0.35,0.01,-0.347,2026-05-06 06:27:42.498
1828,110074,2,0.0,-0.35,0.0,-0.349,2026-05-06 06:27:42.498
1829,110139,1,0.0,-0.35,-0.0,-0.348,2026-05-06 06:27:42.498
1830,110199,2,0.0,-0.35,0.0,-0.352,2026-05-06 06:27:42.498
1831,110258,3,0.0,-0.35,-0.01,-0.349,2026-05-06 06:27:42.498
1832,110318,1,0.0,-0.35,-0.0,-0.348,2026-05-06 06:27:42.498
1833,110378,2,0.0,-0.35,0.0,-0.352,2026-05-06 06:27:42.498
1834,110437,3,0.0,-0.35,-0.01,-0.349,2026-05-06 06:27:42.498
1835,110497,1,0.0,-0.35,-0.0,-0.348,2026-05-06 06:27:42.498
1836,110557,2,0.0,-0.35,0.0,-0.352,2026-05-06 06:27:42.498
1837,110621,1,0.0,-0.35,-0.0,-0.348,2026-05-06 06:27:42.498
1838,110681,2,0.0,-0.35,0.0,-0.352,2026-05-06 06:27:42.498
1839,110740,3,0.0,-0.35,-0.01,-0.349,2026-05-06 06:27:42.498
1840,110800,1,0.0,-0.35,-0.0,-0.348,2026-05-06 06:27:42.498
1841,110860,2,0.0,-0.35,0.0,-0.352,2026-05-06 06:27:42.498
1842,110919,3,0.0,-0.35,-0.01,-0.349,2026-05-06 06:27:42.498
1843,110979,1,0.0,-0.35,-0.0,-0.348,2026-05-06 06:27:42.498
1844,111039,2,0.0,-0.35,0.0,-0.352,2026-05-06 06:27:42.498
1845,111102,1,0.0,-0.35,0.0,-0.347,2026-05-06 06:27:42.498
1846,111161,2,0.0,-0.35,0.0,-0.352,2026-05-06 06:27:42.498
1847,111220,3,0.0,-0.35,-0.0,-0.347,2026-05-06 06:27:42.498
1848,111280,1,0.0,-0.35,0.0,-0.347,2026-05-06 06:27:42.498
1849,111339,2,0.0,-0.35,0.0,-0.352,2026-05-06 06:27:42.498
1850,111398,3,0.0,-0.35,-0.0,-0.347,2026-05-06 06:27:42.498
1851,111458,1,0.0,-0.35,-0.0,-0.346,2026-05-06 06:27:42.498
1852,111518,2,0.0,-0.35,0.0,-0.351,2026-05-06 06:27:42.498
1853,111582,1,0.0,-0.35,0.0,-0.349,2026-05-06 06:27:42.498
1854,111641,2,0.0,-0.35,-0.0,-0.352,2026-05-06 06:27:42.498
1855,111701,3,0.0,-0.35,-0.0,-0.347,2026-05-06 06:27:42.498
1856,111761,1,0.0,-0.35,0.0,-0.349,2026-05-06 06:27:42.498
1857,111820,2,0.0,-0.35,-0.0,-0.353,2026-05-06 06:27:42.498
1858,111880,3,0.0,-0.35,-0.01,-0.348,2026-05-06 06:27:42.498
1859,111940,1,0.0,-0.35,0.0,-0.349,2026-05-06 06:27:42.498
1860,111999,2,0.0,-0.35,-0.0,-0.353,2026-05-06 06:27:42.498
1861,112063,1,0.0,-0.35,-0.01,-0.35,2026-05-06 06:27:42.498
1862,112123,2,0.0,-0.35,-0.01,-0.353,2026-05-06 06:27:42.498
1863,112183,3,0.0,-0.35,-0.0,-0.351,2026-05-06 06:27:42.498
1864,112243,1,0.0,-0.35,-0.01,-0.35,2026-05-06 06:27:42.498
1865,112303,2,0.0,-0.35,-0.01,-0.353,2026-05-06 06:27:42.498
1866,112363,3,0.0,-0.35,-0.0,-0.351,2026-05-06 06:27:42.498
1867,112423,1,0.0,-0.35,-0.01,-0.35,2026-05-06 06:27:42.498
1868,112483,2,0.0,-0.35,-0.01,-0.353,2026-05-06 06:27:42.498
1869,112547,1,0.0,-0.35,-0.0,-0.35,2026-05-06 06:27:42.498
1870,112607,2,0.0,-0.35,-0.0,-0.354,2026-05-06 06:27:42.498
1871,112667,3,0.0,-0.35,0.0,-0.35,2026-05-06 06:27:42.498
1872,112726,1,0.0,-0.35,-0.0,-0.35,2026-05-06 06:27:42.498
1873,112786,2,0.0,-0.35,-0.0,-0.354,2026-05-06 06:27:42.498
1874,112846,3,0.0,-0.35,0.0,-0.35,2026-05-06 06:27:42.498
1875,112905,1,0.0,-0.35,-0.0,-0.35,2026-05-06 06:27:42.498
1876,112965,2,0.0,-0.35,-0.0,-0.354,2026-05-06 06:27:42.498
1877,113029,1,0.0,-0.35,-0.0,-0.352,2026-05-06 06:27:42.498
1878,113089,2,0.0,-0.35,0.0,-0.353,2026-05-06 06:27:42.498
1879,113148,3,0.0,-0.35,0.0,-0.35,2026-05-06 06:27:42.498
1880,113207,1,0.0,-0.35,-0.0,-0.352,2026-05-06 06:27:42.498
1881,113267,2,0.0,-0.35,0.0,-0.353,2026-05-06 06:27:42.498
1882,113326,3,0.0,-0.35,0.0,-0.35,2026-05-06 06:27:42.498
1883,113385,1,0.0,-0.35,-0.0,-0.352,2026-05-06 06:27:42.498
1884,113445,2,0.0,-0.35,0.0,-0.353,2026-05-06 06:27:42.498
1885,113508,2,0.0,-0.35,0.01,-0.353,2026-05-06 06:27:42.498
1886,113567,3,0.0,-0.35,-0.0,-0.347,2026-05-06 06:27:42.498
1887,113627,1,0.0,-0.35,0.0,-0.35,2026-05-06 06:27:42.498
1888,113686,2,0.0,-0.35,0.01,-0.353,2026-05-06 06:27:42.498
1889,113745,3,0.0,-0.35,0.01,-0.347,2026-05-06 06:27:42.498
1890,113804,1,0.0,-0.35,-0.0,-0.351,2026-05-06 06:27:42.498
1891,113864,2,0.0,-0.35,0.01,-0.354,2026-05-06 06:27:42.498
1892,113923,3,0.0,-0.35,0.01,-0.348,2026-05-06 06:27:42.498
1893,113989,1,0.0,-0.35,0.0,-0.348,2026-05-06 06:27:42.498
1894,114048,2,0.0,-0.35,-0.0,-0.352,2026-05-06 06:27:42.498
1895,114108,3,0.0,-0.35,0.0,-0.347,2026-05-06 06:27:42.498
1896,114167,1,0.0,-0.35,-0.0,-0.349,2026-05-06 06:27:42.498
1897,114227,2,0.0,-0.35,-0.0,-0.351,2026-05-06 06:27:42.498
1898,114287,3,0.0,-0.35,-0.01,-0.347,2026-05-06 06:27:42.498
1899,114347,1,0.0,-0.35,-0.0,-0.35,2026-05-06 06:27:42.498
1900,114407,2,0.0,-0.35,-0.0,-0.35,2026-05-06 06:27:42.498
1901,114471,1,0.0,-0.35,-0.01,-0.347,2026-05-06 06:27:42.498
1902,114531,2,0.0,-0.35,-0.0,-0.35,2026-05-06 06:27:42.498
1903,114591,3,0.0,-0.35,-0.0,-0.348,2026-05-06 06:27:42.498
1904,114651,1,0.0,-0.35,-0.01,-0.347,2026-05-06 06:27:42.498
1905,114711,2,0.0,-0.35,-0.0,-0.35,2026-05-06 06:27:42.498
1906,114771,3,0.0,-0.35,-0.0,-0.348,2026-05-06 06:27:42.575
1907,114831,1,0.0,-0.35,-0.01,-0.347,2026-05-06 06:27:42.575
1908,114891,2,0.0,-0.35,-0.0,-0.35,2026-05-06 06:27:42.575
1909,114954,1,0.0,-0.35,0.0,-0.35,2026-05-06 06:27:42.575
1910,115013,2,0.0,-0.35,0.0,-0.353,2026-05-06 06:27:42.575
1911,115072,3,0.0,-0.35,-0.0,-0.348,2026-05-06 06:27:42.575
1912,115132,1,0.0,-0.35,0.0,-0.35,2026-05-06 06:27:42.575
1913,115191,2,0.0,-0.35,0.0,-0.353,2026-05-06 06:27:42.575
1914,115250,3,0.0,-0.35,-0.0,-0.348,2026-05-06 06:27:42.575
1915,115310,1,0.0,-0.35,0.0,-0.35,2026-05-06 06:27:42.575
1916,115369,2,0.0,-0.35,0.0,-0.353,2026-05-06 06:27:42.621
1917,115433,1,0.0,-0.35,0.0,-0.353,2026-05-06 06:27:42.621
1918,115492,2,0.0,-0.35,-0.0,-0.355,2026-05-06 06:27:42.621
1919,115552,3,0.0,-0.35,-0.01,-0.35,2026-05-06 06:27:42.621
1920,115612,1,0.0,-0.35,0.0,-0.353,2026-05-06 06:27:42.621
1921,115671,2,0.0,-0.35,-0.0,-0.355,2026-05-06 06:27:42.621
1922,115731,3,0.0,-0.35,-0.01,-0.35,2026-05-06 06:27:42.621
1923,115791,1,0.0,-0.35,0.0,-0.353,2026-05-06 06:27:43.286
1924,115850,2,0.0,-0.35,-0.0,-0.355,2026-05-06 06:27:43.286
1925,115915,1,0.0,-0.35,-0.01,-0.352,2026-05-06 06:27:43.286
1926,115975,2,0.0,-0.35,-0.0,-0.351,2026-05-06 06:27:43.286
1927,116035,3,0.0,-0.35,0.0,-0.346,2026-05-06 06:27:43.286
1928,116094,1,0.0,-0.35,-0.01,-0.352,2026-05-06 06:27:43.286
1929,116154,2,0.0,-0.35,-0.0,-0.351,2026-05-06 06:27:43.286
1930,116214,3,0.0,-0.35,0.0,-0.346,2026-05-06 06:27:43.286
1931,116273,1,0.0,-0.35,-0.01,-0.352,2026-05-06 06:27:43.286
1932,116333,2,0.0,-0.35,-0.0,-0.351,2026-05-06 06:27:43.286
1933,116397,1,0.0,-0.35,-0.01,-0.352,2026-05-06 06:27:43.286
1934,116457,2,0.0,-0.35,-0.0,-0.351,2026-05-06 06:27:43.286
1935,116517,3,0.0,-0.35,0.0,-0.346,2026-05-06 06:27:43.286
1936,116576,1,0.0,-0.35,-0.01,-0.352,2026-05-06 06:27:43.286
1937,116636,2,0.0,-0.35,-0.0,-0.351,2026-05-06 06:27:43.286
1938,116696,3,0.0,-0.35,0.0,-0.346,2026-05-06 06:27:43.286
1939,116755,1,0.0,-0.35,-0.01,-0.352,2026-05-06 06:27:43.286
1940,116882,1,0.0,-0.35,-0.01,-0.352,2026-05-06 06:27:43.286
1941,116942,2,0.0,-0.35,-0.0,-0.351,2026-05-06 06:27:43.286
1942,117002,3,0.0,-0.35,0.0,-0.346,2026-05-06 06:27:43.286
1943,117061,1,0.0,-0.35,-0.01,-0.352,2026-05-06 06:27:43.286
1944,117121,2,0.0,-0.35,-0.0,-0.351,2026-05-06 06:27:43.286
1945,117181,3,0.0,-0.35,0.0,-0.346,2026-05-06 06:27:43.286
1946,117240,1,0.0,-0.35,-0.01,-0.352,2026-05-06 06:27:43.286
1947,117300,2,0.0,-0.35,-0.0,-0.351,2026-05-06 06:27:43.286
1948,117364,1,0.0,-0.35,-0.01,-0.352,2026-05-06 06:27:43.286
1949,117424,2,0.0,-0.35,-0.0,-0.351,2026-05-06 06:27:43.286
1950,117484,3,0.0,-0.35,0.0,-0.346,2026-05-06 06:27:43.286
1951,117543,1,0.0,-0.35,-0.01,-0.352,2026-05-06 06:27:43.286
1952,117603,2,0.0,-0.35,-0.0,-0.351,2026-05-06 06:27:43.286
1953,117663,3,0.0,-0.35,0.0,-0.346,2026-05-06 06:27:43.286
1954,117722,1,0.0,-0.35,-0.01,-0.352,2026-05-06 06:27:43.286
1955,117782,2,0.0,-0.35,-0.0,-0.351,2026-05-06 06:27:43.286
1956,117846,1,0.0,-0.35,-0.01,-0.352,2026-05-06 06:27:43.286
1957,117906,2,0.0,-0.35,-0.0,-0.351,2026-05-06 06:27:43.286
1958,117966,3,0.0,-0.35,0.0,-0.346,2026-05-06 06:27:43.286
1959,118025,1,0.0,-0.35,-0.01,-0.352,2026-05-06 06:27:43.286
1960,118085,2,0.0,-0.35,-0.0,-0.351,2026-05-06 06:27:43.286
1961,118145,3,0.0,-0.35,0.0,-0.346,2026-05-06 06:27:43.286
1962,118204,1,0.0,-0.35,-0.01,-0.352,2026-05-06 06:27:43.286
1963,118264,2,0.0,-0.35,-0.0,-0.351,2026-05-06 06:27:43.286
1964,118328,1,0.0,-0.35,-0.01,-0.352,2026-05-06 06:27:43.286
1965,118388,2,0.0,-0.35,-0.0,-0.351,2026-05-06 06:27:43.286
1966,118448,3,0.0,-0.35,0.0,-0.346,2026-05-06 06:27:43.286
1967,118507,1,0.0,-0.35,-0.01,-0.352,2026-05-06 06:27:43.286
1968,118567,2,0.0,-0.35,-0.0,-0.351,2026-05-06 06:27:43.286
1969,118627,3,0.0,-0.35,0.0,-0.346,2026-05-06 06:27:43.286
1970,118686,1,0.0,-0.35,-0.01,-0.352,2026-05-06 06:27:43.286
1971,118746,2,0.0,-0.35,-0.0,-0.351,2026-05-06 06:27:43.286
1972,118810,1,0.0,-0.35,0.0,-0.352,2026-05-06 06:27:43.286
1973,118869,2,0.0,-0.35,-0.0,-0.353,2026-05-06 06:27:43.286
1974,118929,3,0.0,-0.35,0.0,-0.352,2026-05-06 06:27:43.286
1975,118988,1,0.0,-0.35,0.0,-0.352,2026-05-06 06:27:43.286
1976,119047,2,0.0,-0.35,-0.0,-0.353,2026-05-06 06:27:43.286
1977,119107,3,0.0,-0.35,0.0,-0.352,2026-05-06 06:27:43.286
1978,119166,1,0.0,-0.35,0.0,-0.352,2026-05-06 06:27:43.286
1979,119225,2,0.0,-0.35,-0.0,-0.353,2026-05-06 06:27:43.286
1980,119290,1,0.0,-0.35,0.01,-0.347,2026-05-06 06:27:43.286
1981,119349,2,0.0,-0.35,0.0,-0.35,2026-05-06 06:27:43.286
1982,119408,3,0.0,-0.35,0.0,-0.346,2026-05-06 06:27:43.286
1983,119467,1,0.0,-0.35,0.01,-0.347,2026-05-06 06:27:43.286
1984,119526,2,0.0,-0.35,0.0,-0.35,2026-05-06 06:27:43.286
1985,119585,3,0.0,-0.35,0.0,-0.346,2026-05-06 06:27:43.286
1986,119644,1,0.0,-0.35,0.01,-0.347,2026-05-06 06:27:43.286
1987,119703,2,0.0,-0.35,0.0,-0.35,2026-05-06 06:27:43.286
1988,119768,1,0.0,-0.35,0.01,-0.347,2026-05-06 06:27:43.286
1989,119827,2,0.0,-0.35,0.0,-0.35,2026-05-06 06:27:43.286
1990,119886,3,0.0,-0.35,0.0,-0.346,2026-05-06 06:27:43.286
1991,119945,1,0.0,-0.35,0.01,-0.347,2026-05-06 06:27:43.286
1992,120004,2,0.0,-0.35,0.0,-0.35,2026-05-06 06:27:43.286
1993,120063,3,0.0,-0.35,0.0,-0.346,2026-05-06 06:27:43.286
1994,120122,1,0.0,-0.35,0.01,-0.347,2026-05-06 06:27:43.286
1995,120181,2,0.0,-0.35,0.0,-0.35,2026-05-06 06:27:43.286
1996,120247,1,0.0,-0.35,0.01,-0.347,2026-05-06 06:27:43.286
1997,120306,2,0.0,-0.35,0.0,-0.35,2026-05-06 06:27:43.286
1998,120365,3,0.0,-0.35,0.0,-0.346,2026-05-06 06:27:43.286
1999,120424,1,0.0,-0.35,0.01,-0.347,2026-05-06 06:27:43.286
2000,120483,2,0.0,-0.35,0.0,-0.35,2026-05-06 06:27:43.286
2001,120542,3,0.0,-0.35,0.0,-0.346,2026-05-06 06:27:43.286
2002,120601,1,0.0,-0.35,0.01,-0.347,2026-05-06 06:27:43.286
2003,120660,2,0.0,-0.35,0.0,-0.35,2026-05-06 06:27:43.286
2004,120725,1,0.0,-0.35,0.01,-0.347,2026-05-06 06:27:43.286
2005,120784,2,0.0,-0.35,0.0,-0.35,2026-05-06 06:27:43.286
2006,120843,3,0.0,-0.35,0.0,-0.346,2026-05-06 06:27:43.286
2007,120902,1,0.0,-0.35,0.01,-0.347,2026-05-06 06:27:43.286
2008,120961,2,0.0,-0.35,0.0,-0.35,2026-05-06 06:27:43.286
2009,121020,3,0.0,-0.35,0.0,-0.346,2026-05-06 06:27:43.286
2010,121079,1,0.0,-0.35,0.01,-0.347,2026-05-06 06:27:43.286
2011,121207,1,0.0,-0.35,0.01,-0.347,2026-05-06 06:27:43.286
2012,121266,2,0.0,-0.35,0.0,-0.35,2026-05-06 06:27:43.286
2013,121325,3,0.0,-0.35,0.0,-0.346,2026-05-06 06:27:43.286
2014,121384,1,0.0,-0.35,0.01,-0.347,2026-05-06 06:27:43.286
2015,121443,2,0.0,-0.35,0.0,-0.35,2026-05-06 06:27:43.286
2016,121502,3,0.0,-0.35,0.0,-0.346,2026-05-06 06:27:43.286
2017,121561,1,0.0,-0.35,0.01,-0.347,2026-05-06 06:27:43.286
2018,121620,2,0.0,-0.35,0.0,-0.35,2026-05-06 06:27:43.286
2019,121685,1,0.0,-0.35,0.01,-0.347,2026-05-06 06:27:43.286
2020,121806,3,0.0,-0.35,0.0,-0.346,2026-05-06 06:27:43.286
2021,121865,1,0.0,-0.35,0.01,-0.347,2026-05-06 06:27:43.286
2022,121924,2,0.0,-0.35,0.0,-0.35,2026-05-06 06:27:43.286
2023,121983,3,0.0,-0.35,0.0,-0.346,2026-05-06 06:27:43.286
2024,122042,1,0.0,-0.35,0.01,-0.347,2026-05-06 06:27:43.286
2025,122101,2,0.0,-0.35,0.0,-0.35,2026-05-06 06:27:43.286
2026,122167,1,0.0,-0.35,0.01,-0.348,2026-05-06 06:27:43.286
2027,122226,2,0.0,-0.35,0.0,-0.349,2026-05-06 06:27:43.286
2028,122285,3,0.0,-0.35,-0.0,-0.347,2026-05-06 06:27:43.286
2029,122345,1,0.0,-0.35,0.01,-0.348,2026-05-06 06:27:43.286
2030,122404,2,0.0,-0.35,0.0,-0.349,2026-05-06 06:27:43.286
2031,122463,3,0.0,-0.35,-0.0,-0.347,2026-05-06 06:27:43.286
2032,122523,1,0.0,-0.35,0.01,-0.348,2026-05-06 06:27:43.286
2033,122582,2,0.0,-0.35,0.0,-0.349,2026-05-06 06:27:43.286
2034,122646,1,0.0,-0.35,0.01,-0.349,2026-05-06 06:27:43.286
2035,122705,2,0.0,-0.35,0.01,-0.351,2026-05-06 06:27:43.286
2036,122764,3,0.0,-0.35,-0.0,-0.35,2026-05-06 06:27:43.286
2037,122824,1,0.0,-0.35,0.01,-0.349,2026-05-06 06:27:43.286
2038,122883,2,0.0,-0.35,0.01,-0.351,2026-05-06 06:27:43.286
2039,122942,3,0.0,-0.35,-0.0,-0.35,2026-05-06 06:27:43.286
2040,123002,1,0.0,-0.35,0.01,-0.349,2026-05-06 06:27:43.286
2041,123061,2,0.0,-0.35,0.01,-0.351,2026-05-06 06:27:43.286
2042,123126,1,0.0,-0.35,0.0,-0.349,2026-05-06 06:27:43.286
2043,123185,2,0.0,-0.35,0.0,-0.35,2026-05-06 06:27:43.286
2044,123244,3,0.0,-0.35,0.0,-0.349,2026-05-06 06:27:43.286
2045,123303,1,0.0,-0.35,0.0,-0.349,2026-05-06 06:27:43.286
2046,123362,2,0.0,-0.35,0.0,-0.35,2026-05-06 06:27:43.286
2047,123421,3,0.0,-0.35,0.0,-0.349,2026-05-06 06:27:43.286
2048,123480,1,0.0,-0.35,0.0,-0.349,2026-05-06 06:27:43.286
2049,123539,2,0.0,-0.35,0.0,-0.35,2026-05-06 06:27:43.286
2050,123603,1,0.0,-0.35,0.0,-0.349,2026-05-06 06:27:43.286
2051,123662,2,0.0,-0.35,0.0,-0.35,2026-05-06 06:27:43.286
2052,123721,3,0.0,-0.35,0.0,-0.349,2026-05-06 06:27:43.286
2053,123780,1,0.0,-0.35,0.0,-0.349,2026-05-06 06:27:43.286
2054,123839,2,0.0,-0.35,0.0,-0.35,2026-05-06 06:27:43.286
2055,123898,3,0.0,-0.35,0.0,-0.349,2026-05-06 06:27:43.725
2056,123957,1,0.0,-0.35,0.0,-0.349,2026-05-06 06:27:43.725
2057,124016,2,0.0,-0.35,0.0,-0.35,2026-05-06 06:27:43.725
2058,124083,1,0.0,-0.35,0.0,-0.349,2026-05-06 06:27:43.725
2059,124142,2,0.0,-0.35,0.0,-0.35,2026-05-06 06:27:43.725
2060,124201,3,0.0,-0.35,0.0,-0.349,2026-05-06 06:27:43.725
2061,124260,1,0.0,-0.35,0.0,-0.349,2026-05-06 06:27:43.725
2062,124319,2,0.0,-0.35,0.0,-0.35,2026-05-06 06:27:43.725
2063,124378,3,0.0,-0.35,0.0,-0.349,2026-05-06 06:27:43.725
2064,124437,1,0.0,-0.35,0.0,-0.349,2026-05-06 06:27:43.725
2065,124496,2,0.0,-0.35,0.0,-0.35,2026-05-06 06:27:43.725
2066,124561,1,0.0,-0.35,0.0,-0.349,2026-05-06 06:27:43.725
2067,124620,2,0.0,-0.35,0.0,-0.35,2026-05-06 06:27:43.725
2068,124679,3,0.0,-0.35,0.0,-0.349,2026-05-06 06:27:43.725
2069,124738,1,0.0,-0.35,0.0,-0.349,2026-05-06 06:27:43.725
2070,124797,2,0.0,-0.35,0.0,-0.35,2026-05-06 06:27:43.725
2071,124856,3,0.0,-0.35,0.0,-0.349,2026-05-06 06:27:43.725
2072,124915,1,0.0,-0.35,0.0,-0.349,2026-05-06 06:27:43.725
2073,124974,2,0.0,-0.35,0.0,-0.35,2026-05-06 06:27:43.725
2074,125040,1,0.0,-0.35,-0.0,-0.348,2026-05-06 06:27:43.725
2075,125100,2,0.0,-0.35,0.0,-0.349,2026-05-06 06:27:43.725
2076,125159,3,0.0,-0.35,-0.0,-0.346,2026-05-06 06:27:43.725
2077,125219,1,0.0,-0.35,-0.0,-0.348,2026-05-06 06:27:43.725
2078,125279,2,0.0,-0.35,0.0,-0.349,2026-05-06 06:27:43.725
2079,125338,3,0.0,-0.35,-0.0,-0.346,2026-05-06 06:27:43.725
2080,125398,1,0.0,-0.35,-0.0,-0.348,2026-05-06 06:27:43.725
2081,125458,2,0.0,-0.35,0.0,-0.349,2026-05-06 06:27:43.725
2082,125521,1,0.0,-0.35,-0.0,-0.348,2026-05-06 06:27:43.725
2083,125581,2,0.0,-0.35,0.0,-0.349,2026-05-06 06:27:43.725
2084,125640,3,0.0,-0.35,-0.0,-0.346,2026-05-06 06:27:43.725
2085,125700,1,0.0,-0.349,-0.0,-0.348,2026-05-06 06:27:43.725
2086,125760,2,0.0,-0.349,0.0,-0.349,2026-05-06 06:27:43.725
2087,125819,3,0.0,-0.349,-0.0,-0.346,2026-05-06 06:27:43.725
2088,125879,1,0.0,-0.349,-0.0,-0.348,2026-05-06 06:27:43.725
2089,125939,2,0.0,-0.349,0.0,-0.349,2026-05-06 06:27:43.725
2090,126002,3,0.0,-0.344,-0.0,-0.346,2026-05-06 06:27:43.725
2091,126062,1,0.0,-0.343,-0.0,-0.348,2026-05-06 06:27:43.725
2092,126122,2,0.0,-0.343,0.0,-0.349,2026-05-06 06:27:43.725
2093,126181,3,0.0,-0.343,-0.0,-0.346,2026-05-06 06:27:43.725
2094,126241,1,0.0,-0.342,-0.0,-0.348,2026-05-06 06:27:43.725
2095,126301,2,0.0,-0.342,0.0,-0.349,2026-05-06 06:27:43.725
2096,126360,3,0.0,-0.342,-0.0,-0.346,2026-05-06 06:27:43.725
2097,126420,1,0.0,-0.342,-0.0,-0.348,2026-05-06 06:27:43.725
2098,126485,1,0.0,-0.334,-0.0,-0.348,2026-05-06 06:27:43.725
2099,126545,2,0.0,-0.334,0.0,-0.349,2026-05-06 06:27:43.725
2100,126604,3,0.0,-0.334,-0.0,-0.346,2026-05-06 06:27:43.725
2101,126664,1,0.0,-0.334,-0.0,-0.348,2026-05-06 06:27:43.725
2102,126724,2,0.0,-0.334,0.0,-0.349,2026-05-06 06:27:43.725
2103,126783,3,0.0,-0.334,-0.0,-0.346,2026-05-06 06:27:43.725
2104,126843,1,0.0,-0.332,-0.0,-0.348,2026-05-06 06:27:43.725
2105,126903,2,0.0,-0.332,0.0,-0.349,2026-05-06 06:27:43.725
2106,126965,1,0.0,-0.312,-0.0,-0.348,2026-05-06 06:27:43.725
2107,127025,2,0.0,-0.312,0.0,-0.349,2026-05-06 06:27:43.725
2108,127084,3,0.0,-0.312,-0.0,-0.346,2026-05-06 06:27:43.725
2109,127144,1,0.0,-0.312,-0.0,-0.348,2026-05-06 06:27:43.725
2110,127204,2,0.0,-0.312,0.0,-0.349,2026-05-06 06:27:43.725
2111,127263,3,0.0,-0.312,-0.0,-0.346,2026-05-06 06:27:43.725
2112,127323,1,0.0,-0.308,-0.0,-0.348,2026-05-06 06:27:43.725
2113,127383,2,0.0,-0.308,0.0,-0.349,2026-05-06 06:27:43.725
2114,127448,1,0.0,-0.264,0.0,-0.332,2026-05-06 06:27:43.725
2115,127507,2,0.0,-0.264,-0.0,-0.335,2026-05-06 06:27:43.725
2116,127567,3,0.0,-0.264,0.0,-0.329,2026-05-06 06:27:43.725
2117,127626,1,0.0,-0.264,0.0,-0.332,2026-05-06 06:27:43.725
2118,127685,2,0.0,-0.264,-0.0,-0.335,2026-05-06 06:27:43.725
2119,127745,3,0.0,-0.264,0.0,-0.329,2026-05-06 06:27:43.725
2120,127804,1,0.0,-0.256,0.0,-0.327,2026-05-06 06:27:43.725
2121,127863,2,0.0,-0.256,-0.0,-0.33,2026-05-06 06:27:43.725
2122,127928,1,0.0,-0.202,-0.0,-0.309,2026-05-06 06:27:43.725
2123,127988,2,0.0,-0.202,-0.0,-0.31,2026-05-06 06:27:43.725
2124,128048,3,0.0,-0.202,0.01,-0.31,2026-05-06 06:27:43.725
2125,128107,1,0.0,-0.192,-0.0,-0.309,2026-05-06 06:27:43.725
2126,128167,2,0.0,-0.192,-0.0,-0.31,2026-05-06 06:27:43.725
2127,128227,3,0.0,-0.192,0.01,-0.31,2026-05-06 06:27:43.725
2128,128286,1,0.0,-0.192,-0.0,-0.309,2026-05-06 06:27:43.725
2129,128346,2,0.0,-0.192,-0.0,-0.31,2026-05-06 06:27:43.725
2130,128409,1,0.0,-0.13,-0.0,-0.285,2026-05-06 06:27:43.725
2131,128469,2,0.0,-0.13,-0.01,-0.29,2026-05-06 06:27:43.774
2132,128529,3,0.0,-0.13,0.01,-0.291,2026-05-06 06:27:43.774
2133,128588,1,0.0,-0.12,-0.0,-0.285,2026-05-06 06:27:43.774
2134,128711,3,0.0,-0.12,0.01,-0.291,2026-05-06 06:27:43.774
2135,128770,1,0.0,-0.111,-0.0,-0.285,2026-05-06 06:27:43.774
2136,128830,2,0.0,-0.111,-0.01,-0.29,2026-05-06 06:27:43.774
2137,128895,1,0.0,-0.065,-0.0,-0.209,2026-05-06 06:27:43.774
2138,128955,2,0.0,-0.065,-0.0,-0.21,2026-05-06 06:27:43.774
2139,129015,3,0.0,-0.065,-0.02,-0.216,2026-05-06 06:27:43.774
2140,129075,1,0.0,-0.065,-0.0,-0.209,2026-05-06 06:27:43.774
2141,129135,2,0.0,-0.065,-0.0,-0.21,2026-05-06 06:27:44.415
2142,129195,3,0.0,-0.065,-0.02,-0.216,2026-05-06 06:27:44.415
2143,129255,1,0.0,-0.059,-0.0,-0.209,2026-05-06 06:27:44.415
2144,129315,2,0.0,-0.059,-0.0,-0.21,2026-05-06 06:27:44.415
2145,129378,1,0.0,-0.028,-0.0,-0.112,2026-05-06 06:27:44.415
2146,129438,2,0.0,-0.028,-0.0,-0.111,2026-05-06 06:27:44.415
2147,129498,3,0.0,-0.028,0.0,-0.117,2026-05-06 06:27:44.415
2148,129557,1,0.0,-0.028,-0.0,-0.112,2026-05-06 06:27:44.415
2149,129617,2,0.0,-0.028,-0.0,-0.111,2026-05-06 06:27:44.415
2150,129677,3,0.0,-0.028,0.0,-0.117,2026-05-06 06:27:44.415
2151,129736,1,0.0,-0.025,-0.0,-0.105,2026-05-06 06:27:44.415
2152,129796,2,0.0,-0.025,-0.0,-0.1,2026-05-06 06:27:44.415
2153,129860,1,0.0,-0.01,-0.0,-0.096,2026-05-06 06:27:44.415
2154,129920,2,0.0,-0.01,-0.0,-0.091,2026-05-06 06:27:44.415
2155,129980,3,0.0,-0.01,0.0,-0.1,2026-05-06 06:27:44.415
2156,130039,1,0.0,-0.009,-0.0,-0.096,2026-05-06 06:27:44.415
2157,130099,2,0.0,-0.009,-0.0,-0.091,2026-05-06 06:27:44.415
2158,130159,3,0.0,-0.009,0.0,-0.1,2026-05-06 06:27:44.415
2159,130218,1,0.0,-0.008,-0.0,-0.096,2026-05-06 06:27:44.415
2160,130278,2,0.0,-0.008,-0.0,-0.091,2026-05-06 06:27:44.415
2161,130342,1,0.0,-0.001,-0.0,-0.01,2026-05-06 06:27:44.415
2162,130402,2,0.0,-0.001,0.01,-0.005,2026-05-06 06:27:44.415
2163,130494,1,0.0,0.0,0.0,0.0,2026-05-06 06:27:44.415
2164,130551,2,0.01,0.0,0.01,0.0,2026-05-06 06:27:44.415
2165,130608,3,-0.01,0.0,-0.01,0.0,2026-05-06 06:27:44.415
2166,130667,1,0.0,0.0,0.0,0.0,2026-05-06 06:27:44.415
2167,130724,2,0.01,0.0,0.01,0.0,2026-05-06 06:27:44.415
2168,130781,3,-0.01,0.0,-0.01,0.0,2026-05-06 06:27:44.415
2169,130840,1,0.0,0.0,0.0,0.0,2026-05-06 06:27:44.415
2170,130897,2,0.01,0.0,0.01,0.0,2026-05-06 06:27:44.415
2171,130962,1,0.0,0.0,-0.0,0.0,2026-05-06 06:27:44.415
2172,131020,2,0.01,0.0,0.01,0.0,2026-05-06 06:27:44.415
2173,131077,3,-0.01,0.0,-0.01,0.0,2026-05-06 06:27:44.415
2174,131136,1,0.0,0.0,-0.0,0.0,2026-05-06 06:27:44.415
2175,131194,2,0.01,0.0,0.01,0.001,2026-05-06 06:27:44.415
2176,131251,3,-0.01,0.0,-0.01,0.0,2026-05-06 06:27:44.415
2177,131310,1,0.0,0.0,0.0,0.0,2026-05-06 06:27:44.415
2178,131367,2,0.01,0.0,0.01,1.0,2026-05-06 06:27:44.415
2179,131420,3,-90.0,0.049,-90.0,0.048,2026-05-06 06:27:44.415
2180,131481,1,-50.77,-0.063,-50.78,-0.062,2026-05-06 06:27:44.415
2181,131544,2,50.77,0.063,50.78,0.061,2026-05-06 06:27:44.415
2182,131603,3,-90.0,0.049,-90.0,0.048,2026-05-06 06:27:44.415
2183,131664,1,-50.77,-0.063,-50.78,-0.062,2026-05-06 06:27:44.415
2184,131727,2,50.77,0.063,50.78,0.061,2026-05-06 06:27:44.415
2185,131786,1,-50.77,-0.063,-50.78,-0.062,2026-05-06 06:27:44.415
2186,131849,2,50.77,0.063,50.78,0.062,2026-05-06 06:27:44.415
2187,131908,3,-90.0,0.049,-90.0,0.047,2026-05-06 06:27:44.415
2188,131969,1,-50.77,-0.063,-50.78,-0.062,2026-05-06 06:27:44.415
2189,132032,2,50.77,0.063,50.78,0.062,2026-05-06 06:27:44.415
2190,132091,3,-90.0,0.049,-90.0,0.047,2026-05-06 06:27:44.415
2191,132152,1,-50.77,-0.063,-50.78,-0.062,2026-05-06 06:27:44.415
2192,132215,2,50.77,0.063,50.78,0.062,2026-05-06 06:27:44.415
2193,132274,1,-50.77,-0.063,-50.77,-0.064,2026-05-06 06:27:44.415
2194,132337,2,50.77,0.063,50.78,0.064,2026-05-06 06:27:44.415
2195,132396,3,-90.0,0.049,-90.0,0.046,2026-05-06 06:27:44.415
2196,132457,1,-50.77,-0.063,-50.77,-0.064,2026-05-06 06:27:44.415
2197,132520,2,50.77,0.063,50.78,0.064,2026-05-06 06:27:44.415
2198,132579,3,-90.0,0.049,-90.0,0.046,2026-05-06 06:27:44.415
2199,132640,1,-50.77,-0.063,-50.77,-0.064,2026-05-06 06:27:44.415
2200,132703,2,50.77,0.063,50.78,0.064,2026-05-06 06:27:44.415
2201,132762,1,-50.77,-0.063,-50.77,-0.063,2026-05-06 06:27:44.415
2202,132825,2,50.77,0.063,50.78,0.063,2026-05-06 06:27:44.415
2203,132884,3,-90.0,0.049,-90.0,0.047,2026-05-06 06:27:44.415
2204,132945,1,-50.77,-0.063,-50.77,-0.063,2026-05-06 06:27:44.415
2205,133008,2,50.77,0.063,50.78,0.063,2026-05-06 06:27:44.415
2206,133067,3,-90.0,0.049,-90.0,0.047,2026-05-06 06:27:44.415
2207,133128,1,-50.77,-0.063,-50.77,-0.065,2026-05-06 06:27:44.415
2208,133191,2,50.77,0.063,50.78,0.063,2026-05-06 06:27:44.415
2209,133250,1,-50.77,-0.063,-50.77,-0.065,2026-05-06 06:27:44.415
2210,133313,2,50.77,0.063,50.78,0.065,2026-05-06 06:27:44.415
2211,133372,3,-90.0,0.049,-90.0,0.047,2026-05-06 06:27:44.415
2212,133433,1,-50.77,-0.063,-50.77,-0.065,2026-05-06 06:27:44.415
2213,133496,2,50.77,0.063,50.78,0.065,2026-05-06 06:27:44.415
2214,133555,3,-90.0,0.049,-90.0,0.047,2026-05-06 06:27:44.415
2215,133616,1,-50.77,-0.063,-50.77,-0.065,2026-05-06 06:27:44.415
2216,133679,2,50.77,0.063,50.78,0.065,2026-05-06 06:27:44.415
2217,133737,3,-90.0,0.049,-90.0,0.047,2026-05-06 06:27:44.415
2218,133798,1,-50.77,-0.063,-50.77,-0.065,2026-05-06 06:27:44.415
2219,133861,2,50.77,0.063,50.78,0.063,2026-05-06 06:27:44.415
2220,133920,3,-90.0,0.049,-90.0,0.047,2026-05-06 06:27:44.415
2221,133981,1,-50.77,-0.063,-50.77,-0.065,2026-05-06 06:27:44.415
2222,134044,2,50.77,0.063,50.78,0.063,2026-05-06 06:27:44.415
2223,134103,3,-90.0,0.049,-90.0,0.047,2026-05-06 06:27:44.415
2224,134164,1,-50.77,-0.063,-50.77,-0.064,2026-05-06 06:27:44.415
2225,134228,1,-50.77,-0.063,-50.77,-0.064,2026-05-06 06:27:44.415
2226,134291,2,50.77,0.063,50.78,0.063,2026-05-06 06:27:44.415
2227,134350,3,-90.0,0.049,-90.0,0.048,2026-05-06 06:27:44.415
2228,134411,1,-50.77,-0.063,-50.77,-0.064,2026-05-06 06:27:44.415
2229,134474,2,50.77,0.063,50.78,0.063,2026-05-06 06:27:44.415
2230,134533,3,-90.0,0.049,-90.0,0.048,2026-05-06 06:27:44.415
2231,134594,1,-50.77,-0.063,-50.77,-0.064,2026-05-06 06:27:44.415
2232,134657,2,50.77,0.063,50.78,0.063,2026-05-06 06:27:44.415
2233,134716,1,-50.77,-0.063,-50.77,-0.063,2026-05-06 06:27:44.415
2234,134779,2,50.77,0.063,50.78,0.062,2026-05-06 06:27:44.415
2235,134838,3,-90.0,0.049,-90.0,0.048,2026-05-06 06:27:44.415
2236,134899,1,-50.77,-0.063,-50.77,-0.063,2026-05-06 06:27:44.415
2237,134962,2,50.77,0.063,50.78,0.062,2026-05-06 06:27:44.415
2238,135021,3,-90.0,0.049,-90.0,0.048,2026-05-06 06:27:44.415
2239,135082,1,-50.77,-0.063,-50.77,-0.063,2026-05-06 06:27:44.415
2240,135145,2,50.77,0.063,50.78,0.062,2026-05-06 06:27:44.415
2241,135204,1,-50.77,-0.063,-50.77,-0.063,2026-05-06 06:27:44.415
2242,135267,2,50.77,0.063,50.78,0.062,2026-05-06 06:27:44.415
2243,135326,3,-90.0,0.049,-90.0,0.047,2026-05-06 06:27:44.415
2244,135387,1,-50.77,-0.063,-50.77,-0.063,2026-05-06 06:27:44.415
2245,135450,2,50.77,0.063,50.78,0.062,2026-05-06 06:27:44.415
2246,135509,3,-90.0,0.049,-90.0,0.047,2026-05-06 06:27:44.415
2247,135570,1,-50.77,-0.063,-50.77,-0.063,2026-05-06 06:27:44.415
2248,135633,2,50.77,0.063,50.78,0.062,2026-05-06 06:27:44.415
2249,135692,1,-50.77,-0.063,-50.77,-0.063,2026-05-06 06:27:44.415
2250,135755,2,50.77,0.063,50.78,0.063,2026-05-06 06:27:44.415
2251,135814,3,-90.0,0.049,-90.0,0.047,2026-05-06 06:27:44.415
2252,135875,1,-50.77,-0.063,-50.77,-0.063,2026-05-06 06:27:44.415
2253,135938,2,50.77,0.063,50.78,0.063,2026-05-06 06:27:44.415
2254,135997,3,-90.0,0.049,-90.0,0.047,2026-05-06 06:27:44.415
2255,136058,1,-50.77,-0.063,-50.77,-0.063,2026-05-06 06:27:44.415
2256,136121,2,50.77,0.063,50.78,0.063,2026-05-06 06:27:44.415
2257,136180,1,-50.77,-0.063,-50.77,-0.064,2026-05-06 06:27:44.415
2258,136243,2,50.77,0.063,50.78,0.065,2026-05-06 06:27:44.415
2259,136302,3,-90.0,0.049,-89.99,0.047,2026-05-06 06:27:44.415
2260,136363,1,-50.77,-0.063,-50.77,-0.064,2026-05-06 06:27:44.588
2261,136426,2,50.77,0.063,50.78,0.065,2026-05-06 06:27:44.588
2262,136485,3,-90.0,0.049,-89.99,0.047,2026-05-06 06:27:44.588
2263,136546,1,-50.77,-0.063,-50.77,-0.064,2026-05-06 06:27:44.588
2264,136609,2,50.77,0.063,50.78,0.064,2026-05-06 06:27:44.588
2265,136668,1,-50.77,-0.063,-50.77,-0.065,2026-05-06 06:27:44.588
2266,136731,2,50.77,0.063,50.78,0.065,2026-05-06 06:27:44.588
2267,136790,3,-90.0,0.049,-90.0,0.047,2026-05-06 06:27:44.588
2268,136851,1,-50.77,-0.063,-50.77,-0.065,2026-05-06 06:27:44.588
2269,136914,2,50.77,0.063,50.78,0.065,2026-05-06 06:27:44.588
2270,136973,3,-90.0,0.049,-90.0,0.047,2026-05-06 06:27:44.588
2271,137034,1,-50.77,-0.063,-50.77,-0.065,2026-05-06 06:27:44.588
2272,137097,2,50.77,0.063,50.78,0.065,2026-05-06 06:27:44.588
2273,137155,1,-50.77,-0.063,-50.77,-0.064,2026-05-06 06:27:44.588
2274,137218,2,50.77,0.063,50.77,0.064,2026-05-06 06:27:44.588
2275,137277,3,-90.0,0.049,-90.0,0.048,2026-05-06 06:27:44.588
2276,137338,1,-50.77,-0.063,-50.77,-0.064,2026-05-06 06:27:44.588
2277,137401,2,50.77,0.063,50.77,0.064,2026-05-06 06:27:44.588
2278,137460,3,-90.0,0.049,-90.0,0.048,2026-05-06 06:27:44.588
2279,137521,1,-50.77,-0.063,-50.77,-0.064,2026-05-06 06:27:44.588
2280,137584,2,50.77,0.063,50.77,0.064,2026-05-06 06:27:44.588
2281,137643,2,50.77,0.063,50.77,0.064,2026-05-06 06:27:44.588
2282,137702,3,-90.0,0.049,-90.0,0.047,2026-05-06 06:27:44.588
2283,137763,1,-50.77,-0.063,-50.77,-0.063,2026-05-06 06:27:44.588
2284,137826,2,50.77,0.063,50.77,0.064,2026-05-06 06:27:44.588
2285,137885,3,-90.0,0.049,-90.0,0.047,2026-05-06 06:27:44.588
2286,137946,1,-50.77,-0.063,-50.77,-0.064,2026-05-06 06:27:44.588
2287,138009,2,50.77,0.063,50.77,0.064,2026-05-06 06:27:44.588
2288,138068,3,-90.0,0.049,-90.0,0.046,2026-05-06 06:27:44.588
2289,138131,1,-50.77,-0.063,-50.77,-0.064,2026-05-06 06:27:44.588
2290,138256,3,-90.0,0.049,-90.0,0.047,2026-05-06 06:27:44.588
2291,138317,1,-50.77,-0.063,-50.77,-0.064,2026-05-06 06:27:49.665
2292,138380,2,50.77,0.063,50.77,0.063,2026-05-06 06:27:49.665
2293,138439,3,-90.0,0.049,-90.0,0.047,2026-05-06 06:27:49.665
2294,138500,1,-50.77,-0.063,-50.77,-0.064,2026-05-06 06:27:49.665
2295,138563,2,50.77,0.063,50.77,0.063,2026-05-06 06:27:49.665
2296,138622,1,-50.77,-0.063,-50.77,-0.064,2026-05-06 06:27:49.665
2297,138685,2,50.77,0.063,50.78,0.064,2026-05-06 06:27:49.665
2298,138744,3,-90.0,0.049,-90.0,0.046,2026-05-06 06:27:49.665
2299,138805,1,-50.77,-0.063,-50.77,-0.064,2026-05-06 06:27:49.665
2300,138868,2,50.77,0.063,50.78,0.064,2026-05-06 06:27:49.665
2301,138927,3,-90.0,0.049,-90.0,0.046,2026-05-06 06:27:49.665
2302,138988,1,-50.77,-0.063,-50.77,-0.064,2026-05-06 06:27:49.665
2303,139051,2,50.77,0.063,50.78,0.064,2026-05-06 06:27:49.665
2304,139110,1,-50.77,-0.063,-50.77,-0.064,2026-05-06 06:27:49.665
2305,139173,2,50.77,0.063,50.77,0.063,2026-05-06 06:27:49.665
2306,139232,3,-90.0,0.049,-90.0,0.047,2026-05-06 06:27:49.665
2307,139293,1,-50.77,-0.063,-50.77,-0.065,2026-05-06 06:27:49.665
2308,139356,2,50.77,0.063,50.78,0.064,2026-05-06 06:27:49.665
2309,139415,3,-90.0,0.049,-90.0,0.048,2026-05-06 06:27:49.665
2310,139476,1,-50.77,-0.063,-50.77,-0.065,2026-05-06 06:27:49.665
2311,139539,2,50.77,0.063,50.78,0.064,2026-05-06 06:27:49.665
2312,139597,3,-90.0,0.049,-90.0,0.047,2026-05-06 06:27:49.665
2313,139658,1,-50.77,-0.063,-50.77,-0.065,2026-05-06 06:27:49.665
2314,139721,2,50.77,0.063,50.77,0.065,2026-05-06 06:27:49.665
2315,139780,3,-90.0,0.049,-90.0,0.047,2026-05-06 06:27:49.665
2316,139841,1,-50.77,-0.063,-50.77,-0.065,2026-05-06 06:27:49.665
2317,139904,2,50.77,0.063,50.77,0.065,2026-05-06 06:27:49.665
2318,139963,3,-90.0,0.049,-90.0,0.047,2026-05-06 06:27:49.665
2319,140024,1,-50.77,-0.063,-50.77,-0.065,2026-05-06 06:27:49.665
2320,140087,1,-50.77,-0.063,-50.77,-0.064,2026-05-06 06:27:49.665
2321,140150,2,50.77,0.063,50.78,0.065,2026-05-06 06:27:49.665
2322,140209,3,-90.0,0.049,-90.0,0.049,2026-05-06 06:27:49.665
2323,140270,1,-50.77,-0.063,-50.77,-0.064,2026-05-06 06:27:49.665
2324,140333,2,50.77,0.063,50.78,0.065,2026-05-06 06:27:49.665
2325,140392,3,-90.0,0.049,-90.0,0.049,2026-05-06 06:27:49.665
2326,140453,1,-50.77,-0.063,-50.77,-0.064,2026-05-06 06:27:49.665
2327,140516,2,50.77,0.063,50.78,0.065,2026-05-06 06:27:49.665
2328,140575,1,-50.77,-0.063,-50.77,-0.065,2026-05-06 06:27:49.665
2329,140638,2,50.77,0.063,50.78,0.064,2026-05-06 06:27:49.665
2330,140697,3,-90.0,0.049,-90.0,0.049,2026-05-06 06:27:49.665
2331,140758,1,-50.77,-0.063,-50.77,-0.065,2026-05-06 06:27:49.665
2332,140821,2,50.77,0.063,50.78,0.064,2026-05-06 06:27:49.665
2333,140880,3,-90.0,0.049,-90.0,0.049,2026-05-06 06:27:49.665
2334,140941,1,-50.77,-0.063,-50.77,-0.065,2026-05-06 06:27:49.665
2335,141004,2,50.77,0.063,50.78,0.064,2026-05-06 06:27:49.665
2336,141062,1,-50.77,-0.063,-50.77,-0.065,2026-05-06 06:27:49.665
2337,141125,2,50.77,0.063,50.77,0.065,2026-05-06 06:27:49.665
2338,141184,3,-90.0,0.049,-90.0,0.048,2026-05-06 06:27:49.665
2339,141245,1,-50.77,-0.063,-50.77,-0.065,2026-05-06 06:27:49.665
2340,141308,2,50.77,0.063,50.77,0.065,2026-05-06 06:27:49.665
2341,141367,3,-90.0,0.049,-90.0,0.049,2026-05-06 06:27:49.665
2342,141428,1,-50.77,-0.063,-50.77,-0.065,2026-05-06 06:27:49.665
2343,141491,2,50.77,0.063,50.77,0.064,2026-05-06 06:27:49.665
2344,141551,1,-50.77,-0.063,-50.77,-0.064,2026-05-06 06:27:49.665
2345,141614,2,50.77,0.063,50.78,0.063,2026-05-06 06:27:49.665
2346,141673,3,-90.0,0.049,-90.0,0.048,2026-05-06 06:27:49.665
2347,141734,1,-50.77,-0.063,-50.77,-0.064,2026-05-06 06:27:49.665
2348,141797,2,50.77,0.063,50.78,0.063,2026-05-06 06:27:49.665
2349,141856,3,-90.0,0.049,-90.0,0.048,2026-05-06 06:27:49.665
2350,141917,1,-50.77,-0.063,-50.77,-0.064,2026-05-06 06:27:49.665
2351,141980,2,50.77,0.063,50.78,0.063,2026-05-06 06:27:49.665
2352,142039,1,-50.77,-0.063,-50.77,-0.064,2026-05-06 06:27:49.665
2353,142102,2,50.77,0.063,50.77,0.064,2026-05-06 06:27:49.665
2354,142166,3,-90.0,0.049,-90.0,0.049,2026-05-06 06:27:49.665
2355,142227,1,-50.77,-0.063,-50.77,-0.064,2026-05-06 06:27:49.665
2356,142290,2,50.77,0.063,50.77,0.064,2026-05-06 06:27:49.665
2357,142349,3,-90.0,0.049,-90.0,0.049,2026-05-06 06:27:49.665
2358,142410,1,-50.77,-0.063,-50.77,-0.064,2026-05-06 06:27:49.665
2359,142473,2,50.77,0.063,50.77,0.064,2026-05-06 06:27:49.665
2360,142532,1,-50.77,-0.063,-50.77,-0.064,2026-05-06 06:27:49.665
2361,142595,2,50.77,0.063,50.77,0.064,2026-05-06 06:27:49.665
2362,142654,3,-90.0,0.049,-90.0,0.048,2026-05-06 06:27:49.665
2363,142715,1,-50.77,-0.063,-50.77,-0.064,2026-05-06 06:27:49.665
2364,142778,2,50.77,0.063,50.77,0.064,2026-05-06 06:27:49.665
2365,142837,3,-90.0,0.049,-90.0,0.048,2026-05-06 06:27:49.665
2366,142898,1,-50.77,-0.063,-50.77,-0.064,2026-05-06 06:27:49.665
2367,142961,2,50.77,0.063,50.77,0.064,2026-05-06 06:27:49.665
2368,143019,3,-90.0,0.049,-90.0,0.048,2026-05-06 06:27:49.665
2369,143080,1,-50.77,-0.063,-50.77,-0.065,2026-05-06 06:27:49.665
2370,143143,2,50.77,0.063,50.77,0.065,2026-05-06 06:27:49.665
2371,143202,3,-90.0,0.049,-90.0,0.048,2026-05-06 06:27:49.665
2372,143263,1,-50.77,-0.063,-50.77,-0.065,2026-05-06 06:27:49.665
2373,143326,2,50.77,0.063,50.77,0.065,2026-05-06 06:27:49.665
2374,143385,3,-90.0,0.049,-90.0,0.048,2026-05-06 06:27:49.665
2375,143446,1,-50.77,-0.063,-50.77,-0.065,2026-05-06 06:27:49.665
2376,143510,1,-50.77,-0.063,-50.77,-0.064,2026-05-06 06:27:49.665
2377,143573,2,50.77,0.063,50.77,0.065,2026-05-06 06:27:49.665
2378,143632,3,-90.0,0.049,-90.0,0.048,2026-05-06 06:27:49.665
2379,143693,1,-50.77,-0.063,-50.77,-0.064,2026-05-06 06:27:49.665
2380,143756,2,50.77,0.063,50.77,0.065,2026-05-06 06:27:49.665
2381,143815,3,-90.0,0.049,-90.0,0.048,2026-05-06 06:27:49.665
2382,143876,1,-50.77,-0.063,-50.77,-0.064,2026-05-06 06:27:49.665
2383,143939,2,50.77,0.063,50.77,0.065,2026-05-06 06:27:49.665
2384,143998,1,-50.77,-0.063,-50.77,-0.064,2026-05-06 06:27:49.665
2385,144061,2,50.77,0.063,50.77,0.063,2026-05-06 06:27:49.665
2386,144120,3,-90.0,0.049,-90.0,0.049,2026-05-06 06:27:49.665
2387,144181,1,-50.77,-0.063,-50.77,-0.064,2026-05-06 06:27:49.665
2388,144244,2,50.77,0.063,50.77,0.064,2026-05-06 06:27:49.665
2389,144303,3,-90.0,0.049,-90.0,0.049,2026-05-06 06:27:49.665
2390,144364,1,-50.77,-0.063,-50.77,-0.064,2026-05-06 06:27:49.665
2391,144427,2,50.77,0.063,50.77,0.064,2026-05-06 06:27:49.665
2392,144486,1,-50.77,-0.063,-50.77,-0.065,2026-05-06 06:27:49.665
2393,144549,2,50.77,0.063,50.77,0.064,2026-05-06 06:27:49.665
2394,144608,3,-90.0,0.049,-90.0,0.049,2026-05-06 06:27:49.665
2395,144669,1,-50.77,-0.063,-50.77,-0.065,2026-05-06 06:27:49.665
2396,144732,2,50.77,0.063,50.77,0.064,2026-05-06 06:27:49.665
2397,144791,3,-90.0,0.049,-90.0,0.049,2026-05-06 06:27:49.665
2398,144852,1,-50.77,-0.063,-50.77,-0.065,2026-05-06 06:27:49.665
2399,144915,2,50.77,0.063,50.77,0.064,2026-05-06 06:27:49.665
2400,144974,1,-50.77,-0.063,-50.77,-0.064,2026-05-06 06:27:49.665
2401,145037,2,50.77,0.063,50.77,0.064,2026-05-06 06:27:49.665
2402,145096,3,-90.0,0.049,-90.0,0.05,2026-05-06 06:27:49.665
2403,145157,1,-50.77,-0.063,-50.77,-0.064,2026-05-06 06:27:49.665
2404,145220,2,50.77,0.063,50.77,0.064,2026-05-06 06:27:49.665
2405,145279,3,-90.0,0.049,-90.0,0.05,2026-05-06 06:27:49.665
2406,145340,1,-50.77,-0.063,-50.77,-0.064,2026-05-06 06:27:49.665
2407,145403,2,50.77,0.063,50.77,0.064,2026-05-06 06:27:49.665
2408,145462,1,-50.77,-0.063,-50.77,-0.064,2026-05-06 06:27:49.665
2409,145525,2,50.77,0.063,50.77,0.065,2026-05-06 06:27:49.665
2410,145584,3,-90.0,0.049,-90.0,0.049,2026-05-06 06:27:49.665
2411,145645,1,-50.77,-0.063,-50.77,-0.064,2026-05-06 06:27:49.665
2412,145708,2,50.77,0.063,50.77,0.065,2026-05-06 06:27:49.665
2413,145767,3,-90.0,0.049,-90.0,0.049,2026-05-06 06:27:49.665
2414,145828,1,-50.77,-0.063,-50.77,-0.064,2026-05-06 06:27:49.665
2415,145891,2,50.77,0.063,50.77,0.065,2026-05-06 06:27:49.665
2416,145950,1,-50.77,-0.063,-50.77,-0.065,2026-05-06 06:27:49.665
2417,146013,2,50.77,0.063,50.77,0.065,2026-05-06 06:27:49.665
2418,146072,3,-90.0,0.049,-90.0,0.05,2026-05-06 06:27:49.665
2419,146133,1,-50.77,-0.063,-50.77,-0.065,2026-05-06 06:27:49.665
2420,146196,2,50.77,0.063,50.77,0.064,2026-05-06 06:27:49.665
2421,146255,3,-90.0,0.049,-90.0,0.048,2026-05-06 06:27:49.665
2422,146316,1,-50.77,-0.063,-50.77,-0.065,2026-05-06 06:27:49.665
2423,146379,2,50.77,0.063,50.77,0.064,2026-05-06 06:27:50.046
2424,146438,1,-50.77,-0.063,-50.77,-0.065,2026-05-06 06:27:50.046
2425,146501,2,50.77,0.063,50.77,0.064,2026-05-06 06:27:50.046
2426,146560,3,-90.0,0.049,-90.0,0.048,2026-05-06 06:27:50.046
2427,146621,1,-50.77,-0.063,-50.77,-0.065,2026-05-06 06:27:50.046
2428,146684,2,50.77,0.063,50.77,0.064,2026-05-06 06:27:50.046
2429,146743,3,-90.0,0.049,-90.0,0.048,2026-05-06 06:27:50.046
2430,146804,1,-50.77,-0.063,-50.77,-0.065,2026-05-06 06:27:50.046
2431,146867,2,50.77,0.063,50.77,0.064,2026-05-06 06:27:50.046
2432,146926,1,-50.77,-0.063,-50.77,-0.065,2026-05-06 06:27:50.046
2433,146989,2,50.77,0.063,50.77,0.064,2026-05-06 06:27:50.046
2434,147048,3,-90.0,0.049,-90.0,0.05,2026-05-06 06:27:50.046
2435,147109,1,-50.77,-0.063,-50.77,-0.065,2026-05-06 06:27:50.046
2436,147172,2,50.77,0.063,50.77,0.064,2026-05-06 06:27:50.046
2437,147231,3,-90.0,0.049,-90.0,0.05,2026-05-06 06:27:50.046
2438,147292,1,-50.77,-0.063,-50.77,-0.065,2026-05-06 06:27:50.046
2439,147355,2,50.77,0.063,50.77,0.064,2026-05-06 06:27:50.046
2440,147413,3,-90.0,0.049,-90.0,0.049,2026-05-06 06:27:50.046
2441,147474,1,-50.77,-0.063,-50.77,-0.064,2026-05-06 06:27:50.046
2442,147537,2,50.77,0.063,50.77,0.062,2026-05-06 06:27:50.046
2443,147596,3,-90.0,0.049,-90.0,0.049,2026-05-06 06:27:50.046
2444,147657,1,-50.77,-0.063,-50.77,-0.064,2026-05-06 06:27:50.046
2445,147720,2,50.77,0.063,50.77,0.062,2026-05-06 06:27:50.046
2446,147779,3,-90.0,0.049,-90.0,0.049,2026-05-06 06:27:50.046
2447,147840,1,-50.77,-0.063,-50.77,-0.064,2026-05-06 06:27:50.046
2448,147903,1,-50.77,-0.063,-50.77,-0.063,2026-05-06 06:27:50.046
2449,147966,2,50.77,0.063,50.77,0.064,2026-05-06 06:27:50.046
2450,148025,3,-90.0,0.049,-90.0,0.049,2026-05-06 06:27:50.046
2451,148086,1,-50.77,-0.063,-50.77,-0.064,2026-05-06 06:27:50.046
2452,148149,2,50.77,0.063,50.77,0.064,2026-05-06 06:27:50.046
2453,148208,3,-90.0,0.049,-90.0,0.048,2026-05-06 06:27:50.046
2454,148335,2,50.77,0.063,50.77,0.064,2026-05-06 06:27:50.046
2455,148394,1,-50.77,-0.063,-50.77,-0.063,2026-05-06 06:27:50.046
2456,148457,2,50.77,0.063,50.77,0.064,2026-05-06 06:27:50.046
2457,148516,3,-90.0,0.049,-90.0,0.048,2026-05-06 06:27:50.046
2458,148577,1,-50.77,-0.063,-50.77,-0.063,2026-05-06 06:27:50.046
2459,148640,2,50.77,0.063,50.77,0.064,2026-05-06 06:27:50.046
2460,148699,3,-90.0,0.049,-90.0,0.048,2026-05-06 06:27:50.046
2461,148760,1,-50.77,-0.063,-50.77,-0.063,2026-05-06 06:27:50.046
2462,148823,2,50.77,0.063,50.77,0.064,2026-05-06 06:27:50.046
2463,148882,1,-50.77,-0.063,-50.77,-0.064,2026-05-06 06:27:50.046
2464,148945,2,50.77,0.063,50.77,0.062,2026-05-06 06:27:50.046
2465,149004,3,-90.0,0.049,-90.0,0.048,2026-05-06 06:27:50.046
2466,149065,1,-50.77,-0.063,-50.77,-0.064,2026-05-06 06:27:50.046
2467,149128,2,50.77,0.063,50.77,0.062,2026-05-06 06:27:50.046
2468,149187,3,-90.0,0.049,-90.0,0.048,2026-05-06 06:27:50.046
2469,149248,1,-50.77,-0.063,-50.77,-0.064,2026-05-06 06:27:50.046
2470,149311,2,50.77,0.063,50.77,0.062,2026-05-06 06:27:50.046
2471,149370,1,-50.77,-0.063,-50.77,-0.064,2026-05-06 06:27:50.046
2472,149433,2,50.77,0.063,50.77,0.063,2026-05-06 06:27:50.046
2473,149492,3,-90.0,0.049,-90.0,0.049,2026-05-06 06:27:50.046
2474,149553,1,-50.77,-0.063,-50.77,-0.064,2026-05-06 06:27:50.046
2475,149616,2,50.77,0.063,50.77,0.063,2026-05-06 06:27:50.046
2476,149675,3,-90.0,0.049,-90.0,0.049,2026-05-06 06:27:50.046
2477,149736,1,-50.77,-0.063,-50.77,-0.064,2026-05-06 06:27:50.046
2478,149799,2,50.77,0.063,50.77,0.063,2026-05-06 06:27:50.046
2479,149857,1,-50.77,-0.063,-50.77,-0.063,2026-05-06 06:27:50.046
2480,149920,2,50.77,0.063,50.77,0.063,2026-05-06 06:27:50.046
2481,149979,3,-90.0,0.049,-90.0,0.049,2026-05-06 06:27:50.046
2482,150040,1,-50.77,-0.063,-50.77,-0.063,2026-05-06 06:27:50.046
2483,150103,2,50.77,0.063,50.77,0.063,2026-05-06 06:27:50.046
2484,150162,3,-90.0,0.049,-90.0,0.049,2026-05-06 06:27:50.046
2485,150223,1,-50.77,-0.063,-50.77,-0.063,2026-05-06 06:27:50.046
2486,150286,2,50.77,0.063,50.77,0.062,2026-05-06 06:27:50.046
2487,150346,1,-50.77,-0.063,-50.77,-0.064,2026-05-06 06:27:50.046
2488,150409,2,50.77,0.063,50.77,0.062,2026-05-06 06:27:50.046
2489,150468,3,-90.0,0.049,-90.0,0.049,2026-05-06 06:27:50.629
2490,150529,1,-50.77,-0.063,-50.77,-0.064,2026-05-06 06:27:50.629
2491,150592,2,50.77,0.063,50.77,0.062,2026-05-06 06:27:50.629
2492,150651,3,-90.0,0.049,-90.0,0.049,2026-05-06 06:27:50.629
2493,150712,1,-50.77,-0.063,-50.77,-0.064,2026-05-06 06:27:50.629
2494,150775,2,50.77,0.063,50.77,0.062,2026-05-06 06:27:50.629
2495,150834,1,-50.77,-0.063,-50.78,-0.063,2026-05-06 06:27:50.629
2496,150897,2,50.77,0.063,50.77,0.063,2026-05-06 06:27:50.629
2497,150956,3,-90.0,0.049,-90.0,0.049,2026-05-06 06:27:50.629
2498,151017,1,-50.77,-0.063,-50.78,-0.063,2026-05-06 06:27:50.629
2499,151080,2,50.77,0.063,50.77,0.063,2026-05-06 06:27:50.629
2500,151139,3,-90.0,0.049,-90.0,0.049,2026-05-06 06:27:50.629
2501,151200,1,-50.77,-0.063,-50.78,-0.063,2026-05-06 06:27:50.629
2502,151263,2,50.77,0.063,50.77,0.063,2026-05-06 06:27:50.629
2503,151322,1,-50.77,-0.063,-50.78,-0.063,2026-05-06 06:27:50.629
2504,151385,2,50.77,0.063,50.77,0.062,2026-05-06 06:27:50.629
2505,151444,3,-90.0,0.049,-90.0,0.049,2026-05-06 06:27:50.629
2506,151505,1,-50.77,-0.063,-50.77,-0.064,2026-05-06 06:27:50.629
2507,151568,2,50.77,0.063,50.77,0.063,2026-05-06 06:27:50.629
2508,151627,3,-90.0,0.049,-90.0,0.048,2026-05-06 06:27:50.629
2509,151688,1,-50.77,-0.063,-50.77,-0.064,2026-05-06 06:27:50.629
2510,151751,2,50.77,0.063,50.77,0.063,2026-05-06 06:27:50.629
2511,151809,3,-90.0,0.049,-90.0,0.049,2026-05-06 06:27:50.629
2512,151870,1,-50.77,-0.063,-50.77,-0.064,2026-05-06 06:27:50.629
2513,151933,2,50.77,0.063,50.77,0.062,2026-05-06 06:27:50.629
2514,151992,3,-90.0,0.049,-90.0,0.049,2026-05-06 06:27:50.629
2515,152053,1,-50.77,-0.063,-50.77,-0.064,2026-05-06 06:27:50.629
2516,152116,2,50.77,0.063,50.77,0.062,2026-05-06 06:27:50.629
2517,152175,3,-90.0,0.049,-90.0,0.049,2026-05-06 06:27:50.629
2518,152236,1,-50.77,-0.063,-50.77,-0.063,2026-05-06 06:27:50.629
2519,152300,1,-50.77,-0.063,-50.77,-0.064,2026-05-06 06:27:50.629
2520,152363,2,50.77,0.063,50.77,0.064,2026-05-06 06:27:50.629
2521,152422,3,-90.0,0.049,-90.0,0.049,2026-05-06 06:27:50.629
2522,152483,1,-50.77,-0.063,-50.77,-0.064,2026-05-06 06:27:50.629
2523,152546,2,50.77,0.063,50.77,0.064,2026-05-06 06:27:50.629
2524,152605,3,-90.0,0.049,-90.0,0.049,2026-05-06 06:27:50.629
2525,152666,1,-50.77,-0.063,-50.77,-0.064,2026-05-06 06:27:50.629
2526,152729,2,50.77,0.063,50.77,0.064,2026-05-06 06:27:50.629
2527,152787,3,-90.0,0.049,-90.0,0.049,2026-05-06 06:27:50.629
2528,152848,1,-50.77,-0.063,-50.77,-0.064,2026-05-06 06:27:50.629
2529,152911,2,50.77,0.063,50.77,0.062,2026-05-06 06:27:50.629
2530,152970,3,-90.0,0.049,-90.0,0.049,2026-05-06 06:27:50.629
2531,153031,1,-50.77,-0.063,-50.77,-0.064,2026-05-06 06:27:50.629
2532,153094,2,50.77,0.063,50.77,0.062,2026-05-06 06:27:50.629
2533,153153,3,-90.0,0.049,-90.0,0.049,2026-05-06 06:27:50.629
2534,153214,1,-50.77,-0.063,-50.77,-0.064,2026-05-06 06:27:50.629
2535,153277,1,-50.77,-0.063,-50.77,-0.063,2026-05-06 06:27:50.629
2536,153340,2,50.77,0.063,50.77,0.063,2026-05-06 06:27:50.629
2537,153399,3,-90.0,0.049,-90.0,0.048,2026-05-06 06:27:50.629
2538,153460,1,-50.77,-0.063,-50.77,-0.063,2026-05-06 06:27:50.629
2539,153523,2,50.77,0.063,50.77,0.062,2026-05-06 06:27:50.629
2540,153582,3,-90.0,0.049,-90.0,0.048,2026-05-06 06:27:50.629
2541,153643,1,-50.77,-0.063,-50.77,-0.063,2026-05-06 06:27:50.629
2542,153706,2,50.77,0.063,50.77,0.062,2026-05-06 06:27:50.629
2543,153764,3,-90.0,0.049,-90.0,0.048,2026-05-06 06:27:50.629
2544,153825,1,-50.77,-0.063,-50.77,-0.063,2026-05-06 06:27:50.629
2545,153888,2,50.77,0.063,50.77,0.063,2026-05-06 06:27:50.629
2546,153947,3,-90.0,0.049,-90.0,0.048,2026-05-06 06:27:50.629
2547,154008,1,-50.77,-0.063,-50.77,-0.063,2026-05-06 06:27:50.629
2548,154071,2,50.77,0.063,50.77,0.062,2026-05-06 06:27:50.629
2549,154130,3,-90.0,0.049,-90.0,0.048,2026-05-06 06:27:50.629
2550,154191,1,-50.77,-0.063,-50.77,-0.063,2026-05-06 06:27:50.629
2551,154255,1,-50.77,-0.063,-50.77,-0.062,2026-05-06 06:27:50.629
2552,154318,2,50.77,0.063,50.77,0.062,2026-05-06 06:27:50.629
2553,154377,3,-90.0,0.049,-90.0,0.047,2026-05-06 06:27:50.629
2554,154438,1,-50.77,-0.063,-50.77,-0.062,2026-05-06 06:27:50.629
2555,154501,2,50.77,0.063,50.77,0.062,2026-05-06 06:27:50.629
2556,154560,3,-90.0,0.049,-90.0,0.047,2026-05-06 06:27:50.629
2557,154621,1,-50.77,-0.063,-50.77,-0.062,2026-05-06 06:27:50.629
2558,154684,2,50.77,0.063,50.77,0.062,2026-05-06 06:27:50.629
2559,154742,3,-90.0,0.049,-90.0,0.047,2026-05-06 06:27:50.629
2560,154803,1,-50.77,-0.063,-50.77,-0.062,2026-05-06 06:27:50.629
2561,154866,2,50.77,0.063,50.77,0.062,2026-05-06 06:27:50.629
2562,154925,3,-90.0,0.049,-90.0,0.047,2026-05-06 06:27:50.629
2563,154986,1,-50.77,-0.063,-50.77,-0.062,2026-05-06 06:27:50.629
2564,155049,2,50.77,0.063,50.77,0.062,2026-05-06 06:27:50.629
2565,155108,3,-90.0,0.049,-90.0,0.047,2026-05-06 06:27:50.629
2566,155169,1,-50.77,-0.063,-50.77,-0.063,2026-05-06 06:27:50.629
2567,155232,1,-50.77,-0.063,-50.77,-0.062,2026-05-06 06:27:50.629
2568,155295,2,50.77,0.063,50.77,0.062,2026-05-06 06:27:50.629
2569,155354,3,-90.0,0.049,-90.0,0.047,2026-05-06 06:27:50.629
2570,155415,1,-50.77,-0.063,-50.77,-0.063,2026-05-06 06:27:50.629
2571,155478,2,50.77,0.063,50.77,0.062,2026-05-06 06:27:50.629
2572,155537,3,-90.0,0.049,-90.0,0.047,2026-05-06 06:27:50.629
2573,155598,1,-50.77,-0.063,-50.77,-0.063,2026-05-06 06:27:50.629
2574,155661,2,50.77,0.063,50.77,0.062,2026-05-06 06:27:50.629
2575,155719,3,-90.0,0.049,-90.0,0.048,2026-05-06 06:27:50.629
2576,155780,1,-50.77,-0.063,-50.77,-0.063,2026-05-06 06:27:50.629
2577,155843,2,50.77,0.063,50.77,0.062,2026-05-06 06:27:50.629
2578,155902,3,-90.0,0.049,-90.0,0.048,2026-05-06 06:27:50.629
2579,155963,1,-50.77,-0.063,-50.77,-0.063,2026-05-06 06:27:50.629
2580,156026,2,50.77,0.063,50.77,0.062,2026-05-06 06:27:50.629
2581,156149,1,-50.77,-0.063,-50.77,-0.062,2026-05-06 06:27:50.629
2582,156213,1,-50.77,-0.063,-50.78,-0.062,2026-05-06 06:27:50.629
2583,156276,2,50.77,0.063,50.77,0.063,2026-05-06 06:27:50.629
2584,156335,3,-90.0,0.049,-90.0,0.048,2026-05-06 06:27:50.629
2585,156396,1,-50.77,-0.063,-50.78,-0.062,2026-05-06 06:27:50.629
2586,156459,2,50.77,0.063,50.77,0.063,2026-05-06 06:27:50.629
2587,156518,3,-90.0,0.049,-90.0,0.048,2026-05-06 06:27:50.629
2588,156579,1,-50.77,-0.063,-50.78,-0.062,2026-05-06 06:27:50.629
2589,156642,2,50.77,0.063,50.77,0.063,2026-05-06 06:27:50.629
2590,156700,3,-90.0,0.049,-90.0,0.049,2026-05-06 06:27:50.629
2591,156761,1,-50.77,-0.063,-50.78,-0.063,2026-05-06 06:27:50.629
2592,156824,2,50.77,0.063,50.77,0.063,2026-05-06 06:27:50.629
2593,156883,3,-90.0,0.049,-90.0,0.049,2026-05-06 06:27:51.291
2594,156944,1,-50.77,-0.063,-50.78,-0.063,2026-05-06 06:27:51.291
2595,157007,2,50.77,0.063,50.77,0.063,2026-05-06 06:27:51.291
2596,157066,3,-90.0,0.049,-90.0,0.049,2026-05-06 06:27:51.291
2597,157127,1,-50.77,-0.063,-50.78,-0.063,2026-05-06 06:27:51.291
2598,157190,1,-50.77,-0.063,-50.78,-0.064,2026-05-06 06:27:51.291
2599,157253,2,50.77,0.063,50.77,0.063,2026-05-06 06:27:51.291
2600,157312,3,-90.0,0.049,-89.99,0.049,2026-05-06 06:27:51.291
2601,157373,1,-50.77,-0.063,-50.78,-0.064,2026-05-06 06:27:51.291
2602,157436,2,50.77,0.063,50.77,0.064,2026-05-06 06:27:51.291
2603,157495,3,-90.0,0.049,-90.0,0.049,2026-05-06 06:27:51.291
2604,157556,1,-50.77,-0.063,-50.78,-0.064,2026-05-06 06:27:51.291
2605,157619,2,50.77,0.063,50.77,0.064,2026-05-06 06:27:51.291
2606,157677,3,-90.0,0.049,-90.0,0.049,2026-05-06 06:27:51.291
2607,157738,1,-50.77,-0.063,-50.78,-0.064,2026-05-06 06:27:51.291
2608,157801,2,50.77,0.063,50.78,0.064,2026-05-06 06:27:51.291
2609,157860,3,-90.0,0.049,-90.0,0.049,2026-05-06 06:27:51.291
2610,157921,1,-50.77,-0.063,-50.78,-0.064,2026-05-06 06:27:51.291
2611,157984,2,50.77,0.063,50.78,0.064,2026-05-06 06:27:51.291
2612,158043,3,-90.0,0.049,-90.0,0.049,2026-05-06 06:27:51.291
2613,158104,1,-50.77,-0.063,-50.78,-0.064,2026-05-06 06:27:51.291
2614,158168,1,-50.77,-0.063,-50.77,-0.064,2026-05-06 06:27:51.291
2615,158231,2,50.77,0.063,50.78,0.064,2026-05-06 06:27:51.291
2616,158290,3,-90.0,0.049,-90.0,0.05,2026-05-06 06:27:51.291
2617,158351,1,-50.77,-0.063,-50.77,-0.064,2026-05-06 06:27:51.291
2618,158414,2,50.77,0.063,50.78,0.064,2026-05-06 06:27:51.291
2619,158473,3,-90.0,0.049,-90.0,0.05,2026-05-06 06:27:51.291
2620,158534,1,-50.77,-0.063,-50.77,-0.064,2026-05-06 06:27:51.291
2621,158597,2,50.77,0.063,50.78,0.064,2026-05-06 06:27:51.291
2622,158655,3,-90.0,0.049,-90.0,0.049,2026-05-06 06:27:51.291
2623,158716,1,-50.77,-0.063,-50.77,-0.063,2026-05-06 06:27:51.291
2624,158779,2,50.77,0.063,50.78,0.063,2026-05-06 06:27:51.291
2625,158838,3,-90.0,0.049,-90.0,0.049,2026-05-06 06:27:51.291
2626,158899,1,-50.77,-0.063,-50.77,-0.063,2026-05-06 06:27:51.291
2627,158962,2,50.77,0.063,50.78,0.063,2026-05-06 06:27:51.291
2628,159021,3,-90.0,0.049,-90.0,0.049,2026-05-06 06:27:51.291
2629,159082,1,-50.77,-0.063,-50.77,-0.063,2026-05-06 06:27:51.291
2630,159145,1,-50.77,-0.063,-50.77,-0.063,2026-05-06 06:27:51.291
2631,159208,2,50.77,0.063,50.78,0.062,2026-05-06 06:27:51.291
2632,159267,3,-90.0,0.049,-90.0,0.048,2026-05-06 06:27:51.291
2633,159328,1,-50.77,-0.063,-50.77,-0.062,2026-05-06 06:27:51.291
2634,159391,2,50.77,0.063,50.78,0.061,2026-05-06 06:27:51.291
2635,159450,3,-90.0,0.049,-90.0,0.047,2026-05-06 06:27:51.291
2636,159511,1,-50.77,-0.063,-50.77,-0.062,2026-05-06 06:27:51.291
2637,159574,2,50.77,0.063,50.78,0.061,2026-05-06 06:27:51.291
2638,159632,3,-90.0,0.049,-90.0,0.047,2026-05-06 06:27:51.291
2639,159693,1,-50.77,-0.063,-50.78,-0.062,2026-05-06 06:27:51.291
2640,159756,2,50.77,0.063,50.78,0.063,2026-05-06 06:27:51.291
2641,159815,3,-90.0,0.049,-90.0,0.047,2026-05-06 06:27:51.291
2642,159876,1,-50.77,-0.063,-50.78,-0.062,2026-05-06 06:27:51.291
2643,159939,2,50.77,0.063,50.78,0.063,2026-05-06 06:27:51.291
2644,159998,3,-90.0,0.049,-90.0,0.047,2026-05-06 06:27:51.291
2645,160059,1,-50.77,-0.063,-50.78,-0.063,2026-05-06 06:27:51.291
2646,160123,1,-50.77,-0.063,-50.77,-0.063,2026-05-06 06:27:51.291
2647,160186,2,50.77,0.063,50.78,0.063,2026-05-06 06:27:51.291
2648,160245,3,-90.0,0.049,-90.0,0.048,2026-05-06 06:27:51.291
2649,160306,1,-50.77,-0.063,-50.77,-0.063,2026-05-06 06:27:51.291
2650,160369,2,50.77,0.063,50.78,0.063,2026-05-06 06:27:51.291
2651,160428,3,-90.0,0.049,-90.0,0.048,2026-05-06 06:27:51.291
2652,160489,1,-50.77,-0.063,-50.77,-0.063,2026-05-06 06:27:51.291
2653,160552,2,50.77,0.063,50.78,0.063,2026-05-06 06:27:51.291
2654,160611,1,-50.77,-0.063,-50.77,-0.064,2026-05-06 06:27:51.291
2655,160674,2,50.77,0.063,50.78,0.063,2026-05-06 06:27:51.291
2656,160733,3,-90.0,0.049,-90.0,0.048,2026-05-06 06:27:51.291
2657,160794,1,-50.77,-0.063,-50.77,-0.063,2026-05-06 06:27:51.291
2658,160857,2,50.77,0.063,50.78,0.063,2026-05-06 06:27:51.291
2659,160916,3,-90.0,0.049,-90.0,0.048,2026-05-06 06:27:51.291
2660,160977,1,-50.77,-0.063,-50.77,-0.063,2026-05-06 06:27:51.291
2661,161040,2,50.77,0.063,50.78,0.063,2026-05-06 06:27:51.291
2662,161099,1,-50.77,-0.063,-50.77,-0.063,2026-05-06 06:27:51.291
2663,161162,2,50.77,0.063,50.78,0.064,2026-05-06 06:27:51.291
2664,161221,3,-90.0,0.049,-90.0,0.049,2026-05-06 06:27:51.291
2665,161282,1,-50.77,-0.063,-50.77,-0.063,2026-05-06 06:27:51.291
2666,161345,2,50.77,0.063,50.78,0.064,2026-05-06 06:27:51.291
2667,161404,3,-90.0,0.049,-90.0,0.049,2026-05-06 06:27:51.291
2668,161465,1,-50.77,-0.063,-50.77,-0.063,2026-05-06 06:27:51.291
2669,161528,2,50.77,0.063,50.78,0.064,2026-05-06 06:27:51.291
2670,161587,1,-50.77,-0.063,-50.77,-0.063,2026-05-06 06:27:51.291
2671,161650,2,50.77,0.063,50.78,0.064,2026-05-06 06:27:51.291
2672,161709,3,-90.0,0.049,-90.0,0.049,2026-05-06 06:27:51.291
2673,161770,1,-50.77,-0.063,-50.77,-0.063,2026-05-06 06:27:51.291
2674,161833,2,50.77,0.063,50.78,0.064,2026-05-06 06:27:51.291
2675,161892,3,-90.0,0.049,-90.0,0.049,2026-05-06 06:27:51.291
2676,161953,1,-50.77,-0.063,-50.77,-0.063,2026-05-06 06:27:51.291
2677,162016,2,50.77,0.063,50.78,0.064,2026-05-06 06:27:51.291
2678,162075,1,-50.77,-0.063,-50.77,-0.064,2026-05-06 06:27:51.291
2679,162138,2,50.77,0.063,50.78,0.064,2026-05-06 06:27:51.291
2680,162197,3,-90.0,0.049,-90.0,0.049,2026-05-06 06:27:51.291
2681,162258,1,-50.77,-0.063,-50.77,-0.064,2026-05-06 06:27:51.291
2682,162321,2,50.77,0.063,50.78,0.064,2026-05-06 06:27:51.291
2683,162380,3,-90.0,0.049,-90.0,0.049,2026-05-06 06:27:51.291
2684,162441,1,-50.77,-0.063,-50.77,-0.064,2026-05-06 06:27:51.291
2685,162504,2,50.77,0.063,50.78,0.064,2026-05-06 06:27:51.291
2686,162563,1,-50.77,-0.063,-50.77,-0.064,2026-05-06 06:27:51.291
2687,162626,2,50.77,0.063,50.78,0.064,2026-05-06 06:27:51.291
2688,162685,3,-90.0,0.049,-90.0,0.049,2026-05-06 06:27:51.291
2689,162746,1,-50.77,-0.063,-50.77,-0.064,2026-05-06 06:27:51.291
2690,162809,2,50.77,0.063,50.78,0.064,2026-05-06 06:27:51.291
2691,162932,1,-50.77,-0.063,-50.77,-0.064,2026-05-06 06:27:51.291
2692,162995,2,50.77,0.063,50.78,0.064,2026-05-06 06:27:51.291
2693,163053,3,-90.0,0.049,-90.0,0.049,2026-05-06 06:27:51.291
2694,163114,1,-50.77,-0.063,-50.77,-0.064,2026-05-06 06:27:51.291
2695,163177,2,50.77,0.063,50.78,0.063,2026-05-06 06:27:51.291
2696,163236,3,-90.0,0.049,-90.0,0.049,2026-05-06 06:27:51.291
2697,163297,1,-50.77,-0.063,-50.77,-0.064,2026-05-06 06:27:51.291
2698,163360,2,50.77,0.063,50.78,0.063,2026-05-06 06:27:51.291
2699,163419,3,-90.0,0.049,-90.0,0.049,2026-05-06 06:27:51.291
2700,163480,1,-50.77,-0.063,-50.77,-0.064,2026-05-06 06:27:51.291
2701,163543,1,-50.77,-0.063,-50.77,-0.064,2026-05-06 06:27:51.291
2702,163606,2,50.77,0.063,50.78,0.065,2026-05-06 06:27:51.291
2703,163665,3,-90.0,0.049,-90.0,0.049,2026-05-06 06:27:51.291
2704,163726,1,-50.77,-0.063,-50.77,-0.064,2026-05-06 06:27:51.291
2705,163789,2,50.77,0.063,50.78,0.065,2026-05-06 06:27:51.291
2706,163848,3,-90.0,0.049,-90.0,0.049,2026-05-06 06:27:51.291
2707,163909,1,-50.77,-0.063,-50.77,-0.064,2026-05-06 06:27:51.291
2708,163972,2,50.77,0.063,50.78,0.065,2026-05-06 06:27:51.291
2709,164031,1,-50.77,-0.063,-50.77,-0.064,2026-05-06 06:27:51.291
2710,164094,2,50.77,0.063,50.78,0.064,2026-05-06 06:27:51.291
2711,164153,3,-90.0,0.049,-90.0,0.049,2026-05-06 06:27:51.291
2712,164214,1,-50.77,-0.063,-50.77,-0.065,2026-05-06 06:27:51.291
2713,164277,2,50.77,0.063,50.78,0.063,2026-05-06 06:27:51.291
2714,164336,3,-90.0,0.049,-90.0,0.049,2026-05-06 06:27:51.291
2715,164397,1,-50.77,-0.063,-50.77,-0.065,2026-05-06 06:27:51.291
2716,164460,2,50.77,0.063,50.78,0.063,2026-05-06 06:27:51.291
2717,164518,1,-50.77,-0.063,-50.77,-0.064,2026-05-06 06:27:51.291
2718,164581,2,50.77,0.063,50.78,0.064,2026-05-06 06:27:51.291
2719,164640,3,-90.0,0.049,-90.0,0.049,2026-05-06 06:27:51.291
2720,164701,1,-50.77,-0.063,-50.77,-0.064,2026-05-06 06:27:51.291
2721,164764,2,50.77,0.063,50.78,0.064,2026-05-06 06:27:51.291
2722,164823,3,-90.0,0.049,-90.0,0.049,2026-05-06 06:27:51.291
2723,164884,1,-50.77,-0.063,-50.77,-0.064,2026-05-06 06:27:51.291
2724,164947,2,50.77,0.063,50.78,0.064,2026-05-06 06:27:51.940
2725,165007,1,-50.77,-0.063,-50.77,-0.064,2026-05-06 06:27:51.940
2726,165070,2,50.77,0.063,50.78,0.064,2026-05-06 06:27:51.940
2727,165129,3,-90.0,0.049,-90.0,0.05,2026-05-06 06:27:51.940
2728,165190,1,-50.77,-0.063,-50.77,-0.064,2026-05-06 06:27:51.940
2729,165253,2,50.77,0.063,50.78,0.064,2026-05-06 06:27:51.940
2730,165312,3,-90.0,0.049,-90.0,0.05,2026-05-06 06:27:51.940
2731,165373,1,-50.77,-0.063,-50.77,-0.064,2026-05-06 06:27:51.940
2732,165436,2,50.77,0.063,50.78,0.064,2026-05-06 06:27:51.940
2733,165495,1,-50.77,-0.063,-50.77,-0.064,2026-05-06 06:27:51.940
2734,165558,2,50.77,0.063,50.78,0.064,2026-05-06 06:27:51.940
2735,165617,3,-90.0,0.049,-90.0,0.05,2026-05-06 06:27:51.940
2736,165678,1,-50.77,-0.063,-50.77,-0.064,2026-05-06 06:27:51.940
2737,165741,2,50.77,0.063,50.78,0.064,2026-05-06 06:27:51.940
2738,165800,3,-90.0,0.049,-90.0,0.05,2026-05-06 06:27:51.940
2739,165861,1,-50.77,-0.063,-50.77,-0.064,2026-05-06 06:27:51.940
2740,165924,2,50.77,0.063,50.78,0.064,2026-05-06 06:27:51.940
2741,165983,1,-50.77,-0.063,-50.77,-0.064,2026-05-06 06:27:51.940
2742,166046,2,50.77,0.063,50.78,0.064,2026-05-06 06:27:51.940
2743,166105,3,-90.0,0.049,-90.0,0.05,2026-05-06 06:27:51.940
2744,166166,1,-50.77,-0.063,-50.77,-0.064,2026-05-06 06:27:51.940
2745,166229,2,50.77,0.063,50.78,0.065,2026-05-06 06:27:51.940
2746,166288,3,-90.0,0.049,-90.0,0.05,2026-05-06 06:27:51.940
2747,166349,1,-50.77,-0.063,-50.77,-0.064,2026-05-06 06:27:51.940
2748,166412,2,50.77,0.063,50.78,0.065,2026-05-06 06:27:51.940
2749,166470,1,-50.77,-0.063,-50.77,-0.065,2026-05-06 06:27:51.940
2750,166533,2,50.77,0.063,50.78,0.064,2026-05-06 06:27:51.940
2751,166592,3,-90.0,0.049,-90.0,0.049,2026-05-06 06:27:51.940
2752,166653,1,-50.77,-0.063,-50.77,-0.065,2026-05-06 06:27:51.940
2753,166716,2,50.77,0.063,50.78,0.064,2026-05-06 06:27:51.940
2754,166775,3,-90.0,0.049,-90.0,0.049,2026-05-06 06:27:51.940
2755,166836,1,-50.77,-0.063,-50.77,-0.065,2026-05-06 06:27:51.940
2756,166899,2,50.77,0.063,50.78,0.064,2026-05-06 06:27:51.940
2757,166959,1,-50.77,-0.063,-50.77,-0.064,2026-05-06 06:27:51.940
2758,167022,2,50.77,0.063,50.77,0.064,2026-05-06 06:27:51.940
2759,167081,3,-90.0,0.049,-90.0,0.048,2026-05-06 06:27:51.940
2760,167142,1,-50.77,-0.063,-50.77,-0.064,2026-05-06 06:27:51.940
2761,167205,2,50.77,0.063,50.77,0.064,2026-05-06 06:27:51.940
2762,167264,3,-90.0,0.049,-90.0,0.048,2026-05-06 06:27:51.940
2763,167325,1,-50.77,-0.063,-50.77,-0.064,2026-05-06 06:27:51.940
2764,167388,2,50.77,0.063,50.77,0.064,2026-05-06 06:27:51.940
2765,167447,1,-50.77,-0.063,-50.77,-0.063,2026-05-06 06:27:51.940
2766,167510,2,50.77,0.063,50.77,0.063,2026-05-06 06:27:51.940
2767,167569,3,-90.0,0.049,-90.0,0.048,2026-05-06 06:27:51.940
2768,167633,1,-50.77,-0.063,-50.77,-0.063,2026-05-06 06:27:51.940
2769,167696,2,50.77,0.063,50.77,0.063,2026-05-06 06:27:51.940
2770,167755,3,-90.0,0.049,-90.0,0.048,2026-05-06 06:27:51.940
2771,167816,1,-50.77,-0.063,-50.77,-0.063,2026-05-06 06:27:51.940
2772,167879,2,50.77,0.063,50.77,0.063,2026-05-06 06:27:51.940
2773,167938,1,-50.77,-0.063,-50.77,-0.063,2026-05-06 06:27:51.940
2774,168001,2,50.77,0.063,50.77,0.063,2026-05-06 06:27:51.940
2775,168060,3,-90.0,0.049,-90.0,0.048,2026-05-06 06:27:51.940
2776,168121,1,-50.77,-0.063,-50.77,-0.063,2026-05-06 06:27:51.940
2777,168184,2,50.77,0.063,50.77,0.063,2026-05-06 06:27:51.940
2778,168243,3,-90.0,0.049,-90.0,0.048,2026-05-06 06:27:51.940
2779,168304,1,-50.77,-0.063,-50.77,-0.063,2026-05-06 06:27:51.940
2780,168367,2,50.77,0.063,50.77,0.062,2026-05-06 06:27:51.940
2781,168426,1,-50.77,-0.063,-50.77,-0.064,2026-05-06 06:27:51.940
2782,168489,2,50.77,0.063,50.77,0.063,2026-05-06 06:27:51.940
2783,168548,3,-90.0,0.049,-90.0,0.048,2026-05-06 06:27:51.940
2784,168609,1,-50.77,-0.063,-50.77,-0.064,2026-05-06 06:27:51.940
2785,168672,2,50.77,0.063,50.77,0.063,2026-05-06 06:27:51.940
2786,168731,3,-90.0,0.049,-90.0,0.048,2026-05-06 06:27:51.940
2787,168792,1,-50.77,-0.063,-50.77,-0.064,2026-05-06 06:27:51.940
2788,168855,2,50.77,0.063,50.77,0.063,2026-05-06 06:27:51.940
2789,168913,3,-90.0,0.049,-90.0,0.05,2026-05-06 06:27:51.940
2790,168974,1,-50.77,-0.063,-50.77,-0.065,2026-05-06 06:27:51.940
2791,169037,2,50.77,0.063,50.77,0.063,2026-05-06 06:27:51.940
2792,169096,3,-90.0,0.049,-90.0,0.049,2026-05-06 06:27:51.940
2793,169157,1,-50.77,-0.063,-50.77,-0.065,2026-05-06 06:27:51.940
2794,169220,2,50.77,0.063,50.77,0.063,2026-05-06 06:27:51.940
2795,169279,3,-90.0,0.049,-90.0,0.049,2026-05-06 06:27:51.940
2796,169340,1,-50.77,-0.063,-50.77,-0.065,2026-05-06 06:27:51.940
2797,169404,1,-50.77,-0.063,-50.77,-0.065,2026-05-06 06:27:51.940
2798,169467,2,50.77,0.063,50.77,0.063,2026-05-06 06:27:51.940
2799,169526,3,-90.0,0.049,-90.0,0.049,2026-05-06 06:27:51.940
2800,169653,2,50.77,0.063,50.77,0.064,2026-05-06 06:27:51.940
2801,169712,3,-90.0,0.049,-90.0,0.049,2026-05-06 06:27:51.940
2802,169773,1,-50.77,-0.063,-50.77,-0.064,2026-05-06 06:27:51.940
2803,169836,2,50.77,0.063,50.77,0.064,2026-05-06 06:27:51.940
2804,169895,1,-50.77,-0.063,-50.77,-0.064,2026-05-06 06:27:51.940
2805,169958,2,50.77,0.063,50.77,0.063,2026-05-06 06:27:51.940
2806,170017,3,-90.0,0.049,-90.0,0.049,2026-05-06 06:27:51.940
2807,170078,1,-50.77,-0.063,-50.77,-0.064,2026-05-06 06:27:51.940
2808,170141,2,50.77,0.063,50.77,0.063,2026-05-06 06:27:51.940
2809,170200,3,-90.0,0.049,-90.0,0.049,2026-05-06 06:27:51.940
2810,170261,1,-50.77,-0.063,-50.77,-0.064,2026-05-06 06:27:51.940
2811,170324,2,50.77,0.063,50.77,0.063,2026-05-06 06:27:51.940
2812,170383,1,-50.77,-0.063,-50.78,-0.063,2026-05-06 06:27:51.940
2813,170446,2,50.77,0.063,50.77,0.062,2026-05-06 06:27:51.940
2814,170505,3,-90.0,0.049,-90.0,0.048,2026-05-06 06:27:51.940
2815,170566,1,-50.77,-0.063,-50.78,-0.063,2026-05-06 06:27:51.940
2816,170629,2,50.77,0.063,50.77,0.062,2026-05-06 06:27:51.940
2817,170688,3,-90.0,0.049,-90.0,0.048,2026-05-06 06:27:51.940
2818,170749,1,-50.77,-0.063,-50.78,-0.063,2026-05-06 06:27:51.940
2819,170812,2,50.77,0.063,50.77,0.062,2026-05-06 06:27:51.940
2820,170871,1,-50.77,-0.063,-50.78,-0.063,2026-05-06 06:27:51.940
2821,170934,2,50.77,0.063,50.77,0.063,2026-05-06 06:27:51.940
2822,170993,3,-90.0,0.049,-90.0,0.049,2026-05-06 06:27:51.940
2823,171054,1,-50.77,-0.063,-50.78,-0.062,2026-05-06 06:27:51.940
2824,171117,2,50.77,0.063,50.77,0.062,2026-05-06 06:27:51.940
2825,171176,3,-90.0,0.049,-90.0,0.049,2026-05-06 06:27:51.940
2826,171237,1,-50.77,-0.063,-50.78,-0.062,2026-05-06 06:27:51.940
2827,171300,2,50.77,0.063,50.77,0.062,2026-05-06 06:27:51.940
2828,171359,1,-50.77,-0.063,-50.78,-0.063,2026-05-06 06:27:51.940
2829,171422,2,50.77,0.063,50.77,0.063,2026-05-06 06:27:51.940
2830,171481,3,-90.0,0.049,-90.0,0.049,2026-05-06 06:27:51.940
2831,171542,1,-50.77,-0.063,-50.78,-0.063,2026-05-06 06:27:51.940
2832,171605,2,50.77,0.063,50.77,0.063,2026-05-06 06:27:51.940
2833,171664,3,-90.0,0.049,-90.0,0.049,2026-05-06 06:27:51.940
2834,171725,1,-50.77,-0.063,-50.77,-0.063,2026-05-06 06:27:51.940
2835,171788,2,50.77,0.063,50.77,0.062,2026-05-06 06:27:51.940
2836,171850,1,-50.77,-0.063,-50.77,-0.063,2026-05-06 06:27:51.940
2837,171913,2,50.77,0.063,50.77,0.062,2026-05-06 06:27:51.940
2838,171972,3,-90.0,0.049,-90.0,0.049,2026-05-06 06:27:51.940
2839,172033,1,-50.77,-0.063,-50.77,-0.063,2026-05-06 06:27:52.382
2840,172096,2,50.77,0.063,50.77,0.062,2026-05-06 06:27:52.382
2841,172155,3,-90.0,0.049,-90.0,0.049,2026-05-06 06:27:52.382
2842,172216,1,-50.77,-0.063,-50.77,-0.063,2026-05-06 06:27:52.382
2843,172279,2,50.77,0.063,50.77,0.062,2026-05-06 06:27:52.382
2844,172337,3,-90.0,0.049,-90.0,0.049,2026-05-06 06:27:52.382
2845,172398,1,-50.77,-0.063,-50.77,-0.063,2026-05-06 06:27:52.382
2846,172461,2,50.77,0.063,50.77,0.064,2026-05-06 06:27:52.382
2847,172520,3,-90.0,0.049,-90.0,0.049,2026-05-06 06:27:52.382
2848,172581,1,-50.77,-0.063,-50.77,-0.063,2026-05-06 06:27:52.382
2849,172644,2,50.77,0.063,50.77,0.064,2026-05-06 06:27:52.382
2850,172703,3,-90.0,0.049,-90.0,0.049,2026-05-06 06:27:52.382
2851,172764,1,-50.77,-0.063,-50.77,-0.063,2026-05-06 06:27:52.382
2852,172827,1,-50.77,-0.063,-50.77,-0.064,2026-05-06 06:27:52.382
2853,172890,2,50.77,0.063,50.77,0.064,2026-05-06 06:27:52.382
2854,172949,3,-90.0,0.049,-90.0,0.049,2026-05-06 06:27:52.382
2855,173010,1,-50.77,-0.063,-50.77,-0.064,2026-05-06 06:27:52.382
2856,173073,2,50.77,0.063,50.77,0.063,2026-05-06 06:27:52.382
2857,173132,3,-90.0,0.049,-90.0,0.049,2026-05-06 06:27:52.382
2858,173193,1,-50.77,-0.063,-50.77,-0.064,2026-05-06 06:27:52.382
2859,173256,2,50.77,0.063,50.77,0.063,2026-05-06 06:27:52.382
2860,173315,1,-50.77,-0.063,-50.77,-0.063,2026-05-06 06:27:52.382
2861,173378,2,50.77,0.063,50.77,0.063,2026-05-06 06:27:52.382
2862,173437,3,-90.0,0.049,-90.0,0.049,2026-05-06 06:27:52.382
2863,173498,1,-50.77,-0.063,-50.77,-0.063,2026-05-06 06:27:52.382
2864,173561,2,50.77,0.063,50.77,0.063,2026-05-06 06:27:52.382
2865,173620,3,-90.0,0.049,-90.0,0.049,2026-05-06 06:27:52.382
2866,173681,1,-50.77,-0.063,-50.77,-0.063,2026-05-06 06:27:52.382
2867,173744,2,50.77,0.063,50.77,0.063,2026-05-06 06:27:52.382
2868,173803,1,-50.77,-0.063,-50.77,-0.063,2026-05-06 06:27:52.382
2869,173866,2,50.77,0.063,50.77,0.063,2026-05-06 06:27:52.382
2870,173925,3,-90.0,0.049,-90.0,0.05,2026-05-06 06:27:52.382
2871,173986,1,-50.77,-0.063,-50.77,-0.063,2026-05-06 06:27:52.382
2872,174049,2,50.77,0.063,50.77,0.063,2026-05-06 06:27:52.382
2873,174108,3,-90.0,0.049,-90.0,0.05,2026-05-06 06:27:52.382
2874,174169,1,-50.77,-0.063,-50.77,-0.063,2026-05-06 06:27:52.382
2875,174232,2,50.77,0.063,50.77,0.063,2026-05-06 06:27:52.382
2876,174291,1,-50.77,-0.063,-50.77,-0.063,2026-05-06 06:27:52.382
2877,174354,2,50.77,0.063,50.77,0.062,2026-05-06 06:27:52.382
2878,174413,3,-90.0,0.049,-90.0,0.049,2026-05-06 06:27:52.382
2879,174474,1,-50.77,-0.063,-50.77,-0.063,2026-05-06 06:27:52.382
2880,174537,2,50.77,0.063,50.77,0.062,2026-05-06 06:27:52.382
2881,174596,3,-90.0,0.049,-90.0,0.049,2026-05-06 06:27:52.382
2882,174657,1,-50.77,-0.063,-50.77,-0.063,2026-05-06 06:27:52.382
2883,174720,2,50.77,0.063,50.77,0.062,2026-05-06 06:27:52.382
2884,174779,1,-50.77,-0.063,-50.77,-0.062,2026-05-06 06:27:52.382
2885,174842,2,50.77,0.063,50.77,0.061,2026-05-06 06:27:52.382
2886,174901,3,-90.0,0.049,-90.0,0.049,2026-05-06 06:27:52.382
2887,174962,1,-50.77,-0.063,-50.77,-0.062,2026-05-06 06:27:52.382
2888,175025,2,50.77,0.063,50.77,0.061,2026-05-06 06:27:52.382
2889,175084,3,-90.0,0.049,-90.0,0.049,2026-05-06 06:27:52.382
2890,175145,1,-50.77,-0.063,-50.77,-0.063,2026-05-06 06:27:52.382
2891,175208,2,50.77,0.063,50.77,0.062,2026-05-06 06:27:52.382
2892,175267,1,-50.77,-0.063,-50.77,-0.063,2026-05-06 06:27:52.382
2893,175330,2,50.77,0.063,50.77,0.063,2026-05-06 06:27:52.382
2894,175389,3,-90.0,0.049,-90.0,0.049,2026-05-06 06:27:52.382
2895,175450,1,-50.77,-0.063,-50.77,-0.063,2026-05-06 06:27:52.382
2896,175513,2,50.77,0.063,50.77,0.063,2026-05-06 06:27:52.382
2897,175572,3,-90.0,0.049,-90.0,0.049,2026-05-06 06:27:52.382
2898,175633,1,-50.77,-0.063,-50.77,-0.063,2026-05-06 06:27:52.382
2899,175696,2,50.77,0.063,50.77,0.063,2026-05-06 06:27:52.382
2900,175754,3,-90.0,0.049,-90.0,0.049,2026-05-06 06:27:52.382
2901,175815,1,-50.77,-0.063,-50.77,-0.063,2026-05-06 06:27:52.382
2902,175878,2,50.77,0.063,50.77,0.063,2026-05-06 06:27:52.382
2903,175937,3,-90.0,0.049,-90.0,0.049,2026-05-06 06:27:52.382
2904,175998,1,-50.77,-0.063,-50.77,-0.063,2026-05-06 06:27:52.382
2905,176061,2,50.77,0.063,50.77,0.063,2026-05-06 06:27:52.382
2906,176120,3,-90.0,0.049,-90.0,0.049,2026-05-06 06:27:52.382
2907,176181,1,-50.77,-0.063,-50.77,-0.063,2026-05-06 06:27:52.382
2908,176245,1,-50.77,-0.063,-50.77,-0.063,2026-05-06 06:27:52.382
2909,176308,2,50.77,0.063,50.77,0.062,2026-05-06 06:27:52.382
2910,176367,3,-90.0,0.049,-90.0,0.049,2026-05-06 06:27:52.382
2911,176428,1,-50.77,-0.063,-50.77,-0.063,2026-05-06 06:27:52.382
2912,176491,2,50.77,0.063,50.77,0.063,2026-05-06 06:27:52.382
2913,176550,3,-90.0,0.049,-90.0,0.048,2026-05-06 06:27:52.382
2914,176611,1,-50.77,-0.063,-50.77,-0.063,2026-05-06 06:27:52.382
2915,176674,2,50.77,0.063,50.77,0.063,2026-05-06 06:27:52.382
2916,176733,1,-50.77,-0.063,-50.77,-0.063,2026-05-06 06:27:52.382
2917,176796,2,50.77,0.063,50.77,0.063,2026-05-06 06:27:52.382
2918,176855,3,-90.0,0.049,-90.0,0.049,2026-05-06 06:27:52.382
2919,176916,1,-50.77,-0.063,-50.77,-0.063,2026-05-06 06:27:52.571
2920,176979,2,50.77,0.063,50.77,0.063,2026-05-06 06:27:52.571
2921,177038,3,-90.0,0.049,-90.0,0.049,2026-05-06 06:27:52.571
2922,177099,1,-50.77,-0.063,-50.77,-0.063,2026-05-06 06:27:52.571
2923,177162,2,50.77,0.063,50.77,0.063,2026-05-06 06:27:52.571
2924,177221,1,-50.77,-0.063,-50.77,-0.064,2026-05-06 06:27:52.571
2925,177284,2,50.77,0.063,50.77,0.062,2026-05-06 06:27:52.571
2926,177343,3,-90.0,0.049,-90.0,0.049,2026-05-06 06:27:52.571
2927,177404,1,-50.77,-0.063,-50.77,-0.064,2026-05-06 06:27:52.571
2928,177467,2,50.77,0.063,50.77,0.062,2026-05-06 06:27:52.571
2929,177526,3,-90.0,0.049,-90.0,0.049,2026-05-06 06:27:52.571
2930,177587,1,-50.77,-0.063,-50.77,-0.064,2026-05-06 06:27:52.571
2931,177650,2,50.77,0.063,50.77,0.062,2026-05-06 06:27:52.571
2932,177709,1,-50.77,-0.063,-50.77,-0.063,2026-05-06 06:27:52.571
2933,177772,2,50.77,0.063,50.77,0.063,2026-05-06 06:27:52.571
2934,177831,3,-90.0,0.049,-90.0,0.049,2026-05-06 06:27:52.571
2935,177892,1,-50.77,-0.063,-50.77,-0.064,2026-05-06 06:27:52.571
2936,177955,2,50.77,0.063,50.77,0.064,2026-05-06 06:27:52.571
2937,178014,3,-90.0,0.049,-90.0,0.049,2026-05-06 06:27:52.571
2938,178075,1,-50.77,-0.063,-50.77,-0.064,2026-05-06 06:27:52.571
2939,178138,2,50.77,0.063,50.77,0.064,2026-05-06 06:27:52.571
2940,178197,1,-50.77,-0.063,-50.77,-0.064,2026-05-06 06:27:52.571
2941,178260,2,50.77,0.063,50.77,0.063,2026-05-06 06:27:52.571
2942,178319,3,-90.0,0.049,-90.0,0.048,2026-05-06 06:27:52.571
2943,178380,1,-50.77,-0.063,-50.77,-0.064,2026-05-06 06:27:52.571
2944,178443,2,50.77,0.063,50.77,0.063,2026-05-06 06:27:52.571
2945,178502,3,-90.0,0.049,-90.0,0.048,2026-05-06 06:27:52.571
2946,178563,1,-50.77,-0.063,-50.77,-0.064,2026-05-06 06:27:52.571
2947,178626,2,50.77,0.063,50.77,0.063,2026-05-06 06:27:52.571
2948,178685,1,-50.77,-0.063,-50.77,-0.063,2026-05-06 06:27:52.571
2949,178748,2,50.77,0.063,50.77,0.062,2026-05-06 06:27:52.571
2950,178807,3,-90.0,0.049,-90.0,0.049,2026-05-06 06:27:52.571
2951,178868,1,-50.77,-0.063,-50.77,-0.063,2026-05-06 06:27:52.571
2952,178931,2,50.77,0.063,50.77,0.062,2026-05-06 06:27:52.571
2953,178990,3,-90.0,0.049,-90.0,0.049,2026-05-06 06:27:52.773
2954,179051,1,-50.77,-0.063,-50.77,-0.063,2026-05-06 06:27:52.773
2955,179114,2,50.77,0.063,50.77,0.062,2026-05-06 06:27:52.773
2956,179172,1,-50.77,-0.063,-50.77,-0.063,2026-05-06 06:27:52.773
2957,179235,2,50.77,0.063,50.77,0.062,2026-05-06 06:27:52.773
2958,179294,3,-90.0,0.049,-90.0,0.048,2026-05-06 06:27:52.773
2959,179355,1,-50.77,-0.063,-50.77,-0.063,2026-05-06 06:27:52.773
2960,179418,2,50.77,0.063,50.77,0.063,2026-05-06 06:27:52.773
2961,179477,3,-90.0,0.049,-90.0,0.048,2026-05-06 06:27:52.773
2962,179538,1,-50.77,-0.063,-50.77,-0.063,2026-05-06 06:27:52.773
2963,179601,2,50.77,0.063,50.77,0.063,2026-05-06 06:27:52.773
2964,179724,1,-50.77,-0.063,-50.77,-0.063,2026-05-06 06:27:52.773
2965,179787,2,50.77,0.063,50.77,0.063,2026-05-06 06:27:52.773
2966,179846,3,-90.0,0.049,-90.0,0.048,2026-05-06 06:27:52.773
2967,179907,1,-50.77,-0.063,-50.77,-0.063,2026-05-06 06:27:52.773
2968,179970,2,50.77,0.063,50.77,0.063,2026-05-06 06:27:52.773
2969,180029,3,-90.0,0.049,-90.0,0.048,2026-05-06 06:27:52.773
2970,180090,1,-50.77,-0.063,-50.77,-0.063,2026-05-06 06:27:52.773
2971,180153,1,-50.77,-0.063,-50.77,-0.062,2026-05-06 06:27:52.773
2972,180216,2,50.77,0.063,50.77,0.063,2026-05-06 06:27:52.773
2973,180275,3,-90.0,0.049,-90.0,0.048,2026-05-06 06:27:52.773
2974,180336,1,-50.77,-0.063,-50.77,-0.062,2026-05-06 06:27:52.773
2975,180399,2,50.77,0.063,50.77,0.063,2026-05-06 06:27:52.773
2976,180458,3,-90.0,0.049,-90.0,0.048,2026-05-06 06:27:52.773
2977,180519,1,-50.77,-0.063,-50.77,-0.062,2026-05-06 06:27:52.773
2978,180582,2,50.77,0.063,50.77,0.063,2026-05-06 06:27:52.773
2979,180641,1,-50.77,-0.063,-50.77,-0.063,2026-05-06 06:27:52.773
2980,180704,2,50.77,0.063,50.78,0.064,2026-05-06 06:27:52.773
2981,180763,3,-90.0,0.049,-90.0,0.048,2026-05-06 06:27:52.773
2982,180824,1,-50.77,-0.063,-50.77,-0.063,2026-05-06 06:27:52.773
2983,180887,2,50.77,0.063,50.78,0.064,2026-05-06 06:27:52.773
2984,180946,3,-90.0,0.049,-90.0,0.048,2026-05-06 06:27:52.773
2985,181007,1,-50.77,-0.063,-50.77,-0.063,2026-05-06 06:27:52.773
2986,181070,2,50.77,0.063,50.78,0.064,2026-05-06 06:27:52.773
2987,181129,1,-50.77,-0.063,-50.78,-0.064,2026-05-06 06:27:52.773
2988,181192,2,50.77,0.063,50.78,0.063,2026-05-06 06:27:52.773
2989,181251,3,-90.0,0.049,-90.0,0.049,2026-05-06 06:27:52.773
2990,181312,1,-50.77,-0.063,-50.78,-0.063,2026-05-06 06:27:52.773
2991,181375,2,50.77,0.063,50.78,0.062,2026-05-06 06:27:53.439
2992,181434,3,-90.0,0.049,-90.0,0.049,2026-05-06 06:27:53.439
2993,181495,1,-50.77,-0.063,-50.78,-0.063,2026-05-06 06:27:53.439
2994,181558,2,50.77,0.063,50.78,0.062,2026-05-06 06:27:53.439
2995,181616,3,-90.0,0.049,-90.0,0.049,2026-05-06 06:27:53.439
2996,181677,1,-50.77,-0.063,-50.78,-0.063,2026-05-06 06:27:53.439
2997,181740,2,50.77,0.063,50.78,0.062,2026-05-06 06:27:53.439
2998,181799,3,-90.0,0.049,-90.0,0.049,2026-05-06 06:27:53.439
2999,181860,1,-50.77,-0.063,-50.78,-0.063,2026-05-06 06:27:53.439
3000,181923,2,50.77,0.063,50.78,0.061,2026-05-06 06:27:53.439
3001,181982,3,-90.0,0.049,-90.0,0.048,2026-05-06 06:27:53.439
3002,182043,1,-50.77,-0.063,-50.78,-0.063,2026-05-06 06:27:53.439
3003,182107,1,-50.77,-0.063,-50.77,-0.06,2026-05-06 06:27:53.439
3004,182170,2,50.77,0.063,50.78,0.061,2026-05-06 06:27:53.439
3005,182229,3,-90.0,0.049,-90.0,0.047,2026-05-06 06:27:53.439
3006,182290,1,-50.77,-0.063,-50.77,-0.06,2026-05-06 06:27:53.439
3007,182353,2,50.77,0.063,50.78,0.061,2026-05-06 06:27:53.439
3008,182412,3,-90.0,0.049,-90.0,0.047,2026-05-06 06:27:53.439
3009,182473,1,-50.77,-0.063,-50.77,-0.06,2026-05-06 06:27:53.439
3010,182536,2,50.77,0.063,50.78,0.061,2026-05-06 06:27:53.439
3011,182595,1,-50.77,-0.063,-50.77,-0.061,2026-05-06 06:27:53.439
3012,182658,2,50.77,0.063,50.78,0.062,2026-05-06 06:27:53.439
3013,182717,3,-90.0,0.049,-90.0,0.047,2026-05-06 06:27:53.439
3014,182778,1,-50.77,-0.063,-50.77,-0.063,2026-05-06 06:27:53.439
3015,182841,2,50.77,0.063,50.78,0.062,2026-05-06 06:27:53.439
3016,182900,3,-90.0,0.049,-90.0,0.048,2026-05-06 06:27:53.439
3017,182961,1,-50.77,-0.063,-50.77,-0.063,2026-05-06 06:27:53.439
3018,183024,2,50.77,0.063,50.78,0.062,2026-05-06 06:27:53.439
3019,183082,1,-50.77,-0.063,-50.77,-0.064,2026-05-06 06:27:53.439
3020,183145,2,50.77,0.063,50.78,0.064,2026-05-06 06:27:53.439
3021,183204,3,-90.0,0.049,-90.0,0.048,2026-05-06 06:27:53.439
3022,183265,1,-50.77,-0.063,-50.77,-0.065,2026-05-06 06:27:53.439
3023,183328,2,50.77,0.063,50.78,0.066,2026-05-06 06:27:53.439
3024,183387,3,-90.0,0.049,-90.0,0.05,2026-05-06 06:27:53.439
3025,183448,1,-50.77,-0.063,-50.77,-0.065,2026-05-06 06:27:53.439
3026,183511,2,50.77,0.063,50.78,0.066,2026-05-06 06:27:53.439
3027,183571,1,-50.77,-0.063,-50.77,-0.065,2026-05-06 06:27:53.439
3028,183634,2,50.77,0.063,50.78,0.065,2026-05-06 06:27:53.439
3029,183693,3,-90.0,0.049,-89.99,0.051,2026-05-06 06:27:53.439
3030,183754,1,-50.77,-0.063,-50.77,-0.065,2026-05-06 06:27:53.439
3031,183817,2,50.77,0.063,50.78,0.065,2026-05-06 06:27:53.439
3032,183876,3,-90.0,0.049,-89.99,0.051,2026-05-06 06:27:53.439
3033,183937,1,-50.77,-0.063,-50.77,-0.065,2026-05-06 06:27:53.439
3034,184000,2,50.77,0.063,50.78,0.064,2026-05-06 06:27:53.439
3035,184059,1,-50.77,-0.063,-50.77,-0.064,2026-05-06 06:27:53.439
3036,184122,2,50.77,0.063,50.78,0.063,2026-05-06 06:27:53.439
3037,184181,3,-90.0,0.049,-89.99,0.051,2026-05-06 06:27:53.439
3038,184242,1,-50.77,-0.063,-50.77,-0.064,2026-05-06 06:27:53.439
3039,184305,2,50.77,0.063,50.78,0.063,2026-05-06 06:27:53.439
3040,184364,3,-90.0,0.049,-89.99,0.051,2026-05-06 06:27:53.439
3041,184425,1,-50.77,-0.063,-50.77,-0.064,2026-05-06 06:27:53.439
3042,184488,2,50.77,0.063,50.78,0.064,2026-05-06 06:27:53.439
3043,184547,1,-50.77,-0.063,-50.77,-0.064,2026-05-06 06:27:53.439
3044,184610,2,50.77,0.063,50.78,0.064,2026-05-06 06:27:53.439
3045,184669,3,-90.0,0.049,-90.0,0.051,2026-05-06 06:27:53.439
3046,184730,1,-50.77,-0.063,-50.77,-0.064,2026-05-06 06:27:53.439
3047,184793,2,50.77,0.063,50.78,0.063,2026-05-06 06:27:53.439
3048,184852,3,-90.0,0.049,-90.0,0.05,2026-05-06 06:27:53.439
3049,184913,1,-50.77,-0.063,-50.77,-0.064,2026-05-06 06:27:53.439
3050,184976,2,50.77,0.063,50.78,0.063,2026-05-06 06:27:53.439
3051,185034,3,-90.0,0.049,-90.0,0.05,2026-05-06 06:27:53.439
3052,185095,1,-50.77,-0.063,-50.77,-0.063,2026-05-06 06:27:53.439
3053,185158,2,50.77,0.063,50.78,0.064,2026-05-06 06:27:53.439
3054,185217,3,-90.0,0.049,-90.0,0.05,2026-05-06 06:27:53.439
3055,185278,1,-50.77,-0.063,-50.77,-0.063,2026-05-06 06:27:53.439
3056,185341,2,50.77,0.063,50.78,0.064,2026-05-06 06:27:53.439
3057,185400,3,-90.0,0.049,-90.0,0.05,2026-05-06 06:27:53.439
3058,185461,1,-50.77,-0.063,-50.77,-0.064,2026-05-06 06:27:53.439
3059,185524,1,-50.77,-0.063,-50.77,-0.066,2026-05-06 06:27:53.439
3060,185587,2,50.77,0.063,50.78,0.065,2026-05-06 06:27:53.439
3061,185646,3,-90.0,0.049,-90.0,0.049,2026-05-06 06:27:53.439
3062,185730,1,-50.77,-0.063,-50.77,-0.066,2026-05-06 06:27:53.439
3063,185793,2,50.77,0.063,50.78,0.065,2026-05-06 06:27:53.439
3064,185852,3,-90.0,0.049,-90.0,0.049,2026-05-06 06:27:53.439
3065,185913,1,-50.77,-0.063,-50.77,-0.066,2026-05-06 06:27:53.439
3066,185991,1,-50.77,-0.063,-50.77,-0.065,2026-05-06 06:27:53.439
3067,186054,2,50.77,0.063,50.78,0.065,2026-05-06 06:27:53.439
3068,186113,3,-90.0,0.049,-90.0,0.05,2026-05-06 06:27:53.439
3069,186174,1,-50.77,-0.063,-50.77,-0.065,2026-05-06 06:27:53.439
3070,186237,2,50.77,0.063,50.78,0.064,2026-05-06 06:27:53.439
3071,186296,3,-90.0,0.049,-90.0,0.049,2026-05-06 06:27:53.439
3072,186357,1,-50.77,-0.063,-50.77,-0.065,2026-05-06 06:27:53.439
3073,186420,2,50.77,0.063,50.78,0.064,2026-05-06 06:27:53.439
3074,186478,1,-50.77,-0.063,-50.77,-0.065,2026-05-06 06:27:53.439
3075,186541,2,50.77,0.063,50.78,0.064,2026-05-06 06:27:53.439
3076,186600,3,-90.0,0.049,-90.0,0.05,2026-05-06 06:27:53.439
3077,186661,1,-50.77,-0.063,-50.77,-0.065,2026-05-06 06:27:53.439
3078,186724,2,50.77,0.063,50.78,0.064,2026-05-06 06:27:53.439
3079,186783,3,-90.0,0.049,-90.0,0.05,2026-05-06 06:27:53.439
3080,186844,1,-50.77,-0.063,-50.77,-0.065,2026-05-06 06:27:53.439
3081,186907,2,50.77,0.063,50.78,0.065,2026-05-06 06:27:53.439
3082,186967,1,-50.77,-0.063,-50.77,-0.064,2026-05-06 06:27:53.439
3083,187030,2,50.77,0.063,50.78,0.064,2026-05-06 06:27:53.439
3084,187089,3,-90.0,0.049,-90.0,0.05,2026-05-06 06:27:53.439
3085,187150,1,-50.77,-0.063,-50.77,-0.064,2026-05-06 06:27:53.439
3086,187213,2,50.77,0.063,50.78,0.064,2026-05-06 06:27:53.439
3087,187272,3,-90.0,0.049,-90.0,0.05,2026-05-06 06:27:53.439
3088,187333,1,-50.77,-0.063,-50.77,-0.064,2026-05-06 06:27:53.439
3089,187396,2,50.77,0.063,50.78,0.064,2026-05-06 06:27:53.439
3090,187521,2,50.77,0.063,50.78,0.063,2026-05-06 06:27:53.439
3091,187580,3,-90.0,0.049,-90.0,0.049,2026-05-06 06:27:53.439
3092,187641,1,-50.77,-0.063,-50.77,-0.064,2026-05-06 06:27:53.439
3093,187704,2,50.77,0.063,50.78,0.063,2026-05-06 06:27:53.439
3094,187763,3,-90.0,0.049,-90.0,0.049,2026-05-06 06:27:53.439
3095,187824,1,-50.77,-0.063,-50.77,-0.064,2026-05-06 06:27:53.439
3096,187887,2,50.77,0.063,50.78,0.063,2026-05-06 06:27:53.439
3097,187946,1,-50.77,-0.063,-50.77,-0.063,2026-05-06 06:27:53.439
3098,188009,2,50.77,0.063,50.78,0.063,2026-05-06 06:27:53.439
3099,188068,3,-90.0,0.049,-90.0,0.05,2026-05-06 06:27:53.439
3100,188129,1,-50.77,-0.063,-50.77,-0.063,2026-05-06 06:27:53.439
3101,188192,2,50.77,0.063,50.78,0.063,2026-05-06 06:27:53.439
3102,188251,3,-90.0,0.049,-90.0,0.05,2026-05-06 06:27:53.439
3103,188312,1,-50.77,-0.063,-50.77,-0.063,2026-05-06 06:27:53.439
3104,188375,2,50.77,0.063,50.78,0.063,2026-05-06 06:27:53.439
3105,188433,3,-90.0,0.049,-90.0,0.049,2026-05-06 06:27:53.439
3106,188494,1,-50.77,-0.063,-50.77,-0.064,2026-05-06 06:27:53.439
3107,188557,2,50.77,0.063,50.78,0.064,2026-05-06 06:27:53.439
3108,188616,3,-90.0,0.049,-90.0,0.049,2026-05-06 06:27:53.439
3109,188677,1,-50.77,-0.063,-50.77,-0.064,2026-05-06 06:27:53.439
3110,188740,2,50.77,0.063,50.78,0.064,2026-05-06 06:27:53.439
3111,188799,3,-90.0,0.049,-90.0,0.049,2026-05-06 06:27:53.439
3112,188860,1,-50.77,-0.063,-50.77,-0.064,2026-05-06 06:27:53.439
3113,188924,1,-50.77,-0.063,-50.77,-0.064,2026-05-06 06:27:53.439
3114,188987,2,50.77,0.063,50.78,0.064,2026-05-06 06:27:53.439
3115,189046,3,-90.0,0.049,-90.0,0.049,2026-05-06 06:27:53.439
3116,189107,1,-50.77,-0.063,-50.77,-0.064,2026-05-06 06:27:53.439
3117,189170,2,50.77,0.063,50.78,0.064,2026-05-06 06:27:53.439
3118,189229,3,-90.0,0.049,-90.0,0.049,2026-05-06 06:27:53.439
3119,189290,1,-50.77,-0.063,-50.77,-0.064,2026-05-06 06:27:53.439
3120,189353,2,50.77,0.063,50.78,0.064,2026-05-06 06:27:53.439
3121,189412,1,-50.77,-0.063,-50.77,-0.064,2026-05-06 06:27:53.439
3122,189475,2,50.77,0.063,50.78,0.063,2026-05-06 06:27:54.148
3123,189534,3,-90.0,0.049,-90.0,0.049,2026-05-06 06:27:54.148
3124,189595,1,-50.77,-0.063,-50.77,-0.064,2026-05-06 06:27:54.148
3125,189658,2,50.77,0.063,50.78,0.063,2026-05-06 06:27:54.148
3126,189717,3,-90.0,0.049,-90.0,0.049,2026-05-06 06:27:54.148
3127,189778,1,-50.77,-0.063,-50.77,-0.064,2026-05-06 06:27:54.148
3128,189841,2,50.77,0.063,50.78,0.063,2026-05-06 06:27:54.148
3129,189899,1,-50.77,-0.063,-50.77,-0.064,2026-05-06 06:27:54.148
3130,189962,2,50.77,0.063,50.78,0.063,2026-05-06 06:27:54.148
3131,190021,3,-90.0,0.049,-90.0,0.049,2026-05-06 06:27:54.148
3132,190082,1,-50.77,-0.063,-50.77,-0.062,2026-05-06 06:27:54.148
3133,190145,2,50.77,0.063,50.78,0.062,2026-05-06 06:27:54.148
3134,190204,3,-90.0,0.049,-90.0,0.049,2026-05-06 06:27:54.148
3135,190265,1,-50.77,-0.063,-50.77,-0.062,2026-05-06 06:27:54.148
3136,190328,2,50.77,0.063,50.78,0.062,2026-05-06 06:27:54.148
3137,190388,1,-50.77,-0.063,-50.77,-0.063,2026-05-06 06:27:54.148
3138,190451,2,50.77,0.063,50.77,0.063,2026-05-06 06:27:54.148
3139,190510,3,-90.0,0.049,-90.0,0.048,2026-05-06 06:27:54.148
3140,190571,1,-50.77,-0.063,-50.77,-0.063,2026-05-06 06:27:54.148
3141,190634,2,50.77,0.063,50.77,0.063,2026-05-06 06:27:54.148
3142,190693,3,-90.0,0.049,-90.0,0.048,2026-05-06 06:27:54.148
3143,190754,1,-50.77,-0.063,-50.77,-0.063,2026-05-06 06:27:54.148
3144,190817,2,50.77,0.063,50.77,0.063,2026-05-06 06:27:54.148
3145,190876,1,-50.77,-0.063,-50.77,-0.062,2026-05-06 06:27:54.148
3146,190939,2,50.77,0.063,50.77,0.062,2026-05-06 06:27:54.148
3147,190998,3,-90.0,0.049,-90.0,0.048,2026-05-06 06:27:54.148
3148,191059,1,-50.77,-0.063,-50.77,-0.062,2026-05-06 06:27:54.148
3149,191122,2,50.77,0.063,50.77,0.062,2026-05-06 06:27:54.148
3150,191181,3,-90.0,0.049,-90.0,0.048,2026-05-06 06:27:54.148
3151,191242,1,-50.77,-0.063,-50.77,-0.062,2026-05-06 06:27:54.148
3152,191305,2,50.77,0.063,50.77,0.062,2026-05-06 06:27:54.148
3153,191364,1,-50.77,-0.063,-50.77,-0.063,2026-05-06 06:27:54.148
3154,191427,2,50.77,0.063,50.77,0.062,2026-05-06 06:27:54.148
3155,191486,3,-90.0,0.049,-90.0,0.048,2026-05-06 06:27:54.148
3156,191547,1,-50.77,-0.063,-50.77,-0.063,2026-05-06 06:27:54.148
3157,191610,2,50.77,0.063,50.77,0.064,2026-05-06 06:27:54.148
3158,191669,3,-90.0,0.049,-90.0,0.049,2026-05-06 06:27:54.148
3159,191730,1,-50.77,-0.063,-50.77,-0.063,2026-05-06 06:27:54.148
3160,191793,2,50.77,0.063,50.77,0.064,2026-05-06 06:27:54.148
3161,191851,3,-90.0,0.049,-90.0,0.049,2026-05-06 06:27:54.148
3162,191912,1,-50.77,-0.063,-50.77,-0.063,2026-05-06 06:27:54.148
3163,191975,2,50.77,0.063,50.77,0.063,2026-05-06 06:27:54.148
3164,192034,3,-90.0,0.049,-90.0,0.049,2026-05-06 06:27:54.148
3165,192095,1,-50.77,-0.063,-50.77,-0.063,2026-05-06 06:27:54.148
3166,192158,2,50.77,0.063,50.77,0.063,2026-05-06 06:27:54.148
3167,192217,3,-90.0,0.049,-90.0,0.049,2026-05-06 06:27:54.148
3168,192278,1,-50.77,-0.063,-50.77,-0.064,2026-05-06 06:27:54.148
3169,192341,1,-50.77,-0.063,-50.77,-0.063,2026-05-06 06:27:54.148
3170,192404,2,50.77,0.063,50.77,0.063,2026-05-06 06:27:54.148
3171,192463,3,-90.0,0.049,-90.0,0.049,2026-05-06 06:27:54.148
3172,192524,1,-50.77,-0.063,-50.77,-0.063,2026-05-06 06:27:54.148
3173,192587,2,50.77,0.063,50.77,0.063,2026-05-06 06:27:54.148
3174,192646,3,-90.0,0.049,-90.0,0.049,2026-05-06 06:27:54.148
3175,192707,1,-50.77,-0.063,-50.77,-0.063,2026-05-06 06:27:54.148
3176,192770,2,50.77,0.063,50.77,0.063,2026-05-06 06:27:54.148
3177,192829,1,-50.77,-0.063,-50.77,-0.064,2026-05-06 06:27:54.148
3178,192892,2,50.77,0.063,50.77,0.063,2026-05-06 06:27:54.148
3179,192951,3,-90.0,0.049,-90.0,0.049,2026-05-06 06:27:54.148
3180,193012,1,-50.77,-0.063,-50.77,-0.064,2026-05-06 06:27:54.148
3181,193075,2,50.77,0.063,50.77,0.063,2026-05-06 06:27:54.148
3182,193134,3,-90.0,0.049,-90.0,0.049,2026-05-06 06:27:54.148
3183,193195,1,-50.77,-0.063,-50.77,-0.064,2026-05-06 06:27:54.148
3184,193258,2,50.77,0.063,50.77,0.063,2026-05-06 06:27:54.148
3185,193316,1,-50.77,-0.063,-50.77,-0.064,2026-05-06 06:27:54.148
3186,193379,2,50.77,0.063,50.77,0.064,2026-05-06 06:27:54.148
3187,193438,3,-90.0,0.049,-90.0,0.049,2026-05-06 06:27:54.148
3188,193499,1,-50.77,-0.063,-50.77,-0.064,2026-05-06 06:27:54.148
3189,193562,2,50.77,0.063,50.77,0.064,2026-05-06 06:27:54.148
3190,193621,3,-90.0,0.049,-90.0,0.049,2026-05-06 06:27:54.148
3191,193682,1,-50.77,-0.063,-50.77,-0.064,2026-05-06 06:27:54.148
3192,193745,2,50.77,0.063,50.77,0.063,2026-05-06 06:27:54.148
3193,193805,1,-50.77,-0.063,-50.77,-0.064,2026-05-06 06:27:54.148
3194,193868,2,50.77,0.063,50.77,0.064,2026-05-06 06:27:54.148
3195,193927,3,-90.0,0.049,-90.0,0.049,2026-05-06 06:27:54.148
3196,193988,1,-50.77,-0.063,-50.77,-0.064,2026-05-06 06:27:54.148
3197,194051,2,50.77,0.063,50.77,0.064,2026-05-06 06:27:54.148
3198,194110,3,-90.0,0.049,-90.0,0.049,2026-05-06 06:27:54.148
3199,194171,1,-50.77,-0.063,-50.77,-0.064,2026-05-06 06:27:54.148
3200,194234,2,50.77,0.063,50.77,0.064,2026-05-06 06:27:54.148
3201,194293,1,-50.77,-0.063,-50.77,-0.064,2026-05-06 06:27:54.148
3202,194356,2,50.77,0.063,50.77,0.063,2026-05-06 06:27:54.148
3203,194415,3,-90.0,0.049,-90.0,0.048,2026-05-06 06:27:54.148
3204,194476,1,-50.77,-0.063,-50.77,-0.064,2026-05-06 06:27:54.148
3205,194539,2,50.77,0.063,50.77,0.063,2026-05-06 06:27:54.148
3206,194598,3,-90.0,0.049,-90.0,0.048,2026-05-06 06:27:54.148
3207,194659,1,-50.77,-0.063,-50.77,-0.064,2026-05-06 06:27:54.148
3208,194722,2,50.77,0.063,50.77,0.063,2026-05-06 06:27:54.148
3209,194781,1,-50.77,-0.063,-50.77,-0.063,2026-05-06 06:27:54.148
3210,194844,2,50.77,0.063,50.77,0.063,2026-05-06 06:27:54.148
3211,194903,3,-90.0,0.049,-90.0,0.049,2026-05-06 06:27:54.148
3212,194964,1,-50.77,-0.063,-50.77,-0.063,2026-05-06 06:27:54.148
3213,195027,2,50.77,0.063,50.77,0.063,2026-05-06 06:27:54.148
3214,195086,3,-90.0,0.049,-90.0,0.049,2026-05-06 06:27:54.148
3215,195147,1,-50.77,-0.063,-50.77,-0.063,2026-05-06 06:27:54.148
3216,195210,2,50.77,0.063,50.77,0.063,2026-05-06 06:27:54.148
3217,195332,1,-50.77,-0.063,-50.77,-0.064,2026-05-06 06:27:54.148
3218,195395,2,50.77,0.063,50.77,0.062,2026-05-06 06:27:54.148
3219,195454,3,-90.0,0.049,-90.0,0.049,2026-05-06 06:27:54.148
3220,195515,1,-50.77,-0.063,-50.77,-0.064,2026-05-06 06:27:54.148
3221,195578,2,50.77,0.063,50.77,0.062,2026-05-06 06:27:54.148
3222,195637,3,-90.0,0.049,-90.0,0.049,2026-05-06 06:27:54.148
3223,195698,1,-50.77,-0.063,-50.77,-0.064,2026-05-06 06:27:54.148
3224,195762,1,-50.77,-0.063,-50.77,-0.064,2026-05-06 06:27:54.148
3225,195825,2,50.77,0.063,50.77,0.063,2026-05-06 06:27:54.148
3226,195884,3,-90.0,0.049,-90.0,0.049,2026-05-06 06:27:54.148
3227,195945,1,-50.77,-0.063,-50.77,-0.064,2026-05-06 06:27:54.148
3228,196008,2,50.77,0.063,50.77,0.063,2026-05-06 06:27:54.148
3229,196067,3,-90.0,0.049,-90.0,0.049,2026-05-06 06:27:54.148
3230,196128,1,-50.77,-0.063,-50.77,-0.064,2026-05-06 06:27:54.148
3231,196191,2,50.77,0.063,50.77,0.063,2026-05-06 06:27:54.148
3232,196250,1,-50.77,-0.063,-50.77,-0.063,2026-05-06 06:27:54.148
3233,196313,2,50.77,0.063,50.77,0.062,2026-05-06 06:27:54.148
3234,196372,3,-90.0,0.049,-90.0,0.049,2026-05-06 06:27:54.148
3235,196433,1,-50.77,-0.063,-50.77,-0.063,2026-05-06 06:27:54.148
3236,196496,2,50.77,0.063,50.77,0.062,2026-05-06 06:27:54.148
3237,196555,3,-90.0,0.049,-90.0,0.049,2026-05-06 06:27:54.148
3238,196616,1,-50.77,-0.063,-50.77,-0.063,2026-05-06 06:27:54.148
3239,196679,2,50.77,0.063,50.77,0.062,2026-05-06 06:27:54.148
3240,196738,1,-50.77,-0.063,-50.77,-0.062,2026-05-06 06:27:54.148
3241,196801,2,50.77,0.063,50.77,0.06,2026-05-06 06:27:54.148
3242,196860,3,-90.0,0.049,-90.0,0.048,2026-05-06 06:27:54.148
3243,196921,1,-50.77,-0.063,-50.77,-0.062,2026-05-06 06:27:54.148
3244,196984,2,50.77,0.063,50.77,0.06,2026-05-06 06:27:54.148
3245,197043,3,-90.0,0.049,-90.0,0.048,2026-05-06 06:27:54.148
3246,197104,1,-50.77,-0.063,-50.77,-0.062,2026-05-06 06:27:54.148
3247,197167,2,50.77,0.063,50.77,0.062,2026-05-06 06:27:54.148
3248,197226,1,-50.77,-0.063,-50.77,-0.063,2026-05-06 06:27:54.148
3249,197289,2,50.77,0.063,50.77,0.062,2026-05-06 06:27:54.148
3250,197348,3,-90.0,0.049,-90.0,0.048,2026-05-06 06:27:54.148
3251,197409,1,-50.77,-0.063,-50.77,-0.063,2026-05-06 06:27:54.148
3252,197472,2,50.77,0.063,50.77,0.062,2026-05-06 06:27:54.148
3253,197531,3,-90.0,0.049,-90.0,0.048,2026-05-06 06:27:54.148
3254,197592,1,-50.77,-0.063,-50.77,-0.063,2026-05-06 06:27:54.877
3255,197655,2,50.77,0.063,50.77,0.062,2026-05-06 06:27:54.877
3256,197714,1,-50.77,-0.063,-50.77,-0.062,2026-05-06 06:27:54.877
3257,197777,2,50.77,0.063,50.77,0.061,2026-05-06 06:27:54.877
3258,197836,3,-90.0,0.049,-90.0,0.048,2026-05-06 06:27:54.877
3259,197897,1,-50.77,-0.063,-50.77,-0.062,2026-05-06 06:27:54.877
3260,197960,2,50.77,0.063,50.77,0.061,2026-05-06 06:27:54.877
3261,198019,3,-90.0,0.049,-90.0,0.048,2026-05-06 06:27:54.877
3262,198080,1,-50.77,-0.063,-50.77,-0.062,2026-05-06 06:27:54.877
3263,198143,2,50.77,0.063,50.77,0.061,2026-05-06 06:27:54.877
3264,198202,1,-50.77,-0.063,-50.77,-0.063,2026-05-06 06:27:54.877
3265,198265,2,50.77,0.063,50.77,0.063,2026-05-06 06:27:54.877
3266,198324,3,-90.0,0.049,-90.0,0.048,2026-05-06 06:27:54.877
3267,198385,1,-50.77,-0.063,-50.77,-0.063,2026-05-06 06:27:54.877
3268,198448,2,50.77,0.063,50.77,0.063,2026-05-06 06:27:54.877
3269,198507,3,-90.0,0.049,-90.0,0.048,2026-05-06 06:27:54.877
3270,198568,1,-50.77,-0.063,-50.77,-0.063,2026-05-06 06:27:54.877
3271,198631,2,50.77,0.063,50.77,0.063,2026-05-06 06:27:54.877
3272,198689,1,-50.77,-0.063,-50.77,-0.063,2026-05-06 06:27:54.877
3273,198752,2,50.77,0.063,50.77,0.063,2026-05-06 06:27:54.877
3274,198811,3,-90.0,0.049,-90.0,0.049,2026-05-06 06:27:54.877
3275,198872,1,-50.77,-0.063,-50.77,-0.063,2026-05-06 06:27:54.877
3276,198935,2,50.77,0.063,50.77,0.063,2026-05-06 06:27:54.877
3277,198994,3,-90.0,0.049,-90.0,0.049,2026-05-06 06:27:54.877
3278,199055,1,-50.77,-0.063,-50.77,-0.063,2026-05-06 06:27:54.877
3279,199118,2,50.77,0.063,50.77,0.063,2026-05-06 06:27:54.877
3280,199178,1,-50.77,-0.063,-50.77,-0.063,2026-05-06 06:27:54.877
3281,199241,2,50.77,0.063,50.77,0.062,2026-05-06 06:27:54.877
3282,199300,3,-90.0,0.049,-90.0,0.048,2026-05-06 06:27:54.877
3283,199361,1,-50.77,-0.063,-50.77,-0.063,2026-05-06 06:27:54.877
3284,199424,2,50.77,0.063,50.77,0.062,2026-05-06 06:27:54.877
3285,199483,3,-90.0,0.049,-90.0,0.048,2026-05-06 06:27:54.877
3286,199544,1,-50.77,-0.063,-50.77,-0.063,2026-05-06 06:27:54.877
3287,199607,2,50.77,0.063,50.77,0.062,2026-05-06 06:27:54.877
3288,199666,1,-50.77,-0.063,-50.77,-0.062,2026-05-06 06:27:54.877
3289,199729,2,50.77,0.063,50.77,0.062,2026-05-06 06:27:54.877
3290,199788,3,-90.0,0.049,-90.0,0.048,2026-05-06 06:27:54.877
3291,199849,1,-50.77,-0.063,-50.77,-0.063,2026-05-06 06:27:54.877
3292,199912,2,50.77,0.063,50.77,0.062,2026-05-06 06:27:54.877
3293,199971,3,-90.0,0.049,-90.0,0.048,2026-05-06 06:27:54.877
3294,200032,1,-50.77,-0.063,-50.77,-0.063,2026-05-06 06:27:54.877
3295,200095,2,50.77,0.063,50.77,0.062,2026-05-06 06:27:54.877
3296,200154,1,-50.77,-0.063,-50.77,-0.062,2026-05-06 06:27:54.877
3297,200217,2,50.77,0.063,50.77,0.062,2026-05-06 06:27:54.877
3298,200276,3,-90.0,0.049,-90.0,0.048,2026-05-06 06:27:54.877
3299,200337,1,-50.77,-0.063,-50.77,-0.062,2026-05-06 06:27:54.877
3300,200400,2,50.77,0.063,50.77,0.062,2026-05-06 06:27:54.877
3301,200459,3,-90.0,0.049,-90.0,0.048,2026-05-06 06:27:54.877
3302,200520,1,-50.77,-0.063,-50.77,-0.062,2026-05-06 06:27:54.877
3303,200583,2,50.77,0.063,50.77,0.061,2026-05-06 06:27:54.877
3304,200642,1,-50.77,-0.063,-50.77,-0.061,2026-05-06 06:27:54.877
3305,200705,2,50.77,0.063,50.77,0.061,2026-05-06 06:27:54.877
3306,200764,3,-90.0,0.049,-90.0,0.048,2026-05-06 06:27:54.877
3307,200825,1,-50.77,-0.063,-50.77,-0.061,2026-05-06 06:27:54.877
3308,200888,2,50.77,0.063,50.77,0.061,2026-05-06 06:27:54.877
3309,200947,3,-90.0,0.049,-90.0,0.048,2026-05-06 06:27:54.877
3310,201008,1,-50.77,-0.063,-50.77,-0.061,2026-05-06 06:27:54.877
3311,201071,2,50.77,0.063,50.77,0.061,2026-05-06 06:27:54.877
3312,201129,3,-90.0,0.049,-90.0,0.047,2026-05-06 06:27:54.877
3313,201190,1,-50.77,-0.063,-50.77,-0.062,2026-05-06 06:27:54.877
3314,201253,2,50.77,0.063,50.77,0.062,2026-05-06 06:27:54.877
3315,201312,3,-90.0,0.049,-90.0,0.047,2026-05-06 06:27:54.877
3316,201373,1,-50.77,-0.063,-50.77,-0.062,2026-05-06 06:27:54.877
3317,201436,2,50.77,0.063,50.77,0.062,2026-05-06 06:27:54.877
3318,201495,3,-90.0,0.049,-90.0,0.047,2026-05-06 06:27:54.877
3319,201556,1,-50.77,-0.063,-50.77,-0.062,2026-05-06 06:27:54.877
3320,201619,1,-50.77,-0.063,-50.77,-0.062,2026-05-06 06:27:54.877
3321,201682,2,50.77,0.063,50.77,0.062,2026-05-06 06:27:54.877
3322,201741,3,-90.0,0.049,-90.0,0.047,2026-05-06 06:27:54.877
3323,201802,1,-50.77,-0.063,-50.77,-0.063,2026-05-06 06:27:54.877
3324,201865,2,50.77,0.063,50.77,0.062,2026-05-06 06:27:54.877
3325,201924,3,-90.0,0.049,-90.0,0.047,2026-05-06 06:27:54.877
3326,201985,1,-50.77,-0.063,-50.77,-0.063,2026-05-06 06:27:54.877
3327,202048,2,50.77,0.063,50.77,0.062,2026-05-06 06:27:54.877
3328,202106,3,-90.0,0.049,-90.0,0.047,2026-05-06 06:27:54.877
3329,202167,1,-50.77,-0.063,-50.77,-0.062,2026-05-06 06:27:54.877
3330,202230,2,50.77,0.063,50.77,0.062,2026-05-06 06:27:54.877
3331,202289,3,-90.0,0.049,-90.0,0.047,2026-05-06 06:27:54.877
3332,202350,1,-50.77,-0.063,-50.77,-0.062,2026-05-06 06:27:54.877
3333,202413,2,50.77,0.063,50.77,0.062,2026-05-06 06:27:54.877
3334,202472,3,-90.0,0.049,-90.0,0.047,2026-05-06 06:27:54.877
3335,202533,1,-50.77,-0.063,-50.77,-0.062,2026-05-06 06:27:54.877
3336,202597,1,-50.77,-0.063,-50.78,-0.064,2026-05-06 06:27:54.877
3337,202660,2,50.77,0.063,50.77,0.062,2026-05-06 06:27:54.877
3338,202719,3,-90.0,0.049,-90.0,0.048,2026-05-06 06:27:54.877
3339,202780,1,-50.77,-0.063,-50.78,-0.064,2026-05-06 06:27:54.877
3340,202843,2,50.77,0.063,50.77,0.062,2026-05-06 06:27:54.877
3341,202902,3,-90.0,0.049,-90.0,0.048,2026-05-06 06:27:54.877
3342,202963,1,-50.77,-0.063,-50.78,-0.064,2026-05-06 06:27:54.877
3343,203026,2,50.77,0.063,50.77,0.062,2026-05-06 06:27:54.877
3344,203088,1,-50.77,-0.063,-50.78,-0.063,2026-05-06 06:27:54.877
3345,203151,2,50.77,0.063,50.77,0.062,2026-05-06 06:27:54.877
3346,203210,3,-90.0,0.049,-90.0,0.048,2026-05-06 06:27:54.877
3347,203271,1,-50.77,-0.063,-50.78,-0.063,2026-05-06 06:27:54.877
3348,203334,2,50.77,0.063,50.77,0.062,2026-05-06 06:27:54.877
3349,203393,3,-90.0,0.049,-90.0,0.048,2026-05-06 06:27:54.877
3350,203454,1,-50.77,-0.063,-50.78,-0.063,2026-05-06 06:27:54.877
3351,203517,2,50.77,0.063,50.77,0.062,2026-05-06 06:27:54.877
3352,203575,1,-50.77,-0.063,-50.78,-0.063,2026-05-06 06:27:54.877
3353,203638,2,50.77,0.063,50.77,0.062,2026-05-06 06:27:54.877
3354,203697,3,-90.0,0.049,-90.0,0.049,2026-05-06 06:27:54.877
3355,203758,1,-50.77,-0.063,-50.78,-0.063,2026-05-06 06:27:54.877
3356,203821,2,50.77,0.063,50.77,0.062,2026-05-06 06:27:54.877
3357,203880,3,-90.0,0.049,-90.0,0.049,2026-05-06 06:27:54.877
3358,203941,1,-50.77,-0.063,-50.78,-0.063,2026-05-06 06:27:54.877
3359,204004,2,50.77,0.063,50.77,0.063,2026-05-06 06:27:54.877
3360,204064,1,-50.77,-0.063,-50.78,-0.062,2026-05-06 06:27:54.877
3361,204127,2,50.77,0.063,50.77,0.063,2026-05-06 06:27:54.877
3362,204186,3,-90.0,0.049,-90.0,0.048,2026-05-06 06:27:54.877
3363,204247,1,-50.77,-0.063,-50.78,-0.062,2026-05-06 06:27:54.877
3364,204310,2,50.77,0.063,50.77,0.063,2026-05-06 06:27:54.877
3365,204369,3,-90.0,0.049,-90.0,0.048,2026-05-06 06:27:54.877
3366,204430,1,-50.77,-0.063,-50.78,-0.062,2026-05-06 06:27:54.877
3367,204498,2,50.77,0.063,50.77,0.063,2026-05-06 06:27:54.877
3368,204557,1,-50.77,-0.063,-50.78,-0.063,2026-05-06 06:27:54.877
3369,204620,2,50.77,0.063,50.77,0.064,2026-05-06 06:27:54.877
3370,204679,3,-90.0,0.049,-90.0,0.048,2026-05-06 06:27:54.877
3371,204740,1,-50.77,-0.063,-50.78,-0.063,2026-05-06 06:27:54.877
3372,204803,2,50.77,0.063,50.77,0.064,2026-05-06 06:27:54.877
3373,204862,3,-90.0,0.049,-90.0,0.048,2026-05-06 06:27:54.877
3374,204923,1,-50.77,-0.063,-50.78,-0.063,2026-05-06 06:27:54.877
3375,204986,2,50.77,0.063,50.77,0.064,2026-05-06 06:27:54.877
3376,205045,1,-50.77,-0.063,-50.77,-0.064,2026-05-06 06:27:54.877
3377,205108,2,50.77,0.063,50.77,0.063,2026-05-06 06:27:54.877
3378,205167,3,-90.0,0.049,-90.0,0.048,2026-05-06 06:27:54.877
3379,205228,1,-50.77,-0.063,-50.77,-0.064,2026-05-06 06:27:54.877
3380,205291,2,50.77,0.063,50.77,0.064,2026-05-06 06:27:54.877
3381,205350,3,-90.0,0.049,-90.0,0.048,2026-05-06 06:27:54.877
3382,205411,1,-50.77,-0.063,-50.77,-0.064,2026-05-06 06:27:54.877
3383,205474,2,50.77,0.063,50.77,0.064,2026-05-06 06:27:54.877
3384,205532,3,-90.0,0.049,-90.0,0.049,2026-05-06 06:27:54.877
3385,205593,1,-50.77,-0.063,-50.77,-0.063,2026-05-06 06:27:54.877
3386,205656,2,50.77,0.063,50.77,0.064,2026-05-06 06:27:54.877
3387,205715,3,-90.0,0.049,-90.0,0.049,2026-05-06 06:27:55.585
3388,205776,1,-50.77,-0.063,-50.77,-0.063,2026-05-06 06:27:55.585
3389,205839,2,50.77,0.063,50.77,0.064,2026-05-06 06:27:55.585
3390,205898,3,-90.0,0.049,-90.0,0.049,2026-05-06 06:27:55.585
3391,205959,1,-50.77,-0.063,-50.77,-0.063,2026-05-06 06:27:55.585
3392,206022,1,-50.77,-0.063,-50.77,-0.064,2026-05-06 06:27:55.585
3393,206085,2,50.77,0.063,50.77,0.062,2026-05-06 06:27:55.585
3394,206144,3,-90.0,0.049,-90.0,0.05,2026-05-06 06:27:55.585
3395,206205,1,-50.77,-0.063,-50.77,-0.064,2026-05-06 06:27:55.585
3396,206268,2,50.77,0.063,50.77,0.062,2026-05-06 06:27:55.585
3397,206327,3,-90.0,0.049,-90.0,0.05,2026-05-06 06:27:55.585
3398,206388,1,-50.77,-0.063,-50.77,-0.064,2026-05-06 06:27:55.585
3399,206451,2,50.77,0.063,50.77,0.062,2026-05-06 06:27:55.585
3400,206509,3,-90.0,0.049,-90.0,0.049,2026-05-06 06:27:55.585
3401,206570,1,-50.77,-0.063,-50.77,-0.063,2026-05-06 06:27:55.585
3402,206633,2,50.77,0.063,50.77,0.064,2026-05-06 06:27:55.585
3403,206692,3,-90.0,0.049,-90.0,0.049,2026-05-06 06:27:55.585
3404,206753,1,-50.77,-0.063,-50.77,-0.063,2026-05-06 06:27:55.585
3405,206816,2,50.77,0.063,50.77,0.064,2026-05-06 06:27:55.585
3406,206875,3,-90.0,0.049,-90.0,0.049,2026-05-06 06:27:55.585
3407,206936,1,-50.77,-0.063,-50.77,-0.064,2026-05-06 06:27:55.585
3408,207000,1,-50.77,-0.063,-50.77,-0.063,2026-05-06 06:27:55.585
3409,207063,2,50.77,0.063,50.77,0.064,2026-05-06 06:27:55.585
3410,207122,3,-90.0,0.049,-90.0,0.049,2026-05-06 06:27:55.585
3411,207183,1,-50.77,-0.063,-50.77,-0.064,2026-05-06 06:27:55.585
3412,207246,2,50.77,0.063,50.77,0.063,2026-05-06 06:27:55.585
3413,207305,3,-90.0,0.049,-90.0,0.049,2026-05-06 06:27:55.585
3414,207366,1,-50.77,-0.063,-50.77,-0.064,2026-05-06 06:27:55.585
3415,207429,2,50.77,0.063,50.77,0.063,2026-05-06 06:27:55.585
3416,207488,1,-50.77,-0.063,-50.77,-0.064,2026-05-06 06:27:55.585
3417,207551,2,50.77,0.063,50.77,0.062,2026-05-06 06:27:55.585
3418,207610,3,-90.0,0.049,-90.0,0.05,2026-05-06 06:27:55.585
3419,207671,1,-50.77,-0.063,-50.77,-0.064,2026-05-06 06:27:55.585
3420,207734,2,50.77,0.063,50.77,0.062,2026-05-06 06:27:55.585
3421,207793,3,-90.0,0.049,-90.0,0.05,2026-05-06 06:27:55.585
3422,207854,1,-50.77,-0.063,-50.77,-0.064,2026-05-06 06:27:55.585
3423,207917,2,50.77,0.063,50.77,0.062,2026-05-06 06:27:55.585
3424,207976,1,-50.77,-0.063,-50.77,-0.063,2026-05-06 06:27:55.585
3425,208039,2,50.77,0.063,50.77,0.064,2026-05-06 06:27:55.585
3426,208098,3,-90.0,0.049,-90.0,0.049,2026-05-06 06:27:55.585
3427,208159,1,-50.77,-0.063,-50.77,-0.063,2026-05-06 06:27:55.585
3428,208222,2,50.77,0.063,50.77,0.064,2026-05-06 06:27:55.585
3429,208281,3,-90.0,0.049,-90.0,0.049,2026-05-06 06:27:55.585
3430,208342,1,-50.77,-0.063,-50.77,-0.063,2026-05-06 06:27:55.585
3431,208405,2,50.77,0.063,50.77,0.063,2026-05-06 06:27:55.585
3432,208464,1,-50.77,-0.063,-50.77,-0.064,2026-05-06 06:27:55.585
3433,208527,2,50.77,0.063,50.77,0.064,2026-05-06 06:27:55.585
3434,208586,3,-90.0,0.049,-90.0,0.049,2026-05-06 06:27:55.585
3435,208647,1,-50.77,-0.063,-50.77,-0.064,2026-05-06 06:27:55.585
3436,208710,2,50.77,0.063,50.77,0.064,2026-05-06 06:27:55.585
3437,208769,3,-90.0,0.049,-90.0,0.048,2026-05-06 06:27:55.585
3438,208830,1,-50.77,-0.063,-50.77,-0.064,2026-05-06 06:27:55.585
3439,208893,2,50.77,0.063,50.77,0.064,2026-05-06 06:27:55.585
3440,208952,1,-50.77,-0.063,-50.77,-0.064,2026-05-06 06:27:55.585
3441,209015,2,50.77,0.063,50.77,0.064,2026-05-06 06:27:55.585
3442,209074,3,-90.0,0.049,-90.0,0.049,2026-05-06 06:27:55.585
3443,209135,1,-50.77,-0.063,-50.77,-0.064,2026-05-06 06:27:55.585
3444,209198,2,50.77,0.063,50.77,0.064,2026-05-06 06:27:55.585
3445,209257,3,-90.0,0.049,-90.0,0.049,2026-05-06 06:27:55.585
3446,209318,1,-50.77,-0.063,-50.77,-0.064,2026-05-06 06:27:55.585
3447,209381,2,50.77,0.063,50.77,0.064,2026-05-06 06:27:55.585
3448,209440,1,-50.77,-0.063,-50.77,-0.064,2026-05-06 06:27:55.585
3449,209503,2,50.77,0.063,50.77,0.064,2026-05-06 06:27:55.585
3450,209562,3,-90.0,0.049,-90.0,0.049,2026-05-06 06:27:55.585
3451,209623,1,-50.77,-0.063,-50.77,-0.064,2026-05-06 06:27:55.585
3452,209686,2,50.77,0.063,50.77,0.064,2026-05-06 06:27:55.585
3453,209745,3,-90.0,0.049,-90.0,0.049,2026-05-06 06:27:55.585
3454,209806,1,-50.77,-0.063,-50.77,-0.064,2026-05-06 06:27:55.585
3455,209869,2,50.77,0.063,50.77,0.064,2026-05-06 06:27:55.585
3456,209927,3,-90.0,0.049,-90.0,0.049,2026-05-06 06:27:55.585
3457,209988,1,-50.77,-0.063,-50.77,-0.064,2026-05-06 06:27:55.585
3458,210051,2,50.77,0.063,50.77,0.064,2026-05-06 06:27:55.585
3459,210110,3,-90.0,0.049,-90.0,0.049,2026-05-06 06:27:55.585
3460,210171,1,-50.77,-0.063,-50.77,-0.064,2026-05-06 06:27:55.585
3461,210234,2,50.77,0.063,50.77,0.064,2026-05-06 06:27:55.585
3462,210293,3,-90.0,0.049,-90.0,0.049,2026-05-06 06:27:55.585
3463,210354,1,-50.77,-0.063,-50.77,-0.064,2026-05-06 06:27:55.585
3464,210417,1,-50.77,-0.063,-50.77,-0.064,2026-05-06 06:27:55.585
3465,210480,2,50.77,0.063,50.77,0.064,2026-05-06 06:27:55.585
3466,210539,3,-90.0,0.049,-90.0,0.049,2026-05-06 06:27:55.585
3467,210600,1,-50.77,-0.063,-50.77,-0.064,2026-05-06 06:27:55.585
3468,210663,2,50.77,0.063,50.77,0.064,2026-05-06 06:27:55.585
3469,210722,3,-90.0,0.049,-90.0,0.049,2026-05-06 06:27:55.585
3470,210783,1,-50.77,-0.063,-50.77,-0.064,2026-05-06 06:27:55.585
3471,210846,2,50.77,0.063,50.77,0.064,2026-05-06 06:27:55.585
3472,210904,3,-90.0,0.049,-90.0,0.049,2026-05-06 06:27:55.585
3473,210965,1,-50.77,-0.063,-50.77,-0.063,2026-05-06 06:27:55.585
3474,211028,2,50.77,0.063,50.77,0.064,2026-05-06 06:27:55.585
3475,211087,3,-90.0,0.049,-90.0,0.049,2026-05-06 06:27:55.585
3476,211148,1,-50.77,-0.063,-50.77,-0.063,2026-05-06 06:27:55.585
3477,211211,2,50.77,0.063,50.77,0.064,2026-05-06 06:27:55.585
3478,211270,3,-90.0,0.049,-90.0,0.049,2026-05-06 06:27:55.585
3479,211331,1,-50.77,-0.063,-50.77,-0.064,2026-05-06 06:27:55.585
3480,211395,1,-50.77,-0.063,-50.77,-0.063,2026-05-06 06:27:55.585
3481,211458,2,50.77,0.063,50.77,0.065,2026-05-06 06:27:55.585
3482,211517,3,-90.0,0.049,-90.0,0.049,2026-05-06 06:27:55.585
3483,211578,1,-50.77,-0.063,-50.77,-0.063,2026-05-06 06:27:55.585
3484,211641,2,50.77,0.063,50.77,0.065,2026-05-06 06:27:55.585
3485,211700,3,-90.0,0.049,-90.0,0.049,2026-05-06 06:27:55.585
3486,211761,1,-50.77,-0.063,-50.77,-0.063,2026-05-06 06:27:55.585
3487,211824,2,50.77,0.063,50.77,0.065,2026-05-06 06:27:55.585
3488,211883,1,-50.77,-0.063,-50.77,-0.064,2026-05-06 06:27:55.585
3489,211946,2,50.77,0.063,50.77,0.064,2026-05-06 06:27:55.585
3490,212005,3,-90.0,0.049,-90.0,0.049,2026-05-06 06:27:55.585
3491,212066,1,-50.77,-0.063,-50.77,-0.064,2026-05-06 06:27:55.585
3492,212129,2,50.77,0.063,50.77,0.064,2026-05-06 06:27:55.585
3493,212188,3,-90.0,0.049,-90.0,0.049,2026-05-06 06:27:55.585
3494,212249,1,-50.77,-0.063,-50.77,-0.064,2026-05-06 06:27:55.585
3495,212317,2,50.77,0.063,50.77,0.064,2026-05-06 06:27:55.585
3496,212375,1,-50.77,-0.063,-50.77,-0.064,2026-05-06 06:27:55.585
3497,212438,2,50.77,0.063,50.78,0.063,2026-05-06 06:27:55.585
3498,212497,3,-90.0,0.049,-90.0,0.049,2026-05-06 06:27:55.585
3499,212558,1,-50.77,-0.063,-50.77,-0.064,2026-05-06 06:27:55.585
3500,212621,2,50.77,0.063,50.77,0.063,2026-05-06 06:27:55.585
3501,212680,3,-90.0,0.049,-90.0,0.049,2026-05-06 06:27:55.585
3502,212741,1,-50.77,-0.063,-50.77,-0.064,2026-05-06 06:27:55.585
3503,212804,2,50.77,0.063,50.77,0.063,2026-05-06 06:27:55.585
3504,212864,1,-50.77,-0.063,-50.77,-0.063,2026-05-06 06:27:55.585
3505,212927,2,50.77,0.063,50.77,0.065,2026-05-06 06:27:55.585
3506,212986,3,-90.0,0.049,-90.0,0.049,2026-05-06 06:27:55.585
3507,213047,1,-50.77,-0.063,-50.77,-0.063,2026-05-06 06:27:55.585
3508,213110,2,50.77,0.063,50.77,0.065,2026-05-06 06:27:55.585
3509,213169,3,-90.0,0.049,-90.0,0.049,2026-05-06 06:27:55.585
3510,213230,1,-50.77,-0.063,-50.77,-0.063,2026-05-06 06:27:55.585
3511,213293,2,50.77,0.063,50.77,0.065,2026-05-06 06:27:55.585
3512,213352,1,-50.77,-0.063,-50.77,-0.064,2026-05-06 06:27:55.585
3513,213415,2,50.77,0.063,50.77,0.063,2026-05-06 06:27:55.585
3514,213474,3,-90.0,0.049,-90.0,0.05,2026-05-06 06:27:55.585
3515,213535,1,-50.77,-0.063,-50.77,-0.064,2026-05-06 06:27:55.585
3516,213598,2,50.77,0.063,50.77,0.063,2026-05-06 06:27:55.585
3517,213657,3,-90.0,0.049,-90.0,0.05,2026-05-06 06:27:55.585
3518,213718,1,-50.77,-0.063,-50.77,-0.064,2026-05-06 06:27:55.585
3519,213781,2,50.77,0.063,50.77,0.063,2026-05-06 06:27:55.585
3520,213840,1,-50.77,-0.063,-50.77,-0.064,2026-05-06 06:27:55.757
3521,213903,2,50.77,0.063,50.78,0.063,2026-05-06 06:27:55.757
3522,213962,3,-90.0,0.049,-90.0,0.05,2026-05-06 06:27:55.757
3523,214089,2,50.77,0.063,50.78,0.063,2026-05-06 06:27:55.757
3524,214148,3,-90.0,0.049,-90.0,0.05,2026-05-06 06:27:55.757
3525,214209,1,-50.77,-0.063,-50.77,-0.064,2026-05-06 06:27:55.757
3526,214272,2,50.77,0.063,50.78,0.063,2026-05-06 06:27:55.757
3527,214330,3,-90.0,0.049,-90.0,0.049,2026-05-06 06:27:55.757
3528,214391,1,-50.77,-0.063,-50.77,-0.064,2026-05-06 06:27:55.757
3529,214454,2,50.77,0.063,50.77,0.063,2026-05-06 06:27:55.757
3530,214513,3,-90.0,0.049,-90.0,0.049,2026-05-06 06:27:55.757
3531,214574,1,-50.77,-0.063,-50.77,-0.064,2026-05-06 06:27:55.757
3532,214637,2,50.77,0.063,50.77,0.063,2026-05-06 06:27:55.757
3533,214696,3,-90.0,0.049,-90.0,0.049,2026-05-06 06:27:55.757
3534,214757,1,-50.77,-0.063,-50.77,-0.064,2026-05-06 06:27:55.757
3535,214820,1,-50.77,-0.063,-50.77,-0.065,2026-05-06 06:27:55.757
3536,214883,2,50.77,0.063,50.77,0.063,2026-05-06 06:27:55.757
3537,214942,3,-90.0,0.049,-90.0,0.049,2026-05-06 06:27:55.757
3538,215003,1,-50.77,-0.063,-50.77,-0.065,2026-05-06 06:27:55.757
3539,215066,2,50.77,0.063,50.77,0.063,2026-05-06 06:27:55.757
3540,215125,3,-90.0,0.049,-90.0,0.049,2026-05-06 06:27:55.757
3541,215186,1,-50.77,-0.063,-50.77,-0.065,2026-05-06 06:27:55.757
3542,215249,2,50.77,0.063,50.77,0.063,2026-05-06 06:27:55.757
3543,215308,1,-50.77,-0.063,-50.77,-0.065,2026-05-06 06:27:56.416
3544,215371,2,50.77,0.063,50.77,0.063,2026-05-06 06:27:56.416
3545,215430,3,-90.0,0.049,-90.0,0.049,2026-05-06 06:27:56.416
3546,215491,1,-50.77,-0.063,-50.77,-0.065,2026-05-06 06:27:56.416
3547,215554,2,50.77,0.063,50.77,0.063,2026-05-06 06:27:56.416
3548,215613,3,-90.0,0.049,-90.0,0.049,2026-05-06 06:27:56.416
3549,215674,1,-50.77,-0.063,-50.77,-0.065,2026-05-06 06:27:56.416
3550,215737,2,50.77,0.063,50.77,0.063,2026-05-06 06:27:56.416
3551,215796,1,-50.77,-0.063,-50.77,-0.064,2026-05-06 06:27:56.416
3552,215859,2,50.77,0.063,50.77,0.064,2026-05-06 06:27:56.416
3553,215918,3,-90.0,0.049,-90.0,0.049,2026-05-06 06:27:56.416
3554,215979,1,-50.77,-0.063,-50.77,-0.064,2026-05-06 06:27:56.416
3555,216042,2,50.77,0.063,50.77,0.064,2026-05-06 06:27:56.416
3556,216101,3,-90.0,0.049,-90.0,0.049,2026-05-06 06:27:56.416
3557,216162,1,-50.77,-0.063,-50.77,-0.064,2026-05-06 06:27:56.416
3558,216225,2,50.77,0.063,50.77,0.064,2026-05-06 06:27:56.416
3559,216284,1,-50.77,-0.063,-50.77,-0.065,2026-05-06 06:27:56.416
3560,216347,2,50.77,0.063,50.77,0.064,2026-05-06 06:27:56.416
3561,216406,3,-90.0,0.049,-90.0,0.049,2026-05-06 06:27:56.416
3562,216467,1,-50.77,-0.063,-50.77,-0.065,2026-05-06 06:27:56.416
3563,216530,2,50.77,0.063,50.77,0.064,2026-05-06 06:27:56.416
3564,216589,3,-90.0,0.049,-90.0,0.049,2026-05-06 06:27:56.416
3565,216650,1,-50.77,-0.063,-50.77,-0.064,2026-05-06 06:27:56.416
3566,216713,2,50.77,0.063,50.77,0.064,2026-05-06 06:27:56.416
3567,216772,1,-50.77,-0.063,-50.77,-0.063,2026-05-06 06:27:56.416
3568,216835,2,50.77,0.063,50.78,0.064,2026-05-06 06:27:56.416
3569,216894,3,-90.0,0.049,-90.0,0.049,2026-05-06 06:27:56.416
3570,216955,1,-50.77,-0.063,-50.77,-0.063,2026-05-06 06:27:56.416
3571,217018,2,50.77,0.063,50.78,0.064,2026-05-06 06:27:56.416
3572,217077,3,-90.0,0.049,-90.0,0.049,2026-05-06 06:27:56.416
3573,217138,1,-50.77,-0.063,-50.77,-0.064,2026-05-06 06:27:56.416
3574,217201,2,50.77,0.063,50.77,0.064,2026-05-06 06:27:56.416
3575,217260,1,-50.77,-0.063,-50.77,-0.063,2026-05-06 06:27:56.416
3576,217323,2,50.77,0.063,50.78,0.063,2026-05-06 06:27:56.416
3577,217382,3,-90.0,0.049,-90.0,0.048,2026-05-06 06:27:56.416
3578,217443,1,-50.77,-0.063,-50.77,-0.064,2026-05-06 06:27:56.416
3579,217506,2,50.77,0.063,50.78,0.063,2026-05-06 06:27:56.416
3580,217565,3,-90.0,0.049,-90.0,0.049,2026-05-06 06:27:56.416
3581,217626,1,-50.77,-0.063,-50.77,-0.064,2026-05-06 06:27:56.416
3582,217689,2,50.77,0.063,50.78,0.063,2026-05-06 06:27:56.416
3583,217747,1,-50.77,-0.063,-50.77,-0.063,2026-05-06 06:27:56.416
3584,217810,2,50.77,0.063,50.78,0.064,2026-05-06 06:27:56.416
3585,217869,3,-90.0,0.049,-90.0,0.049,2026-05-06 06:27:56.416
3586,217930,1,-50.77,-0.063,-50.77,-0.063,2026-05-06 06:27:56.416
3587,217993,2,50.77,0.063,50.78,0.064,2026-05-06 06:27:56.416
3588,218052,3,-90.0,0.049,-90.0,0.049,2026-05-06 06:27:56.416
3589,218113,1,-50.77,-0.063,-50.77,-0.063,2026-05-06 06:27:56.416
3590,218176,2,50.77,0.063,50.78,0.064,2026-05-06 06:27:56.416
3591,218236,1,-50.77,-0.063,-50.77,-0.063,2026-05-06 06:27:56.416
3592,218299,2,50.77,0.063,50.77,0.063,2026-05-06 06:27:56.416
3593,218358,3,-90.0,0.049,-90.0,0.05,2026-05-06 06:27:56.416
3594,218419,1,-50.77,-0.063,-50.77,-0.063,2026-05-06 06:27:56.416
3595,218482,2,50.77,0.063,50.77,0.063,2026-05-06 06:27:56.416
3596,218541,3,-90.0,0.049,-90.0,0.05,2026-05-06 06:27:56.416
3597,218602,1,-50.77,-0.063,-50.77,-0.063,2026-05-06 06:27:56.416
3598,218665,2,50.77,0.063,50.77,0.063,2026-05-06 06:27:56.416
3599,218724,1,-50.77,-0.063,-50.77,-0.063,2026-05-06 06:27:56.416
3600,218787,2,50.77,0.063,50.77,0.063,2026-05-06 06:27:56.416
3601,218846,3,-90.0,0.049,-90.0,0.049,2026-05-06 06:27:56.416
3602,218907,1,-50.77,-0.063,-50.77,-0.064,2026-05-06 06:27:56.416
3603,218970,2,50.77,0.063,50.77,0.064,2026-05-06 06:27:56.416
3604,219029,3,-90.0,0.049,-90.0,0.049,2026-05-06 06:27:56.416
3605,219090,1,-50.77,-0.063,-50.77,-0.064,2026-05-06 06:27:56.416
3606,219153,2,50.77,0.063,50.77,0.064,2026-05-06 06:27:56.416
3607,219212,1,-50.77,-0.063,-50.77,-0.064,2026-05-06 06:27:56.416
3608,219275,2,50.77,0.063,50.77,0.063,2026-05-06 06:27:56.416
3609,219334,3,-90.0,0.049,-90.0,0.049,2026-05-06 06:27:56.416
3610,219395,1,-50.77,-0.063,-50.77,-0.064,2026-05-06 06:27:56.416
3611,219458,2,50.77,0.063,50.77,0.063,2026-05-06 06:27:56.416
3612,219517,3,-90.0,0.049,-90.0,0.049,2026-05-06 06:27:56.416
3613,219578,1,-50.77,-0.063,-50.77,-0.064,2026-05-06 06:27:56.416
3614,219641,2,50.77,0.063,50.77,0.063,2026-05-06 06:27:56.416
3615,219700,1,-50.77,-0.063,-50.77,-0.063,2026-05-06 06:27:56.416
3616,219763,2,50.77,0.063,50.77,0.063,2026-05-06 06:27:56.416
3617,219822,3,-90.0,0.049,-90.0,0.05,2026-05-06 06:27:56.416
3618,219883,1,-50.77,-0.063,-50.77,-0.063,2026-05-06 06:27:56.416
3619,219946,2,50.77,0.063,50.77,0.063,2026-05-06 06:27:56.416
3620,220005,3,-90.0,0.049,-90.0,0.05,2026-05-06 06:27:56.416
3621,220066,1,-50.77,-0.063,-50.77,-0.063,2026-05-06 06:27:56.416
3622,220129,2,50.77,0.063,50.77,0.063,2026-05-06 06:27:56.416
3623,220187,3,-90.0,0.049,-90.0,0.049,2026-05-06 06:27:56.416
3624,220248,1,-50.77,-0.063,-50.77,-0.063,2026-05-06 06:27:56.416
3625,220311,2,50.77,0.063,50.77,0.064,2026-05-06 06:27:56.416
3626,220370,3,-90.0,0.049,-90.0,0.049,2026-05-06 06:27:56.416
3627,220431,1,-50.77,-0.063,-50.77,-0.063,2026-05-06 06:27:56.416
3628,220494,2,50.77,0.063,50.77,0.064,2026-05-06 06:27:56.416
3629,220553,3,-90.0,0.049,-90.0,0.049,2026-05-06 06:27:56.416
3630,220614,1,-50.77,-0.063,-50.77,-0.063,2026-05-06 06:27:56.416
3631,220678,1,-50.77,-0.063,-50.77,-0.063,2026-05-06 06:27:56.416
3632,220741,2,50.77,0.063,50.77,0.063,2026-05-06 06:27:56.416
3633,220800,3,-90.0,0.049,-90.0,0.049,2026-05-06 06:27:56.416
3634,220861,1,-50.77,-0.063,-50.77,-0.064,2026-05-06 06:27:56.416
3635,220924,2,50.77,0.063,50.77,0.062,2026-05-06 06:27:56.416
3636,220983,3,-90.0,0.049,-90.0,0.049,2026-05-06 06:27:56.416
3637,221044,1,-50.77,-0.063,-50.77,-0.064,2026-05-06 06:27:56.416
3638,221107,2,50.77,0.063,50.77,0.062,2026-05-06 06:27:56.416
3639,221165,3,-90.0,0.049,-90.0,0.049,2026-05-06 06:27:56.416
3640,221226,1,-50.77,-0.063,-50.77,-0.063,2026-05-06 06:27:56.416
3641,221289,2,50.77,0.063,50.77,0.063,2026-05-06 06:27:56.416
3642,221348,3,-90.0,0.049,-90.0,0.049,2026-05-06 06:27:56.416
3643,221409,1,-50.77,-0.063,-50.77,-0.063,2026-05-06 06:27:56.416
3644,221472,2,50.77,0.063,50.77,0.063,2026-05-06 06:27:56.416
3645,221531,3,-90.0,0.049,-90.0,0.049,2026-05-06 06:27:56.416
3646,221592,1,-50.77,-0.063,-50.77,-0.063,2026-05-06 06:27:56.416
3647,221655,1,-50.77,-0.063,-50.77,-0.063,2026-05-06 06:27:56.416
3648,221718,2,50.77,0.063,50.77,0.064,2026-05-06 06:27:56.416
3649,221777,3,-90.0,0.049,-90.0,0.048,2026-05-06 06:27:56.416
3650,221904,2,50.77,0.063,50.77,0.064,2026-05-06 06:27:56.416
3651,221963,3,-90.0,0.049,-90.0,0.048,2026-05-06 06:27:56.416
3652,222024,1,-50.77,-0.063,-50.77,-0.063,2026-05-06 06:27:56.416
3653,222087,2,50.77,0.063,50.77,0.064,2026-05-06 06:27:56.416
3654,222146,1,-50.77,-0.063,-50.77,-0.063,2026-05-06 06:27:56.416
3655,222209,2,50.77,0.063,50.77,0.062,2026-05-06 06:27:56.416
3656,222268,3,-90.0,0.049,-90.0,0.048,2026-05-06 06:27:56.416
3657,222329,1,-50.77,-0.063,-50.77,-0.063,2026-05-06 06:27:56.416
3658,222392,2,50.77,0.063,50.77,0.062,2026-05-06 06:27:56.416
3659,222451,3,-90.0,0.049,-90.0,0.048,2026-05-06 06:27:56.416
3660,222512,1,-50.77,-0.063,-50.77,-0.063,2026-05-06 06:27:56.416
3661,222575,2,50.77,0.063,50.77,0.062,2026-05-06 06:27:56.416
3662,222633,1,-50.77,-0.063,-50.77,-0.063,2026-05-06 06:27:56.416
3663,222696,2,50.77,0.063,50.77,0.063,2026-05-06 06:27:56.416
3664,222755,3,-90.0,0.049,-90.0,0.048,2026-05-06 06:27:56.416
3665,222816,1,-50.77,-0.063,-50.77,-0.063,2026-05-06 06:27:56.416
3666,222879,2,50.77,0.063,50.77,0.063,2026-05-06 06:27:56.416
3667,222938,3,-90.0,0.049,-90.0,0.048,2026-05-06 06:27:56.416
3668,222999,1,-50.77,-0.063,-50.77,-0.063,2026-05-06 06:27:56.416
3669,223062,2,50.77,0.063,50.77,0.063,2026-05-06 06:27:56.416
3670,223122,1,-50.77,-0.063,-50.77,-0.063,2026-05-06 06:27:56.416
3671,223185,2,50.77,0.063,50.77,0.063,2026-05-06 06:27:56.416
3672,223244,3,-90.0,0.049,-90.0,0.048,2026-05-06 06:27:56.416
3673,223305,1,-50.77,-0.063,-50.77,-0.063,2026-05-06 06:27:56.416
3674,223368,2,50.77,0.063,50.77,0.063,2026-05-06 06:27:56.416
3675,223427,3,-90.0,0.049,-90.0,0.048,2026-05-06 06:27:56.604
3676,223488,1,-50.77,-0.063,-50.77,-0.063,2026-05-06 06:27:56.604
3677,223551,2,50.77,0.063,50.77,0.062,2026-05-06 06:27:56.604
3678,223610,1,-50.77,-0.063,-50.77,-0.063,2026-05-06 06:27:56.604
3679,223673,2,50.77,0.063,50.77,0.062,2026-05-06 06:27:56.604
3680,223732,3,-90.0,0.049,-90.0,0.048,2026-05-06 06:27:56.604
3681,223793,1,-50.77,-0.063,-50.77,-0.063,2026-05-06 06:27:56.604
3682,223856,2,50.77,0.063,50.77,0.062,2026-05-06 06:27:56.604
3683,223915,3,-90.0,0.049,-90.0,0.048,2026-05-06 06:27:56.604
3684,223976,1,-50.77,-0.063,-50.77,-0.063,2026-05-06 06:27:56.604
3685,224039,2,50.77,0.063,50.77,0.062,2026-05-06 06:27:56.604
3686,224098,1,-50.77,-0.063,-50.77,-0.063,2026-05-06 06:27:56.604
3687,224161,2,50.77,0.063,50.77,0.062,2026-05-06 06:27:56.604
3688,224220,3,-90.0,0.049,-90.0,0.048,2026-05-06 06:27:56.604
3689,224281,1,-50.77,-0.063,-50.77,-0.063,2026-05-06 06:27:56.604
3690,224344,2,50.77,0.063,50.77,0.062,2026-05-06 06:27:56.604
3691,224403,3,-90.0,0.049,-90.0,0.048,2026-05-06 06:27:56.604
3692,224464,1,-50.77,-0.063,-50.77,-0.063,2026-05-06 06:27:56.604
3693,224527,2,50.77,0.063,50.77,0.062,2026-05-06 06:27:56.604
3694,224585,3,-90.0,0.049,-90.0,0.048,2026-05-06 06:27:56.604
3695,224646,1,-50.77,-0.063,-50.77,-0.062,2026-05-06 06:27:56.604
3696,224709,2,50.77,0.063,50.77,0.063,2026-05-06 06:27:56.604
3697,224768,3,-90.0,0.049,-90.0,0.048,2026-05-06 06:27:56.604
3698,224829,1,-50.77,-0.063,-50.77,-0.062,2026-05-06 06:27:56.604
3699,224892,2,50.77,0.063,50.77,0.063,2026-05-06 06:27:56.604
3700,224951,3,-90.0,0.049,-90.0,0.048,2026-05-06 06:27:56.604
3701,225012,1,-50.77,-0.063,-50.77,-0.063,2026-05-06 06:27:56.604
3702,225076,1,-50.77,-0.063,-50.77,-0.064,2026-05-06 06:27:56.604
3703,225139,2,50.77,0.063,50.77,0.062,2026-05-06 06:27:56.604
3704,225198,3,-90.0,0.049,-90.0,0.049,2026-05-06 06:27:56.604
3705,225259,1,-50.77,-0.063,-50.77,-0.064,2026-05-06 06:27:57.297
3706,225322,2,50.77,0.063,50.77,0.062,2026-05-06 06:27:57.297
3707,225381,3,-90.0,0.049,-90.0,0.049,2026-05-06 06:27:57.297
3708,225442,1,-50.77,-0.063,-50.77,-0.064,2026-05-06 06:27:57.297
3709,225505,2,50.77,0.063,50.77,0.062,2026-05-06 06:27:57.297
3710,225564,1,-50.77,-0.063,-50.77,-0.062,2026-05-06 06:27:57.297
3711,225627,2,50.77,0.063,50.77,0.062,2026-05-06 06:27:57.297
3712,225686,3,-90.0,0.049,-90.0,0.048,2026-05-06 06:27:57.297
3713,225747,1,-50.77,-0.063,-50.77,-0.062,2026-05-06 06:27:57.297
3714,225810,2,50.77,0.063,50.77,0.062,2026-05-06 06:27:57.297
3715,225869,3,-90.0,0.049,-90.0,0.048,2026-05-06 06:27:57.297
3716,225930,1,-50.77,-0.063,-50.77,-0.062,2026-05-06 06:27:57.297
3717,225993,2,50.77,0.063,50.77,0.062,2026-05-06 06:27:57.297
3718,226051,1,-50.77,-0.063,-50.77,-0.062,2026-05-06 06:27:57.297
3719,226114,2,50.77,0.063,50.77,0.062,2026-05-06 06:27:57.297
3720,226173,3,-90.0,0.049,-90.0,0.049,2026-05-06 06:27:57.297
3721,226234,1,-50.77,-0.063,-50.77,-0.062,2026-05-06 06:27:57.297
3722,226297,2,50.77,0.063,50.77,0.062,2026-05-06 06:27:57.297
3723,226356,3,-90.0,0.049,-90.0,0.049,2026-05-06 06:27:57.297
3724,226417,1,-50.77,-0.063,-50.77,-0.063,2026-05-06 06:27:57.297
3725,226480,2,50.77,0.063,50.77,0.062,2026-05-06 06:27:57.297
3726,226540,1,-50.77,-0.063,-50.77,-0.063,2026-05-06 06:27:57.297
3727,226603,2,50.77,0.063,50.77,0.062,2026-05-06 06:27:57.297
3728,226662,3,-90.0,0.049,-90.0,0.048,2026-05-06 06:27:57.297
3729,226723,1,-50.77,-0.063,-50.77,-0.063,2026-05-06 06:27:57.297
3730,226786,2,50.77,0.063,50.77,0.062,2026-05-06 06:27:57.297
3731,226845,3,-90.0,0.049,-90.0,0.048,2026-05-06 06:27:57.297
3732,226906,1,-50.77,-0.063,-50.77,-0.063,2026-05-06 06:27:57.297
3733,226969,2,50.77,0.063,50.77,0.062,2026-05-06 06:27:57.297
3734,227028,1,-50.77,-0.063,-50.77,-0.062,2026-05-06 06:27:57.297
3735,227091,2,50.77,0.063,50.77,0.063,2026-05-06 06:27:57.297
3736,227150,3,-90.0,0.049,-90.0,0.049,2026-05-06 06:27:57.297
3737,227211,1,-50.77,-0.063,-50.77,-0.062,2026-05-06 06:27:57.297
3738,227274,2,50.77,0.063,50.77,0.063,2026-05-06 06:27:57.297
3739,227333,3,-90.0,0.049,-90.0,0.049,2026-05-06 06:27:57.297
3740,227394,1,-50.77,-0.063,-50.77,-0.062,2026-05-06 06:27:57.297
3741,227457,2,50.77,0.063,50.77,0.063,2026-05-06 06:27:57.297
3742,227516,1,-50.77,-0.063,-50.77,-0.063,2026-05-06 06:27:57.297
3743,227579,2,50.77,0.063,50.77,0.064,2026-05-06 06:27:57.297
3744,227638,3,-90.0,0.049,-90.0,0.049,2026-05-06 06:27:57.297
3745,227699,1,-50.77,-0.063,-50.77,-0.065,2026-05-06 06:27:57.297
3746,227762,2,50.77,0.063,50.77,0.063,2026-05-06 06:27:57.297
3747,227821,3,-90.0,0.049,-90.0,0.048,2026-05-06 06:27:57.297
3748,227882,1,-50.77,-0.063,-50.77,-0.065,2026-05-06 06:27:57.297
3749,227945,2,50.77,0.063,50.77,0.063,2026-05-06 06:27:57.297
3750,228003,3,-90.0,0.049,-90.0,0.049,2026-05-06 06:27:57.297
3751,228064,1,-50.77,-0.063,-50.77,-0.064,2026-05-06 06:27:57.297
3752,228127,2,50.77,0.063,50.77,0.063,2026-05-06 06:27:57.297
3753,228186,3,-90.0,0.049,-90.0,0.049,2026-05-06 06:27:57.297
3754,228247,1,-50.77,-0.063,-50.77,-0.064,2026-05-06 06:27:57.297
3755,228310,2,50.77,0.063,50.77,0.063,2026-05-06 06:27:57.297
3756,228369,3,-90.0,0.049,-90.0,0.049,2026-05-06 06:27:57.297
3757,228430,1,-50.77,-0.063,-50.77,-0.064,2026-05-06 06:27:57.297
3758,228493,1,-50.77,-0.063,-50.77,-0.064,2026-05-06 06:27:57.297
3759,228556,2,50.77,0.063,50.77,0.065,2026-05-06 06:27:57.297
3760,228615,3,-90.0,0.049,-90.0,0.049,2026-05-06 06:27:57.297
3761,228676,1,-50.77,-0.063,-50.77,-0.064,2026-05-06 06:27:57.297
3762,228739,2,50.77,0.063,50.77,0.065,2026-05-06 06:27:57.297
3763,228798,3,-90.0,0.049,-90.0,0.049,2026-05-06 06:27:57.297
3764,228859,1,-50.77,-0.063,-50.77,-0.064,2026-05-06 06:27:57.297
3765,228922,2,50.77,0.063,50.77,0.065,2026-05-06 06:27:57.297
3766,228981,1,-50.77,-0.063,-50.77,-0.064,2026-05-06 06:27:57.297
3767,229044,2,50.77,0.063,50.77,0.063,2026-05-06 06:27:57.297
3768,229103,3,-90.0,0.049,-90.0,0.05,2026-05-06 06:27:57.297
3769,229164,1,-50.77,-0.063,-50.77,-0.064,2026-05-06 06:27:57.297
3770,229227,2,50.77,0.063,50.77,0.063,2026-05-06 06:27:57.297
3771,229286,3,-90.0,0.049,-90.0,0.05,2026-05-06 06:27:57.297
3772,229347,1,-50.77,-0.063,-50.77,-0.064,2026-05-06 06:27:57.297
3773,229410,2,50.77,0.063,50.77,0.063,2026-05-06 06:27:57.297
3774,229468,1,-50.77,-0.063,-50.77,-0.063,2026-05-06 06:27:57.297
3775,229531,2,50.77,0.063,50.77,0.062,2026-05-06 06:27:57.297
3776,229590,3,-90.0,0.049,-90.0,0.049,2026-05-06 06:27:57.297
3777,229717,2,50.77,0.063,50.77,0.063,2026-05-06 06:27:57.297
3778,229776,3,-90.0,0.049,-90.0,0.048,2026-05-06 06:27:57.297
3779,229837,1,-50.77,-0.063,-50.77,-0.063,2026-05-06 06:27:57.297
3780,229900,2,50.77,0.063,50.77,0.063,2026-05-06 06:27:57.297
3781,229960,1,-50.77,-0.063,-50.77,-0.063,2026-05-06 06:27:57.297
3782,230023,2,50.77,0.063,50.77,0.063,2026-05-06 06:27:57.297
3783,230082,3,-90.0,0.049,-90.0,0.048,2026-05-06 06:27:57.297
3784,230143,1,-50.77,-0.063,-50.77,-0.063,2026-05-06 06:27:57.297
3785,230206,2,50.77,0.063,50.77,0.063,2026-05-06 06:27:57.297
3786,230265,3,-90.0,0.049,-90.0,0.048,2026-05-06 06:27:57.297
3787,230326,1,-50.77,-0.063,-50.77,-0.063,2026-05-06 06:27:57.297
3788,230389,2,50.77,0.063,50.77,0.063,2026-05-06 06:27:57.297
3789,230448,1,-50.77,-0.063,-50.77,-0.062,2026-05-06 06:27:57.297
3790,230511,2,50.77,0.063,50.77,0.062,2026-05-06 06:27:57.297
3791,230570,3,-90.0,0.049,-90.0,0.048,2026-05-06 06:27:57.297
3792,230631,1,-50.77,-0.063,-50.77,-0.062,2026-05-06 06:27:57.297
3793,230694,2,50.77,0.063,50.77,0.062,2026-05-06 06:27:57.297
3794,230753,3,-90.0,0.049,-90.0,0.048,2026-05-06 06:27:57.297
3795,230814,1,-50.77,-0.063,-50.77,-0.062,2026-05-06 06:27:57.297
3796,230877,2,50.77,0.063,50.77,0.062,2026-05-06 06:27:57.297
3797,230936,1,-50.77,-0.063,-50.77,-0.062,2026-05-06 06:27:57.297
3798,230999,2,50.77,0.063,50.77,0.063,2026-05-06 06:27:57.297
3799,231058,3,-90.0,0.049,-90.0,0.048,2026-05-06 06:27:57.297
3800,231119,1,-50.77,-0.063,-50.77,-0.062,2026-05-06 06:27:57.297
3801,231182,2,50.77,0.063,50.77,0.063,2026-05-06 06:27:57.297
3802,231241,3,-90.0,0.049,-90.0,0.048,2026-05-06 06:27:57.297
3803,231302,1,-50.77,-0.063,-50.77,-0.062,2026-05-06 06:27:57.297
3804,231365,2,50.77,0.063,50.77,0.063,2026-05-06 06:27:57.297
3805,231423,3,-90.0,0.049,-90.0,0.049,2026-05-06 06:27:57.297
3806,231484,1,-50.77,-0.063,-50.77,-0.063,2026-05-06 06:27:57.297
3807,231547,2,50.77,0.063,50.77,0.064,2026-05-06 06:27:57.297
3808,231606,3,-90.0,0.049,-90.0,0.049,2026-05-06 06:27:57.297
3809,231667,1,-50.77,-0.063,-50.77,-0.064,2026-05-06 06:27:57.297
3810,231730,2,50.77,0.063,50.77,0.063,2026-05-06 06:27:57.297
3811,231789,3,-90.0,0.049,-90.0,0.05,2026-05-06 06:27:57.297
3812,231850,1,-50.77,-0.063,-50.77,-0.064,2026-05-06 06:27:57.297
3813,231914,1,-50.77,-0.063,-50.77,-0.064,2026-05-06 06:27:57.297
3814,231977,2,50.77,0.063,50.77,0.064,2026-05-06 06:27:57.297
3815,232036,3,-90.0,0.049,-90.0,0.05,2026-05-06 06:27:57.297
3816,232097,1,-50.77,-0.063,-50.77,-0.064,2026-05-06 06:27:57.297
3817,232160,2,50.77,0.063,50.77,0.064,2026-05-06 06:27:57.297
3818,232219,3,-90.0,0.049,-90.0,0.05,2026-05-06 06:27:57.297
3819,232280,1,-50.77,-0.063,-50.77,-0.064,2026-05-06 06:27:57.297
3820,232343,2,50.77,0.063,50.77,0.064,2026-05-06 06:27:57.297
3821,232402,1,-50.77,-0.063,-50.77,-0.064,2026-05-06 06:27:57.297
3822,232465,2,50.77,0.063,50.77,0.065,2026-05-06 06:27:57.297
3823,232524,3,-90.0,0.049,-90.0,0.049,2026-05-06 06:27:57.297
3824,232585,1,-50.77,-0.063,-50.77,-0.065,2026-05-06 06:27:57.297
3825,232648,2,50.77,0.063,50.77,0.064,2026-05-06 06:27:57.297
3826,232707,3,-90.0,0.049,-90.0,0.05,2026-05-06 06:27:57.297
3827,232768,1,-50.77,-0.063,-50.77,-0.065,2026-05-06 06:27:57.297
3828,232831,2,50.77,0.063,50.77,0.064,2026-05-06 06:27:57.297
3829,232890,1,-50.77,-0.063,-50.77,-0.064,2026-05-06 06:27:57.297
3830,232953,2,50.77,0.063,50.77,0.065,2026-05-06 06:27:57.297
3831,233012,3,-90.0,0.049,-90.0,0.05,2026-05-06 06:27:57.297
3832,233073,1,-50.77,-0.063,-50.77,-0.064,2026-05-06 06:27:57.297
3833,233136,2,50.77,0.063,50.77,0.063,2026-05-06 06:27:57.297
3834,233195,3,-90.0,0.049,-90.0,0.05,2026-05-06 06:27:57.297
3835,233256,1,-50.77,-0.063,-50.77,-0.064,2026-05-06 06:27:57.297
3836,233319,2,50.77,0.063,50.77,0.063,2026-05-06 06:27:57.297
3837,233378,1,-50.77,-0.063,-50.77,-0.064,2026-05-06 06:27:58.003
3838,233441,2,50.77,0.063,50.78,0.064,2026-05-06 06:27:58.003
3839,233500,3,-90.0,0.049,-90.0,0.049,2026-05-06 06:27:58.003
3840,233561,1,-50.77,-0.063,-50.77,-0.064,2026-05-06 06:27:58.003
3841,233624,2,50.77,0.063,50.78,0.064,2026-05-06 06:27:58.003
3842,233683,3,-90.0,0.049,-90.0,0.049,2026-05-06 06:27:58.003
3843,233744,1,-50.77,-0.063,-50.77,-0.064,2026-05-06 06:27:58.003
3844,233807,2,50.77,0.063,50.78,0.064,2026-05-06 06:27:58.003
3845,233866,1,-50.77,-0.063,-50.77,-0.065,2026-05-06 06:27:58.003
3846,233929,2,50.77,0.063,50.78,0.063,2026-05-06 06:27:58.003
3847,233988,3,-90.0,0.049,-90.0,0.049,2026-05-06 06:27:58.003
3848,234049,1,-50.77,-0.063,-50.77,-0.065,2026-05-06 06:27:58.003
3849,234112,2,50.77,0.063,50.78,0.063,2026-05-06 06:27:58.003
3850,234171,3,-90.0,0.049,-90.0,0.049,2026-05-06 06:27:58.003
3851,234232,1,-50.77,-0.063,-50.77,-0.065,2026-05-06 06:27:58.003
3852,234295,2,50.77,0.063,50.78,0.063,2026-05-06 06:27:58.003
3853,234354,1,-50.77,-0.063,-50.77,-0.065,2026-05-06 06:27:58.003
3854,234417,2,50.77,0.063,50.78,0.063,2026-05-06 06:27:58.003
3855,234476,3,-90.0,0.049,-90.0,0.049,2026-05-06 06:27:58.003
3856,234537,1,-50.77,-0.063,-50.77,-0.064,2026-05-06 06:27:58.003
3857,234600,2,50.77,0.063,50.78,0.064,2026-05-06 06:27:58.003
3858,234659,3,-90.0,0.049,-90.0,0.049,2026-05-06 06:27:58.003
3859,234720,1,-50.77,-0.063,-50.77,-0.064,2026-05-06 06:27:58.003
3860,234783,2,50.77,0.063,50.78,0.064,2026-05-06 06:27:58.003
3861,234842,2,50.77,0.063,50.78,0.063,2026-05-06 06:27:58.003
3862,234901,3,-90.0,0.049,-90.0,0.049,2026-05-06 06:27:58.003
3863,234962,1,-50.77,-0.063,-50.77,-0.064,2026-05-06 06:27:58.003
3864,235025,2,50.77,0.063,50.78,0.063,2026-05-06 06:27:58.003
3865,235084,3,-90.0,0.049,-90.0,0.049,2026-05-06 06:27:58.003
3866,235145,1,-50.77,-0.063,-50.77,-0.064,2026-05-06 06:27:58.003
3867,235208,2,50.77,0.063,50.78,0.063,2026-05-06 06:27:58.003
3868,235267,3,-90.0,0.049,-90.0,0.049,2026-05-06 06:27:58.003
3869,235329,1,-50.77,-0.063,-50.77,-0.064,2026-05-06 06:27:58.003
3870,235392,2,50.77,0.063,50.78,0.063,2026-05-06 06:27:58.003
3871,235451,3,-90.0,0.049,-90.0,0.049,2026-05-06 06:27:58.003
3872,235512,1,-50.77,-0.063,-50.77,-0.064,2026-05-06 06:27:58.003
3873,235575,2,50.77,0.063,50.78,0.063,2026-05-06 06:27:58.003
3874,235634,3,-90.0,0.049,-90.0,0.049,2026-05-06 06:27:58.003
3875,235695,1,-50.77,-0.063,-50.77,-0.064,2026-05-06 06:27:58.003
3876,235758,2,50.77,0.063,50.78,0.063,2026-05-06 06:27:58.003
3877,235817,1,-50.77,-0.063,-50.77,-0.064,2026-05-06 06:27:58.003
3878,235880,2,50.77,0.063,50.78,0.064,2026-05-06 06:27:58.003
3879,235939,3,-90.0,0.049,-90.0,0.049,2026-05-06 06:27:58.003
3880,236000,1,-50.77,-0.063,-50.77,-0.064,2026-05-06 06:27:58.003
3881,236063,2,50.77,0.063,50.78,0.064,2026-05-06 06:27:58.003
3882,236122,3,-90.0,0.049,-90.0,0.049,2026-05-06 06:27:58.003
3883,236183,1,-50.77,-0.063,-50.77,-0.064,2026-05-06 06:27:58.003
3884,236246,2,50.77,0.063,50.78,0.064,2026-05-06 06:27:58.003
3885,236305,1,-50.77,-0.063,-50.77,-0.064,2026-05-06 06:27:58.003
3886,236368,2,50.77,0.063,50.78,0.063,2026-05-06 06:27:58.003
3887,236427,3,-90.0,0.049,-90.0,0.05,2026-05-06 06:27:58.003
3888,236488,1,-50.77,-0.063,-50.77,-0.064,2026-05-06 06:27:58.003
3889,236551,2,50.77,0.063,50.78,0.063,2026-05-06 06:27:58.003
3890,236610,3,-90.0,0.049,-90.0,0.05,2026-05-06 06:27:58.003
3891,236671,1,-50.77,-0.063,-50.77,-0.064,2026-05-06 06:27:58.003
3892,236734,2,50.77,0.063,50.78,0.064,2026-05-06 06:27:58.003
3893,236793,1,-50.77,-0.063,-50.77,-0.064,2026-05-06 06:27:58.003
3894,236856,2,50.77,0.063,50.78,0.064,2026-05-06 06:27:58.003
3895,236915,3,-90.0,0.049,-90.0,0.05,2026-05-06 06:27:58.003
3896,236976,1,-50.77,-0.063,-50.77,-0.064,2026-05-06 06:27:58.003
3897,237039,2,50.77,0.063,50.78,0.064,2026-05-06 06:27:58.003
3898,237098,3,-90.0,0.049,-90.0,0.05,2026-05-06 06:27:58.003
3899,237159,1,-50.77,-0.063,-50.77,-0.064,2026-05-06 06:27:58.003
3900,237222,2,50.77,0.063,50.78,0.065,2026-05-06 06:27:58.003
3901,237281,1,-50.77,-0.063,-50.77,-0.064,2026-05-06 06:27:58.003
3902,237344,2,50.77,0.063,50.78,0.065,2026-05-06 06:27:58.003
3903,237403,3,-90.0,0.049,-90.0,0.049,2026-05-06 06:27:58.003
3904,237530,2,50.77,0.063,50.78,0.065,2026-05-06 06:27:58.003
3905,237589,3,-90.0,0.049,-90.0,0.049,2026-05-06 06:27:58.003
3906,237650,1,-50.77,-0.063,-50.77,-0.064,2026-05-06 06:27:58.003
3907,237713,2,50.77,0.063,50.78,0.065,2026-05-06 06:27:58.003
3908,237772,1,-50.77,-0.063,-50.77,-0.064,2026-05-06 06:27:58.003
3909,237835,2,50.77,0.063,50.78,0.063,2026-05-06 06:27:58.003
3910,237894,3,-90.0,0.049,-90.0,0.049,2026-05-06 06:27:58.003
3911,237955,1,-50.77,-0.063,-50.77,-0.064,2026-05-06 06:27:58.003
3912,238018,2,50.77,0.063,50.78,0.063,2026-05-06 06:27:58.003
3913,238077,3,-90.0,0.049,-90.0,0.049,2026-05-06 06:27:58.003
3914,238138,1,-50.77,-0.063,-50.77,-0.064,2026-05-06 06:27:58.003
3915,238201,2,50.77,0.063,50.78,0.063,2026-05-06 06:27:58.003
3916,238259,3,-90.0,0.049,-90.0,0.049,2026-05-06 06:27:58.003
3917,238320,1,-50.77,-0.063,-50.77,-0.063,2026-05-06 06:27:58.003
3918,238383,2,50.77,0.063,50.77,0.064,2026-05-06 06:27:58.003
3919,238442,3,-90.0,0.049,-90.0,0.049,2026-05-06 06:27:58.003
3920,238503,1,-50.77,-0.063,-50.77,-0.063,2026-05-06 06:27:58.003
3921,238566,2,50.77,0.063,50.77,0.064,2026-05-06 06:27:58.003
3922,238625,3,-90.0,0.049,-90.0,0.05,2026-05-06 06:27:58.003
3923,238686,1,-50.77,-0.063,-50.77,-0.063,2026-05-06 06:27:58.003
3924,238749,1,-50.77,-0.063,-50.77,-0.063,2026-05-06 06:27:58.003
3925,238812,2,50.77,0.063,50.77,0.064,2026-05-06 06:27:58.003
3926,238871,3,-90.0,0.049,-90.0,0.048,2026-05-06 06:27:58.003
3927,238932,1,-50.77,-0.063,-50.77,-0.063,2026-05-06 06:27:58.003
3928,238995,2,50.77,0.063,50.77,0.064,2026-05-06 06:27:58.003
3929,239054,3,-90.0,0.049,-90.0,0.048,2026-05-06 06:27:58.003
3930,239115,1,-50.77,-0.063,-50.77,-0.063,2026-05-06 06:27:58.003
3931,239178,2,50.77,0.063,50.77,0.064,2026-05-06 06:27:58.003
3932,239237,1,-50.77,-0.063,-50.77,-0.064,2026-05-06 06:27:58.003
3933,239300,2,50.77,0.063,50.77,0.064,2026-05-06 06:27:58.003
3934,239359,3,-90.0,0.049,-90.0,0.05,2026-05-06 06:27:58.003
3935,239420,1,-50.77,-0.063,-50.77,-0.064,2026-05-06 06:27:58.003
3936,239483,2,50.77,0.063,50.77,0.064,2026-05-06 06:27:58.003
3937,239542,3,-90.0,0.049,-90.0,0.05,2026-05-06 06:27:58.003
3938,239603,1,-50.77,-0.063,-50.77,-0.064,2026-05-06 06:27:58.003
3939,239666,2,50.77,0.063,50.77,0.064,2026-05-06 06:27:58.003
3940,239724,1,-50.77,-0.063,-50.77,-0.064,2026-05-06 06:27:58.003
3941,239787,2,50.77,0.063,50.77,0.065,2026-05-06 06:27:58.003
3942,239846,3,-90.0,0.049,-90.0,0.05,2026-05-06 06:27:58.003
3943,239907,1,-50.77,-0.063,-50.77,-0.064,2026-05-06 06:27:58.003
3944,239970,2,50.77,0.063,50.77,0.065,2026-05-06 06:27:58.003
3945,240029,3,-90.0,0.049,-90.0,0.05,2026-05-06 06:27:58.003
3946,240090,1,-50.77,-0.063,-50.77,-0.064,2026-05-06 06:27:58.003
3947,240153,2,50.77,0.063,50.77,0.064,2026-05-06 06:27:58.003
3948,240213,1,-50.77,-0.063,-50.77,-0.065,2026-05-06 06:27:58.003
3949,240276,2,50.77,0.063,50.77,0.064,2026-05-06 06:27:58.003
3950,240335,3,-90.0,0.049,-90.0,0.05,2026-05-06 06:27:58.003
3951,240396,1,-50.77,-0.063,-50.77,-0.065,2026-05-06 06:27:58.003
3952,240459,2,50.77,0.063,50.77,0.064,2026-05-06 06:27:58.003
3953,240518,3,-90.0,0.049,-90.0,0.05,2026-05-06 06:27:58.003
3954,240579,1,-50.77,-0.063,-50.77,-0.065,2026-05-06 06:27:58.003
3955,240642,2,50.77,0.063,50.77,0.064,2026-05-06 06:27:58.003
3956,240701,1,-50.77,-0.063,-50.78,-0.062,2026-05-06 06:27:58.003
3957,240764,2,50.77,0.063,50.77,0.064,2026-05-06 06:27:58.003
3958,240823,3,-90.0,0.049,-90.0,0.049,2026-05-06 06:27:58.003
3959,240884,1,-50.77,-0.063,-50.78,-0.062,2026-05-06 06:27:58.003
3960,240947,2,50.77,0.063,50.77,0.064,2026-05-06 06:27:58.003
3961,241006,3,-90.0,0.049,-90.0,0.049,2026-05-06 06:27:58.003
3962,241067,1,-50.77,-0.063,-50.78,-0.062,2026-05-06 06:27:58.003
3963,241130,2,50.77,0.063,50.77,0.064,2026-05-06 06:27:58.003
3964,241189,1,-50.77,-0.063,-50.78,-0.063,2026-05-06 06:27:58.003
3965,241252,2,50.77,0.063,50.77,0.063,2026-05-06 06:27:58.003
3966,241311,3,-90.0,0.049,-90.0,0.049,2026-05-06 06:27:58.003
3967,241372,1,-50.77,-0.063,-50.78,-0.063,2026-05-06 06:27:58.003
3968,241435,2,50.77,0.063,50.77,0.063,2026-05-06 06:27:58.003
3969,241494,3,-90.0,0.049,-90.0,0.049,2026-05-06 06:27:58.714
3970,241555,1,-50.77,-0.063,-50.78,-0.063,2026-05-06 06:27:58.714
3971,241618,2,50.77,0.063,50.77,0.063,2026-05-06 06:27:58.714
3972,241676,3,-90.0,0.049,-90.0,0.049,2026-05-06 06:27:58.714
3973,241737,1,-50.77,-0.063,-50.78,-0.062,2026-05-06 06:27:58.714
3974,241800,2,50.77,0.063,50.77,0.063,2026-05-06 06:27:58.714
3975,241859,3,-90.0,0.049,-90.0,0.049,2026-05-06 06:27:58.714
3976,241920,1,-50.77,-0.063,-50.78,-0.062,2026-05-06 06:27:58.714
3977,241983,2,50.77,0.063,50.77,0.063,2026-05-06 06:27:58.714
3978,242042,3,-90.0,0.049,-90.0,0.049,2026-05-06 06:27:58.714
3979,242103,1,-50.77,-0.063,-50.78,-0.062,2026-05-06 06:27:58.714
3980,242167,1,-50.77,-0.063,-50.77,-0.062,2026-05-06 06:27:58.714
3981,242230,2,50.77,0.063,50.77,0.063,2026-05-06 06:27:58.714
3982,242289,3,-90.0,0.049,-90.0,0.049,2026-05-06 06:27:58.714
3983,242350,1,-50.77,-0.063,-50.77,-0.062,2026-05-06 06:27:58.714
3984,242413,2,50.77,0.063,50.77,0.063,2026-05-06 06:27:58.714
3985,242472,3,-90.0,0.049,-90.0,0.049,2026-05-06 06:27:58.714
3986,242533,1,-50.77,-0.063,-50.77,-0.062,2026-05-06 06:27:58.714
3987,242596,2,50.77,0.063,50.77,0.063,2026-05-06 06:27:58.714
3988,242655,1,-50.77,-0.063,-50.77,-0.063,2026-05-06 06:27:58.714
3989,242718,2,50.77,0.063,50.77,0.063,2026-05-06 06:27:58.714
3990,242777,3,-90.0,0.049,-90.0,0.05,2026-05-06 06:27:58.714
3991,242838,1,-50.77,-0.063,-50.77,-0.064,2026-05-06 06:27:58.714
3992,242901,2,50.77,0.063,50.77,0.062,2026-05-06 06:27:58.714
3993,242960,3,-90.0,0.049,-90.0,0.049,2026-05-06 06:27:58.714
3994,243021,1,-50.77,-0.063,-50.77,-0.064,2026-05-06 06:27:58.714
3995,243084,2,50.77,0.063,50.77,0.062,2026-05-06 06:27:58.714
3996,243142,1,-50.77,-0.063,-50.77,-0.063,2026-05-06 06:27:58.714
3997,243205,2,50.77,0.063,50.77,0.064,2026-05-06 06:27:58.714
3998,243264,3,-90.0,0.049,-90.0,0.049,2026-05-06 06:27:58.714
3999,243325,1,-50.77,-0.063,-50.77,-0.063,2026-05-06 06:27:58.714
4000,243388,2,50.77,0.063,50.77,0.064,2026-05-06 06:27:58.714
4001,243447,3,-90.0,0.049,-90.0,0.049,2026-05-06 06:27:58.714
4002,243508,1,-50.77,-0.063,-50.77,-0.063,2026-05-06 06:27:58.714
4003,243571,2,50.77,0.063,50.77,0.064,2026-05-06 06:27:58.714
4004,243631,1,-50.77,-0.063,-50.77,-0.063,2026-05-06 06:27:58.714
4005,243694,2,50.77,0.063,50.77,0.064,2026-05-06 06:27:58.714
4006,243753,3,-90.0,0.049,-90.0,0.049,2026-05-06 06:27:58.714
4007,243814,1,-50.77,-0.063,-50.77,-0.063,2026-05-06 06:27:58.714
4008,243877,2,50.77,0.063,50.77,0.064,2026-05-06 06:27:58.714
4009,243936,3,-90.0,0.049,-90.0,0.049,2026-05-06 06:27:58.714
4010,243997,1,-50.77,-0.063,-50.77,-0.063,2026-05-06 06:27:58.714
4011,244060,2,50.77,0.063,50.77,0.063,2026-05-06 06:27:58.714
4012,244119,1,-50.77,-0.063,-50.77,-0.063,2026-05-06 06:27:58.714
4013,244182,2,50.77,0.063,50.77,0.063,2026-05-06 06:27:58.714
4014,244241,3,-90.0,0.049,-90.0,0.049,2026-05-06 06:27:58.714
4015,244302,1,-50.77,-0.063,-50.77,-0.063,2026-05-06 06:27:58.714
4016,244365,2,50.77,0.063,50.77,0.063,2026-05-06 06:27:58.714
4017,244424,3,-90.0,0.049,-90.0,0.049,2026-05-06 06:27:58.714
4018,244485,1,-50.77,-0.063,-50.77,-0.063,2026-05-06 06:27:58.714
4019,244548,2,50.77,0.063,50.77,0.063,2026-05-06 06:27:58.714
4020,244607,1,-50.77,-0.063,-50.77,-0.063,2026-05-06 06:27:58.714
4021,244670,2,50.77,0.063,50.77,0.063,2026-05-06 06:27:58.714
4022,244729,3,-90.0,0.049,-90.0,0.05,2026-05-06 06:27:58.714
4023,244790,1,-50.77,-0.063,-50.77,-0.063,2026-05-06 06:27:58.714
4024,244853,2,50.77,0.063,50.77,0.063,2026-05-06 06:27:58.714
4025,244912,3,-90.0,0.049,-90.0,0.05,2026-05-06 06:27:58.714
4026,244973,1,-50.77,-0.063,-50.77,-0.063,2026-05-06 06:27:58.714
4027,245036,2,50.77,0.063,50.77,0.063,2026-05-06 06:27:58.714
4028,245094,3,-90.0,0.049,-90.0,0.049,2026-05-06 06:27:58.714
4029,245155,1,-50.77,-0.063,-50.77,-0.062,2026-05-06 06:27:58.714
4030,245218,2,50.77,0.063,50.77,0.063,2026-05-06 06:27:58.714
4031,245341,1,-50.77,-0.063,-50.77,-0.062,2026-05-06 06:27:58.714
4032,245404,2,50.77,0.063,50.77,0.063,2026-05-06 06:27:58.714
4033,245463,3,-90.0,0.049,-90.0,0.049,2026-05-06 06:27:58.714
4034,245524,1,-50.77,-0.063,-50.77,-0.063,2026-05-06 06:27:58.714
4035,245587,1,-50.77,-0.063,-50.77,-0.062,2026-05-06 06:27:58.714
4036,245650,2,50.77,0.063,50.77,0.063,2026-05-06 06:27:58.714
4037,245709,3,-90.0,0.049,-90.0,0.048,2026-05-06 06:27:58.714
4038,245770,1,-50.77,-0.063,-50.77,-0.062,2026-05-06 06:27:58.714
4039,245833,2,50.77,0.063,50.77,0.063,2026-05-06 06:27:58.714
4040,245892,3,-90.0,0.049,-90.0,0.048,2026-05-06 06:27:58.714
4041,245953,1,-50.77,-0.063,-50.77,-0.062,2026-05-06 06:27:58.714
4042,246016,2,50.77,0.063,50.77,0.063,2026-05-06 06:27:58.714
4043,246075,1,-50.77,-0.063,-50.77,-0.062,2026-05-06 06:27:58.714
4044,246138,2,50.77,0.063,50.77,0.062,2026-05-06 06:27:58.714
4045,246197,3,-90.0,0.049,-90.0,0.047,2026-05-06 06:27:58.714
4046,246258,1,-50.77,-0.063,-50.77,-0.062,2026-05-06 06:27:58.714
4047,246321,2,50.77,0.063,50.77,0.062,2026-05-06 06:27:58.714
4048,246380,3,-90.0,0.049,-90.0,0.048,2026-05-06 06:27:58.714
4049,246441,1,-50.77,-0.063,-50.77,-0.062,2026-05-06 06:27:58.714
4050,246504,2,50.77,0.063,50.77,0.062,2026-05-06 06:27:58.714
4051,246563,1,-50.77,-0.063,-50.77,-0.063,2026-05-06 06:27:58.714
4052,246626,2,50.77,0.063,50.77,0.063,2026-05-06 06:27:58.714
4053,246685,3,-90.0,0.049,-90.0,0.048,2026-05-06 06:27:58.714
4054,246746,1,-50.77,-0.063,-50.77,-0.063,2026-05-06 06:27:58.714
4055,246809,2,50.77,0.063,50.77,0.063,2026-05-06 06:27:58.714
4056,246868,3,-90.0,0.049,-90.0,0.048,2026-05-06 06:27:58.714
4057,246929,1,-50.77,-0.063,-50.77,-0.063,2026-05-06 06:27:58.714
4058,246992,2,50.77,0.063,50.77,0.062,2026-05-06 06:27:58.714
4059,247051,1,-50.77,-0.063,-50.77,-0.063,2026-05-06 06:27:58.714
4060,247114,2,50.77,0.063,50.77,0.061,2026-05-06 06:27:58.714
4061,247173,3,-90.0,0.049,-90.0,0.049,2026-05-06 06:27:58.714
4062,247234,1,-50.77,-0.063,-50.77,-0.063,2026-05-06 06:27:58.714
4063,247297,2,50.77,0.063,50.77,0.061,2026-05-06 06:27:58.714
4064,247356,3,-90.0,0.049,-90.0,0.049,2026-05-06 06:27:58.714
4065,247417,1,-50.77,-0.063,-50.77,-0.063,2026-05-06 06:27:58.714
4066,247480,2,50.77,0.063,50.77,0.061,2026-05-06 06:27:58.714
4067,247539,1,-50.77,-0.063,-50.78,-0.062,2026-05-06 06:27:58.714
4068,247602,2,50.77,0.063,50.77,0.063,2026-05-06 06:27:58.714
4069,247661,3,-90.0,0.049,-90.0,0.049,2026-05-06 06:27:58.714
4070,247722,1,-50.77,-0.063,-50.78,-0.062,2026-05-06 06:27:58.714
4071,247785,2,50.77,0.063,50.77,0.063,2026-05-06 06:27:58.714
4072,247844,3,-90.0,0.049,-90.0,0.049,2026-05-06 06:27:58.714
4073,247905,1,-50.77,-0.063,-50.78,-0.062,2026-05-06 06:27:58.714
4074,247968,2,50.77,0.063,50.77,0.063,2026-05-06 06:27:58.714
4075,248027,1,-50.77,-0.063,-50.78,-0.063,2026-05-06 06:27:58.714
4076,248090,2,50.77,0.063,50.77,0.063,2026-05-06 06:27:58.714
4077,248149,3,-90.0,0.049,-90.0,0.049,2026-05-06 06:27:58.714
4078,248210,1,-50.77,-0.063,-50.78,-0.062,2026-05-06 06:27:58.714
4079,248273,2,50.77,0.063,50.77,0.062,2026-05-06 06:27:58.714
4080,248332,3,-90.0,0.049,-90.0,0.05,2026-05-06 06:27:58.714
4081,248393,1,-50.77,-0.063,-50.78,-0.062,2026-05-06 06:27:58.714
4082,248456,2,50.77,0.063,50.77,0.062,2026-05-06 06:27:58.714
4083,248514,3,-90.0,0.049,-89.99,0.049,2026-05-06 06:27:58.714
4084,248575,1,-50.77,-0.063,-50.78,-0.063,2026-05-06 06:27:58.714
4085,248638,2,50.77,0.063,50.77,0.063,2026-05-06 06:27:58.714
4086,248697,3,-90.0,0.049,-89.99,0.049,2026-05-06 06:27:58.714
4087,248758,1,-50.77,-0.063,-50.78,-0.063,2026-05-06 06:27:58.714
4088,248821,2,50.77,0.063,50.77,0.063,2026-05-06 06:27:58.714
4089,248880,3,-90.0,0.049,-89.99,0.049,2026-05-06 06:27:58.714
4090,248941,1,-50.77,-0.063,-50.78,-0.063,2026-05-06 06:27:58.714
4091,249005,1,-50.77,-0.063,-50.78,-0.065,2026-05-06 06:27:58.714
4092,249068,2,50.77,0.063,50.77,0.063,2026-05-06 06:27:58.714
4093,249127,3,-90.0,0.049,-89.99,0.049,2026-05-06 06:27:58.714
4094,249188,1,-50.77,-0.063,-50.78,-0.065,2026-05-06 06:27:58.714
4095,249251,2,50.77,0.063,50.77,0.063,2026-05-06 06:27:58.714
4096,249310,3,-90.0,0.049,-89.99,0.049,2026-05-06 06:27:58.714
4097,249371,1,-50.77,-0.063,-50.78,-0.065,2026-05-06 06:27:58.714
4098,249434,2,50.77,0.063,50.77,0.063,2026-05-06 06:27:58.714
4099,249493,1,-50.77,-0.063,-50.78,-0.064,2026-05-06 06:27:58.714
4100,249556,2,50.77,0.063,50.77,0.063,2026-05-06 06:27:59.425
4101,249615,3,-90.0,0.049,-90.0,0.049,2026-05-06 06:27:59.425
4102,249676,1,-50.77,-0.063,-50.78,-0.063,2026-05-06 06:27:59.425
4103,249739,2,50.77,0.063,50.77,0.063,2026-05-06 06:27:59.425
4104,249798,3,-90.0,0.049,-90.0,0.049,2026-05-06 06:27:59.425
4105,249859,1,-50.77,-0.063,-50.78,-0.063,2026-05-06 06:27:59.425
4106,249922,2,50.77,0.063,50.77,0.063,2026-05-06 06:27:59.425
4107,249981,1,-50.77,-0.063,-50.78,-0.064,2026-05-06 06:27:59.425
4108,250044,2,50.77,0.063,50.77,0.063,2026-05-06 06:27:59.425
4109,250103,3,-90.0,0.049,-90.0,0.049,2026-05-06 06:27:59.425
4110,250164,1,-50.77,-0.063,-50.78,-0.063,2026-05-06 06:27:59.425
4111,250227,2,50.77,0.063,50.77,0.064,2026-05-06 06:27:59.425
4112,250286,3,-90.0,0.049,-90.0,0.049,2026-05-06 06:27:59.425
4113,250347,1,-50.77,-0.063,-50.78,-0.063,2026-05-06 06:27:59.425
4114,250410,2,50.77,0.063,50.77,0.064,2026-05-06 06:27:59.425
4115,250469,1,-50.77,-0.063,-50.78,-0.063,2026-05-06 06:27:59.425
4116,250532,2,50.77,0.063,50.77,0.063,2026-05-06 06:27:59.425
4117,250591,3,-90.0,0.049,-90.0,0.048,2026-05-06 06:27:59.425
4118,250652,1,-50.77,-0.063,-50.78,-0.063,2026-05-06 06:27:59.425
4119,250715,2,50.77,0.063,50.77,0.063,2026-05-06 06:27:59.425
4120,250774,3,-90.0,0.049,-90.0,0.048,2026-05-06 06:27:59.425
4121,250835,1,-50.77,-0.063,-50.78,-0.063,2026-05-06 06:27:59.425
4122,250898,2,50.77,0.063,50.77,0.063,2026-05-06 06:27:59.425
4123,250957,1,-50.77,-0.063,-50.78,-0.062,2026-05-06 06:27:59.425
4124,251020,2,50.77,0.063,50.77,0.062,2026-05-06 06:27:59.425
4125,251079,3,-90.0,0.049,-90.0,0.048,2026-05-06 06:27:59.425
4126,251140,1,-50.77,-0.063,-50.78,-0.062,2026-05-06 06:27:59.425
4127,251203,2,50.77,0.063,50.77,0.062,2026-05-06 06:27:59.425
4128,251262,3,-90.0,0.049,-90.0,0.048,2026-05-06 06:27:59.425
4129,251323,1,-50.77,-0.063,-50.78,-0.062,2026-05-06 06:27:59.425
4130,251386,2,50.77,0.063,50.77,0.062,2026-05-06 06:27:59.425
4131,251445,1,-50.77,-0.063,-50.78,-0.063,2026-05-06 06:27:59.425
4132,251508,2,50.77,0.063,50.77,0.063,2026-05-06 06:27:59.425
4133,251567,3,-90.0,0.049,-90.0,0.048,2026-05-06 06:27:59.425
4134,251628,1,-50.77,-0.063,-50.77,-0.063,2026-05-06 06:27:59.425
4135,251691,2,50.77,0.063,50.77,0.062,2026-05-06 06:27:59.425
4136,251750,3,-90.0,0.049,-90.0,0.048,2026-05-06 06:27:59.425
4137,251811,1,-50.77,-0.063,-50.77,-0.063,2026-05-06 06:27:59.425
4138,251874,2,50.77,0.063,50.77,0.062,2026-05-06 06:27:59.425
4139,251933,1,-50.77,-0.063,-50.77,-0.063,2026-05-06 06:27:59.425
4140,251996,2,50.77,0.063,50.77,0.062,2026-05-06 06:27:59.425
4141,252055,3,-90.0,0.049,-90.0,0.048,2026-05-06 06:27:59.425
4142,252116,1,-50.77,-0.063,-50.77,-0.063,2026-05-06 06:27:59.425
4143,252179,2,50.77,0.063,50.77,0.062,2026-05-06 06:27:59.425
4144,252238,3,-90.0,0.049,-90.0,0.048,2026-05-06 06:27:59.425
4145,252299,1,-50.77,-0.063,-50.77,-0.063,2026-05-06 06:27:59.425
4146,252362,2,50.77,0.063,50.77,0.062,2026-05-06 06:27:59.425
4147,252421,1,-50.77,-0.063,-50.77,-0.062,2026-05-06 06:27:59.425
4148,252484,2,50.77,0.063,50.77,0.063,2026-05-06 06:27:59.425
4149,252543,3,-90.0,0.049,-90.0,0.049,2026-05-06 06:27:59.425
4150,252604,1,-50.77,-0.063,-50.77,-0.062,2026-05-06 06:27:59.425
4151,252667,2,50.77,0.063,50.77,0.063,2026-05-06 06:27:59.425
4152,252726,3,-90.0,0.049,-90.0,0.049,2026-05-06 06:27:59.425
4153,252787,1,-50.77,-0.063,-50.77,-0.062,2026-05-06 06:27:59.425
4154,252850,2,50.77,0.063,50.77,0.063,2026-05-06 06:27:59.425
4155,252909,1,-50.77,-0.063,-50.77,-0.062,2026-05-06 06:27:59.425
4156,252972,2,50.77,0.063,50.77,0.063,2026-05-06 06:27:59.425
4157,253031,3,-90.0,0.049,-90.0,0.049,2026-05-06 06:27:59.425
4158,253158,2,50.77,0.063,50.77,0.062,2026-05-06 06:27:59.425
4159,253217,3,-90.0,0.049,-90.0,0.05,2026-05-06 06:27:59.425
4160,253278,1,-50.77,-0.063,-50.77,-0.063,2026-05-06 06:27:59.425
4161,253341,2,50.77,0.063,50.77,0.062,2026-05-06 06:27:59.425
4162,253400,1,-50.77,-0.063,-50.77,-0.064,2026-05-06 06:27:59.425
4163,253463,2,50.77,0.063,50.77,0.063,2026-05-06 06:27:59.425
4164,253522,3,-90.0,0.049,-90.0,0.048,2026-05-06 06:27:59.425
4165,253583,1,-50.77,-0.063,-50.77,-0.064,2026-05-06 06:27:59.425
4166,253646,2,50.77,0.063,50.77,0.063,2026-05-06 06:27:59.425
4167,253705,3,-90.0,0.049,-90.0,0.048,2026-05-06 06:27:59.425
4168,253766,1,-50.77,-0.063,-50.77,-0.063,2026-05-06 06:27:59.425
4169,253829,2,50.77,0.063,50.77,0.064,2026-05-06 06:27:59.425
4170,253888,1,-50.77,-0.063,-50.77,-0.063,2026-05-06 06:27:59.425
4171,253951,2,50.77,0.063,50.78,0.064,2026-05-06 06:27:59.425
4172,254010,3,-90.0,0.049,-90.0,0.049,2026-05-06 06:27:59.425
4173,254071,1,-50.77,-0.063,-50.77,-0.063,2026-05-06 06:27:59.425
4174,254134,2,50.77,0.063,50.78,0.064,2026-05-06 06:27:59.425
4175,254193,3,-90.0,0.049,-90.0,0.049,2026-05-06 06:27:59.425
4176,254254,1,-50.77,-0.063,-50.77,-0.063,2026-05-06 06:27:59.425
4177,254317,2,50.77,0.063,50.78,0.064,2026-05-06 06:27:59.425
4178,254375,3,-90.0,0.049,-90.0,0.049,2026-05-06 06:27:59.425
4179,254436,1,-50.77,-0.063,-50.77,-0.064,2026-05-06 06:27:59.425
4180,254499,2,50.77,0.063,50.77,0.063,2026-05-06 06:27:59.425
4181,254558,3,-90.0,0.049,-90.0,0.049,2026-05-06 06:27:59.425
4182,254619,1,-50.77,-0.063,-50.77,-0.064,2026-05-06 06:27:59.425
4183,254682,2,50.77,0.063,50.77,0.063,2026-05-06 06:27:59.425
4184,254741,3,-90.0,0.049,-90.0,0.049,2026-05-06 06:27:59.425
4185,254802,1,-50.77,-0.063,-50.77,-0.064,2026-05-06 06:27:59.425
4186,254865,1,-50.77,-0.063,-50.77,-0.063,2026-05-06 06:27:59.425
4187,254928,2,50.77,0.063,50.77,0.063,2026-05-06 06:27:59.425
4188,254987,3,-90.0,0.049,-90.0,0.049,2026-05-06 06:27:59.425
4189,255048,1,-50.77,-0.063,-50.77,-0.063,2026-05-06 06:27:59.425
4190,255111,2,50.77,0.063,50.77,0.064,2026-05-06 06:27:59.425
4191,255170,3,-90.0,0.049,-90.0,0.048,2026-05-06 06:27:59.425
4192,255231,1,-50.77,-0.063,-50.77,-0.063,2026-05-06 06:27:59.425
4193,255294,2,50.77,0.063,50.77,0.064,2026-05-06 06:27:59.425
4194,255353,1,-50.77,-0.063,-50.77,-0.064,2026-05-06 06:27:59.425
4195,255416,2,50.77,0.063,50.78,0.064,2026-05-06 06:27:59.425
4196,255475,3,-90.0,0.049,-90.0,0.049,2026-05-06 06:27:59.425
4197,255536,1,-50.77,-0.063,-50.77,-0.064,2026-05-06 06:27:59.425
4198,255599,2,50.77,0.063,50.78,0.064,2026-05-06 06:27:59.425
4199,255658,3,-90.0,0.049,-90.0,0.049,2026-05-06 06:27:59.425
4200,255719,1,-50.77,-0.063,-50.77,-0.064,2026-05-06 06:27:59.425
4201,255782,2,50.77,0.063,50.78,0.064,2026-05-06 06:27:59.425
4202,255841,1,-50.77,-0.063,-50.77,-0.065,2026-05-06 06:27:59.425
4203,255904,2,50.77,0.063,50.78,0.063,2026-05-06 06:27:59.425
4204,255963,3,-90.0,0.049,-90.0,0.049,2026-05-06 06:27:59.425
4205,256024,1,-50.77,-0.063,-50.77,-0.065,2026-05-06 06:27:59.425
4206,256087,2,50.77,0.063,50.78,0.063,2026-05-06 06:27:59.425
4207,256146,3,-90.0,0.049,-90.0,0.049,2026-05-06 06:27:59.425
4208,256207,1,-50.77,-0.063,-50.77,-0.065,2026-05-06 06:27:59.425
4209,256270,2,50.77,0.063,50.78,0.063,2026-05-06 06:27:59.425
4210,256329,1,-50.77,-0.063,-50.77,-0.064,2026-05-06 06:27:59.425
4211,256392,2,50.77,0.063,50.78,0.064,2026-05-06 06:27:59.425
4212,256451,3,-90.0,0.049,-90.0,0.049,2026-05-06 06:27:59.425
4213,256512,1,-50.77,-0.063,-50.77,-0.063,2026-05-06 06:27:59.425
4214,256575,2,50.77,0.063,50.78,0.065,2026-05-06 06:27:59.425
4215,256634,3,-90.0,0.049,-90.0,0.049,2026-05-06 06:27:59.425
4216,256695,1,-50.77,-0.063,-50.77,-0.063,2026-05-06 06:27:59.425
4217,256758,2,50.77,0.063,50.78,0.065,2026-05-06 06:27:59.425
4218,256817,1,-50.77,-0.063,-50.77,-0.064,2026-05-06 06:27:59.425
4219,256880,2,50.77,0.063,50.78,0.065,2026-05-06 06:27:59.425
4220,256939,3,-90.0,0.049,-90.0,0.05,2026-05-06 06:27:59.425
4221,257000,1,-50.77,-0.063,-50.77,-0.065,2026-05-06 06:27:59.425
4222,257063,2,50.77,0.063,50.78,0.063,2026-05-06 06:27:59.425
4223,257122,3,-90.0,0.049,-90.0,0.049,2026-05-06 06:27:59.425
4224,257183,1,-50.77,-0.063,-50.77,-0.065,2026-05-06 06:27:59.425
4225,257246,2,50.77,0.063,50.78,0.063,2026-05-06 06:27:59.425
4226,257305,1,-50.77,-0.063,-50.77,-0.064,2026-05-06 06:27:59.425
4227,257368,2,50.77,0.063,50.78,0.063,2026-05-06 06:27:59.425
4228,257427,3,-90.0,0.049,-90.0,0.05,2026-05-06 06:27:59.425
4229,257488,1,-50.77,-0.063,-50.77,-0.064,2026-05-06 06:27:59.425
4230,257551,2,50.77,0.063,50.78,0.063,2026-05-06 06:27:59.425
4231,257610,3,-90.0,0.049,-90.0,0.05,2026-05-06 06:27:59.425
4232,257671,1,-50.77,-0.063,-50.77,-0.064,2026-05-06 06:28:00.147
4233,257734,2,50.77,0.063,50.78,0.063,2026-05-06 06:28:00.147
4234,257792,3,-90.0,0.049,-90.0,0.05,2026-05-06 06:28:00.147
4235,257853,1,-50.77,-0.063,-50.77,-0.063,2026-05-06 06:28:00.147
4236,257916,2,50.77,0.063,50.78,0.064,2026-05-06 06:28:00.147
4237,257975,3,-90.0,0.049,-90.0,0.049,2026-05-06 06:28:00.147
4238,258036,1,-50.77,-0.063,-50.77,-0.063,2026-05-06 06:28:00.147
4239,258099,2,50.77,0.063,50.78,0.064,2026-05-06 06:28:00.147
4240,258158,3,-90.0,0.049,-90.0,0.049,2026-05-06 06:28:00.147
4241,258219,1,-50.77,-0.063,-50.77,-0.063,2026-05-06 06:28:00.147
4242,258352,2,50.77,0.063,50.77,0.063,2026-05-06 06:28:00.147
4243,258411,3,-90.0,0.049,-90.0,0.048,2026-05-06 06:28:00.147
4244,258472,1,-50.77,-0.063,-50.77,-0.063,2026-05-06 06:28:00.147
4245,258535,2,50.77,0.063,50.77,0.063,2026-05-06 06:28:00.147
4246,258594,3,-90.0,0.049,-90.0,0.048,2026-05-06 06:28:00.147
4247,258655,1,-50.77,-0.063,-50.77,-0.063,2026-05-06 06:28:00.147
4248,258718,2,50.77,0.063,50.77,0.063,2026-05-06 06:28:00.147
4249,258777,1,-50.77,-0.063,-50.77,-0.063,2026-05-06 06:28:00.147
4250,258840,2,50.77,0.063,50.78,0.063,2026-05-06 06:28:00.147
4251,258899,3,-90.0,0.049,-90.0,0.048,2026-05-06 06:28:00.147
4252,258960,1,-50.77,-0.063,-50.77,-0.063,2026-05-06 06:28:00.147
4253,259023,2,50.77,0.063,50.78,0.063,2026-05-06 06:28:00.147
4254,259082,3,-90.0,0.049,-90.0,0.048,2026-05-06 06:28:00.147
4255,259143,1,-50.77,-0.063,-50.77,-0.063,2026-05-06 06:28:00.147
4256,259206,2,50.77,0.063,50.78,0.063,2026-05-06 06:28:00.147
4257,259265,1,-50.77,-0.063,-50.77,-0.063,2026-05-06 06:28:00.147
4258,259328,2,50.77,0.063,50.78,0.063,2026-05-06 06:28:00.147
4259,259387,3,-90.0,0.049,-90.0,0.048,2026-05-06 06:28:00.147
4260,259448,1,-50.77,-0.063,-50.77,-0.063,2026-05-06 06:28:00.147
4261,259511,2,50.77,0.063,50.78,0.063,2026-05-06 06:28:00.147
4262,259570,3,-90.0,0.049,-90.0,0.048,2026-05-06 06:28:00.147
4263,259631,1,-50.77,-0.063,-50.77,-0.063,2026-05-06 06:28:00.147
4264,259694,2,50.77,0.063,50.78,0.063,2026-05-06 06:28:00.147
4265,259753,1,-50.77,-0.063,-50.77,-0.064,2026-05-06 06:28:00.147
4266,259816,2,50.77,0.063,50.78,0.063,2026-05-06 06:28:00.147
4267,259875,3,-90.0,0.049,-90.0,0.049,2026-05-06 06:28:00.147
4268,259936,1,-50.77,-0.063,-50.77,-0.064,2026-05-06 06:28:00.147
4269,259999,2,50.77,0.063,50.78,0.063,2026-05-06 06:28:00.147
4270,260058,3,-90.0,0.049,-90.0,0.049,2026-05-06 06:28:00.147
4271,260119,1,-50.77,-0.063,-50.77,-0.064,2026-05-06 06:28:00.147
4272,260182,2,50.77,0.063,50.78,0.063,2026-05-06 06:28:00.147
4273,260241,1,-50.77,-0.063,-50.77,-0.064,2026-05-06 06:28:00.147
4274,260304,2,50.77,0.063,50.78,0.063,2026-05-06 06:28:00.147
4275,260363,3,-90.0,0.049,-90.0,0.049,2026-05-06 06:28:00.147
4276,260424,1,-50.77,-0.063,-50.77,-0.064,2026-05-06 06:28:00.147
4277,260487,2,50.77,0.063,50.78,0.063,2026-05-06 06:28:00.147
4278,260546,3,-90.0,0.049,-90.0,0.049,2026-05-06 06:28:00.147
4279,260607,1,-50.77,-0.063,-50.77,-0.064,2026-05-06 06:28:00.147
4280,260670,2,50.77,0.063,50.77,0.063,2026-05-06 06:28:00.147
4281,260729,1,-50.77,-0.063,-50.77,-0.066,2026-05-06 06:28:00.147
4282,260792,2,50.77,0.063,50.77,0.064,2026-05-06 06:28:00.147
4283,260851,3,-90.0,0.049,-89.99,0.051,2026-05-06 06:28:00.147
4284,260912,1,-50.77,-0.063,-50.77,-0.066,2026-05-06 06:28:00.147
4285,260975,2,50.77,0.063,50.77,0.064,2026-05-06 06:28:00.147
4286,261034,3,-90.0,0.049,-89.99,0.051,2026-05-06 06:28:00.147
4287,261095,1,-50.77,-0.063,-50.77,-0.066,2026-05-06 06:28:00.147
4288,261158,2,50.77,0.063,50.77,0.064,2026-05-06 06:28:00.147
4289,261216,3,-90.0,0.049,-89.99,0.051,2026-05-06 06:28:00.147
4290,261277,1,-50.77,-0.063,-50.77,-0.066,2026-05-06 06:28:00.147
4291,261340,2,50.77,0.063,50.77,0.065,2026-05-06 06:28:00.147
4292,261399,3,-90.0,0.049,-89.99,0.051,2026-05-06 06:28:00.147
4293,261460,1,-50.77,-0.063,-50.77,-0.066,2026-05-06 06:28:00.147
4294,261523,2,50.77,0.063,50.77,0.065,2026-05-06 06:28:00.147
4295,261582,3,-90.0,0.049,-89.99,0.051,2026-05-06 06:28:00.147
4296,261643,1,-50.77,-0.063,-50.77,-0.066,2026-05-06 06:28:00.147
4297,261706,1,-50.77,-0.063,-50.77,-0.061,2026-05-06 06:28:00.147
4298,261769,2,50.77,0.063,50.77,0.064,2026-05-06 06:28:00.147
4299,261828,3,-90.0,0.049,-89.99,0.049,2026-05-06 06:28:00.147
4300,261889,1,-50.77,-0.063,-50.77,-0.062,2026-05-06 06:28:00.147
4301,261952,2,50.77,0.063,50.77,0.063,2026-05-06 06:28:00.147
4302,262011,3,-90.0,0.049,-90.0,0.048,2026-05-06 06:28:00.147
4303,262072,1,-50.77,-0.063,-50.77,-0.062,2026-05-06 06:28:00.147
4304,262135,2,50.77,0.063,50.77,0.063,2026-05-06 06:28:00.147
4305,262194,1,-50.77,-0.063,-50.77,-0.061,2026-05-06 06:28:00.147
4306,262257,2,50.77,0.063,50.77,0.063,2026-05-06 06:28:00.147
4307,262316,3,-90.0,0.049,-90.0,0.047,2026-05-06 06:28:00.147
4308,262377,1,-50.77,-0.063,-50.77,-0.061,2026-05-06 06:28:00.147
4309,262440,2,50.77,0.063,50.77,0.063,2026-05-06 06:28:00.147
4310,262499,3,-90.0,0.049,-90.0,0.047,2026-05-06 06:28:00.147
4311,262560,1,-50.77,-0.063,-50.77,-0.061,2026-05-06 06:28:00.147
4312,262623,2,50.77,0.063,50.77,0.063,2026-05-06 06:28:00.147
4313,262682,1,-50.77,-0.063,-50.78,-0.064,2026-05-06 06:28:00.147
4314,262745,2,50.77,0.063,50.77,0.063,2026-05-06 06:28:00.147
4315,262804,3,-90.0,0.049,-90.0,0.048,2026-05-06 06:28:00.147
4316,262865,1,-50.77,-0.063,-50.78,-0.064,2026-05-06 06:28:00.147
4317,262928,2,50.77,0.063,50.77,0.063,2026-05-06 06:28:00.147
4318,262987,3,-90.0,0.049,-90.0,0.048,2026-05-06 06:28:00.147
4319,263048,1,-50.77,-0.063,-50.78,-0.064,2026-05-06 06:28:00.147
4320,263111,2,50.77,0.063,50.77,0.063,2026-05-06 06:28:00.147
4321,263170,1,-50.77,-0.063,-50.78,-0.062,2026-05-06 06:28:00.147
4322,263233,2,50.77,0.063,50.77,0.062,2026-05-06 06:28:00.147
4323,263292,3,-90.0,0.049,-90.0,0.051,2026-05-06 06:28:00.147
4324,263353,1,-50.77,-0.063,-50.78,-0.062,2026-05-06 06:28:00.147
4325,263416,2,50.77,0.063,50.77,0.061,2026-05-06 06:28:00.147
4326,263475,3,-90.0,0.049,-90.0,0.051,2026-05-06 06:28:00.147
4327,263536,1,-50.77,-0.063,-50.78,-0.062,2026-05-06 06:28:00.147
4328,263599,2,50.77,0.063,50.77,0.061,2026-05-06 06:28:00.147
4329,263658,1,-50.77,-0.063,-50.78,-0.061,2026-05-06 06:28:00.147
4330,263721,2,50.77,0.063,50.77,0.062,2026-05-06 06:28:00.147
4331,263780,3,-90.0,0.049,-90.0,0.052,2026-05-06 06:28:00.147
4332,263841,1,-50.77,-0.063,-50.78,-0.061,2026-05-06 06:28:00.147
4333,263904,2,50.77,0.063,50.77,0.062,2026-05-06 06:28:00.147
4334,263963,3,-90.0,0.049,-90.0,0.052,2026-05-06 06:28:00.147
4335,264024,1,-50.77,-0.063,-50.78,-0.061,2026-05-06 06:28:00.147
4336,264087,2,50.77,0.063,50.77,0.063,2026-05-06 06:28:00.147
4337,264146,1,-50.77,-0.063,-50.77,-0.064,2026-05-06 06:28:00.147
4338,264209,2,50.77,0.063,50.77,0.065,2026-05-06 06:28:00.147
4339,264268,3,-90.0,0.049,-90.0,0.047,2026-05-06 06:28:00.147
4340,264329,1,-50.77,-0.063,-50.77,-0.064,2026-05-06 06:28:00.147
4341,264392,2,50.77,0.063,50.77,0.065,2026-05-06 06:28:00.147
4342,264451,3,-90.0,0.049,-90.0,0.047,2026-05-06 06:28:00.147
4343,264512,1,-50.77,-0.063,-50.77,-0.064,2026-05-06 06:28:00.147
4344,264575,2,50.77,0.063,50.77,0.065,2026-05-06 06:28:00.147
4345,264634,1,-50.77,-0.063,-50.77,-0.066,2026-05-06 06:28:00.147
4346,264697,2,50.77,0.063,50.77,0.065,2026-05-06 06:28:00.147
4347,264756,3,-90.0,0.049,-90.0,0.047,2026-05-06 06:28:00.147
4348,264817,1,-50.77,-0.063,-50.77,-0.066,2026-05-06 06:28:00.147
4349,264880,2,50.77,0.063,50.77,0.065,2026-05-06 06:28:00.147
4350,264939,3,-90.0,0.049,-90.0,0.047,2026-05-06 06:28:00.147
4351,265000,1,-50.77,-0.063,-50.77,-0.066,2026-05-06 06:28:00.147
4352,265063,2,50.77,0.063,50.77,0.065,2026-05-06 06:28:00.147
4353,265122,3,-90.0,0.049,-90.0,0.049,2026-05-06 06:28:00.147
4354,265183,1,-50.77,-0.063,-50.77,-0.065,2026-05-06 06:28:00.147
4355,265246,2,50.77,0.063,50.77,0.066,2026-05-06 06:28:00.147
4356,265305,3,-90.0,0.049,-90.0,0.049,2026-05-06 06:28:00.147
4357,265366,1,-50.77,-0.063,-50.77,-0.065,2026-05-06 06:28:00.147
4358,265429,2,50.77,0.063,50.77,0.066,2026-05-06 06:28:00.147
4359,265488,3,-90.0,0.049,-90.0,0.049,2026-05-06 06:28:00.147
4360,265549,1,-50.77,-0.063,-50.77,-0.065,2026-05-06 06:28:00.147
4361,265611,1,-50.77,-0.063,-50.77,-0.063,2026-05-06 06:28:00.147
4362,265674,2,50.77,0.063,50.77,0.065,2026-05-06 06:28:00.147
4363,265733,3,-90.0,0.049,-90.0,0.05,2026-05-06 06:28:00.147
4364,265794,1,-50.77,-0.063,-50.77,-0.063,2026-05-06 06:28:00.652
4365,265857,2,50.77,0.063,50.77,0.065,2026-05-06 06:28:00.652
4366,265916,3,-90.0,0.049,-90.0,0.05,2026-05-06 06:28:00.652
4367,265977,1,-50.77,-0.063,-50.77,-0.063,2026-05-06 06:28:00.652
4368,266040,2,50.77,0.063,50.77,0.065,2026-05-06 06:28:00.652
4369,266165,2,50.77,0.063,50.77,0.062,2026-05-06 06:28:00.652
4370,266224,3,-90.0,0.049,-90.0,0.051,2026-05-06 06:28:00.652
4371,266285,1,-50.77,-0.063,-50.77,-0.062,2026-05-06 06:28:00.652
4372,266348,2,50.77,0.063,50.77,0.062,2026-05-06 06:28:00.652
4373,266407,3,-90.0,0.049,-90.0,0.051,2026-05-06 06:28:00.652
4374,266468,1,-50.77,-0.063,-50.77,-0.062,2026-05-06 06:28:00.652
4375,266531,2,50.77,0.063,50.77,0.062,2026-05-06 06:28:00.652
4376,266590,1,-50.77,-0.063,-50.77,-0.062,2026-05-06 06:28:00.652
4377,266653,2,50.77,0.063,50.77,0.062,2026-05-06 06:28:00.652
4378,266712,3,-90.0,0.049,-90.0,0.049,2026-05-06 06:28:00.652
4379,266773,1,-50.77,-0.063,-50.77,-0.063,2026-05-06 06:28:00.652
4380,266836,2,50.77,0.063,50.77,0.063,2026-05-06 06:28:00.652
4381,266895,3,-90.0,0.049,-90.0,0.049,2026-05-06 06:28:00.652
4382,266956,1,-50.77,-0.063,-50.77,-0.063,2026-05-06 06:28:00.652
4383,267019,2,50.77,0.063,50.77,0.063,2026-05-06 06:28:00.652
4384,267077,3,-90.0,0.049,-90.0,0.048,2026-05-06 06:28:00.652
4385,267138,1,-50.77,-0.063,-50.77,-0.064,2026-05-06 06:28:00.652
4386,267201,2,50.77,0.063,50.77,0.064,2026-05-06 06:28:00.652
4387,267260,3,-90.0,0.049,-90.0,0.048,2026-05-06 06:28:00.652
4388,267321,1,-50.77,-0.063,-50.77,-0.064,2026-05-06 06:28:00.652
4389,267384,2,50.77,0.063,50.77,0.064,2026-05-06 06:28:00.652
4390,267443,3,-90.0,0.049,-90.0,0.048,2026-05-06 06:28:00.652
4391,267504,1,-50.77,-0.063,-50.77,-0.064,2026-05-06 06:28:00.652
4392,267568,1,-50.77,-0.063,-50.77,-0.063,2026-05-06 06:28:00.652
4393,267631,2,50.77,0.063,50.77,0.064,2026-05-06 06:28:00.652
4394,267690,3,-90.0,0.049,-90.0,0.048,2026-05-06 06:28:00.652
4395,267751,1,-50.77,-0.063,-50.77,-0.063,2026-05-06 06:28:00.652
4396,267814,2,50.77,0.063,50.77,0.064,2026-05-06 06:28:00.652
4397,267873,3,-90.0,0.049,-90.0,0.048,2026-05-06 06:28:00.652
4398,267934,1,-50.77,-0.063,-50.77,-0.063,2026-05-06 06:28:00.652
4399,267997,2,50.77,0.063,50.77,0.064,2026-05-06 06:28:00.652
4400,268056,1,-50.77,-0.063,-50.77,-0.063,2026-05-06 06:28:00.652
4401,268119,2,50.77,0.063,50.77,0.064,2026-05-06 06:28:00.652
4402,268178,3,-90.0,0.049,-90.0,0.049,2026-05-06 06:28:00.652
4403,268239,1,-50.77,-0.063,-50.77,-0.062,2026-05-06 06:28:00.652
4404,268302,2,50.77,0.063,50.77,0.063,2026-05-06 06:28:00.652
4405,268361,3,-90.0,0.049,-90.0,0.049,2026-05-06 06:28:00.652
4406,268422,1,-50.77,-0.063,-50.77,-0.062,2026-05-06 06:28:00.652
4407,268485,2,50.77,0.063,50.77,0.063,2026-05-06 06:28:00.652
4408,268543,1,-50.77,-0.063,-50.77,-0.063,2026-05-06 06:28:00.652
4409,268606,2,50.77,0.063,50.77,0.063,2026-05-06 06:28:00.652
4410,268665,3,-90.0,0.049,-90.0,0.049,2026-05-06 06:28:00.652
4411,268726,1,-50.77,-0.063,-50.77,-0.063,2026-05-06 06:28:00.652
4412,268789,2,50.77,0.063,50.77,0.063,2026-05-06 06:28:00.652
4413,268848,3,-90.0,0.049,-90.0,0.049,2026-05-06 06:28:00.652
4414,268909,1,-50.77,-0.063,-50.77,-0.063,2026-05-06 06:28:00.652
4415,268972,2,50.77,0.063,50.77,0.063,2026-05-06 06:28:00.652
4416,269032,1,-50.77,-0.063,-50.77,-0.062,2026-05-06 06:28:00.652
4417,269095,2,50.77,0.063,50.77,0.062,2026-05-06 06:28:00.652
4418,269154,3,-90.0,0.049,-90.0,0.05,2026-05-06 06:28:00.652
4419,269215,1,-50.77,-0.063,-50.77,-0.062,2026-05-06 06:28:00.652
4420,269278,2,50.77,0.063,50.77,0.062,2026-05-06 06:28:00.652
4421,269337,3,-90.0,0.049,-90.0,0.05,2026-05-06 06:28:00.652
4422,269398,1,-50.77,-0.063,-50.77,-0.062,2026-05-06 06:28:00.652
4423,269461,2,50.77,0.063,50.77,0.062,2026-05-06 06:28:00.652
4424,269520,1,-50.77,-0.063,-50.77,-0.062,2026-05-06 06:28:00.652
4425,269583,2,50.77,0.063,50.77,0.063,2026-05-06 06:28:00.652
4426,269642,3,-90.0,0.049,-90.0,0.048,2026-05-06 06:28:00.652
4427,269703,1,-50.77,-0.063,-50.77,-0.062,2026-05-06 06:28:00.652
4428,269766,2,50.77,0.063,50.77,0.063,2026-05-06 06:28:00.652
4429,269825,3,-90.0,0.049,-90.0,0.048,2026-05-06 06:28:00.652
4430,269886,1,-50.77,-0.063,-50.77,-0.062,2026-05-06 06:28:00.652
4431,269949,2,50.77,0.063,50.77,0.063,2026-05-06 06:28:00.652
4432,270008,1,-50.77,-0.063,-50.77,-0.063,2026-05-06 06:28:00.652
4433,270071,2,50.77,0.063,50.77,0.063,2026-05-06 06:28:00.652
4434,270130,3,-90.0,0.049,-90.0,0.048,2026-05-06 06:28:00.652
4435,270191,1,-50.77,-0.063,-50.77,-0.063,2026-05-06 06:28:00.652
4436,270254,2,50.77,0.063,50.77,0.064,2026-05-06 06:28:00.652
4437,270313,3,-90.0,0.049,-90.0,0.048,2026-05-06 06:28:00.652
4438,270374,1,-50.77,-0.063,-50.77,-0.063,2026-05-06 06:28:00.652
4439,270437,2,50.77,0.063,50.77,0.064,2026-05-06 06:28:00.652
4440,270495,3,-90.0,0.049,-90.0,0.048,2026-05-06 06:28:00.652
4441,270556,1,-50.77,-0.063,-50.77,-0.063,2026-05-06 06:28:00.652
4442,270619,2,50.77,0.063,50.77,0.063,2026-05-06 06:28:00.652
4443,270678,3,-90.0,0.049,-90.0,0.048,2026-05-06 06:28:00.652
4444,270739,1,-50.77,-0.063,-50.77,-0.063,2026-05-06 06:28:00.652
4445,270802,2,50.77,0.063,50.77,0.063,2026-05-06 06:28:00.652
4446,270861,3,-90.0,0.049,-90.0,0.048,2026-05-06 06:28:00.652
4447,270922,1,-50.77,-0.063,-50.77,-0.063,2026-05-06 06:28:00.652
4448,270985,1,-50.77,-0.063,-50.77,-0.063,2026-05-06 06:28:00.652
4449,271048,2,50.77,0.063,50.77,0.063,2026-05-06 06:28:00.652
4450,271107,3,-90.0,0.049,-90.0,0.048,2026-05-06 06:28:00.652
4451,271168,1,-50.77,-0.063,-50.77,-0.063,2026-05-06 06:28:00.652
4452,271231,2,50.77,0.063,50.77,0.063,2026-05-06 06:28:01.332
4453,271290,3,-90.0,0.049,-90.0,0.048,2026-05-06 06:28:01.332
4454,271351,1,-50.77,-0.063,-50.77,-0.062,2026-05-06 06:28:01.332
4455,271414,2,50.77,0.063,50.77,0.062,2026-05-06 06:28:01.332
4456,271473,1,-50.77,-0.063,-50.77,-0.061,2026-05-06 06:28:01.332
4457,271536,2,50.77,0.063,50.77,0.062,2026-05-06 06:28:01.332
4458,271595,3,-90.0,0.049,-90.0,0.049,2026-05-06 06:28:01.332
4459,271656,1,-50.77,-0.063,-50.77,-0.061,2026-05-06 06:28:01.332
4460,271719,2,50.77,0.063,50.77,0.063,2026-05-06 06:28:01.332
4461,271778,3,-90.0,0.049,-90.0,0.048,2026-05-06 06:28:01.332
4462,271839,1,-50.77,-0.063,-50.77,-0.061,2026-05-06 06:28:01.332
4463,271902,2,50.77,0.063,50.77,0.063,2026-05-06 06:28:01.332
4464,271960,1,-50.77,-0.063,-50.77,-0.061,2026-05-06 06:28:01.332
4465,272023,2,50.77,0.063,50.77,0.062,2026-05-06 06:28:01.332
4466,272082,3,-90.0,0.049,-90.0,0.048,2026-05-06 06:28:01.332
4467,272143,1,-50.77,-0.063,-50.77,-0.061,2026-05-06 06:28:01.332
4468,272206,2,50.77,0.063,50.77,0.062,2026-05-06 06:28:01.332
4469,272265,3,-90.0,0.049,-90.0,0.048,2026-05-06 06:28:01.332
4470,272326,1,-50.77,-0.063,-50.77,-0.061,2026-05-06 06:28:01.332
4471,272389,2,50.77,0.063,50.77,0.062,2026-05-06 06:28:01.332
4472,272449,1,-50.77,-0.063,-50.77,-0.062,2026-05-06 06:28:01.332
4473,272512,2,50.77,0.063,50.77,0.061,2026-05-06 06:28:01.332
4474,272571,3,-90.0,0.049,-90.0,0.047,2026-05-06 06:28:01.332
4475,272632,1,-50.77,-0.063,-50.77,-0.062,2026-05-06 06:28:01.332
4476,272695,2,50.77,0.063,50.77,0.061,2026-05-06 06:28:01.332
4477,272754,3,-90.0,0.049,-90.0,0.047,2026-05-06 06:28:01.332
4478,272815,1,-50.77,-0.063,-50.77,-0.062,2026-05-06 06:28:01.332
4479,272878,2,50.77,0.063,50.77,0.062,2026-05-06 06:28:01.332
4480,272937,1,-50.77,-0.063,-50.77,-0.063,2026-05-06 06:28:01.332
4481,273000,2,50.77,0.063,50.77,0.064,2026-05-06 06:28:01.332
4482,273059,3,-90.0,0.049,-90.0,0.048,2026-05-06 06:28:01.332
4483,273120,1,-50.77,-0.063,-50.77,-0.063,2026-05-06 06:28:01.332
4484,273183,2,50.77,0.063,50.77,0.064,2026-05-06 06:28:01.332
4485,273242,3,-90.0,0.049,-90.0,0.048,2026-05-06 06:28:01.332
4486,273303,1,-50.77,-0.063,-50.77,-0.063,2026-05-06 06:28:01.332
4487,273366,2,50.77,0.063,50.77,0.064,2026-05-06 06:28:01.332
4488,273425,1,-50.77,-0.063,-50.77,-0.063,2026-05-06 06:28:01.332
4489,273488,2,50.77,0.063,50.77,0.065,2026-05-06 06:28:01.332
4490,273547,3,-90.0,0.049,-90.0,0.049,2026-05-06 06:28:01.332
4491,273608,1,-50.77,-0.063,-50.77,-0.063,2026-05-06 06:28:01.332
4492,273671,2,50.77,0.063,50.77,0.065,2026-05-06 06:28:01.332
4493,273730,3,-90.0,0.049,-90.0,0.049,2026-05-06 06:28:01.332
4494,273791,1,-50.77,-0.063,-50.77,-0.063,2026-05-06 06:28:01.332
4495,273854,2,50.77,0.063,50.77,0.065,2026-05-06 06:28:01.332
4496,273976,1,-50.77,-0.063,-50.78,-0.064,2026-05-06 06:28:01.332
4497,274039,2,50.77,0.063,50.77,0.063,2026-05-06 06:28:01.332
4498,274098,3,-90.0,0.049,-90.0,0.05,2026-05-06 06:28:01.332
4499,274159,1,-50.77,-0.063,-50.78,-0.064,2026-05-06 06:28:01.332
4500,274222,2,50.77,0.063,50.77,0.063,2026-05-06 06:28:01.332
4501,274281,3,-90.0,0.049,-90.0,0.05,2026-05-06 06:28:01.332
4502,274342,1,-50.77,-0.063,-50.78,-0.063,2026-05-06 06:28:01.332
4503,274406,1,-50.77,-0.063,-50.78,-0.064,2026-05-06 06:28:01.332
4504,274469,2,50.77,0.063,50.77,0.063,2026-05-06 06:28:01.332
4505,274528,3,-90.0,0.049,-90.0,0.049,2026-05-06 06:28:01.332
4506,274589,1,-50.77,-0.063,-50.78,-0.064,2026-05-06 06:28:01.332
4507,274652,2,50.77,0.063,50.77,0.063,2026-05-06 06:28:01.332
4508,274711,3,-90.0,0.049,-90.0,0.049,2026-05-06 06:28:01.332
4509,274772,1,-50.77,-0.063,-50.78,-0.064,2026-05-06 06:28:01.332
4510,274835,2,50.77,0.063,50.77,0.063,2026-05-06 06:28:01.332
4511,274894,1,-50.77,-0.063,-50.77,-0.062,2026-05-06 06:28:01.332
4512,274957,2,50.77,0.063,50.77,0.064,2026-05-06 06:28:01.332
4513,275016,3,-90.0,0.049,-90.0,0.049,2026-05-06 06:28:01.332
4514,275077,1,-50.77,-0.063,-50.77,-0.064,2026-05-06 06:28:01.332
4515,275140,2,50.77,0.063,50.77,0.063,2026-05-06 06:28:01.332
4516,275199,3,-90.0,0.049,-89.99,0.05,2026-05-06 06:28:01.332
4517,275260,1,-50.77,-0.063,-50.77,-0.064,2026-05-06 06:28:01.332
4518,275323,2,50.77,0.063,50.77,0.063,2026-05-06 06:28:01.332
4519,275381,1,-50.77,-0.063,-50.77,-0.063,2026-05-06 06:28:01.332
4520,275444,2,50.77,0.063,50.77,0.063,2026-05-06 06:28:01.332
4521,275503,3,-90.0,0.049,-90.0,0.049,2026-05-06 06:28:01.332
4522,275564,1,-50.77,-0.063,-50.77,-0.063,2026-05-06 06:28:01.332
4523,275627,2,50.77,0.063,50.77,0.063,2026-05-06 06:28:01.332
4524,275686,3,-90.0,0.049,-90.0,0.049,2026-05-06 06:28:01.332
4525,275747,1,-50.77,-0.063,-50.77,-0.063,2026-05-06 06:28:01.332
4526,275810,2,50.77,0.063,50.77,0.065,2026-05-06 06:28:01.332
4527,275870,1,-50.77,-0.063,-50.77,-0.063,2026-05-06 06:28:01.332
4528,275933,2,50.77,0.063,50.77,0.065,2026-05-06 06:28:01.332
4529,275992,3,-90.0,0.049,-90.0,0.05,2026-05-06 06:28:01.332
4530,276053,1,-50.77,-0.063,-50.77,-0.063,2026-05-06 06:28:01.332
4531,276116,2,50.77,0.063,50.77,0.065,2026-05-06 06:28:01.332
4532,276175,3,-90.0,0.049,-90.0,0.05,2026-05-06 06:28:01.332
4533,276236,1,-50.77,-0.063,-50.77,-0.063,2026-05-06 06:28:01.332
4534,276299,2,50.77,0.063,50.77,0.065,2026-05-06 06:28:01.332
4535,276358,1,-50.77,-0.063,-50.77,-0.064,2026-05-06 06:28:01.332
4536,276421,2,50.77,0.063,50.77,0.062,2026-05-06 06:28:01.332
4537,276480,3,-90.0,0.049,-90.0,0.05,2026-05-06 06:28:01.332
4538,276541,1,-50.77,-0.063,-50.77,-0.064,2026-05-06 06:28:01.332
4539,276604,2,50.77,0.063,50.77,0.062,2026-05-06 06:28:01.332
4540,276663,3,-90.0,0.049,-90.0,0.05,2026-05-06 06:28:01.332
4541,276724,1,-50.77,-0.063,-50.77,-0.064,2026-05-06 06:28:01.332
4542,276787,2,50.77,0.063,50.77,0.064,2026-05-06 06:28:01.332
4543,276846,1,-50.77,-0.063,-50.77,-0.064,2026-05-06 06:28:01.332
4544,276909,2,50.77,0.063,50.77,0.063,2026-05-06 06:28:01.332
4545,276968,3,-90.0,0.049,-90.0,0.05,2026-05-06 06:28:01.332
4546,277029,1,-50.77,-0.063,-50.77,-0.064,2026-05-06 06:28:01.332
4547,277092,2,50.77,0.063,50.77,0.063,2026-05-06 06:28:01.332
4548,277151,3,-90.0,0.049,-90.0,0.05,2026-05-06 06:28:01.332
4549,277212,1,-50.77,-0.063,-50.77,-0.064,2026-05-06 06:28:01.332
4550,277275,2,50.77,0.063,50.77,0.063,2026-05-06 06:28:01.332
4551,277333,3,-90.0,0.049,-90.0,0.049,2026-05-06 06:28:01.332
4552,277394,1,-50.77,-0.063,-50.77,-0.063,2026-05-06 06:28:01.332
4553,277457,2,50.77,0.063,50.77,0.063,2026-05-06 06:28:01.332
4554,277516,3,-90.0,0.049,-90.0,0.049,2026-05-06 06:28:01.332
4555,277577,1,-50.77,-0.063,-50.77,-0.063,2026-05-06 06:28:01.332
4556,277640,2,50.77,0.063,50.77,0.063,2026-05-06 06:28:01.332
4557,277699,3,-90.0,0.049,-90.0,0.049,2026-05-06 06:28:01.332
4558,277760,1,-50.77,-0.063,-50.77,-0.063,2026-05-06 06:28:01.332
4559,277823,1,-50.77,-0.063,-50.77,-0.062,2026-05-06 06:28:01.332
4560,277886,2,50.77,0.063,50.77,0.062,2026-05-06 06:28:01.332
4561,277945,3,-90.0,0.049,-90.0,0.049,2026-05-06 06:28:01.332
4562,278006,1,-50.77,-0.063,-50.77,-0.062,2026-05-06 06:28:01.332
4563,278069,2,50.77,0.063,50.77,0.062,2026-05-06 06:28:01.332
4564,278128,3,-90.0,0.049,-90.0,0.049,2026-05-06 06:28:01.332
4565,278189,1,-50.77,-0.063,-50.77,-0.061,2026-05-06 06:28:01.332
4566,278252,2,50.77,0.063,50.77,0.063,2026-05-06 06:28:01.332
4567,278311,1,-50.77,-0.063,-50.77,-0.062,2026-05-06 06:28:01.332
4568,278374,2,50.77,0.063,50.77,0.062,2026-05-06 06:28:01.332
4569,278433,3,-90.0,0.049,-90.0,0.049,2026-05-06 06:28:01.332
4570,278494,1,-50.77,-0.063,-50.77,-0.062,2026-05-06 06:28:01.332
4571,278557,2,50.77,0.063,50.77,0.062,2026-05-06 06:28:01.332
4572,278616,3,-90.0,0.049,-90.0,0.048,2026-05-06 06:28:01.332
4573,278677,1,-50.77,-0.063,-50.77,-0.062,2026-05-06 06:28:01.332
4574,278740,2,50.77,0.063,50.77,0.062,2026-05-06 06:28:01.332
4575,278798,1,-50.77,-0.063,-50.77,-0.062,2026-05-06 06:28:01.332
4576,278861,2,50.77,0.063,50.77,0.063,2026-05-06 06:28:01.332
4577,278920,3,-90.0,0.049,-90.0,0.049,2026-05-06 06:28:01.332
4578,278981,1,-50.77,-0.063,-50.77,-0.062,2026-05-06 06:28:01.332
4579,279044,2,50.77,0.063,50.77,0.063,2026-05-06 06:28:01.332
4580,279103,3,-90.0,0.049,-90.0,0.049,2026-05-06 06:28:01.332
4581,279164,1,-50.77,-0.063,-50.77,-0.062,2026-05-06 06:28:01.332
4582,279227,2,50.77,0.063,50.77,0.063,2026-05-06 06:28:01.332
4583,279287,1,-50.77,-0.063,-50.77,-0.063,2026-05-06 06:28:01.332
4584,279350,2,50.77,0.063,50.77,0.064,2026-05-06 06:28:02.042
4585,279409,3,-90.0,0.049,-90.0,0.048,2026-05-06 06:28:02.042
4586,279470,1,-50.77,-0.063,-50.77,-0.063,2026-05-06 06:28:02.042
4587,279533,2,50.77,0.063,50.77,0.064,2026-05-06 06:28:02.042
4588,279592,3,-90.0,0.049,-90.0,0.048,2026-05-06 06:28:02.042
4589,279653,1,-50.77,-0.063,-50.77,-0.063,2026-05-06 06:28:02.042
4590,279716,2,50.77,0.063,50.77,0.064,2026-05-06 06:28:02.042
4591,279775,1,-50.77,-0.063,-50.77,-0.063,2026-05-06 06:28:02.042
4592,279838,2,50.77,0.063,50.77,0.064,2026-05-06 06:28:02.042
4593,279897,3,-90.0,0.049,-90.0,0.049,2026-05-06 06:28:02.042
4594,279958,1,-50.77,-0.063,-50.77,-0.063,2026-05-06 06:28:02.042
4595,280021,2,50.77,0.063,50.77,0.064,2026-05-06 06:28:02.042
4596,280080,3,-90.0,0.049,-90.0,0.049,2026-05-06 06:28:02.042
4597,280141,1,-50.77,-0.063,-50.77,-0.063,2026-05-06 06:28:02.042
4598,280204,2,50.77,0.063,50.77,0.064,2026-05-06 06:28:02.042
4599,280263,1,-50.77,-0.063,-50.77,-0.063,2026-05-06 06:28:02.042
4600,280326,2,50.77,0.063,50.78,0.063,2026-05-06 06:28:02.042
4601,280385,3,-90.0,0.049,-90.0,0.049,2026-05-06 06:28:02.042
4602,280446,1,-50.77,-0.063,-50.77,-0.063,2026-05-06 06:28:02.042
4603,280509,2,50.77,0.063,50.78,0.063,2026-05-06 06:28:02.042
4604,280568,3,-90.0,0.049,-90.0,0.049,2026-05-06 06:28:02.042
4605,280629,1,-50.77,-0.063,-50.77,-0.063,2026-05-06 06:28:02.042
4606,280692,2,50.77,0.063,50.78,0.063,2026-05-06 06:28:02.042
4607,280750,3,-90.0,0.049,-90.0,0.048,2026-05-06 06:28:02.042
4608,280811,1,-50.77,-0.063,-50.77,-0.064,2026-05-06 06:28:02.042
4609,280874,2,50.77,0.063,50.78,0.064,2026-05-06 06:28:02.042
4610,280933,3,-90.0,0.049,-90.0,0.048,2026-05-06 06:28:02.042
4611,280994,1,-50.77,-0.063,-50.77,-0.064,2026-05-06 06:28:02.042
4612,281057,2,50.77,0.063,50.78,0.064,2026-05-06 06:28:02.042
4613,281116,3,-90.0,0.049,-90.0,0.048,2026-05-06 06:28:02.042
4614,281177,1,-50.77,-0.063,-50.77,-0.063,2026-05-06 06:28:02.042
4615,281241,1,-50.77,-0.063,-50.77,-0.063,2026-05-06 06:28:02.042
4616,281304,2,50.77,0.063,50.78,0.064,2026-05-06 06:28:02.042
4617,281363,3,-90.0,0.049,-90.0,0.048,2026-05-06 06:28:02.042
4618,281424,1,-50.77,-0.063,-50.77,-0.063,2026-05-06 06:28:02.042
4619,281487,2,50.77,0.063,50.78,0.064,2026-05-06 06:28:02.042
4620,281546,3,-90.0,0.049,-90.0,0.048,2026-05-06 06:28:02.042
4621,281607,1,-50.77,-0.063,-50.77,-0.063,2026-05-06 06:28:02.042
4622,281670,2,50.77,0.063,50.78,0.064,2026-05-06 06:28:02.042
4623,281795,2,50.77,0.063,50.78,0.063,2026-05-06 06:28:02.042
4624,281854,3,-90.0,0.049,-90.0,0.049,2026-05-06 06:28:02.042
4625,281915,1,-50.77,-0.063,-50.77,-0.062,2026-05-06 06:28:02.042
4626,281978,2,50.77,0.063,50.78,0.063,2026-05-06 06:28:02.042
4627,282037,3,-90.0,0.049,-90.0,0.049,2026-05-06 06:28:02.042
4628,282098,1,-50.77,-0.063,-50.77,-0.062,2026-05-06 06:28:02.042
4629,282161,2,50.77,0.063,50.78,0.063,2026-05-06 06:28:02.042
4630,282220,1,-50.77,-0.063,-50.77,-0.062,2026-05-06 06:28:02.042
4631,282283,2,50.77,0.063,50.78,0.064,2026-05-06 06:28:02.042
4632,282342,3,-90.0,0.049,-90.0,0.049,2026-05-06 06:28:02.042
4633,282403,1,-50.77,-0.063,-50.77,-0.062,2026-05-06 06:28:02.042
4634,282466,2,50.77,0.063,50.78,0.064,2026-05-06 06:28:02.042
4635,282525,3,-90.0,0.049,-90.0,0.049,2026-05-06 06:28:02.042
4636,282586,1,-50.77,-0.063,-50.77,-0.062,2026-05-06 06:28:02.042
4637,282649,2,50.77,0.063,50.78,0.063,2026-05-06 06:28:02.042
4638,282708,1,-50.77,-0.063,-50.77,-0.063,2026-05-06 06:28:02.042
4639,282771,2,50.77,0.063,50.78,0.062,2026-05-06 06:28:02.042
4640,282830,3,-90.0,0.049,-90.0,0.048,2026-05-06 06:28:02.042
4641,282891,1,-50.77,-0.063,-50.77,-0.063,2026-05-06 06:28:02.042
4642,282954,2,50.77,0.063,50.78,0.062,2026-05-06 06:28:02.042
4643,283013,3,-90.0,0.049,-90.0,0.048,2026-05-06 06:28:02.042
4644,283074,1,-50.77,-0.063,-50.77,-0.063,2026-05-06 06:28:02.042
4645,283137,2,50.77,0.063,50.78,0.062,2026-05-06 06:28:02.042
4646,283196,1,-50.77,-0.063,-50.77,-0.063,2026-05-06 06:28:02.042
4647,283259,2,50.77,0.063,50.78,0.064,2026-05-06 06:28:02.042
4648,283318,3,-90.0,0.049,-90.0,0.049,2026-05-06 06:28:02.042
4649,283379,1,-50.77,-0.063,-50.77,-0.063,2026-05-06 06:28:02.042
4650,283442,2,50.77,0.063,50.78,0.064,2026-05-06 06:28:02.042
4651,283501,3,-90.0,0.049,-90.0,0.049,2026-05-06 06:28:02.042
4652,283562,1,-50.77,-0.063,-50.77,-0.063,2026-05-06 06:28:02.042
4653,283625,2,50.77,0.063,50.78,0.064,2026-05-06 06:28:02.042
4654,283684,1,-50.77,-0.063,-50.77,-0.063,2026-05-06 06:28:02.042
4655,283747,2,50.77,0.063,50.78,0.064,2026-05-06 06:28:02.042
4656,283806,3,-90.0,0.049,-90.0,0.049,2026-05-06 06:28:02.042
4657,283867,1,-50.77,-0.063,-50.77,-0.063,2026-05-06 06:28:02.042
4658,283930,2,50.77,0.063,50.78,0.064,2026-05-06 06:28:02.042
4659,283989,3,-90.0,0.049,-90.0,0.049,2026-05-06 06:28:02.042
4660,284050,1,-50.77,-0.063,-50.77,-0.063,2026-05-06 06:28:02.042
4661,284113,2,50.77,0.063,50.78,0.064,2026-05-06 06:28:02.042
4662,284171,2,50.77,0.063,50.78,0.063,2026-05-06 06:28:02.042
4663,284230,3,-90.0,0.049,-90.0,0.049,2026-05-06 06:28:02.042
4664,284291,1,-50.77,-0.063,-50.77,-0.064,2026-05-06 06:28:02.042
4665,284354,2,50.77,0.063,50.78,0.063,2026-05-06 06:28:02.042
4666,284413,3,-90.0,0.049,-90.0,0.049,2026-05-06 06:28:02.042
4667,284474,1,-50.77,-0.063,-50.77,-0.064,2026-05-06 06:28:02.042
4668,284537,2,50.77,0.063,50.78,0.063,2026-05-06 06:28:02.042
4669,284596,3,-90.0,0.049,-90.0,0.049,2026-05-06 06:28:02.042
4670,284659,1,-50.77,-0.063,-50.77,-0.063,2026-05-06 06:28:02.042
4671,284722,2,50.77,0.063,50.78,0.064,2026-05-06 06:28:02.042
4672,284781,3,-90.0,0.049,-90.0,0.05,2026-05-06 06:28:02.042
4673,284842,1,-50.77,-0.063,-50.77,-0.063,2026-05-06 06:28:02.042
4674,284905,2,50.77,0.063,50.78,0.064,2026-05-06 06:28:02.042
4675,284964,3,-90.0,0.049,-90.0,0.05,2026-05-06 06:28:02.042
4676,285025,1,-50.77,-0.063,-50.77,-0.063,2026-05-06 06:28:02.042
4677,285088,2,50.77,0.063,50.78,0.064,2026-05-06 06:28:02.042
4678,285147,1,-50.77,-0.063,-50.77,-0.063,2026-05-06 06:28:02.042
4679,285210,2,50.77,0.063,50.77,0.063,2026-05-06 06:28:02.042
4680,285269,3,-90.0,0.049,-90.0,0.048,2026-05-06 06:28:02.042
4681,285330,1,-50.77,-0.063,-50.77,-0.063,2026-05-06 06:28:02.042
4682,285393,2,50.77,0.063,50.77,0.063,2026-05-06 06:28:02.042
4683,285452,3,-90.0,0.049,-90.0,0.048,2026-05-06 06:28:02.042
4684,285513,1,-50.77,-0.063,-50.77,-0.063,2026-05-06 06:28:02.042
4685,285576,2,50.77,0.063,50.77,0.063,2026-05-06 06:28:02.042
4686,285635,1,-50.77,-0.063,-50.77,-0.063,2026-05-06 06:28:02.042
4687,285698,2,50.77,0.063,50.77,0.063,2026-05-06 06:28:02.042
4688,285757,3,-90.0,0.049,-90.0,0.049,2026-05-06 06:28:02.042
4689,285818,1,-50.77,-0.063,-50.77,-0.063,2026-05-06 06:28:02.042
4690,285881,2,50.77,0.063,50.77,0.064,2026-05-06 06:28:02.042
4691,285940,3,-90.0,0.049,-90.0,0.048,2026-05-06 06:28:02.042
4692,286001,1,-50.77,-0.063,-50.77,-0.063,2026-05-06 06:28:02.042
4693,286064,2,50.77,0.063,50.77,0.064,2026-05-06 06:28:02.042
4694,286123,1,-50.77,-0.063,-50.77,-0.063,2026-05-06 06:28:02.042
4695,286186,2,50.77,0.063,50.77,0.063,2026-05-06 06:28:02.042
4696,286245,3,-90.0,0.049,-90.0,0.048,2026-05-06 06:28:02.042
4697,286306,1,-50.77,-0.063,-50.77,-0.063,2026-05-06 06:28:02.042
4698,286369,2,50.77,0.063,50.77,0.063,2026-05-06 06:28:02.042
4699,286428,3,-90.0,0.049,-90.0,0.048,2026-05-06 06:28:02.042
4700,286489,1,-50.77,-0.063,-50.77,-0.063,2026-05-06 06:28:02.042
4701,286552,2,50.77,0.063,50.77,0.063,2026-05-06 06:28:02.042
4702,286611,1,-50.77,-0.063,-50.77,-0.064,2026-05-06 06:28:02.042
4703,286674,2,50.77,0.063,50.77,0.063,2026-05-06 06:28:02.042
4704,286733,3,-90.0,0.049,-90.0,0.049,2026-05-06 06:28:02.042
4705,286794,1,-50.77,-0.063,-50.77,-0.064,2026-05-06 06:28:02.042
4706,286857,2,50.77,0.063,50.77,0.063,2026-05-06 06:28:02.042
4707,286916,3,-90.0,0.049,-90.0,0.049,2026-05-06 06:28:02.042
4708,286977,1,-50.77,-0.063,-50.77,-0.064,2026-05-06 06:28:02.042
4709,287040,2,50.77,0.063,50.77,0.063,2026-05-06 06:28:02.042
4710,287099,1,-50.77,-0.063,-50.77,-0.064,2026-05-06 06:28:02.042
4711,287162,2,50.77,0.063,50.77,0.064,2026-05-06 06:28:02.042
4712,287221,3,-90.0,0.049,-90.0,0.049,2026-05-06 06:28:02.042
4713,287282,1,-50.77,-0.063,-50.77,-0.064,2026-05-06 06:28:02.042
4714,287345,2,50.77,0.063,50.77,0.064,2026-05-06 06:28:02.042
4715,287404,3,-90.0,0.049,-90.0,0.049,2026-05-06 06:28:02.042
4716,287465,1,-50.77,-0.063,-50.77,-0.064,2026-05-06 06:28:02.753
4717,287528,2,50.77,0.063,50.77,0.064,2026-05-06 06:28:02.753
4718,287586,3,-90.0,0.049,-90.0,0.049,2026-05-06 06:28:02.753
4719,287647,1,-50.77,-0.063,-50.77,-0.064,2026-05-06 06:28:02.753
4720,287710,2,50.77,0.063,50.77,0.064,2026-05-06 06:28:02.753
4721,287769,3,-90.0,0.049,-90.0,0.049,2026-05-06 06:28:02.753
4722,287830,1,-50.77,-0.063,-50.77,-0.064,2026-05-06 06:28:02.753
4723,287893,2,50.77,0.063,50.77,0.064,2026-05-06 06:28:02.753
4724,287952,3,-90.0,0.049,-90.0,0.05,2026-05-06 06:28:02.753
4725,288013,1,-50.77,-0.063,-50.77,-0.065,2026-05-06 06:28:02.753
4726,288076,1,-50.77,-0.063,-50.77,-0.064,2026-05-06 06:28:02.753
4727,288139,2,50.77,0.063,50.77,0.064,2026-05-06 06:28:02.753
4728,288198,3,-90.0,0.049,-90.0,0.049,2026-05-06 06:28:02.753
4729,288259,1,-50.77,-0.063,-50.77,-0.064,2026-05-06 06:28:02.753
4730,288322,2,50.77,0.063,50.77,0.064,2026-05-06 06:28:02.753
4731,288381,3,-90.0,0.049,-90.0,0.049,2026-05-06 06:28:02.753
4732,288442,1,-50.77,-0.063,-50.77,-0.064,2026-05-06 06:28:02.753
4733,288505,2,50.77,0.063,50.77,0.064,2026-05-06 06:28:02.753
4734,288564,1,-50.77,-0.063,-50.77,-0.064,2026-05-06 06:28:02.753
4735,288627,2,50.77,0.063,50.77,0.064,2026-05-06 06:28:02.753
4736,288686,3,-90.0,0.049,-90.0,0.05,2026-05-06 06:28:02.753
4737,288747,1,-50.77,-0.063,-50.77,-0.064,2026-05-06 06:28:02.753
4738,288810,2,50.77,0.063,50.77,0.064,2026-05-06 06:28:02.753
4739,288869,3,-90.0,0.049,-90.0,0.05,2026-05-06 06:28:02.753
4740,288930,1,-50.77,-0.063,-50.77,-0.064,2026-05-06 06:28:02.753
4741,288993,2,50.77,0.063,50.77,0.064,2026-05-06 06:28:02.753
4742,289051,1,-50.77,-0.063,-50.77,-0.063,2026-05-06 06:28:02.753
4743,289114,2,50.77,0.063,50.77,0.063,2026-05-06 06:28:02.753
4744,289173,3,-90.0,0.049,-90.0,0.05,2026-05-06 06:28:02.753
4745,289234,1,-50.77,-0.063,-50.77,-0.063,2026-05-06 06:28:02.753
4746,289297,2,50.77,0.063,50.77,0.063,2026-05-06 06:28:02.753
4747,289356,3,-90.0,0.049,-90.0,0.05,2026-05-06 06:28:02.753
4748,289417,1,-50.77,-0.063,-50.77,-0.064,2026-05-06 06:28:02.753
4749,289480,2,50.77,0.063,50.77,0.064,2026-05-06 06:28:02.753
4750,289606,2,50.77,0.063,50.77,0.065,2026-05-06 06:28:02.753
4751,289665,3,-90.0,0.049,-90.0,0.05,2026-05-06 06:28:02.753
4752,289726,1,-50.77,-0.063,-50.77,-0.064,2026-05-06 06:28:02.753
4753,289789,2,50.77,0.063,50.77,0.065,2026-05-06 06:28:02.753
4754,289848,3,-90.0,0.049,-90.0,0.05,2026-05-06 06:28:02.753
4755,289909,1,-50.77,-0.063,-50.77,-0.064,2026-05-06 06:28:02.753
4756,289972,2,50.77,0.063,50.77,0.065,2026-05-06 06:28:02.753
4757,290031,1,-50.77,-0.063,-50.77,-0.064,2026-05-06 06:28:02.753
4758,290094,2,50.77,0.063,50.77,0.064,2026-05-06 06:28:02.753
4759,290153,3,-90.0,0.049,-90.0,0.049,2026-05-06 06:28:02.753
4760,290214,1,-50.77,-0.063,-50.77,-0.064,2026-05-06 06:28:02.753
4761,290277,2,50.77,0.063,50.77,0.064,2026-05-06 06:28:02.753
4762,290336,3,-90.0,0.049,-90.0,0.049,2026-05-06 06:28:02.753
4763,290397,1,-50.77,-0.063,-50.77,-0.064,2026-05-06 06:28:02.753
4764,290460,2,50.77,0.063,50.77,0.064,2026-05-06 06:28:02.753
4765,290519,1,-50.77,-0.063,-50.77,-0.064,2026-05-06 06:28:02.753
4766,290582,2,50.77,0.063,50.77,0.063,2026-05-06 06:28:02.753
4767,290641,3,-90.0,0.049,-90.0,0.05,2026-05-06 06:28:02.753
4768,290702,1,-50.77,-0.063,-50.77,-0.063,2026-05-06 06:28:02.753
4769,290765,2,50.77,0.063,50.77,0.064,2026-05-06 06:28:02.753
4770,290824,3,-90.0,0.049,-90.0,0.049,2026-05-06 06:28:02.753
4771,290885,1,-50.77,-0.063,-50.77,-0.063,2026-05-06 06:28:02.753
4772,290948,2,50.77,0.063,50.77,0.064,2026-05-06 06:28:02.753
4773,291006,3,-90.0,0.049,-90.0,0.049,2026-05-06 06:28:02.753
4774,291067,1,-50.77,-0.063,-50.77,-0.062,2026-05-06 06:28:02.753
4775,291130,2,50.77,0.063,50.77,0.064,2026-05-06 06:28:02.753
4776,291189,3,-90.0,0.049,-90.0,0.049,2026-05-06 06:28:02.753
4777,291250,1,-50.77,-0.063,-50.77,-0.062,2026-05-06 06:28:02.753
4778,291313,2,50.77,0.063,50.77,0.064,2026-05-06 06:28:02.753
4779,291372,3,-90.0,0.049,-90.0,0.049,2026-05-06 06:28:02.753
4780,291433,1,-50.77,-0.063,-50.77,-0.063,2026-05-06 06:28:02.753
4781,291497,1,-50.77,-0.063,-50.77,-0.064,2026-05-06 06:28:02.753
4782,291560,2,50.77,0.063,50.77,0.062,2026-05-06 06:28:02.753
4783,291619,3,-90.0,0.049,-90.0,0.049,2026-05-06 06:28:02.753
4784,291680,1,-50.77,-0.063,-50.77,-0.064,2026-05-06 06:28:02.753
4785,291743,2,50.77,0.063,50.77,0.062,2026-05-06 06:28:02.753
4786,291802,3,-90.0,0.049,-90.0,0.049,2026-05-06 06:28:02.753
4787,291863,1,-50.77,-0.063,-50.77,-0.063,2026-05-06 06:28:02.753
4788,291926,2,50.77,0.063,50.77,0.062,2026-05-06 06:28:02.753
4789,291985,1,-50.77,-0.063,-50.77,-0.063,2026-05-06 06:28:02.753
4790,292048,2,50.77,0.063,50.77,0.063,2026-05-06 06:28:02.753
4791,292107,3,-90.0,0.049,-90.0,0.049,2026-05-06 06:28:02.753
4792,292168,1,-50.77,-0.063,-50.77,-0.062,2026-05-06 06:28:02.753
4793,292231,2,50.77,0.063,50.77,0.063,2026-05-06 06:28:02.753
4794,292290,3,-90.0,0.049,-90.0,0.049,2026-05-06 06:28:02.753
4795,292351,1,-50.77,-0.063,-50.77,-0.062,2026-05-06 06:28:02.753
4796,292414,2,50.77,0.063,50.77,0.063,2026-05-06 06:28:02.753
4797,292472,1,-50.77,-0.063,-50.77,-0.063,2026-05-06 06:28:02.753
4798,292535,2,50.77,0.063,50.77,0.063,2026-05-06 06:28:02.753
4799,292594,3,-90.0,0.049,-90.0,0.048,2026-05-06 06:28:02.753
4800,292655,1,-50.77,-0.063,-50.77,-0.063,2026-05-06 06:28:02.753
4801,292718,2,50.77,0.063,50.77,0.063,2026-05-06 06:28:02.753
4802,292777,3,-90.0,0.049,-90.0,0.048,2026-05-06 06:28:02.753
4803,292838,1,-50.77,-0.063,-50.77,-0.062,2026-05-06 06:28:02.753
4804,292901,2,50.77,0.063,50.77,0.062,2026-05-06 06:28:02.753
4805,292961,1,-50.77,-0.063,-50.77,-0.063,2026-05-06 06:28:02.753
4806,293024,2,50.77,0.063,50.77,0.063,2026-05-06 06:28:02.753
4807,293083,3,-90.0,0.049,-90.0,0.049,2026-05-06 06:28:02.753
4808,293144,1,-50.77,-0.063,-50.77,-0.063,2026-05-06 06:28:02.753
4809,293207,2,50.77,0.063,50.77,0.063,2026-05-06 06:28:02.753
4810,293266,3,-90.0,0.049,-90.0,0.049,2026-05-06 06:28:02.753
4811,293327,1,-50.77,-0.063,-50.77,-0.063,2026-05-06 06:28:02.753
4812,293390,2,50.77,0.063,50.77,0.063,2026-05-06 06:28:02.753
4813,293449,1,-50.77,-0.063,-50.77,-0.063,2026-05-06 06:28:02.753
4814,293512,2,50.77,0.063,50.77,0.063,2026-05-06 06:28:02.753
4815,293571,3,-90.0,0.049,-90.0,0.049,2026-05-06 06:28:02.753
4816,293632,1,-50.77,-0.063,-50.77,-0.063,2026-05-06 06:28:02.753
4817,293695,2,50.77,0.063,50.77,0.063,2026-05-06 06:28:02.753
4818,293754,3,-90.0,0.049,-90.0,0.049,2026-05-06 06:28:02.753
4819,293815,1,-50.77,-0.063,-50.77,-0.063,2026-05-06 06:28:02.753
4820,293878,2,50.77,0.063,50.77,0.063,2026-05-06 06:28:02.753
4821,293937,1,-50.77,-0.063,-50.77,-0.063,2026-05-06 06:28:02.753
4822,294000,2,50.77,0.063,50.77,0.064,2026-05-06 06:28:02.753
4823,294059,3,-90.0,0.049,-90.0,0.049,2026-05-06 06:28:02.753
4824,294120,1,-50.77,-0.063,-50.77,-0.063,2026-05-06 06:28:02.753
4825,294183,2,50.77,0.063,50.77,0.063,2026-05-06 06:28:02.753
4826,294242,3,-90.0,0.049,-90.0,0.05,2026-05-06 06:28:02.753
4827,294303,1,-50.77,-0.063,-50.77,-0.063,2026-05-06 06:28:02.753
4828,294366,2,50.77,0.063,50.77,0.063,2026-05-06 06:28:02.753
4829,294424,3,-90.0,0.049,-90.0,0.05,2026-05-06 06:28:02.753
4830,294485,1,-50.77,-0.063,-50.77,-0.063,2026-05-06 06:28:02.753
4831,294548,2,50.77,0.063,50.77,0.062,2026-05-06 06:28:02.753
4832,294607,3,-90.0,0.049,-90.0,0.05,2026-05-06 06:28:02.753
4833,294668,1,-50.77,-0.063,-50.77,-0.063,2026-05-06 06:28:02.753
4834,294731,2,50.77,0.063,50.77,0.062,2026-05-06 06:28:02.753
4835,294790,3,-90.0,0.049,-90.0,0.05,2026-05-06 06:28:02.753
4836,294851,1,-50.77,-0.063,-50.77,-0.063,2026-05-06 06:28:02.753
4837,294914,1,-50.77,-0.063,-50.77,-0.063,2026-05-06 06:28:02.753
4838,294977,2,50.77,0.063,50.77,0.063,2026-05-06 06:28:02.753
4839,295036,3,-90.0,0.049,-90.0,0.05,2026-05-06 06:28:02.753
4840,295097,1,-50.77,-0.063,-50.77,-0.063,2026-05-06 06:28:02.753
4841,295160,2,50.77,0.063,50.77,0.063,2026-05-06 06:28:02.753
4842,295219,3,-90.0,0.049,-90.0,0.05,2026-05-06 06:28:02.753
4843,295280,1,-50.77,-0.063,-50.77,-0.063,2026-05-06 06:28:02.753
4844,295343,2,50.77,0.063,50.77,0.063,2026-05-06 06:28:02.753
4845,295402,1,-50.77,-0.063,-50.77,-0.063,2026-05-06 06:28:02.753
4846,295465,2,50.77,0.063,50.77,0.064,2026-05-06 06:28:02.753
4847,295524,3,-90.0,0.049,-90.0,0.049,2026-05-06 06:28:02.753
4848,295585,1,-50.77,-0.063,-50.77,-0.064,2026-05-06 06:28:03.464
4849,295648,2,50.77,0.063,50.77,0.063,2026-05-06 06:28:03.464
4850,295707,3,-90.0,0.049,-90.0,0.049,2026-05-06 06:28:03.464
4851,295768,1,-50.77,-0.063,-50.77,-0.064,2026-05-06 06:28:03.464
4852,295831,2,50.77,0.063,50.77,0.063,2026-05-06 06:28:03.464
4853,295890,1,-50.77,-0.063,-50.77,-0.063,2026-05-06 06:28:03.464
4854,295953,2,50.77,0.063,50.77,0.063,2026-05-06 06:28:03.464
4855,296012,3,-90.0,0.049,-90.0,0.049,2026-05-06 06:28:03.464
4856,296073,1,-50.77,-0.063,-50.77,-0.063,2026-05-06 06:28:03.464
4857,296136,2,50.77,0.063,50.77,0.063,2026-05-06 06:28:03.464
4858,296195,3,-90.0,0.049,-90.0,0.049,2026-05-06 06:28:03.464
4859,296256,1,-50.77,-0.063,-50.77,-0.063,2026-05-06 06:28:03.464
4860,296319,2,50.77,0.063,50.77,0.063,2026-05-06 06:28:03.464
4861,296378,1,-50.77,-0.063,-50.77,-0.063,2026-05-06 06:28:03.464
4862,296441,2,50.77,0.063,50.77,0.063,2026-05-06 06:28:03.464
4863,296500,3,-90.0,0.049,-90.0,0.048,2026-05-06 06:28:03.464
4864,296561,1,-50.77,-0.063,-50.77,-0.063,2026-05-06 06:28:03.464
4865,296624,2,50.77,0.063,50.77,0.063,2026-05-06 06:28:03.464
4866,296683,3,-90.0,0.049,-90.0,0.048,2026-05-06 06:28:03.464
4867,296744,1,-50.77,-0.063,-50.77,-0.063,2026-05-06 06:28:03.464
4868,296807,2,50.77,0.063,50.77,0.063,2026-05-06 06:28:03.464
4869,296866,1,-50.77,-0.063,-50.77,-0.063,2026-05-06 06:28:03.464
4870,296929,2,50.77,0.063,50.77,0.063,2026-05-06 06:28:03.464
4871,296988,3,-90.0,0.049,-90.0,0.049,2026-05-06 06:28:03.464
4872,297049,1,-50.77,-0.063,-50.77,-0.063,2026-05-06 06:28:03.464
4873,297112,2,50.77,0.063,50.77,0.063,2026-05-06 06:28:03.464
4874,297171,3,-90.0,0.049,-90.0,0.049,2026-05-06 06:28:03.464
4875,297232,1,-50.77,-0.063,-50.77,-0.063,2026-05-06 06:28:03.464
4876,297295,2,50.77,0.063,50.77,0.063,2026-05-06 06:28:03.464
4877,297420,2,50.77,0.063,50.77,0.063,2026-05-06 06:28:03.464
4878,297479,3,-90.0,0.049,-90.0,0.049,2026-05-06 06:28:03.464
4879,297540,1,-50.77,-0.063,-50.77,-0.063,2026-05-06 06:28:03.464
4880,297603,2,50.77,0.063,50.77,0.063,2026-05-06 06:28:03.464
4881,297662,3,-90.0,0.049,-90.0,0.049,2026-05-06 06:28:03.464
4882,297723,1,-50.77,-0.063,-50.77,-0.063,2026-05-06 06:28:03.464
4883,297786,2,50.77,0.063,50.77,0.063,2026-05-06 06:28:03.464
4884,297844,3,-90.0,0.049,-90.0,0.049,2026-05-06 06:28:03.464
4885,297905,1,-50.77,-0.063,-50.77,-0.063,2026-05-06 06:28:03.464
4886,297968,2,50.77,0.063,50.77,0.063,2026-05-06 06:28:03.464
4887,298027,3,-90.0,0.049,-90.0,0.049,2026-05-06 06:28:03.464
4888,298088,1,-50.77,-0.063,-50.77,-0.063,2026-05-06 06:28:03.464
4889,298151,2,50.77,0.063,50.77,0.063,2026-05-06 06:28:03.464
4890,298210,3,-90.0,0.049,-90.0,0.049,2026-05-06 06:28:03.464
4891,298271,1,-50.77,-0.063,-50.77,-0.064,2026-05-06 06:28:03.464
4892,298335,1,-50.77,-0.063,-50.77,-0.063,2026-05-06 06:28:03.464
4893,298398,2,50.77,0.063,50.77,0.064,2026-05-06 06:28:03.464
4894,298457,3,-90.0,0.049,-90.0,0.049,2026-05-06 06:28:03.464
4895,298518,1,-50.77,-0.063,-50.77,-0.063,2026-05-06 06:28:03.464
4896,298581,2,50.77,0.063,50.77,0.064,2026-05-06 06:28:03.464
4897,298640,3,-90.0,0.049,-90.0,0.049,2026-05-06 06:28:03.464
4898,298701,1,-50.77,-0.063,-50.77,-0.063,2026-05-06 06:28:03.464
4899,298764,2,50.77,0.063,50.77,0.064,2026-05-06 06:28:03.464
4900,298823,1,-50.77,-0.063,-50.77,-0.064,2026-05-06 06:28:03.464
4901,298886,2,50.77,0.063,50.77,0.065,2026-05-06 06:28:03.464
4902,298945,3,-90.0,0.049,-90.0,0.05,2026-05-06 06:28:03.464
4903,299006,1,-50.77,-0.062,-50.77,-0.064,2026-05-06 06:28:03.464
4904,299069,2,50.77,0.062,50.77,0.065,2026-05-06 06:28:03.464
4905,299128,3,-90.0,0.048,-90.0,0.05,2026-05-06 06:28:03.464
4906,299189,1,-50.77,-0.062,-50.77,-0.064,2026-05-06 06:28:03.464
4907,299252,2,50.77,0.062,50.77,0.065,2026-05-06 06:28:03.464
4908,299311,1,-50.77,-0.06,-50.77,-0.064,2026-05-06 06:28:03.464
4909,299374,2,50.77,0.06,50.77,0.065,2026-05-06 06:28:03.464
4910,299433,3,-90.0,0.046,-90.0,0.05,2026-05-06 06:28:03.464
4911,299494,1,-50.77,-0.059,-50.77,-0.065,2026-05-06 06:28:03.464
4912,299557,2,50.77,0.059,50.77,0.064,2026-05-06 06:28:03.464
4913,299616,3,-90.0,0.046,-90.0,0.051,2026-05-06 06:28:03.464
4914,299677,1,-50.77,-0.058,-50.77,-0.065,2026-05-06 06:28:03.464
4915,299740,2,50.77,0.058,50.77,0.064,2026-05-06 06:28:03.464
4916,299799,1,-50.77,-0.051,-50.77,-0.062,2026-05-06 06:28:03.464
4917,299862,2,50.77,0.051,50.77,0.063,2026-05-06 06:28:03.464
4918,299921,3,-90.0,0.039,-90.0,0.049,2026-05-06 06:28:03.464
4919,299982,1,-50.77,-0.051,-50.77,-0.062,2026-05-06 06:28:03.464
4920,300045,2,50.77,0.051,50.77,0.063,2026-05-06 06:28:03.464
4921,300104,3,-90.0,0.039,-90.0,0.049,2026-05-06 06:28:03.464
4922,300165,1,-50.77,-0.049,-50.77,-0.062,2026-05-06 06:28:03.464
4923,300228,2,50.77,0.049,50.77,0.063,2026-05-06 06:28:03.464
4924,300287,1,-50.77,-0.028,-50.77,-0.056,2026-05-06 06:28:03.464
4925,300350,2,50.77,0.028,50.77,0.057,2026-05-06 06:28:03.464
4926,300409,3,-90.0,0.022,-90.0,0.044,2026-05-06 06:28:03.464
4927,300470,1,-50.77,-0.028,-50.77,-0.056,2026-05-06 06:28:03.464
4928,300533,2,50.77,0.028,50.77,0.057,2026-05-06 06:28:03.464
4929,300592,3,-90.0,0.022,-90.0,0.044,2026-05-06 06:28:03.464
4930,300653,1,-50.77,-0.025,-50.77,-0.056,2026-05-06 06:28:03.464
4931,300716,2,50.77,0.025,50.77,0.057,2026-05-06 06:28:03.464
4932,300775,1,-50.77,-0.01,-50.78,-0.046,2026-05-06 06:28:03.464
4933,300838,2,50.77,0.01,50.77,0.046,2026-05-06 06:28:03.464
4934,300897,3,-90.0,0.008,-90.0,0.036,2026-05-06 06:28:03.464
4935,300958,1,-50.77,-0.008,-50.78,-0.041,2026-05-06 06:28:03.464
4936,301021,2,50.77,0.008,50.77,0.041,2026-05-06 06:28:03.464
4937,301080,3,-90.0,0.006,-90.0,0.029,2026-05-06 06:28:03.464
4938,301141,1,-50.77,-0.008,-50.78,-0.041,2026-05-06 06:28:03.464
4939,301204,2,50.77,0.008,50.77,0.041,2026-05-06 06:28:03.464
4940,301262,2,50.77,0.002,50.77,0.027,2026-05-06 06:28:03.464
4941,301321,3,-90.0,0.002,-90.0,0.021,2026-05-06 06:28:03.464
4942,301382,1,-50.77,-0.002,-50.78,-0.026,2026-05-06 06:28:03.464
4943,301445,2,50.77,0.002,50.77,0.027,2026-05-06 06:28:03.464
4944,301504,3,-90.0,0.002,-90.0,0.021,2026-05-06 06:28:03.464
4945,301565,1,-50.77,-0.002,-50.78,-0.026,2026-05-06 06:28:03.464
4946,301628,2,50.77,0.002,50.77,0.027,2026-05-06 06:28:03.464
4947,301687,3,-90.0,0.001,-90.0,0.021,2026-05-06 06:28:03.464
4948,301750,1,-50.78,0.0,-50.77,-0.009,2026-05-06 06:28:03.464
4949,301812,2,50.77,0.0,50.77,0.009,2026-05-06 06:28:03.464
4950,301871,3,-90.0,0.0,-90.0,0.006,2026-05-06 06:28:03.464
4951,301932,1,-50.78,0.0,-50.77,-0.009,2026-05-06 06:28:03.464
4952,301994,2,50.77,0.0,50.77,0.009,2026-05-06 06:28:03.464
4953,302053,3,-90.0,0.0,-90.0,0.006,2026-05-06 06:28:03.464
4954,302114,1,-50.78,0.0,-50.77,-0.005,2026-05-06 06:28:03.464
4955,302176,2,50.77,0.0,50.77,0.004,2026-05-06 06:28:03.464
4956,302236,1,-50.78,0.0,-50.77,0.0,2026-05-06 06:28:03.464
4957,302297,2,50.77,0.0,50.77,-0.0,2026-05-06 06:28:03.464
4958,302357,3,-90.0,0.0,-90.0,-0.0,2026-05-06 06:28:03.464
4959,302419,1,-50.78,0.0,-50.77,0.001,2026-05-06 06:28:03.464
4960,302480,2,50.77,0.0,50.77,-0.001,2026-05-06 06:28:03.464
4961,302540,3,-90.0,0.0,-90.0,-0.0,2026-05-06 06:28:03.464
4962,302602,1,-50.78,0.0,-50.77,0.001,2026-05-06 06:28:03.464
4963,302663,2,50.77,0.0,50.77,-0.0,2026-05-06 06:28:03.464
4964,302723,1,-50.78,0.0,-50.77,0.0,2026-05-06 06:28:03.464
4965,302784,2,50.77,0.0,50.77,-0.001,2026-05-06 06:28:03.464
4966,302844,3,-90.0,0.0,-90.0,0.0,2026-05-06 06:28:03.464
4967,302905,1,-50.78,0.0,-50.77,0.0,2026-05-06 06:28:03.464
4968,302966,2,50.77,0.0,50.78,-0.001,2026-05-06 06:28:03.464
4969,303026,3,-90.0,0.0,-90.0,0.001,2026-05-06 06:28:03.464
4970,303087,1,-50.78,0.0,-50.77,0.0,2026-05-06 06:28:03.464
4971,303148,2,50.77,0.0,50.77,-0.0,2026-05-06 06:28:03.464
4972,303209,1,-50.78,0.0,-50.77,0.0,2026-05-06 06:28:03.464
4973,303270,2,50.77,0.0,50.78,0.0,2026-05-06 06:28:03.464
4974,303329,3,-90.0,0.0,-90.0,0.0,2026-05-06 06:28:03.464
4975,303390,1,-50.78,0.0,-50.77,0.0,2026-05-06 06:28:03.464
4976,303451,2,50.77,0.0,50.78,0.0,2026-05-06 06:28:03.464
4977,303510,3,-90.0,0.0,-90.0,0.0,2026-05-06 06:28:03.464
4978,303571,1,-50.78,0.0,-50.77,0.0,2026-05-06 06:28:03.464
4979,303632,2,50.77,0.0,50.78,0.0,2026-05-06 06:28:03.464
4980,303694,1,-50.78,0.0,-50.77,0.0,2026-05-06 06:28:04.192
4981,303755,2,50.77,0.0,50.78,0.0,2026-05-06 06:28:04.192
4982,303814,3,-90.0,0.0,-90.0,0.0,2026-05-06 06:28:04.192
4983,303875,1,-50.78,0.0,-50.77,-0.0,2026-05-06 06:28:04.192
4984,303937,2,50.77,0.0,50.78,-0.0,2026-05-06 06:28:04.192
4985,303997,3,-90.0,0.0,-90.0,-0.0,2026-05-06 06:28:04.192
4986,304059,1,-50.78,0.0,-50.77,-0.0,2026-05-06 06:28:04.192
4987,304121,2,50.77,0.0,50.78,0.0,2026-05-06 06:28:04.192
4988,304181,1,-50.78,0.0,-50.77,-0.0,2026-05-06 06:28:04.192
4989,304243,2,50.77,0.0,50.78,-0.0,2026-05-06 06:28:04.192
4990,304303,3,-90.0,0.0,-90.0,0.0,2026-05-06 06:28:04.192
4991,304364,1,-50.78,0.0,-50.77,-0.0,2026-05-06 06:28:04.192
4992,304426,2,50.77,0.0,50.78,0.0,2026-05-06 06:28:04.192
4993,304485,3,-90.0,0.0,-90.0,-0.0,2026-05-06 06:28:04.192
4994,304547,1,-50.78,0.0,-50.77,-0.0,2026-05-06 06:28:04.192
4995,304609,2,50.77,0.0,50.78,0.0,2026-05-06 06:28:04.192
4996,304668,1,-50.78,0.0,-50.77,-0.0,2026-05-06 06:28:04.192
4997,304730,2,50.77,0.0,50.78,0.0,2026-05-06 06:28:04.192
4998,304789,3,-90.0,0.0,-90.0,0.0,2026-05-06 06:28:04.192
4999,304850,1,-50.78,0.0,-50.77,0.0,2026-05-06 06:28:04.192
5000,304911,2,50.77,0.0,50.77,0.0,2026-05-06 06:28:04.192
5001,304970,3,-90.0,0.0,-90.0,0.0,2026-05-06 06:28:04.192
5002,305031,1,-50.78,0.0,-50.77,0.0,2026-05-06 06:28:04.192
5003,305092,2,50.77,0.0,50.78,0.0,2026-05-06 06:28:04.192
5004,305217,2,50.77,0.0,50.78,-0.0,2026-05-06 06:28:04.192
5005,305277,3,-90.0,0.0,-90.0,0.0,2026-05-06 06:28:04.192
5006,305338,1,-50.78,0.0,-50.77,0.0,2026-05-06 06:28:04.192
5007,305399,2,50.77,0.0,50.78,-0.0,2026-05-06 06:28:04.192
5008,305459,3,-90.0,0.0,-90.0,0.0,2026-05-06 06:28:04.192
5009,305520,1,-50.78,0.0,-50.77,0.0,2026-05-06 06:28:04.192
5010,305581,2,50.77,0.0,50.78,-0.0,2026-05-06 06:28:04.192
5011,305642,1,-50.78,0.0,-50.77,0.0,2026-05-06 06:28:04.192
5012,305703,2,50.77,0.0,50.78,-0.0,2026-05-06 06:28:04.192
5013,305763,3,-90.0,0.0,-90.0,0.0,2026-05-06 06:28:04.192
5014,305824,1,-50.78,0.0,-50.77,0.0,2026-05-06 06:28:04.192
5015,305885,2,50.77,0.0,50.78,0.0,2026-05-06 06:28:04.192
5016,305944,3,-90.0,0.0,-90.0,0.0,2026-05-06 06:28:04.192
5017,306005,1,-50.78,0.0,-50.77,-0.0,2026-05-06 06:28:04.192
5018,306067,2,50.77,0.0,50.78,0.0,2026-05-06 06:28:04.192
5019,306128,1,-50.78,0.0,-50.77,0.0,2026-05-06 06:28:04.192
5020,306189,2,50.77,0.0,50.78,0.0,2026-05-06 06:28:04.192
5021,306248,3,-90.0,0.0,-90.0,0.0,2026-05-06 06:28:04.192
5022,306309,1,-50.78,0.0,-50.77,-0.0,2026-05-06 06:28:04.192
5023,306371,2,50.77,0.0,50.78,0.0,2026-05-06 06:28:04.192
5024,306430,3,-90.0,0.0,-90.0,0.0,2026-05-06 06:28:04.192
5025,306491,1,-50.78,0.0,-50.77,0.0,2026-05-06 06:28:04.192
5026,306552,2,50.77,0.0,50.78,0.0,2026-05-06 06:28:04.192
5027,306613,2,50.77,0.0,50.78,0.0,2026-05-06 06:28:04.192
5028,306672,3,-90.0,0.0,-90.0,0.0,2026-05-06 06:28:04.192
5029,306733,1,-50.78,0.0,-50.77,-0.0,2026-05-06 06:28:04.192
5030,306795,2,50.77,0.0,50.78,-0.0,2026-05-06 06:28:04.192
5031,306855,3,-90.0,0.0,-90.0,-0.0,2026-05-06 06:28:04.192
5032,306917,1,-50.78,0.0,-50.77,-0.0,2026-05-06 06:28:04.192
5033,306979,2,50.77,0.0,50.78,0.0,2026-05-06 06:28:04.192
5034,307038,3,-90.0,0.0,-90.0,-0.0,2026-05-06 06:28:04.192
5035,307100,1,-50.78,0.0,-50.77,-0.0,2026-05-06 06:28:04.192
5036,307162,2,50.77,0.0,50.77,0.0,2026-05-06 06:28:04.192
5037,307221,3,-90.0,0.0,-90.0,0.0,2026-05-06 06:28:04.192
5038,307282,1,-50.78,0.0,-50.77,-0.0,2026-05-06 06:28:04.192
5039,307344,2,50.77,0.0,50.77,0.0,2026-05-06 06:28:04.192
5040,307403,3,-90.0,0.0,-90.0,-0.0,2026-05-06 06:28:04.192
5041,307465,1,-50.78,0.0,-50.77,-0.0,2026-05-06 06:28:04.192
5042,307527,2,50.77,0.0,50.77,0.0,2026-05-06 06:28:04.192
5043,307587,1,-50.78,0.0,-50.77,0.0,2026-05-06 06:28:04.192
5044,307648,2,50.77,0.0,50.77,0.0,2026-05-06 06:28:04.192
5045,307707,3,-90.0,0.0,-90.0,0.0,2026-05-06 06:28:04.192
5046,307768,1,-50.78,0.0,-50.77,0.0,2026-05-06 06:28:04.192
5047,307829,2,50.77,0.0,50.77,0.0,2026-05-06 06:28:04.192
5048,307888,3,-90.0,0.0,-90.0,0.0,2026-05-06 06:28:04.192
5049,307949,1,-50.78,0.0,-50.77,0.0,2026-05-06 06:28:04.192
5050,308010,2,50.77,0.0,50.77,-0.0,2026-05-06 06:28:04.192
5051,308072,2,50.77,0.0,50.77,-0.0,2026-05-06 06:28:04.192
5052,308132,3,-90.0,0.0,-90.0,-0.0,2026-05-06 06:28:04.192
5053,308194,1,-50.78,0.0,-50.77,0.0,2026-05-06 06:28:04.192
5054,308255,2,50.77,0.0,50.77,-0.0,2026-05-06 06:28:04.192
5055,308315,3,-90.0,0.0,-90.0,0.0,2026-05-06 06:28:04.192
5056,308376,1,-50.78,0.0,-50.77,0.0,2026-05-06 06:28:04.192
5057,308437,2,50.77,0.0,50.77,-0.0,2026-05-06 06:28:04.192
5058,308497,3,-90.0,0.0,-90.0,0.0,2026-05-06 06:28:04.192
5059,308559,2,50.77,0.0,50.77,-0.0,2026-05-06 06:28:04.192
5060,308619,3,-90.0,0.0,-90.0,0.0,2026-05-06 06:28:04.192
5061,308680,1,-50.78,0.0,-50.77,0.0,2026-05-06 06:28:04.192
5062,308741,2,50.77,0.0,50.77,0.0,2026-05-06 06:28:04.192
5063,308800,3,-90.0,0.0,-90.0,0.0,2026-05-06 06:28:04.192
5064,308861,1,-50.78,0.0,-50.77,0.0,2026-05-06 06:28:04.192
5065,308922,2,50.77,0.0,50.77,0.0,2026-05-06 06:28:04.192
5066,308981,3,-90.0,0.0,-90.0,-0.0,2026-05-06 06:28:04.192
5067,309044,2,50.77,0.0,50.77,0.0,2026-05-06 06:28:04.192
5068,309103,3,-90.0,0.0,-90.0,0.0,2026-05-06 06:28:04.192
5069,309164,1,-50.78,0.0,-50.77,-0.0,2026-05-06 06:28:04.192
5070,309226,2,50.77,0.0,50.77,0.0,2026-05-06 06:28:04.192
5071,309285,3,-90.0,0.0,-90.0,-0.0,2026-05-06 06:28:04.192
5072,309347,1,-50.78,0.0,-50.77,-0.0,2026-05-06 06:28:04.192
5073,309409,2,50.77,0.0,50.77,0.0,2026-05-06 06:28:04.192
5074,309468,3,-90.0,0.0,-90.0,-0.0,2026-05-06 06:28:04.192
5075,309531,2,50.77,0.0,50.77,0.0,2026-05-06 06:28:04.192
5076,309590,3,-90.0,0.0,-90.0,0.0,2026-05-06 06:28:04.192
5077,309651,1,-50.78,0.0,-50.77,-0.0,2026-05-06 06:28:04.192
5078,309713,2,50.77,0.0,50.77,0.0,2026-05-06 06:28:04.192
5079,309772,3,-90.0,0.0,-90.0,-0.0,2026-05-06 06:28:04.192
5080,309834,1,-50.78,0.0,-50.77,0.0,2026-05-06 06:28:04.192
5081,309895,2,50.77,0.0,50.77,0.0,2026-05-06 06:28:04.192
5082,309954,3,-90.0,0.0,-90.0,-0.0,2026-05-06 06:28:04.192
5083,310017,2,50.77,0.0,50.77,0.0,2026-05-06 06:28:04.192
5084,310076,3,-90.0,0.0,-90.0,0.0,2026-05-06 06:28:04.192
5085,310137,1,-50.78,0.0,-50.77,0.0,2026-05-06 06:28:04.192
5086,310198,2,50.77,0.0,50.77,0.0,2026-05-06 06:28:04.192
5087,310257,3,-90.0,0.0,-90.0,0.0,2026-05-06 06:28:04.192
5088,310318,1,-50.78,0.0,-50.77,0.0,2026-05-06 06:28:04.192
5089,310379,2,50.77,0.0,50.77,0.0,2026-05-06 06:28:04.192
5090,310438,3,-90.0,0.0,-90.0,0.0,2026-05-06 06:28:04.192
5091,310501,2,50.77,0.0,50.77,0.0,2026-05-06 06:28:04.192
5092,310560,3,-90.0,0.0,-90.0,0.0,2026-05-06 06:28:04.192
5093,310621,1,-50.78,0.0,-50.77,0.0,2026-05-06 06:28:04.192
5094,310682,2,50.77,0.0,50.77,-0.0,2026-05-06 06:28:04.192
5095,310742,3,-90.0,0.0,-90.0,-0.0,2026-05-06 06:28:04.192
5096,310804,1,-50.78,0.0,-50.77,0.0,2026-05-06 06:28:04.192
5097,310865,2,50.77,0.0,50.77,-0.0,2026-05-06 06:28:04.192
5098,310925,3,-90.0,0.0,-90.0,-0.0,2026-05-06 06:28:04.192
5099,310988,2,50.77,0.0,50.77,-0.0,2026-05-06 06:28:04.192
5100,311048,3,-90.0,0.0,-90.0,0.0,2026-05-06 06:28:04.192
5101,311109,1,-50.78,0.0,-50.77,-0.0,2026-05-06 06:28:04.192
5102,311171,2,50.77,0.0,50.77,-0.0,2026-05-06 06:28:04.192
5103,311231,3,-90.0,0.0,-90.0,0.0,2026-05-06 06:28:04.192
5104,311292,1,-50.78,0.0,-50.77,-0.0,2026-05-06 06:28:04.192
5105,311354,2,50.77,0.0,50.77,0.0,2026-05-06 06:28:04.192
5106,311413,3,-90.0,0.0,-90.0,0.0,2026-05-06 06:28:04.192
5107,311475,2,50.77,0.0,50.77,0.0,2026-05-06 06:28:04.192
5108,311534,3,-90.0,0.0,-90.0,0.0,2026-05-06 06:28:04.192
5109,311595,1,-50.78,0.0,-50.77,-0.0,2026-05-06 06:28:04.192
5110,311657,2,50.77,0.0,50.77,-0.0,2026-05-06 06:28:04.192
5111,311717,3,-90.0,0.0,-90.0,0.0,2026-05-06 06:28:04.192
5112,311778,1,-50.78,0.0,-50.77,0.0,2026-05-06 06:28:04.192
5113,311839,2,50.77,0.0,50.77,0.0,2026-05-06 06:28:04.901
5114,311898,3,-90.0,0.0,-90.0,0.0,2026-05-06 06:28:04.901
5115,311960,1,-50.78,0.0,-50.77,0.0,2026-05-06 06:28:04.901
5116,312021,2,50.77,0.0,50.77,0.0,2026-05-06 06:28:04.901
5117,312080,3,-90.0,0.0,-90.0,0.0,2026-05-06 06:28:04.901
5118,312141,1,-50.78,0.0,-50.77,-0.0,2026-05-06 06:28:04.901
5119,312203,2,50.77,0.0,50.77,0.0,2026-05-06 06:28:04.901
5120,312262,3,-90.0,0.0,-90.0,-0.0,2026-05-06 06:28:04.901
5121,312324,1,-50.78,0.0,-50.77,-0.0,2026-05-06 06:28:04.901
5122,312386,2,50.77,0.0,50.77,0.0,2026-05-06 06:28:04.901
5123,312446,2,50.77,0.0,50.77,0.0,2026-05-06 06:28:04.901
5124,312505,3,-90.0,0.0,-90.0,-0.0,2026-05-06 06:28:04.901
5125,312567,1,-50.78,0.0,-50.77,0.0,2026-05-06 06:28:04.901
5126,312628,2,50.77,0.0,50.77,-0.0,2026-05-06 06:28:04.901
5127,312688,3,-90.0,0.0,-90.0,0.0,2026-05-06 06:28:04.901
5128,312749,1,-50.78,0.0,-50.77,0.0,2026-05-06 06:28:04.901
5129,312810,2,50.77,0.0,50.77,0.0,2026-05-06 06:28:04.901
5130,312869,3,-90.0,0.0,-90.0,0.0,2026-05-06 06:28:04.901
5131,312996,2,50.77,0.0,50.77,0.0,2026-05-06 06:28:04.901
5132,313055,3,-90.0,0.0,-90.0,0.0,2026-05-06 06:28:04.901
5133,313116,1,-50.78,0.0,-50.77,0.0,2026-05-06 06:28:04.901
5134,313177,2,50.77,0.0,50.77,-0.0,2026-05-06 06:28:04.901
5135,313237,3,-90.0,0.0,-90.0,0.0,2026-05-06 06:28:04.901
5136,313298,1,-50.78,0.0,-50.77,0.0,2026-05-06 06:28:04.901
5137,313359,2,50.77,0.0,50.77,0.0,2026-05-06 06:28:04.901
5138,313420,2,50.77,0.0,50.77,-0.0,2026-05-06 06:28:04.901
5139,313480,3,-90.0,0.0,-90.0,-0.0,2026-05-06 06:28:04.901
5140,313542,1,-50.78,0.0,-50.77,-0.0,2026-05-06 06:28:04.901
5141,313604,2,50.77,0.0,50.77,-0.0,2026-05-06 06:28:04.901
5142,313664,3,-90.0,0.0,-90.0,-0.0,2026-05-06 06:28:04.901
5143,313726,1,-50.78,0.0,-50.77,0.0,2026-05-06 06:28:04.901
5144,313787,2,50.77,0.0,50.77,-0.0,2026-05-06 06:28:04.901
5145,313847,3,-90.0,0.0,-90.0,0.0,2026-05-06 06:28:04.901
5146,313908,2,50.77,0.0,50.77,-0.0,2026-05-06 06:28:04.901
5147,313968,3,-90.0,0.0,-90.0,0.0,2026-05-06 06:28:04.901
5148,314029,1,-50.78,0.0,-50.77,-0.0,2026-05-06 06:28:04.901
5149,314091,2,50.77,0.0,50.77,0.0,2026-05-06 06:28:04.901
5150,314150,3,-90.0,0.0,-90.0,0.0,2026-05-06 06:28:04.901
5151,314211,1,-50.78,0.0,-50.77,0.0,2026-05-06 06:28:04.901
5152,314272,2,50.77,0.0,50.77,0.0,2026-05-06 06:28:04.901
5153,314331,3,-90.0,0.0,-90.0,0.0,2026-05-06 06:28:04.901
5154,314393,2,50.77,0.0,50.77,-0.0,2026-05-06 06:28:04.901
5155,314453,3,-90.0,0.0,-90.0,0.0,2026-05-06 06:28:04.901
5156,314514,1,-50.78,0.0,-50.77,-0.0,2026-05-06 06:28:04.901
5157,314576,2,50.77,0.0,50.77,0.0,2026-05-06 06:28:04.901
5158,314635,3,-90.0,0.0,-90.0,0.0,2026-05-06 06:28:04.901
5159,314696,1,-50.78,0.0,-50.77,-0.0,2026-05-06 06:28:04.901
5160,314758,2,50.77,0.0,50.77,-0.0,2026-05-06 06:28:04.901
5161,314818,3,-90.0,0.0,-90.0,0.0,2026-05-06 06:28:04.901
5162,314880,2,50.77,0.0,50.77,0.0,2026-05-06 06:28:04.901
5163,314939,3,-90.0,0.0,-90.0,0.0,2026-05-06 06:28:04.901
5164,315000,1,-50.78,0.0,-50.77,-0.0,2026-05-06 06:28:04.901
5165,315062,2,50.77,0.0,50.77,-0.0,2026-05-06 06:28:04.901
5166,315122,3,-90.0,0.0,-90.0,-0.0,2026-05-06 06:28:04.901
5167,315184,1,-50.78,0.0,-50.77,-0.0,2026-05-06 06:28:04.901
5168,315246,2,50.77,0.0,50.77,0.0,2026-05-06 06:28:04.901
5169,315305,3,-90.0,0.0,-90.0,-0.0,2026-05-06 06:28:04.901
5170,315367,2,50.77,0.0,50.77,0.0,2026-05-06 06:28:04.901
5171,315426,3,-90.0,0.0,-90.0,0.0,2026-05-06 06:28:04.901
5172,315487,1,-50.78,0.0,-50.77,0.0,2026-05-06 06:28:04.901
5173,315548,2,50.77,0.0,50.77,0.0,2026-05-06 06:28:04.901
5174,315607,3,-90.0,0.0,-90.0,-0.0,2026-05-06 06:28:04.901
5175,315669,1,-50.78,0.0,-50.77,0.0,2026-05-06 06:28:04.901
5176,315730,2,50.77,0.0,50.77,0.0,2026-05-06 06:28:04.901
5177,315789,3,-90.0,0.0,-90.0,0.0,2026-05-06 06:28:04.901
5178,315852,2,50.77,0.0,50.77,0.0,2026-05-06 06:28:04.901
5179,315911,3,-90.0,0.0,-90.0,-0.0,2026-05-06 06:28:04.901
5180,315973,1,-50.78,0.0,-50.77,-0.0,2026-05-06 06:28:04.901
5181,316035,2,50.77,0.0,50.77,-0.0,2026-05-06 06:28:04.901
5182,316095,3,-90.0,0.0,-90.0,0.0,2026-05-06 06:28:04.901
5183,316156,1,-50.78,0.0,-50.77,0.0,2026-05-06 06:28:04.901
5184,316217,2,50.77,0.0,50.77,0.0,2026-05-06 06:28:04.901
5185,316276,3,-90.0,0.0,-90.0,0.0,2026-05-06 06:28:04.901
5186,316338,2,50.77,0.0,50.77,-0.0,2026-05-06 06:28:04.901
5187,316398,3,-90.0,0.0,-90.0,0.0,2026-05-06 06:28:04.901
5188,316459,1,-50.78,0.0,-50.77,0.0,2026-05-06 06:28:04.901
5189,316520,2,50.77,0.0,50.77,0.0,2026-05-06 06:28:04.901
5190,316579,3,-90.0,0.0,-90.0,0.0,2026-05-06 06:28:04.901
5191,316640,1,-50.78,0.0,-50.77,0.0,2026-05-06 06:28:04.901
5192,316701,2,50.77,0.0,50.77,-0.0,2026-05-06 06:28:04.901
5193,316761,3,-90.0,0.0,-90.0,0.0,2026-05-06 06:28:04.901
5194,316824,2,50.77,0.0,50.77,0.0,2026-05-06 06:28:04.901
5195,316883,3,-90.0,0.0,-90.0,0.0,2026-05-06 06:28:04.901
5196,316944,1,-50.78,0.0,-50.77,0.0,2026-05-06 06:28:04.901
5197,317005,2,50.77,0.0,50.77,0.0,2026-05-06 06:28:04.901
5198,317064,3,-90.0,0.0,-90.0,0.0,2026-05-06 06:28:04.901
5199,317125,1,-50.78,0.0,-50.77,0.0,2026-05-06 06:28:04.901
5200,317186,2,50.77,0.0,50.77,0.0,2026-05-06 06:28:04.901
5201,317245,3,-90.0,0.0,-90.0,-0.0,2026-05-06 06:28:04.901
5202,317309,2,50.77,0.0,50.77,0.0,2026-05-06 06:28:04.901
5203,317368,3,-90.0,0.0,-90.0,0.0,2026-05-06 06:28:04.901
5204,317429,1,-50.78,0.0,-50.77,-0.0,2026-05-06 06:28:04.901
5205,317491,2,50.77,0.0,50.77,0.0,2026-05-06 06:28:04.901
5206,317550,3,-90.0,0.0,-90.0,0.0,2026-05-06 06:28:04.901
5207,317611,1,-50.78,0.0,-50.77,-0.0,2026-05-06 06:28:04.901
5208,317673,2,50.77,0.0,50.77,0.0,2026-05-06 06:28:04.901
5209,317732,3,-90.0,0.0,-90.0,0.0,2026-05-06 06:28:04.901
5210,317794,2,50.77,0.0,50.77,0.0,2026-05-06 06:28:04.901
5211,317853,3,-90.0,0.0,-90.0,0.0,2026-05-06 06:28:04.901
5212,317914,1,-50.78,0.0,-50.77,0.0,2026-05-06 06:28:04.901
5213,317975,2,50.77,0.0,50.77,0.0,2026-05-06 06:28:04.901
5214,318034,3,-90.0,0.0,-90.0,-0.0,2026-05-06 06:28:04.901
5215,318096,1,-50.78,0.0,-50.77,0.0,2026-05-06 06:28:04.901
5216,318157,2,50.77,0.0,50.77,0.0,2026-05-06 06:28:04.901
5217,318216,3,-90.0,0.0,-90.0,0.0,2026-05-06 06:28:04.901
5218,318278,3,-90.0,0.0,-90.0,0.0,2026-05-06 06:28:04.901
5219,318339,1,-50.78,0.0,-50.77,0.0,2026-05-06 06:28:04.901
5220,318400,2,50.77,0.0,50.77,0.0,2026-05-06 06:28:04.901
5221,318459,3,-90.0,0.0,-90.0,0.0,2026-05-06 06:28:04.901
5222,318520,1,-50.78,0.0,-50.77,0.0,2026-05-06 06:28:04.901
5223,318581,2,50.77,0.0,50.77,-0.0,2026-05-06 06:28:04.901
5224,318641,3,-90.0,0.0,-90.0,-0.0,2026-05-06 06:28:04.901
5225,318703,1,-50.78,0.0,-50.77,0.0,2026-05-06 06:28:04.901
5226,318766,2,50.77,0.0,50.77,-0.0,2026-05-06 06:28:04.901
5227,318826,3,-90.0,0.0,-90.0,0.0,2026-05-06 06:28:04.901
5228,318887,1,-50.78,0.0,-50.77,-0.0,2026-05-06 06:28:04.901
5229,318949,2,50.77,0.0,50.77,-0.0,2026-05-06 06:28:04.901
5230,319009,3,-90.0,0.0,-90.0,0.0,2026-05-06 06:28:04.901
5231,319070,1,-50.78,0.0,-50.77,0.0,2026-05-06 06:28:04.901
5232,319131,2,50.77,0.0,50.77,0.0,2026-05-06 06:28:04.901
5233,319190,3,-90.0,0.0,-90.0,0.0,2026-05-06 06:28:04.901
5234,319252,2,50.77,0.0,50.77,0.0,2026-05-06 06:28:04.901
5235,319311,3,-90.0,0.0,-90.0,0.0,2026-05-06 06:28:04.901
5236,319372,1,-50.78,0.0,-50.77,0.0,2026-05-06 06:28:04.901
5237,319433,2,50.77,0.0,50.77,0.0,2026-05-06 06:28:04.901
5238,319492,3,-90.0,0.0,-90.0,0.0,2026-05-06 06:28:04.901
5239,319553,1,-50.78,0.0,-50.77,0.0,2026-05-06 06:28:04.901
5240,319614,2,50.77,0.0,50.77,0.0,2026-05-06 06:28:04.901
5241,319673,3,-90.0,0.0,-90.0,0.0,2026-05-06 06:28:04.901
5242,319736,2,50.77,0.0,50.77,0.0,2026-05-06 06:28:04.901
5243,319795,3,-90.0,0.0,-90.0,-0.0,2026-05-06 06:28:04.901
5244,319857,1,-50.78,0.0,-50.77,0.0,2026-05-06 06:28:04.901
5245,319918,2,50.77,0.0,50.77,0.0,2026-05-06 06:28:05.627
5246,319977,3,-90.0,0.0,-90.0,0.0,2026-05-06 06:28:05.627
5247,320038,1,-50.78,0.0,-50.77,-0.0,2026-05-06 06:28:05.627
5248,320100,2,50.77,0.0,50.77,-0.0,2026-05-06 06:28:05.627
5249,320160,3,-90.0,0.0,-90.0,-0.0,2026-05-06 06:28:05.627
5250,320224,2,50.77,0.0,50.77,-0.0,2026-05-06 06:28:05.627
5251,320284,3,-90.0,0.0,-90.0,0.0,2026-05-06 06:28:05.627
5252,320345,1,-50.78,0.0,-50.77,0.0,2026-05-06 06:28:05.627
5253,320406,2,50.77,0.0,50.77,-0.0,2026-05-06 06:28:05.627
5254,320466,3,-90.0,0.0,-90.0,0.0,2026-05-06 06:28:05.627
5255,320527,1,-50.78,0.0,-50.77,0.0,2026-05-06 06:28:05.627
5256,320588,2,50.77,0.0,50.77,-0.0,2026-05-06 06:28:05.627
5257,320648,3,-90.0,0.0,-90.0,0.0,2026-05-06 06:28:05.627
5258,320772,3,-90.0,0.0,-90.0,0.0,2026-05-06 06:28:05.627
5259,320833,1,-50.78,0.0,-50.77,0.0,2026-05-06 06:28:05.627
5260,320894,2,50.77,0.0,50.77,0.0,2026-05-06 06:28:05.627
5261,320953,3,-90.0,0.0,-90.0,0.0,2026-05-06 06:28:05.627
5262,321014,1,-50.78,0.0,-50.77,0.0,2026-05-06 06:28:05.627
5263,321075,2,50.77,0.0,50.77,0.0,2026-05-06 06:28:05.627
5264,321134,3,-90.0,0.0,-90.0,0.0,2026-05-06 06:28:05.627
5265,321197,2,50.77,0.0,50.77,0.0,2026-05-06 06:28:05.627
5266,321256,3,-90.0,0.0,-90.0,0.0,2026-05-06 06:28:05.627
5267,321317,1,-50.78,0.0,-50.77,0.0,2026-05-06 06:28:05.627
5268,321378,2,50.77,0.0,50.77,0.0,2026-05-06 06:28:05.627
5269,321437,3,-90.0,0.0,-90.0,0.0,2026-05-06 06:28:05.627
5270,321498,1,-50.78,0.0,-50.77,-0.0,2026-05-06 06:28:05.627
5271,321560,2,50.77,0.0,50.77,-0.0,2026-05-06 06:28:05.627
5272,321620,3,-90.0,0.0,-90.0,0.0,2026-05-06 06:28:05.627
5273,321683,2,50.77,0.0,50.77,0.0,2026-05-06 06:28:05.627
5274,321742,3,-90.0,0.0,-90.0,0.0,2026-05-06 06:28:05.627
5275,321803,1,-50.78,0.0,-50.77,0.0,2026-05-06 06:28:05.627
5276,321864,2,50.77,0.0,50.77,0.0,2026-05-06 06:28:05.627
5277,321923,3,-90.0,0.0,-90.0,-0.0,2026-05-06 06:28:05.627
5278,321985,1,-50.78,0.0,-50.77,0.0,2026-05-06 06:28:05.627
5279,322046,2,50.77,0.0,50.77,0.0,2026-05-06 06:28:05.627
5280,322105,3,-90.0,0.0,-90.0,0.0,2026-05-06 06:28:05.627
5281,322168,2,50.77,0.0,50.77,0.0,2026-05-06 06:28:05.627
5282,322227,3,-90.0,0.0,-90.0,0.0,2026-05-06 06:28:05.627
5283,322288,1,-50.78,0.0,-50.77,-0.0,2026-05-06 06:28:05.627
5284,322350,2,50.77,0.0,50.77,0.0,2026-05-06 06:28:05.627
5285,322409,3,-90.0,0.0,-90.0,0.0,2026-05-06 06:28:05.627
5286,322470,1,-50.78,0.0,-50.77,0.0,2026-05-06 06:28:05.627
5287,322531,2,50.77,0.0,50.77,0.0,2026-05-06 06:28:05.627
5288,322590,3,-90.0,0.0,-90.0,-0.0,2026-05-06 06:28:05.627
5289,322653,2,50.77,0.0,50.77,0.0,2026-05-06 06:28:05.627
5290,322712,3,-90.0,0.0,-90.0,0.0,2026-05-06 06:28:05.627
5291,322773,1,-50.78,0.0,-50.77,0.0,2026-05-06 06:28:05.627
5292,322834,2,50.77,0.0,50.77,0.0,2026-05-06 06:28:05.627
5293,322893,3,-90.0,0.0,-90.0,0.0,2026-05-06 06:28:05.627
5294,322954,1,-50.78,0.0,-50.77,-0.0,2026-05-06 06:28:05.627
5295,323016,2,50.77,0.0,50.77,-0.0,2026-05-06 06:28:05.627
5296,323076,3,-90.0,0.0,-90.0,0.0,2026-05-06 06:28:05.627
5297,323139,2,50.77,0.0,50.77,0.0,2026-05-06 06:28:05.627
5298,323198,3,-90.0,0.0,-90.0,0.0,2026-05-06 06:28:05.627
5299,323259,1,-50.78,0.0,-50.77,-0.0,2026-05-06 06:28:05.627
5300,323321,2,50.77,0.0,50.77,0.0,2026-05-06 06:28:05.627
5301,323380,3,-90.0,0.0,-90.0,0.0,2026-05-06 06:28:05.627
5302,323441,1,-50.78,0.0,-50.77,0.0,2026-05-06 06:28:05.627
5303,323502,2,50.77,0.0,50.77,0.0,2026-05-06 06:28:05.627
5304,323561,3,-90.0,0.0,-90.0,0.0,2026-05-06 06:28:05.627
5305,323624,2,50.77,0.0,50.77,-0.0,2026-05-06 06:28:05.627
5306,323684,3,-90.0,0.0,-90.0,0.0,2026-05-06 06:28:05.627
5307,323745,1,-50.78,0.0,-50.77,0.0,2026-05-06 06:28:05.627
5308,323806,2,50.77,0.0,50.77,-0.0,2026-05-06 06:28:05.627
5309,323866,3,-90.0,0.0,-90.0,0.0,2026-05-06 06:28:05.627
5310,323927,1,-50.78,0.0,-50.77,0.0,2026-05-06 06:28:05.627
5311,323988,2,50.77,0.0,50.77,0.0,2026-05-06 06:28:05.627
5312,324047,3,-90.0,0.0,-90.0,0.0,2026-05-06 06:28:05.627
5313,324109,2,50.77,0.0,50.77,-0.0,2026-05-06 06:28:05.627
5314,324169,3,-90.0,0.0,-90.0,0.0,2026-05-06 06:28:05.627
5315,324230,1,-50.78,0.0,-50.77,-0.0,2026-05-06 06:28:05.627
5316,324292,2,50.77,0.0,50.77,0.0,2026-05-06 06:28:05.627
5317,324351,3,-90.0,0.0,-90.0,-0.0,2026-05-06 06:28:05.627
5318,324413,1,-50.78,0.0,-50.77,0.0,2026-05-06 06:28:05.627
5319,324474,2,50.77,0.0,50.77,0.0,2026-05-06 06:28:05.627
5320,324533,3,-90.0,0.0,-90.0,0.0,2026-05-06 06:28:05.627
5321,324595,2,50.77,0.0,50.77,0.0,2026-05-06 06:28:05.627
5322,324654,3,-90.0,0.0,-90.0,0.0,2026-05-06 06:28:05.627
5323,324715,1,-50.78,0.0,-50.77,0.0,2026-05-06 06:28:05.627
5324,324776,2,50.77,0.0,50.77,0.0,2026-05-06 06:28:05.627
5325,324835,3,-90.0,0.0,-90.0,0.0,2026-05-06 06:28:05.627
5326,324896,1,-50.78,0.0,-50.77,0.0,2026-05-06 06:28:05.627
5327,324957,2,50.77,0.0,50.77,0.0,2026-05-06 06:28:05.627
5328,325016,3,-90.0,0.0,-90.0,0.0,2026-05-06 06:28:05.627
5329,325079,2,50.77,0.0,50.77,0.0,2026-05-06 06:28:05.627
5330,325138,3,-90.0,0.0,-90.0,0.0,2026-05-06 06:28:05.627
5331,325199,1,-50.78,0.0,-50.77,0.0,2026-05-06 06:28:05.627
5332,325260,2,50.77,0.0,50.77,0.0,2026-05-06 06:28:05.627
5333,325319,3,-90.0,0.0,-90.0,-0.0,2026-05-06 06:28:05.627
5334,325381,1,-50.78,0.0,-50.77,0.0,2026-05-06 06:28:05.627
5335,325442,2,50.77,0.0,50.77,0.0,2026-05-06 06:28:05.627
5336,325501,3,-90.0,0.0,-90.0,0.0,2026-05-06 06:28:05.627
5337,325565,2,50.77,0.0,50.77,0.0,2026-05-06 06:28:05.627
5338,325624,3,-90.0,0.0,-90.0,0.0,2026-05-06 06:28:05.627
5339,325685,1,-50.78,0.0,-50.77,0.0,2026-05-06 06:28:05.627
5340,325746,2,50.77,0.0,50.77,0.0,2026-05-06 06:28:05.627
5341,325805,3,-90.0,0.0,-90.0,0.0,2026-05-06 06:28:05.627
5342,325866,1,-50.78,0.0,-50.77,0.0,2026-05-06 06:28:05.627
5343,325927,2,50.77,0.0,50.77,0.0,2026-05-06 06:28:05.627
5344,325986,3,-90.0,0.0,-90.0,0.0,2026-05-06 06:28:05.627
5345,326049,2,50.77,0.0,50.77,0.0,2026-05-06 06:28:05.627
5346,326108,3,-90.0,0.0,-90.0,0.0,2026-05-06 06:28:05.627
5347,326169,1,-50.78,0.0,-50.77,0.0,2026-05-06 06:28:05.627
5348,326230,2,50.77,0.0,50.77,0.0,2026-05-06 06:28:05.627
5349,326289,3,-90.0,0.0,-90.0,0.0,2026-05-06 06:28:05.627
5350,326350,1,-50.78,0.0,-50.77,0.0,2026-05-06 06:28:05.627
5351,326411,2,50.77,0.0,50.77,0.0,2026-05-06 06:28:05.627
5352,326470,3,-90.0,0.0,-90.0,0.0,2026-05-06 06:28:05.627
5353,326533,2,50.77,0.0,50.77,0.0,2026-05-06 06:28:05.627
5354,326592,3,-90.0,0.0,-90.0,-0.0,2026-05-06 06:28:05.627
5355,326654,1,-50.78,0.0,-50.77,0.0,2026-05-06 06:28:05.627
5356,326715,2,50.77,0.0,50.77,0.0,2026-05-06 06:28:05.627
5357,326774,3,-90.0,0.0,-90.0,0.0,2026-05-06 06:28:05.627
5358,326835,1,-50.78,0.0,-50.77,-0.0,2026-05-06 06:28:05.627
5359,326897,2,50.77,0.0,50.77,0.0,2026-05-06 06:28:05.627
5360,326956,3,-90.0,0.0,-90.0,0.0,2026-05-06 06:28:05.627
5361,327019,2,50.77,0.0,50.77,0.0,2026-05-06 06:28:05.627
5362,327078,3,-90.0,0.0,-90.0,0.0,2026-05-06 06:28:05.627
5363,327139,1,-50.78,0.0,-50.77,0.0,2026-05-06 06:28:05.627
5364,327200,2,50.77,0.0,50.77,0.0,2026-05-06 06:28:05.627
5365,327259,3,-90.0,0.0,-90.0,-0.0,2026-05-06 06:28:05.627
5366,327321,1,-50.78,0.0,-50.77,0.0,2026-05-06 06:28:05.627
5367,327382,2,50.77,0.0,50.77,0.0,2026-05-06 06:28:05.627
5368,327441,3,-90.0,0.0,-90.0,0.0,2026-05-06 06:28:05.627
5369,327505,2,50.77,0.0,50.77,0.0,2026-05-06 06:28:05.627
5370,327564,3,-90.0,0.0,-90.0,0.0,2026-05-06 06:28:05.627
5371,327625,1,-50.78,0.0,-50.77,-0.0,2026-05-06 06:28:05.627
5372,327687,2,50.77,0.0,50.77,-0.0,2026-05-06 06:28:05.627
5373,327747,3,-90.0,0.0,-90.0,0.0,2026-05-06 06:28:05.627
5374,327808,1,-50.78,0.0,-50.77,0.0,2026-05-06 06:28:05.627
5375,327869,2,50.77,0.0,50.77,-0.0,2026-05-06 06:28:05.627
5376,327929,3,-90.0,0.0,-90.0,-0.0,2026-05-06 06:28:05.627
5377,327992,2,50.77,0.0,50.77,0.0,2026-05-06 06:28:06.356
5378,328051,3,-90.0,0.0,-90.0,0.0,2026-05-06 06:28:06.356
5379,328112,1,-50.78,0.0,-50.77,0.0,2026-05-06 06:28:06.356
5380,328173,2,50.77,0.0,50.77,0.0,2026-05-06 06:28:06.356
5381,328232,3,-90.0,0.0,-90.0,0.0,2026-05-06 06:28:06.356
5382,328293,1,-50.78,0.0,-50.77,0.0,2026-05-06 06:28:06.356
5383,328354,2,50.77,0.0,50.77,-0.0,2026-05-06 06:28:06.356
5384,328414,3,-90.0,0.0,-90.0,0.0,2026-05-06 06:28:06.356
5385,328539,3,-90.0,0.0,-90.0,0.0,2026-05-06 06:28:06.356
5386,328600,1,-50.78,0.0,-50.77,0.0,2026-05-06 06:28:06.356
5387,328661,2,50.77,0.0,50.77,0.0,2026-05-06 06:28:06.356
5388,328720,3,-90.0,0.0,-90.0,0.0,2026-05-06 06:28:06.356
5389,328781,1,-50.78,0.0,-50.77,0.0,2026-05-06 06:28:06.356
5390,328842,2,50.77,0.0,50.77,0.0,2026-05-06 06:28:06.356
5391,328901,3,-90.0,0.0,-90.0,0.0,2026-05-06 06:28:06.356
5392,328964,2,50.77,0.0,50.77,0.0,2026-05-06 06:28:06.356
5393,329023,3,-90.0,0.0,-90.0,0.0,2026-05-06 06:28:06.356
5394,329084,1,-50.78,0.0,-50.77,0.0,2026-05-06 06:28:06.356
5395,329145,2,50.77,0.0,50.77,0.0,2026-05-06 06:28:06.356
5396,329204,3,-90.0,0.0,-90.0,-0.0,2026-05-06 06:28:06.356
5397,329266,1,-50.78,0.0,-50.77,-0.0,2026-05-06 06:28:06.356
5398,329328,2,50.77,0.0,50.77,0.0,2026-05-06 06:28:06.356
5399,329387,3,-90.0,0.0,-90.0,0.0,2026-05-06 06:28:06.356
5400,329450,2,50.77,0.0,50.77,0.0,2026-05-06 06:28:06.356
5401,329509,3,-90.0,0.0,-90.0,0.0,2026-05-06 06:28:06.356
5402,329570,1,-50.78,0.0,-50.77,0.0,2026-05-06 06:28:06.356
5403,329631,2,50.77,0.0,50.77,0.0,2026-05-06 06:28:06.356
5404,329690,3,-90.0,0.0,-90.0,0.0,2026-05-06 06:28:06.356
5405,329751,1,-50.78,0.0,-50.77,0.0,2026-05-06 06:28:06.356
5406,329812,2,50.77,0.0,50.77,0.0,2026-05-06 06:28:06.356
5407,329871,3,-90.0,0.0,-90.0,0.0,2026-05-06 06:28:06.356
5408,329934,2,50.77,0.0,50.77,0.0,2026-05-06 06:28:06.356
5409,329993,3,-90.0,0.0,-90.0,0.0,2026-05-06 06:28:06.356
5410,330054,1,-50.78,0.0,-50.77,0.0,2026-05-06 06:28:06.356
5411,330115,2,50.77,0.0,50.77,0.0,2026-05-06 06:28:06.356
5412,330174,3,-90.0,0.0,-90.0,0.0,2026-05-06 06:28:06.356
5413,330235,1,-50.78,0.0,-50.77,0.0,2026-05-06 06:28:06.356
5414,330296,2,50.77,0.0,50.77,0.0,2026-05-06 06:28:06.356
5415,330355,3,-90.0,0.0,-90.0,0.0,2026-05-06 06:28:06.356
5416,330419,2,50.77,0.0,50.77,0.0,2026-05-06 06:28:06.356
5417,330478,3,-90.0,0.0,-90.0,0.0,2026-05-06 06:28:06.356
5418,330539,1,-50.78,0.0,-50.77,0.0,2026-05-06 06:28:06.356
5419,330600,2,50.77,0.0,50.77,0.0,2026-05-06 06:28:06.356
5420,330659,3,-90.0,0.0,-90.0,0.0,2026-05-06 06:28:06.356
5421,330720,1,-50.78,0.0,-50.77,0.0,2026-05-06 06:28:06.356
5422,330781,2,50.77,0.0,50.77,0.0,2026-05-06 06:28:06.356
5423,330840,3,-90.0,0.0,-90.0,0.0,2026-05-06 06:28:06.356
5424,330903,2,50.77,0.0,50.77,0.0,2026-05-06 06:28:06.356
5425,330962,3,-90.0,0.0,-90.0,-0.0,2026-05-06 06:28:06.356
5426,331024,1,-50.78,0.0,-50.77,0.0,2026-05-06 06:28:06.356
5427,331085,2,50.77,0.0,50.77,0.0,2026-05-06 06:28:06.356
5428,331144,3,-90.0,0.0,-90.0,-0.0,2026-05-06 06:28:06.356
5429,331206,1,-50.78,0.0,-50.77,0.0,2026-05-06 06:28:06.356
5430,331267,2,50.77,0.0,50.77,0.0,2026-05-06 06:28:06.356
5431,331326,3,-90.0,0.0,-90.0,0.0,2026-05-06 06:28:06.356
5432,331389,2,50.77,0.0,50.77,0.0,2026-05-06 06:28:06.356
5433,331448,3,-90.0,0.0,-90.0,0.0,2026-05-06 06:28:06.356
5434,331509,1,-50.78,0.0,-50.77,0.0,2026-05-06 06:28:06.356
5435,331570,2,50.77,0.0,50.77,0.0,2026-05-06 06:28:06.356
5436,331629,3,-90.0,0.0,-90.0,0.0,2026-05-06 06:28:06.356
5437,331690,1,-50.78,0.0,-50.77,-0.0,2026-05-06 06:28:06.356
5438,331752,2,50.77,0.0,50.77,0.0,2026-05-06 06:28:06.356
5439,331811,3,-90.0,0.0,-90.0,0.0,2026-05-06 06:28:06.356
5440,331874,2,50.77,0.0,50.77,0.0,2026-05-06 06:28:06.356
5441,331933,3,-90.0,0.0,-90.0,0.0,2026-05-06 06:28:06.356
5442,331994,1,-50.78,0.0,-50.77,0.0,2026-05-06 06:28:06.356
5443,332055,2,50.77,0.0,50.77,0.0,2026-05-06 06:28:06.356
5444,332114,3,-90.0,0.0,-90.0,0.0,2026-05-06 06:28:06.356
5445,332175,1,-50.78,0.0,-50.77,0.0,2026-05-06 06:28:06.356
5446,332236,2,50.77,0.0,50.77,0.0,2026-05-06 06:28:06.356
5447,332295,3,-90.0,0.0,-90.0,0.0,2026-05-06 06:28:06.356
5448,332357,2,50.77,0.0,50.77,-0.0,2026-05-06 06:28:06.356
5449,332417,3,-90.0,0.0,-90.0,0.0,2026-05-06 06:28:06.356
5450,332478,1,-50.78,0.0,-50.77,0.0,2026-05-06 06:28:06.356
5451,332539,2,50.77,0.0,50.77,0.0,2026-05-06 06:28:06.356
5452,332598,3,-90.0,0.0,-90.0,0.0,2026-05-06 06:28:06.356
5453,332659,1,-50.78,0.0,-50.77,0.0,2026-05-06 06:28:06.356
5454,332720,2,50.77,0.0,50.77,0.0,2026-05-06 06:28:06.356
5455,332779,3,-90.0,0.0,-90.0,0.0,2026-05-06 06:28:06.356
5456,332843,2,50.77,0.0,50.77,0.0,2026-05-06 06:28:06.356
5457,332902,3,-90.0,0.0,-90.0,0.0,2026-05-06 06:28:06.356
5458,332963,1,-50.78,0.0,-50.77,0.0,2026-05-06 06:28:06.356
5459,333024,2,50.77,0.0,50.77,-0.0,2026-05-06 06:28:06.356
5460,333084,3,-90.0,0.0,-90.0,0.0,2026-05-06 06:28:06.356
5461,333145,1,-50.78,0.0,-50.77,0.0,2026-05-06 06:28:06.356
5462,333206,2,50.77,0.0,50.77,0.0,2026-05-06 06:28:06.356
5463,333265,3,-90.0,0.0,-90.0,0.0,2026-05-06 06:28:06.356
5464,333328,2,50.77,0.0,50.77,0.0,2026-05-06 06:28:06.356
5465,333387,3,-90.0,0.0,-90.0,-0.0,2026-05-06 06:28:06.356
5466,333449,1,-50.78,0.0,-50.77,-0.0,2026-05-06 06:28:06.356
5467,333511,2,50.77,0.0,50.77,-0.0,2026-05-06 06:28:06.356
5468,333571,3,-90.0,0.0,-90.0,0.0,2026-05-06 06:28:06.356
5469,333632,1,-50.78,0.0,-50.77,-0.0,2026-05-06 06:28:06.356
5470,333694,2,50.77,0.0,50.77,-0.0,2026-05-06 06:28:06.356
5471,333754,3,-90.0,0.0,-90.0,0.0,2026-05-06 06:28:06.356
5472,333816,2,50.77,0.0,50.77,0.0,2026-05-06 06:28:06.356
5473,333875,3,-90.0,0.0,-90.0,0.0,2026-05-06 06:28:06.356
5474,333936,1,-50.78,0.0,-50.77,0.0,2026-05-06 06:28:06.356
5475,333997,2,50.77,0.0,50.77,0.0,2026-05-06 06:28:06.356
5476,334056,3,-90.0,0.0,-90.0,0.0,2026-05-06 06:28:06.356
5477,334117,1,-50.78,0.0,-50.77,0.0,2026-05-06 06:28:06.356
5478,334178,2,50.77,0.0,50.77,0.0,2026-05-06 06:28:06.356
5479,334237,3,-90.0,0.0,-90.0,0.0,2026-05-06 06:28:06.356
5480,334300,2,50.77,0.0,50.77,-0.0,2026-05-06 06:28:06.356
5481,334360,3,-90.0,0.0,-90.0,0.0,2026-05-06 06:28:06.356
5482,334421,1,-50.78,0.0,-50.77,0.0,2026-05-06 06:28:06.356
5483,334482,2,50.77,0.0,50.77,-0.0,2026-05-06 06:28:06.356
5484,334542,3,-90.0,0.0,-90.0,-0.0,2026-05-06 06:28:06.356
5485,334604,1,-50.78,0.0,-50.77,-0.0,2026-05-06 06:28:06.356
5486,334666,2,50.77,0.0,50.77,0.0,2026-05-06 06:28:06.356
5487,334725,3,-90.0,0.0,-90.0,0.0,2026-05-06 06:28:06.356
5488,334787,2,50.77,0.0,50.77,0.0,2026-05-06 06:28:06.356
5489,334846,3,-90.0,0.0,-90.0,0.0,2026-05-06 06:28:06.356
5490,334907,1,-50.78,0.0,-50.77,0.0,2026-05-06 06:28:06.356
5491,334968,2,50.77,0.0,50.77,0.0,2026-05-06 06:28:06.356
5492,335027,3,-90.0,0.0,-90.0,0.0,2026-05-06 06:28:06.356
5493,335088,1,-50.78,0.0,-50.77,0.0,2026-05-06 06:28:06.356
5494,335149,2,50.77,0.0,50.77,0.0,2026-05-06 06:28:06.356
5495,335208,3,-90.0,0.0,-90.0,0.0,2026-05-06 06:28:06.356
5496,335271,1,-50.78,0.0,-50.77,0.0,2026-05-06 06:28:06.356
5497,335332,2,50.77,0.0,50.77,0.0,2026-05-06 06:28:06.356
5498,335391,3,-90.0,0.0,-90.0,0.0,2026-05-06 06:28:06.356
5499,335452,1,-50.78,0.0,-50.77,0.0,2026-05-06 06:28:06.356
5500,335513,2,50.77,0.0,50.77,0.0,2026-05-06 06:28:06.356
5501,335572,3,-90.0,0.0,-90.0,0.0,2026-05-06 06:28:06.356
5502,335633,1,-50.78,0.0,-50.77,0.0,2026-05-06 06:28:06.356
5503,335694,2,50.77,0.0,50.77,0.0,2026-05-06 06:28:06.356
5504,335756,2,50.77,0.0,50.77,0.0,2026-05-06 06:28:06.356
5505,335815,3,-90.0,0.0,-90.0,0.0,2026-05-06 06:28:06.356
5506,335876,1,-50.78,0.0,-50.77,-0.0,2026-05-06 06:28:06.356
5507,335938,2,50.77,0.0,50.77,-0.0,2026-05-06 06:28:06.356
5508,335998,3,-90.0,0.0,-90.0,0.0,2026-05-06 06:28:06.356
5509,336059,1,-50.78,0.0,-50.77,-0.0,2026-05-06 06:28:06.356
5510,336121,2,50.77,0.0,50.77,0.0,2026-05-06 06:28:07.083
5511,336180,3,-90.0,0.0,-90.0,-0.0,2026-05-06 06:28:07.083
5512,336306,3,-90.0,0.0,-90.0,-0.0,2026-05-06 06:28:07.083
5513,336368,1,-50.78,0.0,-50.77,0.0,2026-05-06 06:28:07.083
5514,336429,2,50.77,0.0,50.77,0.0,2026-05-06 06:28:07.083
5515,336488,3,-90.0,0.0,-90.0,0.0,2026-05-06 06:28:07.083
5516,336549,1,-50.78,0.0,-50.77,0.0,2026-05-06 06:28:07.083
5517,336610,2,50.77,0.0,50.77,0.0,2026-05-06 06:28:07.083
5518,336669,3,-90.0,0.0,-90.0,0.0,2026-05-06 06:28:07.083
5519,336731,2,50.77,0.0,50.77,0.0,2026-05-06 06:28:07.083
5520,336790,3,-90.0,0.0,-90.0,0.0,2026-05-06 06:28:07.083
5521,336851,1,-50.78,0.0,-50.77,0.0,2026-05-06 06:28:07.083
5522,336912,2,50.77,0.0,50.77,0.0,2026-05-06 06:28:07.083
5523,336971,3,-90.0,0.0,-90.0,0.0,2026-05-06 06:28:07.083
5524,337032,1,-50.78,0.0,-50.77,0.0,2026-05-06 06:28:07.083
5525,337093,2,50.77,0.0,50.77,0.0,2026-05-06 06:28:07.083
5526,337152,3,-90.0,0.0,-90.0,0.0,2026-05-06 06:28:07.083
5527,337216,2,50.77,0.0,50.77,0.0,2026-05-06 06:28:07.083
5528,337275,3,-90.0,0.0,-90.0,0.0,2026-05-06 06:28:07.083
5529,337336,1,-50.78,0.0,-50.77,-0.0,2026-05-06 06:28:07.083
5530,337398,2,50.77,0.0,50.77,-0.0,2026-05-06 06:28:07.083
5531,337458,3,-90.0,0.0,-90.0,0.0,2026-05-06 06:28:07.083
5532,337519,1,-50.78,0.0,-50.77,0.0,2026-05-06 06:28:07.083
5533,337580,2,50.77,0.0,50.77,0.0,2026-05-06 06:28:07.083
5534,337639,3,-90.0,0.0,-90.0,0.0,2026-05-06 06:28:07.083
5535,337701,2,50.77,0.0,50.77,-0.0,2026-05-06 06:28:07.083
5536,337761,3,-90.0,0.0,-90.0,-0.0,2026-05-06 06:28:07.083
5537,337823,1,-50.78,0.0,-50.77,0.0,2026-05-06 06:28:07.083
5538,337884,2,50.77,0.0,50.77,0.0,2026-05-06 06:28:07.083
5539,337943,3,-90.0,0.0,-90.0,0.0,2026-05-06 06:28:07.083
5540,338004,1,-50.78,0.0,-50.77,0.0,2026-05-06 06:28:07.083
5541,338065,2,50.77,0.0,50.77,0.0,2026-05-06 06:28:07.083
5542,338124,3,-90.0,0.0,-89.99,0.0,2026-05-06 06:28:07.083
5543,338186,3,-90.0,0.0,-90.0,0.0,2026-05-06 06:28:07.083
5544,338247,1,-50.78,0.0,-50.77,0.0,2026-05-06 06:28:07.083
5545,338308,2,50.77,0.0,50.77,0.0,2026-05-06 06:28:07.083
5546,338367,3,-90.0,0.0,-90.0,0.0,2026-05-06 06:28:07.083
5547,338428,1,-50.78,0.0,-50.77,0.0,2026-05-06 06:28:07.083
5548,338489,2,50.77,0.0,50.77,0.0,2026-05-06 06:28:07.083
5549,338548,3,-90.0,0.0,-90.0,0.0,2026-05-06 06:28:07.083
5550,338609,1,-50.78,0.0,-50.77,-0.0,2026-05-06 06:28:07.083
5551,338673,2,50.77,0.0,50.77,-0.0,2026-05-06 06:28:07.083
5552,338733,3,-90.0,0.0,-90.0,0.0,2026-05-06 06:28:07.083
5553,338794,1,-50.78,0.0,-50.77,0.0,2026-05-06 06:28:07.083
5554,338855,2,50.77,0.0,50.77,0.0,2026-05-06 06:28:07.083
5555,338914,3,-90.0,0.0,-90.0,0.0,2026-05-06 06:28:07.083
5556,338975,1,-50.78,0.0,-50.77,-0.0,2026-05-06 06:28:07.083
5557,339037,2,50.77,0.0,50.77,-0.0,2026-05-06 06:28:07.083
5558,339097,3,-90.0,0.0,-90.0,0.0,2026-05-06 06:28:07.083
5559,339159,2,50.77,0.0,50.77,0.0,2026-05-06 06:28:07.083
5560,339218,3,-90.0,0.0,-90.0,-0.0,2026-05-06 06:28:07.083
5561,339280,1,-50.78,0.0,-50.77,0.0,2026-05-06 06:28:07.083
5562,339341,2,50.77,0.0,50.77,0.0,2026-05-06 06:28:07.083
5563,339400,3,-90.0,0.0,-90.0,0.0,2026-05-06 06:28:07.083
5564,339461,1,-50.78,0.0,-50.77,0.0,2026-05-06 06:28:07.083
5565,339522,2,50.77,0.0,50.77,0.0,2026-05-06 06:28:07.083
5566,339581,3,-90.0,0.0,-90.0,0.0,2026-05-06 06:28:07.083
5567,339644,2,50.77,0.0,50.77,0.0,2026-05-06 06:28:07.083
5568,339703,3,-90.0,0.0,-90.0,0.0,2026-05-06 06:28:07.083
5569,339764,1,-50.78,0.0,-50.77,0.0,2026-05-06 06:28:07.083
5570,339825,2,50.77,0.0,50.77,0.0,2026-05-06 06:28:07.083
5571,339884,3,-90.0,0.0,-90.0,0.0,2026-05-06 06:28:07.083
5572,339945,1,-50.78,0.0,-50.77,-0.0,2026-05-06 06:28:07.083
5573,340007,2,50.77,0.0,50.77,0.0,2026-05-06 06:28:07.083
5574,340066,3,-90.0,0.0,-90.0,0.0,2026-05-06 06:28:07.083
5575,340129,2,50.77,0.0,50.77,0.0,2026-05-06 06:28:07.083
5576,340188,3,-90.0,0.0,-90.0,0.0,2026-05-06 06:28:07.083
5577,340249,1,-50.78,0.0,-50.77,0.0,2026-05-06 06:28:07.083
5578,340310,2,50.77,0.0,50.77,0.0,2026-05-06 06:28:07.083
5579,340369,3,-90.0,0.0,-90.0,0.0,2026-05-06 06:28:07.083
5580,340430,1,-50.78,0.0,-50.77,0.0,2026-05-06 06:28:07.083
5581,340491,2,50.77,0.0,50.77,0.0,2026-05-06 06:28:07.083
5582,340550,3,-90.0,0.0,-90.0,0.0,2026-05-06 06:28:07.083
5583,340614,2,50.77,0.0,50.77,0.0,2026-05-06 06:28:07.083
5584,340673,3,-90.0,0.0,-90.0,0.0,2026-05-06 06:28:07.083
5585,340734,1,-50.78,0.0,-50.77,0.0,2026-05-06 06:28:07.083
5586,340795,2,50.77,0.0,50.77,0.0,2026-05-06 06:28:07.083
5587,340854,3,-90.0,0.0,-90.0,0.0,2026-05-06 06:28:07.083
5588,340915,1,-50.78,0.0,-50.77,-0.0,2026-05-06 06:28:07.083
5589,340977,2,50.77,0.0,50.77,0.0,2026-05-06 06:28:07.083
5590,341036,3,-90.0,0.0,-90.0,0.0,2026-05-06 06:28:07.083
5591,341098,2,50.77,0.0,50.77,0.0,2026-05-06 06:28:07.083
5592,341157,3,-90.0,0.0,-90.0,0.0,2026-05-06 06:28:07.083
5593,341218,1,-50.78,0.0,-50.77,0.0,2026-05-06 06:28:07.083
5594,341279,2,50.77,0.0,50.77,-0.0,2026-05-06 06:28:07.083
5595,341339,3,-90.0,0.0,-90.0,0.0,2026-05-06 06:28:07.083
5596,341400,1,-50.78,0.0,-50.77,0.0,2026-05-06 06:28:07.083
5597,341461,2,50.77,0.0,50.77,0.0,2026-05-06 06:28:07.083
5598,341520,3,-90.0,0.0,-90.0,0.0,2026-05-06 06:28:07.083
5599,341584,2,50.77,0.0,50.77,0.0,2026-05-06 06:28:07.083
5600,341643,3,-90.0,0.0,-90.0,0.0,2026-05-06 06:28:07.083
5601,341704,1,-50.78,0.0,-50.77,0.0,2026-05-06 06:28:07.083
5602,341765,2,50.77,0.0,50.77,0.0,2026-05-06 06:28:07.083
5603,341824,3,-90.0,0.0,-90.0,0.0,2026-05-06 06:28:07.083
5604,341885,1,-50.78,0.0,-50.77,0.0,2026-05-06 06:28:07.083
5605,341946,2,50.77,0.0,50.77,0.0,2026-05-06 06:28:07.083
5606,342005,3,-90.0,0.0,-90.0,0.0,2026-05-06 06:28:07.083
5607,342068,1,-50.78,0.0,-50.77,0.0,2026-05-06 06:28:07.083
5608,342129,2,50.77,0.0,50.77,-0.0,2026-05-06 06:28:07.083
5609,342189,3,-90.0,0.0,-90.0,0.0,2026-05-06 06:28:07.083
5610,342250,1,-50.78,0.0,-50.77,0.0,2026-05-06 06:28:07.083
5611,342311,2,50.77,0.0,50.77,0.0,2026-05-06 06:28:07.083
5612,342370,3,-90.0,0.0,-90.0,0.0,2026-05-06 06:28:07.083
5613,342431,1,-50.78,0.0,-50.77,-0.0,2026-05-06 06:28:07.083
5614,342493,2,50.77,0.0,50.77,0.0,2026-05-06 06:28:07.083
5615,342554,1,-50.78,0.0,-50.77,0.0,2026-05-06 06:28:07.083
5616,342615,2,50.77,0.0,50.77,-0.0,2026-05-06 06:28:07.083
5617,342675,3,-90.0,0.0,-90.0,-0.0,2026-05-06 06:28:07.083
5618,342737,1,-50.78,0.0,-50.77,0.0,2026-05-06 06:28:07.083
5619,342798,2,50.77,0.0,50.77,0.0,2026-05-06 06:28:07.083
5620,342857,3,-90.0,0.0,-90.0,0.0,2026-05-06 06:28:07.083
5621,342918,1,-50.78,0.0,-50.77,0.0,2026-05-06 06:28:07.083
5622,342979,2,50.77,0.0,50.77,0.0,2026-05-06 06:28:07.083
5623,343039,2,50.77,0.0,50.77,0.0,2026-05-06 06:28:07.083
5624,343098,3,-90.0,0.0,-90.0,0.0,2026-05-06 06:28:07.083
5625,343159,1,-50.78,0.0,-50.77,0.0,2026-05-06 06:28:07.083
5626,343220,2,50.77,0.0,50.77,0.0,2026-05-06 06:28:07.083
5627,343279,3,-90.0,0.0,-90.0,0.0,2026-05-06 06:28:07.083
5628,343340,1,-50.78,0.0,-50.77,0.0,2026-05-06 06:28:07.083
5629,343401,2,50.77,0.0,50.77,0.0,2026-05-06 06:28:07.083
5630,343460,3,-90.0,0.0,-90.0,0.0,2026-05-06 06:28:07.083
5631,343523,2,50.77,0.0,50.77,0.0,2026-05-06 06:28:07.083
5632,343582,3,-90.0,0.0,-90.0,0.0,2026-05-06 06:28:07.083
5633,343643,1,-50.78,0.0,-50.77,0.0,2026-05-06 06:28:07.083
5634,343704,2,50.77,0.0,50.77,0.0,2026-05-06 06:28:07.083
5635,343763,3,-90.0,0.0,-90.0,0.0,2026-05-06 06:28:07.083
5636,343824,1,-50.78,0.0,-50.77,0.0,2026-05-06 06:28:07.083
5637,343885,2,50.77,0.0,50.77,0.0,2026-05-06 06:28:07.083
5638,343944,3,-90.0,0.0,-90.0,0.0,2026-05-06 06:28:07.083
5639,344071,3,-90.0,0.0,-90.0,0.0,2026-05-06 06:28:07.083
5640,344132,1,-50.78,0.0,-50.77,0.0,2026-05-06 06:28:07.083
5641,344193,2,50.77,0.0,50.77,0.0,2026-05-06 06:28:07.806
5642,344252,3,-90.0,0.0,-90.0,0.0,2026-05-06 06:28:07.806
5643,344313,1,-50.78,0.0,-50.77,0.0,2026-05-06 06:28:07.806
5644,344374,2,50.77,0.0,50.77,0.0,2026-05-06 06:28:07.806
5645,344433,3,-90.0,0.0,-90.0,0.0,2026-05-06 06:28:07.806
5646,344496,2,50.77,0.0,50.77,0.0,2026-05-06 06:28:07.806
5647,344555,3,-90.0,0.0,-90.0,0.0,2026-05-06 06:28:07.806
5648,344616,1,-50.78,0.0,-50.77,0.0,2026-05-06 06:28:07.806
5649,344677,2,50.77,0.0,50.77,0.0,2026-05-06 06:28:07.806
5650,344736,3,-90.0,0.0,-90.0,0.0,2026-05-06 06:28:07.806
5651,344797,1,-50.78,0.0,-50.77,0.0,2026-05-06 06:28:07.806
5652,344858,2,50.77,0.0,50.77,0.0,2026-05-06 06:28:07.806
5653,344917,3,-90.0,0.0,-90.0,0.0,2026-05-06 06:28:07.806
5654,344981,2,50.77,0.0,50.77,0.0,2026-05-06 06:28:07.806
5655,345040,3,-90.0,0.0,-90.0,0.0,2026-05-06 06:28:07.806
5656,345101,1,-50.78,0.0,-50.77,0.0,2026-05-06 06:28:07.806
5657,345162,2,50.77,0.0,50.77,-0.0,2026-05-06 06:28:07.806
5658,345222,3,-90.0,0.0,-90.0,0.0,2026-05-06 06:28:07.806
5659,345283,1,-50.78,0.0,-50.77,0.0,2026-05-06 06:28:07.806
5660,345344,2,50.77,0.0,50.77,0.0,2026-05-06 06:28:07.806
5661,345403,3,-90.0,0.0,-90.0,0.0,2026-05-06 06:28:07.806
5662,345466,2,50.77,0.0,50.77,-0.0,2026-05-06 06:28:07.806
5663,345526,3,-90.0,0.0,-90.0,-0.0,2026-05-06 06:28:07.806
5664,345588,1,-50.78,0.0,-50.77,0.0,2026-05-06 06:28:07.806
5665,345649,2,50.77,0.0,50.77,0.0,2026-05-06 06:28:07.806
5666,345708,3,-90.0,0.0,-90.0,0.0,2026-05-06 06:28:07.806
5667,345769,1,-50.78,0.0,-50.77,0.0,2026-05-06 06:28:07.806
5668,345830,2,50.77,0.0,50.77,0.0,2026-05-06 06:28:07.806
5669,345889,3,-90.0,0.0,-90.0,0.0,2026-05-06 06:28:07.806
5670,345951,1,-50.78,0.0,-50.77,0.0,2026-05-06 06:28:07.806
5671,346012,2,50.77,0.0,50.77,0.0,2026-05-06 06:28:07.806
5672,346071,3,-90.0,0.0,-90.0,0.0,2026-05-06 06:28:07.806
5673,346132,1,-50.78,0.0,-50.77,0.0,2026-05-06 06:28:07.806
5674,346193,2,50.77,0.0,50.77,0.0,2026-05-06 06:28:07.806
5675,346252,3,-90.0,0.0,-90.0,0.0,2026-05-06 06:28:07.806
5676,346313,1,-50.78,0.0,-50.77,-0.0,2026-05-06 06:28:07.806
5677,346375,2,50.77,0.0,50.77,0.0,2026-05-06 06:28:07.806
5678,346435,3,-90.0,0.0,-90.0,0.0,2026-05-06 06:28:07.806
5679,346496,1,-50.78,0.0,-50.77,0.0,2026-05-06 06:28:07.806
5680,346557,2,50.77,0.0,50.77,0.0,2026-05-06 06:28:07.806
5681,346616,3,-90.0,0.0,-90.0,0.0,2026-05-06 06:28:07.806
5682,346677,1,-50.78,0.0,-50.77,0.0,2026-05-06 06:28:07.806
5683,346738,2,50.77,0.0,50.77,0.0,2026-05-06 06:28:07.806
5684,346797,3,-90.0,0.0,-90.0,0.0,2026-05-06 06:28:07.806
5685,346858,1,-50.78,0.0,-50.77,0.0,2026-05-06 06:28:07.806
5686,346922,2,50.77,0.0,50.77,0.0,2026-05-06 06:28:07.806
5687,346981,3,-90.0,0.0,-90.0,0.0,2026-05-06 06:28:07.806
5688,347042,1,-50.78,0.0,-50.77,0.0,2026-05-06 06:28:07.806
5689,347103,2,50.77,0.0,50.77,0.0,2026-05-06 06:28:07.806
5690,347162,3,-90.0,0.0,-90.0,0.0,2026-05-06 06:28:07.806
5691,347223,1,-50.78,0.0,-50.77,0.0,2026-05-06 06:28:07.806
5692,347284,2,50.77,0.0,50.77,0.0,2026-05-06 06:28:07.806
5693,347343,3,-90.0,0.0,-90.0,0.0,2026-05-06 06:28:07.806
5694,347406,1,-50.78,0.0,-50.77,0.0,2026-05-06 06:28:07.806
5695,347467,2,50.77,0.0,50.77,0.0,2026-05-06 06:28:07.806
5696,347526,3,-90.0,0.0,-90.0,0.0,2026-05-06 06:28:07.806
5697,347587,1,-50.78,0.0,-50.77,0.0,2026-05-06 06:28:07.806
5698,347648,2,50.77,0.0,50.77,0.0,2026-05-06 06:28:07.806
5699,347707,3,-90.0,0.0,-90.0,0.0,2026-05-06 06:28:07.806
5700,347768,1,-50.78,0.0,-50.77,0.0,2026-05-06 06:28:07.806
5701,347829,2,50.77,0.0,50.77,-0.0,2026-05-06 06:28:07.806
5702,347891,2,50.77,0.0,50.77,0.0,2026-05-06 06:28:07.806
5703,347950,3,-90.0,0.0,-90.0,0.0,2026-05-06 06:28:07.806
5704,348011,1,-50.78,0.0,-50.77,0.0,2026-05-06 06:28:07.806
5705,348072,2,50.77,0.0,50.77,-0.0,2026-05-06 06:28:07.806
5706,348132,3,-90.0,0.0,-90.0,0.0,2026-05-06 06:28:07.806
5707,348193,1,-50.78,0.0,-50.77,0.0,2026-05-06 06:28:07.806
5708,348254,2,50.77,0.0,50.77,0.0,2026-05-06 06:28:07.806
5709,348313,3,-90.0,0.0,-90.0,0.0,2026-05-06 06:28:07.806
5710,348376,2,50.77,0.0,50.77,0.0,2026-05-06 06:28:07.806
5711,348435,3,-90.0,0.0,-90.0,-0.0,2026-05-06 06:28:07.806
5712,348497,1,-50.78,0.0,-50.77,0.0,2026-05-06 06:28:07.806
5713,348558,2,50.77,0.0,50.77,0.0,2026-05-06 06:28:07.806
5714,348617,3,-90.0,0.0,-90.0,0.0,2026-05-06 06:28:07.806
5715,348678,1,-50.78,0.0,-50.77,0.0,2026-05-06 06:28:07.806
5716,348739,2,50.77,0.0,50.77,0.0,2026-05-06 06:28:07.806
5717,348798,3,-90.0,0.0,-90.0,0.0,2026-05-06 06:28:07.806
5718,348860,3,-90.0,0.0,-90.0,0.0,2026-05-06 06:28:07.806
5719,348944,1,-50.78,0.0,-50.77,0.0,2026-05-06 06:28:07.806
5720,349005,2,50.77,0.0,50.77,-0.0,2026-05-06 06:28:07.806
5721,349065,3,-90.0,0.0,-90.0,0.0,2026-05-06 06:28:07.806
5722,349126,1,-50.78,0.0,-50.77,0.0,2026-05-06 06:28:07.806
5723,349187,2,50.77,0.0,50.77,0.0,2026-05-06 06:28:07.806
5724,349246,3,-90.0,0.0,-90.0,0.0,2026-05-06 06:28:07.806
5725,349315,2,50.77,0.0,50.77,0.0,2026-05-06 06:28:07.806
5726,349374,3,-90.0,0.0,-90.0,-0.0,2026-05-06 06:28:07.806
5727,349436,1,-50.78,0.0,-50.77,0.0,2026-05-06 06:28:07.806
5728,349497,2,50.77,0.0,50.77,0.0,2026-05-06 06:28:07.806
5729,349556,3,-90.0,0.0,-90.0,0.0,2026-05-06 06:28:07.806
5730,349617,1,-50.78,0.0,-50.77,0.0,2026-05-06 06:28:07.806
5731,349678,2,50.77,0.0,50.77,0.0,2026-05-06 06:28:07.806
5732,349737,3,-90.0,0.0,-90.0,0.0,2026-05-06 06:28:07.806
5733,349806,2,50.77,0.0,50.77,0.0,2026-05-06 06:28:07.806
5734,349865,3,-90.0,0.0,-90.0,0.0,2026-05-06 06:28:07.806
5735,349926,1,-50.78,0.0,-50.77,0.0,2026-05-06 06:28:07.806
5736,349987,2,50.77,0.0,50.77,0.0,2026-05-06 06:28:07.806
5737,350046,3,-90.0,0.0,-90.0,0.0,2026-05-06 06:28:07.806
5738,350107,1,-50.78,0.0,-50.77,0.0,2026-05-06 06:28:07.806
5739,350168,2,50.77,0.0,50.77,0.0,2026-05-06 06:28:07.806
5740,350227,3,-90.0,0.0,-90.0,0.0,2026-05-06 06:28:07.806
5741,350295,1,-50.78,0.0,-50.77,-0.0,2026-05-06 06:28:07.806
5742,350357,2,50.77,0.0,50.77,-0.0,2026-05-06 06:28:07.806
5743,350417,3,-90.0,0.0,-90.0,0.0,2026-05-06 06:28:07.806
5744,350478,1,-50.78,0.0,-50.77,-0.0,2026-05-06 06:28:07.806
5745,350540,2,50.77,0.0,50.77,0.0,2026-05-06 06:28:07.806
5746,350599,3,-90.0,0.0,-90.0,-0.0,2026-05-06 06:28:07.806
5747,350661,1,-50.78,0.0,-50.77,-0.0,2026-05-06 06:28:07.806
5748,350723,2,50.77,0.0,50.77,0.0,2026-05-06 06:28:07.806
5749,350782,1,-50.78,0.0,-50.77,0.0,2026-05-06 06:28:07.806
5750,350843,2,50.77,0.0,50.77,0.0,2026-05-06 06:28:07.806
5751,350902,3,-90.0,0.0,-90.0,0.0,2026-05-06 06:28:07.806
5752,350963,1,-50.78,0.0,-50.77,0.0,2026-05-06 06:28:07.806
5753,351024,2,50.77,0.0,50.77,0.0,2026-05-06 06:28:07.806
5754,351083,3,-90.0,0.0,-90.0,0.0,2026-05-06 06:28:07.806
5755,351144,1,-50.78,0.0,-50.77,0.0,2026-05-06 06:28:07.806
5756,351205,2,50.77,0.0,50.77,0.0,2026-05-06 06:28:07.806
5757,351267,1,-50.78,0.0,-50.77,0.0,2026-05-06 06:28:07.806
5758,351328,2,50.77,0.0,50.77,0.0,2026-05-06 06:28:07.806
5759,351387,3,-90.0,0.0,-90.0,0.0,2026-05-06 06:28:07.806
5760,351448,1,-50.78,0.0,-50.77,0.0,2026-05-06 06:28:07.806
5761,351509,2,50.77,0.0,50.77,0.0,2026-05-06 06:28:07.806
5762,351568,3,-90.0,0.0,-90.0,0.0,2026-05-06 06:28:07.806
5763,351629,1,-50.78,0.0,-50.77,0.0,2026-05-06 06:28:07.806
5764,351690,2,50.77,0.0,50.77,0.0,2026-05-06 06:28:07.806
5765,351815,2,50.77,0.0,50.77,0.0,2026-05-06 06:28:07.806
5766,351874,3,-90.0,0.0,-90.0,0.0,2026-05-06 06:28:07.806
5767,351935,1,-50.78,0.0,-50.77,0.0,2026-05-06 06:28:07.806
5768,351996,2,50.77,0.0,50.77,-0.0,2026-05-06 06:28:07.806
5769,352056,3,-90.0,0.0,-90.0,0.0,2026-05-06 06:28:07.806
5770,352117,1,-50.78,0.0,-50.77,0.0,2026-05-06 06:28:07.806
5771,352178,2,50.77,0.0,50.77,0.0,2026-05-06 06:28:07.806
5772,352239,1,-50.78,0.0,-50.77,0.0,2026-05-06 06:28:07.806
5773,352300,2,50.77,0.0,50.77,0.0,2026-05-06 06:28:08.533
5774,352359,3,-90.0,0.0,-90.0,0.0,2026-05-06 06:28:08.533
5775,352420,1,-50.78,0.0,-50.77,0.0,2026-05-06 06:28:08.533
5776,352481,2,50.77,0.0,50.77,0.0,2026-05-06 06:28:08.533
5777,352540,3,-90.0,0.0,-90.0,0.0,2026-05-06 06:28:08.533
5778,352601,1,-50.78,0.0,-50.77,0.0,2026-05-06 06:28:08.533
5779,352662,2,50.77,0.0,50.77,0.0,2026-05-06 06:28:08.533
5780,352724,1,-50.78,0.0,-50.77,0.0,2026-05-06 06:28:08.533
5781,352785,2,50.77,0.0,50.77,0.0,2026-05-06 06:28:08.533
5782,352844,3,-90.0,0.0,-90.0,0.0,2026-05-06 06:28:08.533
5783,352905,1,-50.78,0.0,-50.77,0.0,2026-05-06 06:28:08.533
5784,352966,2,50.77,0.0,50.77,0.0,2026-05-06 06:28:08.533
5785,353025,3,-90.0,0.0,-90.0,0.0,2026-05-06 06:28:08.533
5786,353086,1,-50.78,0.0,-50.77,0.0,2026-05-06 06:28:08.533
5787,353147,2,50.77,0.0,50.77,0.0,2026-05-06 06:28:08.533
5788,353208,1,-50.78,0.0,-50.77,0.0,2026-05-06 06:28:08.533
5789,353269,2,50.77,0.0,50.77,0.0,2026-05-06 06:28:08.533
5790,353328,3,-90.0,0.0,-90.0,0.0,2026-05-06 06:28:08.533
5791,353389,1,-50.78,0.0,-50.77,0.0,2026-05-06 06:28:08.533
5792,353450,2,50.77,0.0,50.77,0.0,2026-05-06 06:28:08.533
5793,353509,3,-90.0,0.0,-90.0,0.0,2026-05-06 06:28:08.533
5794,353570,1,-50.78,0.0,-50.77,0.0,2026-05-06 06:28:08.533
5795,353631,2,50.77,0.0,50.77,0.0,2026-05-06 06:28:08.533
5796,353693,2,50.77,0.0,50.77,0.0,2026-05-06 06:28:08.533
5797,353752,3,-90.0,0.0,-90.0,0.0,2026-05-06 06:28:08.533
5798,353813,1,-50.78,0.0,-50.77,0.0,2026-05-06 06:28:08.533
5799,353874,2,50.77,0.0,50.77,0.0,2026-05-06 06:28:08.533
5800,353933,3,-90.0,0.0,-90.0,0.0,2026-05-06 06:28:08.533
5801,353994,1,-50.78,0.0,-50.77,0.0,2026-05-06 06:28:08.533
5802,354055,2,50.77,0.0,50.77,0.0,2026-05-06 06:28:08.533
5803,354114,3,-90.0,0.0,-90.0,0.0,2026-05-06 06:28:08.533
5804,354177,1,-50.78,0.0,-50.77,0.0,2026-05-06 06:28:08.533
5805,354238,2,50.77,0.0,50.77,0.0,2026-05-06 06:28:08.533
5806,354297,3,-90.0,0.0,-90.0,-0.0,2026-05-06 06:28:08.533
5807,354359,1,-50.78,0.0,-50.77,0.0,2026-05-06 06:28:08.533
5808,354420,2,50.77,0.0,50.77,0.0,2026-05-06 06:28:08.533
5809,354479,3,-90.0,0.0,-90.0,0.0,2026-05-06 06:28:08.533
5810,354540,1,-50.78,0.0,-50.77,0.0,2026-05-06 06:28:08.533
5811,354601,2,50.77,0.0,50.77,0.0,2026-05-06 06:28:08.533
5812,354662,1,-50.78,0.0,-50.77,0.0,2026-05-06 06:28:08.533
5813,354723,2,50.77,0.0,50.77,0.0,2026-05-06 06:28:08.533
5814,354782,3,-90.0,0.0,-90.0,0.0,2026-05-06 06:28:08.533
5815,354843,1,-50.78,0.0,-50.77,0.0,2026-05-06 06:28:08.533
5816,354904,2,50.77,0.0,50.77,0.0,2026-05-06 06:28:08.533
5817,354963,3,-90.0,0.0,-90.0,0.0,2026-05-06 06:28:08.533
5818,355024,1,-50.78,0.0,-50.77,0.0,2026-05-06 06:28:08.533
5819,355085,2,50.77,0.0,50.77,0.0,2026-05-06 06:28:08.533
5820,355147,1,-50.78,0.0,-50.77,0.0,2026-05-06 06:28:08.533
5821,355208,2,50.77,0.0,50.77,0.0,2026-05-06 06:28:08.533
5822,355267,3,-90.0,0.0,-90.0,0.0,2026-05-06 06:28:08.533
5823,355328,1,-50.78,0.0,-50.77,0.0,2026-05-06 06:28:08.533
5824,355389,2,50.77,0.0,50.77,0.0,2026-05-06 06:28:08.533
5825,355448,3,-90.0,0.0,-90.0,0.0,2026-05-06 06:28:08.533
5826,355509,1,-50.78,0.0,-50.77,0.0,2026-05-06 06:28:08.533
5827,355570,2,50.77,0.0,50.77,0.0,2026-05-06 06:28:08.533
5828,355631,1,-50.78,0.0,-50.77,0.0,2026-05-06 06:28:08.533
5829,355692,2,50.77,0.0,50.77,0.0,2026-05-06 06:28:08.533
5830,355751,3,-90.0,0.0,-90.0,0.0,2026-05-06 06:28:08.533
5831,355812,1,-50.78,0.0,-50.77,0.0,2026-05-06 06:28:08.533
5832,355873,2,50.77,0.0,50.77,0.0,2026-05-06 06:28:08.533
5833,355932,3,-90.0,0.0,-90.0,0.0,2026-05-06 06:28:08.533
5834,355993,1,-50.78,0.0,-50.77,-0.0,2026-05-06 06:28:08.533
5835,356055,2,50.77,0.0,50.77,0.0,2026-05-06 06:28:08.533
5836,356116,1,-50.78,0.0,-50.77,0.0,2026-05-06 06:28:08.533
5837,356177,2,50.77,0.0,50.77,0.0,2026-05-06 06:28:08.533
5838,356236,3,-90.0,0.0,-90.0,0.0,2026-05-06 06:28:08.533
5839,356297,1,-50.78,0.0,-50.77,-0.0,2026-05-06 06:28:08.533
5840,356359,2,50.77,0.0,50.77,0.0,2026-05-06 06:28:08.533
5841,356418,3,-90.0,0.0,-90.0,0.0,2026-05-06 06:28:08.533
5842,356479,1,-50.78,0.0,-50.77,0.0,2026-05-06 06:28:08.533
5843,356540,2,50.77,0.0,50.77,0.0,2026-05-06 06:28:08.533
5844,356601,1,-50.78,0.0,-50.77,0.0,2026-05-06 06:28:08.533
5845,356662,2,50.77,0.0,50.77,0.0,2026-05-06 06:28:08.533
5846,356721,3,-90.0,0.0,-90.0,0.0,2026-05-06 06:28:08.533
5847,356782,1,-50.78,0.0,-50.77,0.0,2026-05-06 06:28:08.533
5848,356843,2,50.77,0.0,50.77,0.0,2026-05-06 06:28:08.533
5849,356902,3,-90.0,0.0,-90.0,0.0,2026-05-06 06:28:08.533
5850,356963,1,-50.78,0.0,-50.77,0.0,2026-05-06 06:28:08.533
5851,357024,2,50.77,0.0,50.77,0.0,2026-05-06 06:28:08.533
5852,357086,1,-50.78,0.0,-50.77,0.0,2026-05-06 06:28:08.533
5853,357147,2,50.77,0.0,50.77,0.0,2026-05-06 06:28:08.533
5854,357206,3,-90.0,0.0,-90.0,0.0,2026-05-06 06:28:08.533
5855,357267,1,-50.78,0.0,-50.77,0.0,2026-05-06 06:28:08.533
5856,357328,2,50.77,0.0,50.77,-0.0,2026-05-06 06:28:08.533
5857,357388,3,-90.0,0.0,-90.0,0.0,2026-05-06 06:28:08.533
5858,357449,1,-50.78,0.0,-50.77,-0.0,2026-05-06 06:28:08.533
5859,357511,2,50.77,0.0,50.77,0.0,2026-05-06 06:28:08.533
5860,357571,1,-50.78,0.0,-50.77,0.0,2026-05-06 06:28:08.533
5861,357632,2,50.77,0.0,50.77,0.0,2026-05-06 06:28:08.533
5862,357691,3,-90.0,0.0,-90.0,0.0,2026-05-06 06:28:08.533
5863,357752,1,-50.78,0.0,-50.77,0.0,2026-05-06 06:28:08.533
5864,357813,2,50.77,0.0,50.77,0.0,2026-05-06 06:28:08.533
5865,357872,3,-90.0,0.0,-90.0,0.0,2026-05-06 06:28:08.533
5866,357933,1,-50.78,0.0,-50.77,0.0,2026-05-06 06:28:08.533
5867,357994,2,50.77,0.0,50.77,0.0,2026-05-06 06:28:08.533
5868,358056,1,-50.78,0.0,-50.77,0.0,2026-05-06 06:28:08.533
5869,358117,2,50.77,0.0,50.77,0.0,2026-05-06 06:28:08.533
5870,358176,3,-90.0,0.0,-90.0,0.0,2026-05-06 06:28:08.533
5871,358237,1,-50.78,0.0,-50.77,0.0,2026-05-06 06:28:08.533
5872,358298,2,50.77,0.0,50.77,0.0,2026-05-06 06:28:08.533
5873,358357,3,-90.0,0.0,-90.0,0.0,2026-05-06 06:28:08.533
5874,358418,1,-50.78,0.0,-50.77,0.0,2026-05-06 06:28:08.533
5875,358479,2,50.77,0.0,50.77,0.0,2026-05-06 06:28:08.533
5876,358540,1,-50.78,0.0,-50.77,0.0,2026-05-06 06:28:08.533
5877,358601,2,50.77,0.0,50.77,0.0,2026-05-06 06:28:08.533
5878,358660,3,-90.0,0.0,-90.0,-0.0,2026-05-06 06:28:08.533
5879,358722,1,-50.78,0.0,-50.77,0.0,2026-05-06 06:28:08.533
5880,358783,2,50.77,0.0,50.77,0.0,2026-05-06 06:28:08.533
5881,358842,3,-90.0,0.0,-90.0,0.0,2026-05-06 06:28:08.533
5882,358903,1,-50.78,0.0,-50.77,0.0,2026-05-06 06:28:08.533
5883,358964,2,50.77,0.0,50.77,0.0,2026-05-06 06:28:08.533
5884,359025,1,-50.78,0.0,-50.77,0.0,2026-05-06 06:28:08.533
5885,359086,2,50.77,0.0,50.77,0.0,2026-05-06 06:28:08.533
5886,359145,3,-90.0,0.0,-90.0,0.0,2026-05-06 06:28:08.533
5887,359206,1,-50.78,0.0,-50.77,-0.0,2026-05-06 06:28:08.533
5888,359268,2,50.77,0.0,50.77,0.0,2026-05-06 06:28:08.533
5889,359327,3,-90.0,0.0,-90.0,0.0,2026-05-06 06:28:08.533
5890,359388,1,-50.78,0.0,-50.77,0.0,2026-05-06 06:28:08.533
5891,359449,2,50.77,0.0,50.77,0.0,2026-05-06 06:28:08.533
5892,359574,2,50.77,0.0,50.77,0.0,2026-05-06 06:28:08.533
5893,359633,3,-90.0,0.0,-90.0,0.0,2026-05-06 06:28:08.533
5894,359694,1,-50.78,0.0,-50.77,0.0,2026-05-06 06:28:08.533
5895,359755,2,50.77,0.0,50.77,-0.0,2026-05-06 06:28:08.533
5896,359815,3,-90.0,0.0,-90.0,0.0,2026-05-06 06:28:08.533
5897,359876,1,-50.78,0.0,-50.77,0.0,2026-05-06 06:28:08.533
5898,359937,2,50.77,0.0,50.77,0.0,2026-05-06 06:28:08.533
5899,359998,1,-50.78,0.0,-50.77,0.0,2026-05-06 06:28:08.533
5900,360059,2,50.77,0.0,50.77,0.0,2026-05-06 06:28:08.533
5901,360118,3,-90.0,0.0,-90.0,0.0,2026-05-06 06:28:08.533
5902,360179,1,-50.78,0.0,-50.77,0.0,2026-05-06 06:28:08.533
5903,360240,2,50.77,0.0,50.77,-0.0,2026-05-06 06:28:08.533
5904,360300,3,-90.0,0.0,-90.0,0.0,2026-05-06 06:28:08.533
5905,360361,1,-50.78,0.0,-50.77,0.0,2026-05-06 06:28:08.533
5906,360422,2,50.77,0.0,50.77,0.0,2026-05-06 06:28:09.253
5907,360483,1,-50.78,0.0,-50.77,0.0,2026-05-06 06:28:09.253
5908,360544,2,50.77,0.0,50.77,0.0,2026-05-06 06:28:09.253
5909,360603,3,-90.0,0.0,-90.0,0.0,2026-05-06 06:28:09.253
5910,360664,1,-50.78,0.0,-50.77,0.0,2026-05-06 06:28:09.253
5911,360725,2,50.77,0.0,50.77,0.0,2026-05-06 06:28:09.253
5912,360784,3,-90.0,0.0,-90.0,0.0,2026-05-06 06:28:09.253
5913,360845,1,-50.78,0.0,-50.77,0.0,2026-05-06 06:28:09.253
5914,360906,2,50.77,0.0,50.77,0.0,2026-05-06 06:28:09.253
5915,360968,1,-50.78,0.0,-50.77,0.0,2026-05-06 06:28:09.253
5916,361029,2,50.77,0.0,50.77,0.0,2026-05-06 06:28:09.253
5917,361088,3,-90.0,0.0,-90.0,0.0,2026-05-06 06:28:09.253
5918,361149,1,-50.78,0.0,-50.77,0.0,2026-05-06 06:28:09.253
5919,361210,2,50.77,0.0,50.77,0.0,2026-05-06 06:28:09.253
5920,361269,3,-90.0,0.0,-90.0,0.0,2026-05-06 06:28:09.253
5921,361330,1,-50.78,0.0,-50.77,-0.0,2026-05-06 06:28:09.253
5922,361392,2,50.77,0.0,50.77,0.0,2026-05-06 06:28:09.253
5923,361453,1,-50.78,0.0,-50.77,0.0,2026-05-06 06:28:09.253
5924,361514,2,50.77,0.0,50.77,0.0,2026-05-06 06:28:09.253
5925,361573,3,-90.0,0.0,-90.0,0.0,2026-05-06 06:28:09.253
5926,361634,1,-50.78,0.0,-50.77,0.0,2026-05-06 06:28:09.253
5927,361695,2,50.77,0.0,50.77,0.0,2026-05-06 06:28:09.253
5928,361754,3,-90.0,0.0,-90.0,0.0,2026-05-06 06:28:09.253
5929,361815,1,-50.78,0.0,-50.77,0.0,2026-05-06 06:28:09.253
5930,361876,2,50.77,0.0,50.77,0.0,2026-05-06 06:28:09.253
5931,361937,1,-50.78,0.0,-50.77,0.0,2026-05-06 06:28:09.253
5932,361998,2,50.77,0.0,50.77,0.0,2026-05-06 06:28:09.253
5933,362057,3,-90.0,0.0,-90.0,0.0,2026-05-06 06:28:09.253
5934,362118,1,-50.78,0.0,-50.77,0.0,2026-05-06 06:28:09.253
5935,362179,2,50.77,0.0,50.77,0.0,2026-05-06 06:28:09.253
5936,362238,3,-90.0,0.0,-90.0,0.0,2026-05-06 06:28:09.253
5937,362299,1,-50.78,0.0,-50.77,0.0,2026-05-06 06:28:09.253
5938,362360,2,50.77,0.0,50.77,0.0,2026-05-06 06:28:09.253
5939,362422,1,-50.78,0.0,-50.77,0.0,2026-05-06 06:28:09.253
5940,362483,2,50.77,0.0,50.77,0.0,2026-05-06 06:28:09.253
5941,362542,3,-90.0,0.0,-90.0,0.0,2026-05-06 06:28:09.253
5942,362603,1,-50.78,0.0,-50.77,0.0,2026-05-06 06:28:09.253
5943,362664,2,50.77,0.0,50.77,0.0,2026-05-06 06:28:09.253
5944,362723,3,-90.0,0.0,-90.0,0.0,2026-05-06 06:28:09.253
5945,362784,1,-50.78,0.0,-50.77,0.0,2026-05-06 06:28:09.253
5946,362845,2,50.77,0.0,50.77,0.0,2026-05-06 06:28:09.253
5947,362906,1,-50.78,0.0,-50.77,0.0,2026-05-06 06:28:09.253
5948,362967,2,50.77,0.0,50.77,0.0,2026-05-06 06:28:09.253
5949,363026,3,-90.0,0.0,-90.0,0.0,2026-05-06 06:28:09.253
5950,363087,1,-50.78,0.0,-50.77,0.0,2026-05-06 06:28:09.253
5951,363148,2,50.77,0.0,50.77,0.0,2026-05-06 06:28:09.253
5952,363207,3,-90.0,0.0,-90.0,0.0,2026-05-06 06:28:09.253
5953,363268,1,-50.78,0.0,-50.77,0.0,2026-05-06 06:28:09.253
5954,363329,2,50.77,0.0,50.77,0.0,2026-05-06 06:28:09.253
5955,363391,1,-50.78,0.0,-50.77,0.0,2026-05-06 06:28:09.253
5956,363452,2,50.77,0.0,50.77,0.0,2026-05-06 06:28:09.253
5957,363511,3,-90.0,0.0,-90.0,0.0,2026-05-06 06:28:09.253
5958,363572,1,-50.78,0.0,-50.77,0.0,2026-05-06 06:28:09.253
5959,363633,2,50.77,0.0,50.77,0.0,2026-05-06 06:28:09.253
5960,363692,3,-90.0,0.0,-90.0,0.0,2026-05-06 06:28:09.253
5961,363753,1,-50.78,0.0,-50.77,0.0,2026-05-06 06:28:09.253
5962,363814,2,50.77,0.0,50.77,0.0,2026-05-06 06:28:09.253
5963,363875,1,-50.78,0.0,-50.77,0.0,2026-05-06 06:28:09.253
5964,363936,2,50.77,0.0,50.77,0.0,2026-05-06 06:28:09.253
5965,363995,3,-90.0,0.0,-90.0,0.0,2026-05-06 06:28:09.253
5966,364056,1,-50.78,0.0,-50.77,0.0,2026-05-06 06:28:09.253
5967,364117,2,50.77,0.0,50.77,0.0,2026-05-06 06:28:09.253
5968,364176,3,-90.0,0.0,-90.0,-0.0,2026-05-06 06:28:09.253
5969,364238,1,-50.78,0.0,-50.77,0.0,2026-05-06 06:28:09.253
5970,364299,2,50.77,0.0,50.77,0.0,2026-05-06 06:28:09.253
5971,364360,2,50.77,0.0,50.77,0.0,2026-05-06 06:28:09.253
5972,364419,3,-90.0,0.0,-90.0,0.0,2026-05-06 06:28:09.253
5973,364480,1,-50.78,0.0,-50.77,0.0,2026-05-06 06:28:09.253
5974,364541,2,50.77,0.0,50.77,0.0,2026-05-06 06:28:09.253
5975,364600,3,-90.0,0.0,-90.0,0.0,2026-05-06 06:28:09.253
5976,364661,1,-50.78,0.0,-50.77,0.0,2026-05-06 06:28:09.253
5977,364722,2,50.77,0.0,50.77,0.0,2026-05-06 06:28:09.253
5978,364781,3,-90.0,0.0,-90.0,0.0,2026-05-06 06:28:09.253
5979,364844,3,-90.0,0.0,-90.0,0.0,2026-05-06 06:28:09.253
5980,364905,1,-50.78,0.0,-50.77,0.0,2026-05-06 06:28:09.253
5981,364966,2,50.77,0.0,50.77,0.0,2026-05-06 06:28:09.253
5982,365025,3,-90.0,0.0,-90.0,0.0,2026-05-06 06:28:09.253
5983,365086,1,-50.78,0.0,-50.77,-0.0,2026-05-06 06:28:09.253
5984,365148,2,50.77,0.0,50.77,0.0,2026-05-06 06:28:09.253
5985,365207,3,-90.0,0.0,-90.0,0.0,2026-05-06 06:28:09.253
5986,365268,1,-50.78,0.0,-50.77,0.0,2026-05-06 06:28:09.253
5987,365331,1,-50.78,0.0,-50.77,0.0,2026-05-06 06:28:09.253
5988,365392,2,50.77,0.0,50.77,-0.0,2026-05-06 06:28:09.253
5989,365452,3,-90.0,0.0,-90.0,0.0,2026-05-06 06:28:09.253
5990,365513,1,-50.78,0.0,-50.77,0.0,2026-05-06 06:28:09.253
5991,365574,2,50.77,0.0,50.77,0.0,2026-05-06 06:28:09.253
5992,365633,3,-90.0,0.0,-90.0,0.0,2026-05-06 06:28:09.253
5993,365694,1,-50.78,0.0,-50.77,0.0,2026-05-06 06:28:09.253
5994,365755,2,50.77,0.0,50.77,0.0,2026-05-06 06:28:09.253
5995,365815,2,50.77,0.0,50.77,0.0,2026-05-06 06:28:09.253
5996,365874,3,-90.0,0.0,-90.0,0.0,2026-05-06 06:28:09.253
5997,365935,1,-50.78,0.0,-50.77,0.0,2026-05-06 06:28:09.253
5998,365996,2,50.77,0.0,50.77,0.0,2026-05-06 06:28:09.253
5999,366055,3,-90.0,0.0,-90.0,0.0,2026-05-06 06:28:09.253
6000,366116,1,-50.78,0.0,-50.77,0.0,2026-05-06 06:28:09.253
6001,366177,2,50.77,0.0,50.77,0.0,2026-05-06 06:28:09.253
6002,366236,3,-90.0,0.0,-90.0,0.0,2026-05-06 06:28:09.253
6003,366300,3,-90.0,0.0,-90.0,0.0,2026-05-06 06:28:09.253
6004,366361,1,-50.78,0.0,-50.77,0.0,2026-05-06 06:28:09.253
6005,366422,2,50.77,0.0,50.77,0.0,2026-05-06 06:28:09.253
6006,366481,3,-90.0,0.0,-90.0,0.0,2026-05-06 06:28:09.253
6007,366542,1,-50.78,0.0,-50.77,0.0,2026-05-06 06:28:09.253
6008,366603,2,50.77,0.0,50.77,0.0,2026-05-06 06:28:09.253
6009,366662,3,-90.0,0.0,-90.0,0.0,2026-05-06 06:28:09.253
6010,366723,1,-50.78,0.0,-50.77,-0.0,2026-05-06 06:28:09.253
6011,366786,2,50.77,0.0,50.77,0.0,2026-05-06 06:28:09.253
6012,366845,3,-90.0,0.0,-90.0,0.0,2026-05-06 06:28:09.253
6013,366906,1,-50.78,0.0,-50.77,0.0,2026-05-06 06:28:09.253
6014,366967,2,50.77,0.0,50.77,0.0,2026-05-06 06:28:09.253
6015,367026,3,-90.0,0.0,-90.0,0.0,2026-05-06 06:28:09.253
6016,367087,1,-50.78,0.0,-50.77,0.0,2026-05-06 06:28:09.253
6017,367148,2,50.77,0.0,50.77,0.0,2026-05-06 06:28:09.253
6018,367207,3,-90.0,0.0,-90.0,0.0,2026-05-06 06:28:09.253
6019,367336,2,50.77,0.0,50.77,0.0,2026-05-06 06:28:09.253
6020,367395,3,-90.0,0.0,-90.0,0.0,2026-05-06 06:28:09.253
6021,367456,1,-50.78,0.0,-50.77,0.0,2026-05-06 06:28:09.253
6022,367517,2,50.77,0.0,50.77,0.0,2026-05-06 06:28:09.253
6023,367576,3,-90.0,0.0,-90.0,0.0,2026-05-06 06:28:09.253
6024,367637,1,-50.78,0.0,-50.77,0.0,2026-05-06 06:28:09.253
6025,367698,2,50.77,0.0,50.77,0.0,2026-05-06 06:28:09.253
6026,367759,1,-50.78,0.0,-50.77,0.0,2026-05-06 06:28:09.253
6027,367820,2,50.77,0.0,50.77,0.0,2026-05-06 06:28:09.253
6028,367879,3,-90.0,0.0,-90.0,0.0,2026-05-06 06:28:09.253
6029,367940,1,-50.78,0.0,-50.77,0.0,2026-05-06 06:28:09.253
6030,368001,2,50.77,0.0,50.77,-0.0,2026-05-06 06:28:09.253
6031,368061,3,-90.0,0.0,-90.0,0.0,2026-05-06 06:28:09.253
6032,368122,1,-50.78,0.0,-50.77,0.0,2026-05-06 06:28:09.253
6033,368183,2,50.77,0.0,50.77,0.0,2026-05-06 06:28:09.253
6034,368244,1,-90.0,0.0,-50.77,0.0,2026-05-06 06:28:09.253
6035,368305,2,90.0,0.0,50.77,0.0,2026-05-06 06:28:09.253
6036,368364,3,-90.0,0.0,-90.0,0.0,2026-05-06 06:28:09.253
6037,368425,1,-90.0,0.0,-50.77,0.0,2026-05-06 06:28:09.253
6038,368486,2,90.0,0.0,50.77,0.0,2026-05-06 06:28:09.966
6039,368545,3,-90.0,0.0,-90.0,0.0,2026-05-06 06:28:09.966
6040,368606,1,-90.0,0.0,-50.77,0.0,2026-05-06 06:28:09.966
6041,368667,2,90.0,0.0,50.77,0.0,2026-05-06 06:28:09.966
6042,368729,1,-90.0,0.0,-51.86,-0.001,2026-05-06 06:28:09.966
6043,368791,2,90.0,0.0,51.73,0.001,2026-05-06 06:28:09.966
6044,368850,3,-90.0,0.0,-90.0,0.0,2026-05-06 06:28:09.966
6045,368911,1,-90.0,0.0,-52.93,-0.0,2026-05-06 06:28:09.966
6046,368973,2,90.0,0.0,52.97,0.002,2026-05-06 06:28:09.966
6047,369032,3,-90.0,0.0,-90.0,0.0,2026-05-06 06:28:09.966
6048,369093,1,-90.0,0.0,-53.63,0.0,2026-05-06 06:28:09.966
6049,369154,2,90.0,0.0,53.73,0.002,2026-05-06 06:28:09.966
6050,369214,1,-90.0,0.0,-58.55,0.0,2026-05-06 06:28:09.966
6051,369275,2,90.0,0.0,58.04,0.003,2026-05-06 06:28:09.966
6052,369334,3,-90.0,0.0,-90.0,0.0,2026-05-06 06:28:09.966
6053,369395,1,-90.0,0.0,-58.55,0.0,2026-05-06 06:28:09.966
6054,369456,2,90.0,0.0,58.04,0.003,2026-05-06 06:28:09.966
6055,369515,3,-90.0,0.0,-90.0,0.0,2026-05-06 06:28:09.966
6056,369576,1,-90.0,0.0,-60.22,0.001,2026-05-06 06:28:09.966
6057,369637,2,90.0,0.0,59.86,0.004,2026-05-06 06:28:09.966
6058,369699,1,-90.0,0.0,-65.27,0.001,2026-05-06 06:28:09.966
6059,369760,2,90.0,0.0,64.84,0.007,2026-05-06 06:28:09.966
6060,369819,3,-90.0,0.0,-89.99,0.0,2026-05-06 06:28:09.966
6061,369880,1,-90.0,0.0,-65.27,0.001,2026-05-06 06:28:09.966
6062,369941,2,90.0,0.0,64.84,0.007,2026-05-06 06:28:09.966
6063,370000,3,-90.0,0.0,-89.99,0.0,2026-05-06 06:28:09.966
6064,370061,1,-90.0,0.0,-65.27,0.001,2026-05-06 06:28:09.966
6065,370122,2,90.0,0.0,64.84,0.007,2026-05-06 06:28:09.966
6066,370182,3,-90.0,0.0,-89.99,0.0,2026-05-06 06:28:09.966
6067,370243,1,-90.0,0.0,-65.27,0.001,2026-05-06 06:28:09.966
6068,370304,2,90.0,0.0,64.84,0.007,2026-05-06 06:28:09.966
6069,370363,3,-90.0,0.0,-89.99,0.0,2026-05-06 06:28:09.966
6070,370424,1,-90.0,0.0,-65.27,0.001,2026-05-06 06:28:09.966
6071,370485,2,90.0,0.0,64.84,0.007,2026-05-06 06:28:09.966
6072,370544,3,-90.0,0.0,-89.99,0.0,2026-05-06 06:28:09.966
6073,370605,1,-90.0,0.0,-65.27,0.001,2026-05-06 06:28:09.966
6074,370669,1,-90.0,0.0,-65.27,0.001,2026-05-06 06:28:09.966
6075,370730,2,90.0,0.0,64.84,0.007,2026-05-06 06:28:09.966
6076,370789,3,-90.0,0.0,-89.99,0.0,2026-05-06 06:28:09.966
6077,370850,1,-90.0,0.0,-65.27,0.001,2026-05-06 06:28:09.966
6078,370911,2,90.0,0.0,64.84,0.007,2026-05-06 06:28:09.966
6079,370970,3,-90.0,0.0,-89.99,0.0,2026-05-06 06:28:09.966
6080,371031,1,-90.0,0.0,-65.27,0.001,2026-05-06 06:28:09.966
6081,371092,2,90.0,0.0,64.84,0.007,2026-05-06 06:28:09.966
6082,371153,1,-90.0,0.0,-65.27,0.001,2026-05-06 06:28:09.966
6083,371214,2,90.0,0.0,64.84,0.007,2026-05-06 06:28:09.966
6084,371273,3,-90.0,0.0,-89.99,0.0,2026-05-06 06:28:09.966
6085,371334,1,-90.0,0.0,-65.27,0.001,2026-05-06 06:28:09.966
6086,371395,2,90.0,0.0,64.84,0.007,2026-05-06 06:28:09.966
6087,371454,3,-90.0,0.0,-89.99,0.0,2026-05-06 06:28:09.966
6088,371515,1,-90.0,0.0,-65.27,0.001,2026-05-06 06:28:09.966
6089,371576,2,90.0,0.0,64.84,0.007,2026-05-06 06:28:09.966
6090,371638,1,-90.0,0.0,-65.27,0.001,2026-05-06 06:28:09.966
6091,371699,2,90.0,0.0,64.84,0.007,2026-05-06 06:28:09.966
6092,371758,3,-90.0,0.0,-89.99,0.0,2026-05-06 06:28:09.966
6093,371819,1,-90.0,0.0,-65.27,0.001,2026-05-06 06:28:09.966
6094,371880,2,90.0,0.0,64.84,0.007,2026-05-06 06:28:09.966
6095,371939,3,-90.0,0.0,-89.99,0.0,2026-05-06 06:28:09.966
6096,372000,1,-90.0,0.0,-65.27,0.001,2026-05-06 06:28:09.966
6097,372061,2,90.0,0.0,64.84,0.007,2026-05-06 06:28:09.966
6098,372122,1,-90.0,0.0,-65.27,0.001,2026-05-06 06:28:09.966
6099,372183,2,90.0,0.0,64.84,0.007,2026-05-06 06:28:09.966
6100,372242,3,-90.0,0.0,-89.99,0.0,2026-05-06 06:28:09.966
6101,372303,1,-90.0,0.0,-65.27,0.001,2026-05-06 06:28:09.966
6102,372364,2,90.0,0.0,64.84,0.007,2026-05-06 06:28:09.966
6103,372423,3,-90.0,0.0,-89.99,0.0,2026-05-06 06:28:09.966
6104,372484,1,-90.0,0.0,-65.27,0.001,2026-05-06 06:28:09.966
6105,372545,2,90.0,0.0,64.84,0.007,2026-05-06 06:28:09.966
6106,372607,1,-90.0,0.0,-65.27,0.001,2026-05-06 06:28:09.966
6107,372668,2,90.0,0.0,64.84,0.007,2026-05-06 06:28:09.966
6108,372727,3,-90.0,0.0,-89.99,0.0,2026-05-06 06:28:09.966
6109,372788,1,-90.0,0.0,-65.27,0.001,2026-05-06 06:28:09.966
6110,372849,2,90.0,0.0,64.84,0.007,2026-05-06 06:28:09.966
6111,372908,3,-90.0,0.0,-89.99,0.0,2026-05-06 06:28:09.966
6112,372969,1,-90.0,0.0,-65.27,0.001,2026-05-06 06:28:09.966
6113,373030,2,90.0,0.0,64.84,0.007,2026-05-06 06:28:09.966
6114,373091,1,-90.0,0.0,-65.27,0.001,2026-05-06 06:28:09.966
6115,373152,2,90.0,0.0,64.84,0.007,2026-05-06 06:28:09.966
6116,373211,3,-90.0,0.0,-89.99,0.0,2026-05-06 06:28:09.966
6117,373272,1,-90.0,0.0,-65.27,0.001,2026-05-06 06:28:09.966
6118,373333,2,90.0,0.0,64.84,0.007,2026-05-06 06:28:09.966
6119,373392,3,-90.0,0.0,-89.99,0.0,2026-05-06 06:28:09.966
6120,373453,1,-90.0,0.0,-65.27,0.001,2026-05-06 06:28:09.966
6121,373514,2,90.0,0.0,64.84,0.007,2026-05-06 06:28:09.966
6122,373577,3,-90.0,0.0,-89.99,0.0,2026-05-06 06:28:09.966
6123,373638,1,-90.0,0.0,-65.27,0.001,2026-05-06 06:28:09.966
6124,373699,2,90.0,0.0,64.84,0.007,2026-05-06 06:28:09.966
6125,373758,3,-90.0,0.0,-89.99,0.0,2026-05-06 06:28:09.966
6126,373819,1,-90.0,0.0,-65.27,0.001,2026-05-06 06:28:09.966
6127,373880,2,90.0,0.0,64.84,0.007,2026-05-06 06:28:09.966
6128,373939,3,-90.0,0.0,-89.99,0.0,2026-05-06 06:28:09.966
6129,374000,1,-90.0,0.0,-65.27,0.001,2026-05-06 06:28:09.966
6130,374062,1,-90.0,0.0,-65.27,0.001,2026-05-06 06:28:09.966
6131,374123,2,90.0,0.0,64.84,0.007,2026-05-06 06:28:09.966
6132,374182,3,-90.0,0.0,-89.99,0.0,2026-05-06 06:28:09.966
6133,374243,1,-90.0,0.0,-65.27,0.001,2026-05-06 06:28:09.966
6134,374304,2,90.0,0.0,64.84,0.007,2026-05-06 06:28:09.966
6135,374363,3,-90.0,0.0,-89.99,0.0,2026-05-06 06:28:09.966
6136,374424,1,-90.0,0.0,-65.27,0.001,2026-05-06 06:28:09.966
6137,374485,2,90.0,0.0,64.84,0.007,2026-05-06 06:28:09.966
6138,374546,1,-90.0,0.0,-65.27,0.001,2026-05-06 06:28:09.966
6139,374607,2,90.0,0.0,64.84,0.007,2026-05-06 06:28:09.966
6140,374666,3,-90.0,0.0,-89.99,0.0,2026-05-06 06:28:09.966
6141,374727,1,-90.0,0.0,-65.27,0.001,2026-05-06 06:28:09.966
6142,374788,2,90.0,0.0,64.84,0.007,2026-05-06 06:28:09.966
6143,374847,3,-90.0,0.0,-89.99,0.0,2026-05-06 06:28:09.966
6144,374908,1,-90.0,0.0,-65.27,0.001,2026-05-06 06:28:09.966
6145,374969,2,90.0,0.0,64.84,0.007,2026-05-06 06:28:09.966
6146,375095,2,90.0,0.0,64.84,0.007,2026-05-06 06:28:09.966
6147,375154,3,-90.0,0.0,-89.99,0.0,2026-05-06 06:28:09.966
6148,375215,1,-90.0,0.0,-65.27,0.001,2026-05-06 06:28:09.966
6149,375276,2,90.0,0.0,64.84,0.007,2026-05-06 06:28:09.966
6150,375335,3,-90.0,0.0,-89.99,0.0,2026-05-06 06:28:09.966
6151,375396,1,-90.0,0.0,-65.27,0.001,2026-05-06 06:28:09.966
6152,375457,2,90.0,0.0,64.84,0.007,2026-05-06 06:28:09.966
6153,375518,1,-90.0,0.0,-65.27,0.001,2026-05-06 06:28:09.966
6154,375579,2,90.0,0.0,64.84,0.007,2026-05-06 06:28:09.966
6155,375638,3,-90.0,0.0,-89.99,0.0,2026-05-06 06:28:09.966
6156,375699,1,-90.0,0.0,-65.27,0.001,2026-05-06 06:28:09.966
6157,375760,2,90.0,0.0,64.84,0.007,2026-05-06 06:28:09.966
6158,375819,3,-90.0,0.0,-89.99,0.0,2026-05-06 06:28:09.966
6159,375880,1,-90.0,0.0,-65.27,0.001,2026-05-06 06:28:09.966
6160,375941,2,90.0,0.0,64.84,0.007,2026-05-06 06:28:09.966
6161,376003,1,-90.0,0.0,-65.27,0.001,2026-05-06 06:28:09.966
6162,376064,2,90.0,0.0,64.84,0.007,2026-05-06 06:28:09.966
6163,376123,3,-90.0,0.0,-89.99,0.0,2026-05-06 06:28:09.966
6164,376184,1,-90.0,0.0,-65.27,0.001,2026-05-06 06:28:09.966
6165,376245,2,90.0,0.0,64.84,0.007,2026-05-06 06:28:09.966
6166,376304,3,-90.0,0.0,-89.99,0.0,2026-05-06 06:28:09.966
6167,376365,1,-90.0,0.0,-65.27,0.001,2026-05-06 06:28:09.966
6168,376426,2,90.0,0.0,64.84,0.007,2026-05-06 06:28:09.966
6169,376487,1,-90.0,0.0,-65.27,0.001,2026-05-06 06:28:09.966
6170,376548,2,90.0,0.0,64.84,0.007,2026-05-06 06:28:09.966
6171,376607,3,-90.0,0.0,-89.99,0.0,2026-05-06 06:28:10.673
6172,376668,1,-90.0,0.0,-65.27,0.001,2026-05-06 06:28:10.673
6173,376729,2,90.0,0.0,64.84,0.007,2026-05-06 06:28:10.673
6174,376788,3,-90.0,0.0,-89.99,0.0,2026-05-06 06:28:10.673
6175,376849,1,-90.0,0.0,-65.27,0.001,2026-05-06 06:28:10.673
6176,376910,2,90.0,0.0,64.84,0.007,2026-05-06 06:28:10.673
6177,376972,3,-90.0,0.0,-89.99,0.0,2026-05-06 06:28:10.673
6178,377033,1,-90.0,0.0,-65.27,0.001,2026-05-06 06:28:10.673
6179,377094,2,90.0,0.0,64.84,0.007,2026-05-06 06:28:10.673
6180,377153,3,-90.0,0.0,-89.99,0.0,2026-05-06 06:28:10.673
6181,377214,1,-90.0,0.0,-65.27,0.001,2026-05-06 06:28:10.673
6182,377275,2,90.0,0.0,64.84,0.007,2026-05-06 06:28:10.673
6183,377334,3,-90.0,0.0,-89.99,0.0,2026-05-06 06:28:10.673
6184,377395,1,-90.0,0.0,-65.27,0.001,2026-05-06 06:28:10.673
6185,377457,1,-90.0,0.0,-65.27,0.001,2026-05-06 06:28:10.673
6186,377518,2,90.0,0.0,64.84,0.007,2026-05-06 06:28:10.673
6187,377577,3,-90.0,0.0,-89.99,0.0,2026-05-06 06:28:10.673
6188,377638,1,-90.0,0.0,-65.27,0.001,2026-05-06 06:28:10.673
6189,377699,2,90.0,0.0,64.84,0.007,2026-05-06 06:28:10.673
6190,377758,3,-90.0,0.0,-89.99,0.0,2026-05-06 06:28:10.673
6191,377819,1,-90.0,0.0,-65.27,0.001,2026-05-06 06:28:10.673
6192,377880,2,90.0,0.0,64.84,0.007,2026-05-06 06:28:10.673
6193,377942,1,-90.0,0.0,-65.27,0.001,2026-05-06 06:28:10.673
6194,378003,2,90.0,0.0,64.84,0.007,2026-05-06 06:28:10.673
6195,378062,3,-90.0,0.0,-89.99,0.0,2026-05-06 06:28:10.673
6196,378123,1,-90.0,0.0,-65.27,0.001,2026-05-06 06:28:10.673
6197,378184,2,90.0,0.0,64.84,0.007,2026-05-06 06:28:10.673
6198,378243,3,-90.0,0.0,-89.99,0.0,2026-05-06 06:28:10.673
6199,378304,1,-90.0,0.0,-65.27,0.001,2026-05-06 06:28:10.673
6200,378365,2,90.0,0.0,64.84,0.007,2026-05-06 06:28:10.673
6201,378426,1,-90.0,0.0,-65.27,0.001,2026-05-06 06:28:10.673
6202,378487,2,90.0,0.0,64.84,0.007,2026-05-06 06:28:10.673
6203,378546,3,-90.0,0.0,-89.99,0.0,2026-05-06 06:28:10.673
6204,378607,1,-90.0,0.0,-65.27,0.001,2026-05-06 06:28:10.673
6205,378668,2,90.0,0.0,64.84,0.007,2026-05-06 06:28:10.673
6206,378727,3,-90.0,0.0,-89.99,0.0,2026-05-06 06:28:10.673
6207,378788,1,-90.0,0.0,-65.27,0.001,2026-05-06 06:28:10.673
6208,378849,2,90.0,0.0,64.84,0.007,2026-05-06 06:28:10.673
6209,378911,1,-90.0,0.0,-65.27,0.001,2026-05-06 06:28:10.673
6210,378972,2,90.0,0.0,64.84,0.007,2026-05-06 06:28:10.673
6211,379031,3,-90.0,0.0,-89.99,0.0,2026-05-06 06:28:10.673
6212,379092,1,-90.0,0.0,-65.27,0.001,2026-05-06 06:28:10.673
6213,379153,2,90.0,0.0,64.84,0.007,2026-05-06 06:28:10.673
6214,379212,3,-90.0,0.0,-89.99,0.0,2026-05-06 06:28:10.673
6215,379273,1,-90.0,0.0,-65.27,0.001,2026-05-06 06:28:10.673
6216,379334,2,90.0,0.0,64.84,0.007,2026-05-06 06:28:10.673
6217,379395,1,-90.0,0.0,-65.27,0.001,2026-05-06 06:28:10.673
6218,379456,2,90.0,0.0,64.84,0.007,2026-05-06 06:28:10.673
6219,379515,3,-90.0,0.0,-89.99,0.0,2026-05-06 06:28:10.673
6220,379576,1,-90.0,0.0,-65.27,0.001,2026-05-06 06:28:10.673
6221,379637,2,90.0,0.0,64.84,0.007,2026-05-06 06:28:10.673
6222,379696,3,-90.0,0.0,-89.99,0.0,2026-05-06 06:28:10.673
6223,379757,1,-90.0,0.0,-65.27,0.001,2026-05-06 06:28:10.673
6224,379818,2,90.0,0.0,64.84,0.007,2026-05-06 06:28:10.673
6225,379880,1,-90.0,0.0,-65.27,0.001,2026-05-06 06:28:10.673
6226,379941,2,90.0,0.0,64.84,0.007,2026-05-06 06:28:10.673
6227,380000,3,-90.0,0.0,-89.99,0.0,2026-05-06 06:28:10.673
6228,380061,1,-90.0,0.0,-65.27,0.001,2026-05-06 06:28:10.673
6229,380122,2,90.0,0.0,64.84,0.007,2026-05-06 06:28:10.673
6230,380181,3,-90.0,0.0,-89.99,0.0,2026-05-06 06:28:10.673
6231,380242,1,-90.0,0.0,-65.27,0.001,2026-05-06 06:28:10.673
6232,380303,2,90.0,0.0,64.84,0.007,2026-05-06 06:28:10.673
6233,380363,2,90.0,0.0,64.84,0.007,2026-05-06 06:28:10.673
6234,380422,3,-90.0,0.0,-89.99,0.0,2026-05-06 06:28:10.673
6235,380483,1,-90.0,0.0,-65.27,0.001,2026-05-06 06:28:10.673
6236,380544,2,90.0,0.0,64.84,0.007,2026-05-06 06:28:10.673
6237,380603,3,-90.0,0.0,-89.99,0.0,2026-05-06 06:28:10.673
6238,380664,1,-90.0,0.0,-65.27,0.001,2026-05-06 06:28:10.673
6239,380725,2,90.0,0.0,64.84,0.007,2026-05-06 06:28:10.673
6240,380784,3,-90.0,0.0,-89.99,0.0,2026-05-06 06:28:10.673
6241,380849,1,-90.0,0.0,-65.27,0.001,2026-05-06 06:28:10.673
6242,380910,2,90.0,0.0,64.84,0.007,2026-05-06 06:28:10.673
6243,380969,3,-90.0,0.0,-89.99,0.0,2026-05-06 06:28:10.673
6244,381030,1,-90.0,0.0,-65.27,0.001,2026-05-06 06:28:10.673
6245,381091,2,90.0,0.0,64.84,0.007,2026-05-06 06:28:10.673
6246,381150,3,-90.0,0.0,-89.99,0.0,2026-05-06 06:28:10.673
6247,381211,1,-90.0,0.0,-65.27,0.001,2026-05-06 06:28:10.673
6248,381272,2,90.0,0.0,64.84,0.007,2026-05-06 06:28:10.673
6249,381333,1,-90.0,0.0,-65.27,0.001,2026-05-06 06:28:10.673
6250,381394,2,90.0,0.0,64.84,0.007,2026-05-06 06:28:10.673
6251,381453,3,-90.0,0.0,-89.99,0.0,2026-05-06 06:28:10.673
6252,381514,1,-90.0,0.0,-65.27,0.001,2026-05-06 06:28:10.673
6253,381575,2,90.0,0.0,64.84,0.007,2026-05-06 06:28:10.673
6254,381634,3,-90.0,0.0,-89.99,0.0,2026-05-06 06:28:10.673
6255,381695,1,-90.0,0.0,-65.27,0.001,2026-05-06 06:28:10.673
6256,381756,2,90.0,0.0,64.84,0.007,2026-05-06 06:28:10.673
6257,381818,1,-90.0,0.0,-65.27,0.001,2026-05-06 06:28:10.673
6258,381879,2,90.0,0.0,64.84,0.007,2026-05-06 06:28:10.673
6259,381938,3,-90.0,0.0,-89.99,0.0,2026-05-06 06:28:10.673
6260,381999,1,-90.0,0.0,-65.27,0.001,2026-05-06 06:28:10.673
6261,382060,2,90.0,0.0,64.84,0.007,2026-05-06 06:28:10.673
6262,382119,3,-90.0,0.0,-89.99,0.0,2026-05-06 06:28:10.673
6263,382180,1,-90.0,0.0,-65.27,0.001,2026-05-06 06:28:10.673
6264,382241,2,90.0,0.0,64.84,0.007,2026-05-06 06:28:10.673
6265,382301,1,-90.0,0.0,-65.27,0.001,2026-05-06 06:28:10.673
6266,382362,2,90.0,0.0,64.84,0.007,2026-05-06 06:28:10.673
6267,382421,3,-90.0,0.0,-89.99,0.0,2026-05-06 06:28:10.673
6268,382482,1,-90.0,0.0,-65.27,0.001,2026-05-06 06:28:10.673
6269,382543,2,90.0,0.0,64.84,0.007,2026-05-06 06:28:10.673
6270,382602,3,-90.0,0.0,-89.99,0.0,2026-05-06 06:28:10.673
6271,382663,1,-90.0,0.0,-65.27,0.001,2026-05-06 06:28:10.673
6272,382724,2,90.0,0.0,64.84,0.007,2026-05-06 06:28:10.673
6273,382851,2,90.0,0.0,64.84,0.007,2026-05-06 06:28:10.673
6274,382910,3,-90.0,0.0,-89.99,0.0,2026-05-06 06:28:10.673
6275,382971,1,-90.0,0.0,-65.27,0.001,2026-05-06 06:28:10.673
6276,383032,2,90.0,0.0,64.84,0.007,2026-05-06 06:28:10.673
6277,383091,3,-90.0,0.0,-89.99,0.0,2026-05-06 06:28:10.673
6278,383152,1,-90.0,0.0,-65.27,0.001,2026-05-06 06:28:10.673
6279,383213,2,90.0,0.0,64.84,0.007,2026-05-06 06:28:10.673
6280,383274,1,-90.0,0.0,-65.27,0.001,2026-05-06 06:28:10.673
6281,383335,2,90.0,0.0,64.84,0.007,2026-05-06 06:28:10.673
6282,383394,3,-90.0,0.0,-89.99,0.0,2026-05-06 06:28:10.673
6283,383455,1,-90.0,0.0,-65.27,0.001,2026-05-06 06:28:10.673
6284,383516,2,90.0,0.0,64.84,0.007,2026-05-06 06:28:10.673
6285,383575,3,-90.0,0.0,-89.99,0.0,2026-05-06 06:28:10.673
6286,383636,1,-90.0,0.0,-65.27,0.001,2026-05-06 06:28:10.673
6287,383697,2,90.0,0.0,64.84,0.007,2026-05-06 06:28:10.673
6288,383759,1,-90.0,0.0,-65.27,0.001,2026-05-06 06:28:10.673
6289,383820,2,90.0,0.0,64.84,0.007,2026-05-06 06:28:10.673
6290,383879,3,-90.0,0.0,-89.99,0.0,2026-05-06 06:28:10.673
6291,383940,1,-90.0,0.0,-65.27,0.001,2026-05-06 06:28:10.673
6292,384001,2,90.0,0.0,64.84,0.007,2026-05-06 06:28:10.673
6293,384060,3,-90.0,0.0,-89.99,0.0,2026-05-06 06:28:10.673
6294,384121,1,-90.0,0.0,-65.27,0.001,2026-05-06 06:28:10.673
6295,384182,2,90.0,0.0,64.84,0.007,2026-05-06 06:28:10.673
6296,384243,1,-90.0,0.0,-65.27,0.001,2026-05-06 06:28:10.673
6297,384304,2,90.0,0.0,64.84,0.007,2026-05-06 06:28:10.673
6298,384363,3,-90.0,0.0,-89.99,0.0,2026-05-06 06:28:10.673
6299,384424,1,-90.0,0.0,-65.27,0.001,2026-05-06 06:28:10.673
6300,384485,2,90.0,0.0,64.84,0.007,2026-05-06 06:28:10.673
6301,384544,3,-90.0,0.0,-89.99,0.0,2026-05-06 06:28:10.673
6302,384605,1,-90.0,0.0,-65.27,0.001,2026-05-06 06:28:10.673
6303,384666,2,90.0,0.0,64.84,0.007,2026-05-06 06:28:11.384
6304,384728,1,-90.0,0.0,-65.27,0.001,2026-05-06 06:28:11.384
6305,384789,2,90.0,0.0,64.84,0.007,2026-05-06 06:28:11.384
6306,384848,3,-90.0,0.0,-89.99,0.0,2026-05-06 06:28:11.384
6307,384909,1,-90.0,0.0,-65.27,0.001,2026-05-06 06:28:11.384
6308,384970,2,90.0,0.0,64.84,0.007,2026-05-06 06:28:11.384
6309,385029,3,-90.0,0.0,-89.99,0.0,2026-05-06 06:28:11.384
6310,385090,1,-90.0,0.0,-65.27,0.001,2026-05-06 06:28:11.384
6311,385151,2,90.0,0.0,64.84,0.007,2026-05-06 06:28:11.384
6312,385212,1,-90.0,0.0,-65.27,0.001,2026-05-06 06:28:11.384
6313,385273,2,90.0,0.0,64.84,0.007,2026-05-06 06:28:11.384
6314,385332,3,-90.0,0.0,-89.99,0.0,2026-05-06 06:28:11.384
6315,385393,1,-90.0,0.0,-65.27,0.001,2026-05-06 06:28:11.384
6316,385454,2,90.0,0.0,64.84,0.007,2026-05-06 06:28:11.384
6317,385513,3,-90.0,0.0,-89.99,0.0,2026-05-06 06:28:11.384
6318,385574,1,-90.0,0.0,-65.27,0.001,2026-05-06 06:28:11.384
6319,385635,2,90.0,0.0,64.84,0.007,2026-05-06 06:28:11.384
6320,385697,1,-90.0,0.0,-65.27,0.001,2026-05-06 06:28:11.384
6321,385758,2,90.0,0.0,64.84,0.007,2026-05-06 06:28:11.384
6322,385817,3,-90.0,0.0,-89.99,0.0,2026-05-06 06:28:11.384
6323,385878,1,-90.0,0.0,-65.27,0.001,2026-05-06 06:28:11.384
6324,385939,2,90.0,0.0,64.84,0.007,2026-05-06 06:28:11.384
6325,385998,3,-90.0,0.0,-89.99,0.0,2026-05-06 06:28:11.384
6326,386059,1,-90.0,0.0,-65.27,0.001,2026-05-06 06:28:11.384
6327,386120,2,90.0,0.0,64.84,0.007,2026-05-06 06:28:11.384
6328,386181,1,-90.0,0.0,-65.27,0.001,2026-05-06 06:28:11.384
6329,386242,2,90.0,0.0,64.84,0.007,2026-05-06 06:28:11.384
6330,386301,3,-90.0,0.0,-89.99,0.0,2026-05-06 06:28:11.384
6331,386362,1,-90.0,0.0,-65.27,0.001,2026-05-06 06:28:11.384
6332,386423,2,90.0,0.0,64.84,0.007,2026-05-06 06:28:11.384
6333,386482,3,-90.0,0.0,-89.99,0.0,2026-05-06 06:28:11.384
6334,386543,1,-90.0,0.0,-65.27,0.001,2026-05-06 06:28:11.384
6335,386604,2,90.0,0.0,64.84,0.007,2026-05-06 06:28:11.384
6336,386666,1,-90.0,0.0,-65.27,0.001,2026-05-06 06:28:11.384
6337,386727,2,90.0,0.0,64.84,0.007,2026-05-06 06:28:11.384
6338,386786,3,-90.0,0.0,-89.99,0.0,2026-05-06 06:28:11.384
6339,386847,1,-90.0,0.0,-65.27,0.001,2026-05-06 06:28:11.384
6340,386908,2,90.0,0.0,64.84,0.007,2026-05-06 06:28:11.384
6341,386967,3,-90.0,0.0,-89.99,0.0,2026-05-06 06:28:11.384
6342,387028,1,-90.0,0.0,-65.27,0.001,2026-05-06 06:28:11.384
6343,387089,2,90.0,0.0,64.84,0.007,2026-05-06 06:28:11.384
6344,387150,1,-90.0,0.0,-65.27,0.001,2026-05-06 06:28:11.384
6345,387211,2,90.0,0.0,64.84,0.007,2026-05-06 06:28:11.384
6346,387270,3,-90.0,0.0,-89.99,0.0,2026-05-06 06:28:11.384
6347,387331,1,-90.0,0.0,-65.27,0.001,2026-05-06 06:28:11.384
6348,387392,2,90.0,0.0,64.84,0.007,2026-05-06 06:28:11.384
6349,387451,3,-90.0,0.0,-89.99,0.0,2026-05-06 06:28:11.384
6350,387512,1,-90.0,0.0,-65.27,0.001,2026-05-06 06:28:11.384
6351,387573,2,90.0,0.0,64.84,0.007,2026-05-06 06:28:11.384
6352,387635,1,-90.0,0.0,-65.27,0.001,2026-05-06 06:28:11.384
6353,387696,2,90.0,0.0,64.84,0.007,2026-05-06 06:28:11.384
6354,387755,3,-90.0,0.0,-89.99,0.0,2026-05-06 06:28:11.384
6355,387816,1,-90.0,0.0,-65.27,0.001,2026-05-06 06:28:11.384
6356,387877,2,90.0,0.0,64.84,0.007,2026-05-06 06:28:11.384
6357,387936,3,-90.0,0.0,-89.99,0.0,2026-05-06 06:28:11.384
6358,387997,1,-90.0,0.0,-65.27,0.001,2026-05-06 06:28:11.384
6359,388058,2,90.0,0.0,64.84,0.007,2026-05-06 06:28:11.384
6360,388119,1,-90.0,0.0,-65.27,0.001,2026-05-06 06:28:11.384
6361,388180,2,90.0,0.0,64.84,0.007,2026-05-06 06:28:11.384
6362,388239,3,-90.0,0.0,-89.99,0.0,2026-05-06 06:28:11.384
6363,388537,1,-90.0,0.0,-65.27,0.001,2026-05-06 06:28:11.384
6364,388604,1,-90.0,0.0,-65.27,0.001,2026-05-06 06:28:11.384
6365,388665,2,90.0,0.0,64.84,0.007,2026-05-06 06:28:11.384
6366,388724,3,-90.0,0.0,-89.99,0.0,2026-05-06 06:28:11.384
6367,388785,1,-90.0,0.0,-65.27,0.001,2026-05-06 06:28:11.384
6368,388846,2,90.0,0.0,64.84,0.007,2026-05-06 06:28:11.384
6369,388905,3,-90.0,0.0,-89.99,0.0,2026-05-06 06:28:11.384
6370,388966,1,-90.0,0.0,-65.27,0.001,2026-05-06 06:28:11.384
6371,389027,2,90.0,0.0,64.84,0.007,2026-05-06 06:28:11.384
6372,389089,1,-90.0,-0.1,-90.0,0.0,2026-05-06 06:28:11.384
6373,389151,2,90.0,0.1,90.0,0.0,2026-05-06 06:28:11.384
6374,389210,3,-90.0,-0.1,-90.0,0.0,2026-05-06 06:28:11.384
6375,389272,1,-90.0,-0.1,-90.0,0.0,2026-05-06 06:28:11.384
6376,389334,2,90.0,0.1,90.0,0.0,2026-05-06 06:28:11.384
6377,389393,3,-90.0,-0.1,-90.0,0.0,2026-05-06 06:28:11.384
6378,389455,1,-90.0,-0.1,-90.0,0.0,2026-05-06 06:28:11.384
6379,389517,2,90.0,0.1,90.0,0.0,2026-05-06 06:28:11.384
6380,389576,1,-90.0,-0.1,-90.0,0.0,2026-05-06 06:28:11.384
6381,389638,2,90.0,0.1,90.0,0.0,2026-05-06 06:28:11.384
6382,389697,3,-90.0,-0.1,-90.0,0.0,2026-05-06 06:28:11.384
6383,389759,1,-90.0,-0.1,-90.0,0.0,2026-05-06 06:28:11.384
6384,389821,2,90.0,0.1,90.0,0.0,2026-05-06 06:28:11.384
6385,389880,3,-90.0,-0.1,-90.0,0.0,2026-05-06 06:28:11.384
6386,389942,1,-90.0,-0.1,-90.0,0.0,2026-05-06 06:28:11.384
6387,390004,2,90.0,0.1,90.0,0.0,2026-05-06 06:28:11.384
6388,390064,1,-90.0,-0.1,-90.0,0.0,2026-05-06 06:28:11.384
6389,390126,2,90.0,0.1,90.0,0.0,2026-05-06 06:28:11.384
6390,390185,3,-90.0,-0.1,-90.0,0.0,2026-05-06 06:28:11.384
6391,390247,1,-90.0,-0.1,-90.0,0.0,2026-05-06 06:28:11.384
6392,390309,2,90.0,0.1,90.0,0.0,2026-05-06 06:28:11.384
6393,390368,3,-90.0,-0.1,-90.0,0.0,2026-05-06 06:28:11.384
6394,390430,1,-90.0,-0.1,-90.0,0.0,2026-05-06 06:28:11.384
6395,390492,2,90.0,0.1,90.0,0.0,2026-05-06 06:28:11.384
6396,390616,2,90.0,0.1,90.0,0.0,2026-05-06 06:28:11.384
6397,390675,3,-90.0,-0.1,-90.0,0.0,2026-05-06 06:28:11.384
6398,390737,1,-90.0,-0.1,-90.0,0.0,2026-05-06 06:28:11.384
6399,390799,2,90.0,0.1,90.0,0.0,2026-05-06 06:28:11.384
6400,390858,3,-90.0,-0.1,-90.0,0.0,2026-05-06 06:28:11.384
6401,390920,1,-90.0,-0.1,-90.0,0.0,2026-05-06 06:28:11.384
6402,390982,2,90.0,0.1,90.0,0.0,2026-05-06 06:28:11.384
6403,391042,1,-90.0,-0.1,-90.0,0.0,2026-05-06 06:28:11.384
6404,391104,2,90.0,0.1,90.0,0.0,2026-05-06 06:28:11.384
6405,391163,3,-90.0,-0.1,-90.0,0.0,2026-05-06 06:28:11.384
6406,391225,1,-90.0,-0.1,-90.0,0.0,2026-05-06 06:28:11.384
6407,391287,2,90.0,0.1,90.0,0.0,2026-05-06 06:28:11.384
6408,391346,3,-90.0,-0.1,-90.0,0.0,2026-05-06 06:28:11.384
6409,391408,1,-90.0,-0.1,-90.0,0.0,2026-05-06 06:28:11.384
6410,391470,2,90.0,0.1,90.0,0.0,2026-05-06 06:28:11.384
6411,391529,1,-90.0,-0.1,-90.0,0.0,2026-05-06 06:28:11.384
6412,391591,2,90.0,0.1,90.0,0.0,2026-05-06 06:28:11.384
6413,391650,3,-90.0,-0.1,-90.0,0.0,2026-05-06 06:28:11.384
6414,391712,1,-90.0,-0.1,-90.0,0.0,2026-05-06 06:28:11.384
6415,391774,2,90.0,0.1,90.0,0.0,2026-05-06 06:28:11.384
6416,391833,3,-90.0,-0.1,-90.0,0.0,2026-05-06 06:28:11.384
6417,391895,1,-90.0,-0.1,-90.0,0.0,2026-05-06 06:28:11.384
6418,391957,2,90.0,0.1,90.0,0.0,2026-05-06 06:28:11.384
6419,392017,1,-90.0,-0.1,-90.0,0.0,2026-05-06 06:28:11.384
6420,392079,2,90.0,0.1,90.0,0.0,2026-05-06 06:28:11.384
6421,392138,3,-90.0,-0.1,-90.0,0.0,2026-05-06 06:28:11.384
6422,392200,1,-90.0,-0.1,-90.0,0.0,2026-05-06 06:28:11.384
6423,392262,2,90.0,0.1,90.0,0.0,2026-05-06 06:28:11.384
6424,392321,3,-90.0,-0.1,-90.0,0.0,2026-05-06 06:28:11.384
6425,392383,1,-90.0,-0.1,-90.0,0.0,2026-05-06 06:28:11.384
6426,392445,2,90.0,0.1,90.0,0.0,2026-05-06 06:28:11.384
6427,392504,1,-90.0,-0.1,-90.0,0.0,2026-05-06 06:28:11.384
6428,392566,2,90.0,0.1,90.0,0.0,2026-05-06 06:28:11.384
6429,392625,3,-90.0,-0.1,-90.0,0.0,2026-05-06 06:28:11.384
6430,392687,1,-90.0,-0.1,-90.0,0.0,2026-05-06 06:28:11.384
6431,392749,2,90.0,0.1,90.0,0.0,2026-05-06 06:28:12.110
6432,392808,3,-90.0,-0.1,-90.0,0.0,2026-05-06 06:28:12.110
6433,392870,1,-90.0,-0.1,-90.0,0.0,2026-05-06 06:28:12.110
6434,392932,2,90.0,0.1,90.0,0.0,2026-05-06 06:28:12.110
6435,392992,1,-90.0,-0.1,-90.0,0.0,2026-05-06 06:28:12.110
6436,393054,2,90.0,0.1,90.0,0.0,2026-05-06 06:28:12.110
6437,393113,3,-90.0,-0.1,-90.0,0.0,2026-05-06 06:28:12.110
6438,393175,1,-90.0,-0.1,-90.0,0.0,2026-05-06 06:28:12.110
6439,393237,2,90.0,0.1,90.0,0.0,2026-05-06 06:28:12.110
6440,393296,3,-90.0,-0.1,-90.0,0.0,2026-05-06 06:28:12.110
6441,393358,1,-90.0,-0.1,-90.0,0.0,2026-05-06 06:28:12.110
6442,393420,2,90.0,0.1,90.0,0.0,2026-05-06 06:28:12.110
6443,393479,1,-90.0,-0.1,-90.0,0.0,2026-05-06 06:28:12.110
6444,393541,2,90.0,0.1,90.0,0.0,2026-05-06 06:28:12.110
6445,393600,3,-90.0,-0.1,-90.0,0.0,2026-05-06 06:28:12.110
6446,393662,1,-90.0,-0.1,-90.0,0.0,2026-05-06 06:28:12.110
6447,393724,2,90.0,0.1,90.0,0.0,2026-05-06 06:28:12.110
6448,393783,3,-90.0,-0.1,-90.0,0.0,2026-05-06 06:28:12.110
6449,393845,1,-90.0,-0.1,-90.0,0.0,2026-05-06 06:28:12.110
6450,393907,2,90.0,0.1,90.0,0.0,2026-05-06 06:28:12.110
6451,393967,1,-90.0,-0.1,-90.0,0.0,2026-05-06 06:28:12.110
6452,394029,2,90.0,0.1,90.0,0.0,2026-05-06 06:28:12.110
6453,394088,3,-90.0,-0.1,-90.0,0.0,2026-05-06 06:28:12.110
6454,394150,1,-90.0,-0.1,-90.0,0.0,2026-05-06 06:28:12.110
6455,394212,2,90.0,0.1,90.0,0.0,2026-05-06 06:28:12.110
6456,394271,3,-90.0,-0.1,-90.0,0.0,2026-05-06 06:28:12.110
6457,394333,1,-90.0,-0.1,-90.0,0.0,2026-05-06 06:28:12.110
6458,394395,2,90.0,0.1,90.0,0.0,2026-05-06 06:28:12.110
6459,394454,1,-90.0,-0.1,-90.0,0.0,2026-05-06 06:28:12.110
6460,394516,2,90.0,0.1,90.0,0.0,2026-05-06 06:28:12.110
6461,394575,3,-90.0,-0.1,-90.0,0.0,2026-05-06 06:28:12.110
6462,394637,1,-90.0,-0.1,-90.0,0.0,2026-05-06 06:28:12.110
6463,394699,2,90.0,0.1,90.0,0.0,2026-05-06 06:28:12.110
6464,394758,3,-90.0,-0.1,-90.0,0.0,2026-05-06 06:28:12.110
6465,394820,1,-90.0,-0.1,-90.0,0.0,2026-05-06 06:28:12.110
6466,394882,2,90.0,0.1,90.0,0.0,2026-05-06 06:28:12.110
6467,394942,1,-90.0,-0.1,-90.0,0.0,2026-05-06 06:28:12.110
6468,395004,2,90.0,0.1,90.0,0.0,2026-05-06 06:28:12.110
6469,395063,3,-90.0,-0.1,-90.0,0.0,2026-05-06 06:28:12.110
6470,395125,1,-90.0,-0.1,-90.0,0.0,2026-05-06 06:28:12.110
6471,395187,2,90.0,0.1,90.0,0.0,2026-05-06 06:28:12.110
6472,395246,3,-90.0,-0.1,-90.0,0.0,2026-05-06 06:28:12.110
6473,395308,1,-90.0,-0.1,-90.0,0.0,2026-05-06 06:28:12.110
6474,395370,2,90.0,0.1,90.0,0.0,2026-05-06 06:28:12.110
6475,395429,1,-90.0,-0.1,-90.0,0.0,2026-05-06 06:28:12.110
6476,395491,2,90.0,0.1,90.0,0.0,2026-05-06 06:28:12.110
6477,395550,3,-90.0,-0.1,-90.0,0.0,2026-05-06 06:28:12.110
6478,395612,1,-90.0,-0.1,-90.0,0.0,2026-05-06 06:28:12.110
6479,395674,2,90.0,0.1,90.0,0.0,2026-05-06 06:28:12.110
6480,395733,3,-90.0,-0.1,-90.0,0.0,2026-05-06 06:28:12.110
6481,395795,1,-90.0,-0.1,-90.0,0.0,2026-05-06 06:28:12.110
6482,395857,2,90.0,0.1,90.0,0.0,2026-05-06 06:28:12.110
6483,395917,1,-90.0,-0.1,-90.0,0.0,2026-05-06 06:28:12.110
6484,395979,2,90.0,0.1,90.0,0.0,2026-05-06 06:28:12.110
6485,396038,3,-90.0,-0.1,-90.0,0.0,2026-05-06 06:28:12.110
6486,396100,1,-90.0,-0.1,-90.0,0.0,2026-05-06 06:28:12.110
6487,396162,2,90.0,0.1,90.0,0.0,2026-05-06 06:28:12.110
6488,396221,3,-90.0,-0.1,-90.0,0.0,2026-05-06 06:28:12.110
6489,396283,1,-90.0,-0.1,-90.0,0.0,2026-05-06 06:28:12.110
6490,396345,2,90.0,0.1,90.0,0.0,2026-05-06 06:28:12.110
6491,396404,1,-90.0,-0.1,-90.0,0.0,2026-05-06 06:28:12.110
6492,396466,2,90.0,0.1,90.0,0.0,2026-05-06 06:28:12.110
6493,396525,3,-90.0,-0.1,-90.0,0.0,2026-05-06 06:28:12.110
6494,396587,1,-90.0,-0.1,-90.0,0.0,2026-05-06 06:28:12.110
6495,396649,2,90.0,0.1,90.0,0.0,2026-05-06 06:28:12.110
6496,396708,3,-90.0,-0.1,-90.0,0.0,2026-05-06 06:28:12.110
6497,396770,1,-90.0,-0.1,-90.0,0.0,2026-05-06 06:28:12.110
6498,396832,2,90.0,0.1,90.0,0.0,2026-05-06 06:28:12.110
6499,396892,1,-90.0,-0.1,-90.0,0.0,2026-05-06 06:28:12.110
6500,396954,2,90.0,0.1,90.0,0.0,2026-05-06 06:28:12.110
6501,397013,3,-90.0,-0.1,-90.0,0.0,2026-05-06 06:28:12.110
6502,397075,1,-90.0,-0.1,-90.0,0.0,2026-05-06 06:28:12.110
6503,397137,2,90.0,0.1,90.0,0.0,2026-05-06 06:28:12.110
6504,397196,3,-90.0,-0.1,-90.0,0.0,2026-05-06 06:28:12.110
6505,397258,1,-90.0,-0.1,-90.0,0.0,2026-05-06 06:28:12.110
6506,397320,2,90.0,0.1,90.0,0.0,2026-05-06 06:28:12.110
6507,397379,1,-90.0,-0.1,-90.0,0.0,2026-05-06 06:28:12.110
6508,397441,2,90.0,0.1,90.0,0.0,2026-05-06 06:28:12.110
6509,397500,3,-90.0,-0.1,-90.0,0.0,2026-05-06 06:28:12.110
6510,397562,1,-90.0,-0.1,-90.0,0.0,2026-05-06 06:28:12.110
6511,397624,2,90.0,0.1,90.0,0.0,2026-05-06 06:28:12.110
6512,397683,3,-90.0,-0.1,-90.0,0.0,2026-05-06 06:28:12.110
6513,397745,1,-90.0,-0.1,-90.0,0.0,2026-05-06 06:28:12.110
6514,397807,2,90.0,0.1,90.0,0.0,2026-05-06 06:28:12.110
6515,397867,1,-90.0,-0.1,-90.0,0.0,2026-05-06 06:28:12.110
6516,397929,2,90.0,0.1,90.0,0.0,2026-05-06 06:28:12.110
6517,397988,3,-90.0,-0.1,-90.0,0.0,2026-05-06 06:28:12.110
6518,398050,1,-90.0,-0.1,-90.0,0.0,2026-05-06 06:28:12.110
6519,398112,2,90.0,0.1,90.0,0.0,2026-05-06 06:28:12.110
6520,398171,3,-90.0,-0.1,-90.0,0.0,2026-05-06 06:28:12.110
6521,398233,1,-90.0,-0.1,-90.0,0.0,2026-05-06 06:28:12.110
6522,398295,2,90.0,0.1,90.0,0.0,2026-05-06 06:28:12.110
6523,398419,2,90.0,0.1,90.0,0.0,2026-05-06 06:28:12.110
6524,398478,3,-90.0,-0.1,-90.0,0.0,2026-05-06 06:28:12.110
6525,398540,1,-90.0,-0.1,-90.0,0.0,2026-05-06 06:28:12.110
6526,398602,2,90.0,0.1,90.0,0.0,2026-05-06 06:28:12.110
6527,398661,3,-90.0,-0.1,-90.0,0.0,2026-05-06 06:28:12.110
6528,398723,1,-90.0,-0.1,-90.0,0.0,2026-05-06 06:28:12.110
6529,398785,2,90.0,0.1,90.0,0.0,2026-05-06 06:28:12.110
6530,398845,1,-90.0,-0.1,-90.0,0.0,2026-05-06 06:28:12.110
6531,398907,2,90.0,0.1,90.0,0.0,2026-05-06 06:28:12.110
6532,398966,3,-90.0,-0.1,-90.0,0.0,2026-05-06 06:28:12.110
6533,399028,1,-90.0,-0.1,-90.0,0.0,2026-05-06 06:28:12.110
6534,399090,2,90.0,0.1,90.0,0.0,2026-05-06 06:28:12.110
6535,399149,3,-90.0,-0.1,-90.0,0.0,2026-05-06 06:28:12.110
6536,399211,1,-90.0,-0.1,-90.0,0.0,2026-05-06 06:28:12.110
6537,399273,2,90.0,0.1,90.0,0.0,2026-05-06 06:28:12.110
6538,399332,1,-90.0,-0.1,-90.0,0.0,2026-05-06 06:28:12.110
6539,399394,2,90.0,0.1,90.0,0.0,2026-05-06 06:28:12.110
6540,399453,3,-90.0,-0.1,-90.0,0.0,2026-05-06 06:28:12.110
6541,399515,1,-90.0,-0.1,-90.0,0.0,2026-05-06 06:28:12.110
6542,399577,2,90.0,0.1,90.0,0.0,2026-05-06 06:28:12.110
6543,399636,3,-90.0,-0.1,-90.0,0.0,2026-05-06 06:28:12.110
6544,399698,1,-90.0,-0.1,-90.0,0.0,2026-05-06 06:28:12.110
6545,399760,2,90.0,0.1,90.0,0.0,2026-05-06 06:28:12.110
6546,399820,1,-90.0,-0.1,-90.0,0.0,2026-05-06 06:28:12.110
6547,399882,2,90.0,0.1,90.0,0.0,2026-05-06 06:28:12.110
6548,399941,3,-90.0,-0.1,-90.0,0.0,2026-05-06 06:28:12.110
6549,400003,1,-90.0,-0.1,-90.0,0.0,2026-05-06 06:28:12.110
6550,400065,2,90.0,0.1,90.0,0.0,2026-05-06 06:28:12.110
6551,400124,3,-90.0,-0.1,-90.0,0.0,2026-05-06 06:28:12.110
6552,400186,1,-90.0,-0.1,-90.0,0.0,2026-05-06 06:28:12.110
6553,400248,2,90.0,0.1,90.0,0.0,2026-05-06 06:28:12.110
6554,400307,1,-90.0,-0.1,-90.0,0.0,2026-05-06 06:28:12.110
6555,400369,2,90.0,0.1,90.0,0.0,2026-05-06 06:28:12.110
6556,400428,3,-90.0,-0.1,-90.0,0.0,2026-05-06 06:28:12.110
6557,400490,1,-90.0,-0.1,-90.0,0.0,2026-05-06 06:28:12.110
6558,400552,2,90.0,0.1,90.0,0.0,2026-05-06 06:28:12.110
6559,400611,3,-90.0,-0.1,-90.0,0.0,2026-05-06 06:28:12.110
6560,400673,1,-90.0,-0.1,-90.0,0.0,2026-05-06 06:28:12.110
6561,400735,2,90.0,0.1,90.0,0.0,2026-05-06 06:28:12.110
6562,400795,1,-90.0,-0.1,-90.0,0.0,2026-05-06 06:28:12.110
6563,400857,2,90.0,0.1,90.0,0.0,2026-05-06 06:28:12.823
6564,400916,3,-90.0,-0.1,-90.0,0.0,2026-05-06 06:28:12.823
6565,400978,1,-90.0,-0.1,-90.0,0.0,2026-05-06 06:28:12.823
6566,401040,2,90.0,0.1,90.0,0.0,2026-05-06 06:28:12.823
6567,401099,3,-90.0,-0.1,-90.0,0.0,2026-05-06 06:28:12.823
6568,401161,1,-90.0,-0.1,-90.0,0.0,2026-05-06 06:28:12.823
6569,401223,2,90.0,0.1,90.0,0.0,2026-05-06 06:28:12.823
6570,401282,1,-90.0,-0.1,-90.0,0.0,2026-05-06 06:28:12.823
6571,401344,2,90.0,0.1,90.0,0.0,2026-05-06 06:28:12.823
6572,401403,3,-90.0,-0.1,-90.0,0.0,2026-05-06 06:28:12.823
6573,401465,1,-90.0,-0.1,-90.0,0.0,2026-05-06 06:28:12.823
6574,401527,2,90.0,0.1,90.0,0.0,2026-05-06 06:28:12.823
6575,401586,3,-90.0,-0.1,-90.0,0.0,2026-05-06 06:28:12.823
6576,401648,1,-90.0,-0.1,-90.0,0.0,2026-05-06 06:28:12.823
6577,401710,2,90.0,0.1,90.0,0.0,2026-05-06 06:28:12.823
6578,401770,1,-90.0,-0.1,-90.0,0.0,2026-05-06 06:28:12.823
6579,401832,2,90.0,0.1,90.0,0.0,2026-05-06 06:28:12.823
6580,401891,3,-90.0,-0.1,-90.0,0.0,2026-05-06 06:28:12.823
6581,401953,1,-90.0,-0.1,-90.0,0.0,2026-05-06 06:28:12.823
6582,402015,2,90.0,0.1,90.0,0.0,2026-05-06 06:28:12.823
6583,402074,3,-90.0,-0.1,-90.0,0.0,2026-05-06 06:28:12.823
6584,402136,1,-90.0,-0.1,-90.0,0.0,2026-05-06 06:28:12.823
6585,402198,2,90.0,0.1,90.0,0.0,2026-05-06 06:28:12.823
6586,402257,1,-90.0,-0.1,-90.0,0.0,2026-05-06 06:28:12.823
6587,402319,2,90.0,0.1,90.0,0.0,2026-05-06 06:28:12.823
6588,402378,3,-90.0,-0.1,-90.0,0.0,2026-05-06 06:28:12.823
6589,402440,1,-90.0,-0.1,-90.0,0.0,2026-05-06 06:28:12.823
6590,402502,2,90.0,0.1,90.0,0.0,2026-05-06 06:28:12.823
6591,402561,3,-90.0,-0.1,-90.0,0.0,2026-05-06 06:28:12.823
6592,402623,1,-90.0,-0.1,-90.0,0.0,2026-05-06 06:28:12.823
6593,402685,2,90.0,0.1,90.0,0.0,2026-05-06 06:28:12.823
6594,402746,1,-90.0,-0.1,-90.0,0.0,2026-05-06 06:28:12.823
6595,402808,2,90.0,0.1,90.0,0.0,2026-05-06 06:28:12.823
6596,402867,3,-90.0,-0.1,-90.0,0.0,2026-05-06 06:28:12.823
6597,402929,1,-90.0,-0.1,-90.0,0.0,2026-05-06 06:28:12.823
6598,402991,2,90.0,0.1,90.0,0.0,2026-05-06 06:28:12.823
6599,403050,3,-90.0,-0.1,-90.0,0.0,2026-05-06 06:28:12.823
6600,403112,1,-90.0,-0.1,-90.0,0.0,2026-05-06 06:28:12.823
6601,403174,2,90.0,0.1,90.0,0.0,2026-05-06 06:28:12.823
6602,403233,1,-90.0,-0.1,-90.0,0.0,2026-05-06 06:28:12.823
6603,403295,2,90.0,0.1,90.0,0.0,2026-05-06 06:28:12.823
6604,403354,3,-90.0,-0.1,-90.0,0.0,2026-05-06 06:28:12.823
6605,403416,1,-90.0,-0.1,-90.0,0.0,2026-05-06 06:28:12.823
6606,403478,2,90.0,0.1,90.0,0.0,2026-05-06 06:28:12.823
6607,403537,3,-90.0,-0.1,-90.0,0.0,2026-05-06 06:28:12.823
6608,403622,1,-90.0,-0.1,-90.0,0.0,2026-05-06 06:28:12.823
6609,403700,1,-90.0,-0.1,-90.0,0.0,2026-05-06 06:28:12.823
6610,403762,2,90.0,0.1,90.0,0.0,2026-05-06 06:28:12.823
6611,403821,3,-90.0,-0.1,-90.0,0.0,2026-05-06 06:28:12.823
6612,403883,1,-90.0,-0.1,-90.0,0.0,2026-05-06 06:28:12.823
6613,403945,2,90.0,0.1,90.0,0.0,2026-05-06 06:28:12.823
6614,404004,3,-90.0,-0.1,-90.0,0.0,2026-05-06 06:28:12.823
6615,404066,1,-90.0,-0.1,-90.0,0.0,2026-05-06 06:28:12.823
6616,404128,2,90.0,0.1,90.0,0.0,2026-05-06 06:28:12.823
6617,404187,1,-90.0,-0.1,-90.0,0.0,2026-05-06 06:28:12.823
6618,404249,2,90.0,0.1,90.0,0.0,2026-05-06 06:28:12.823
6619,404308,3,-90.0,-0.1,-90.0,0.0,2026-05-06 06:28:12.823
6620,404370,1,-90.0,-0.1,-90.0,0.0,2026-05-06 06:28:12.823
6621,404432,2,90.0,0.1,90.0,0.0,2026-05-06 06:28:12.823
6622,404491,3,-90.0,-0.1,-90.0,0.0,2026-05-06 06:28:12.823
6623,404553,1,-90.0,-0.1,-90.0,0.0,2026-05-06 06:28:12.823
6624,404615,2,90.0,0.1,90.0,0.0,2026-05-06 06:28:12.823
6625,404675,1,-90.0,-0.1,-90.0,0.0,2026-05-06 06:28:12.823
6626,404737,2,90.0,0.1,90.0,0.0,2026-05-06 06:28:12.823
6627,404796,3,-90.0,-0.1,-90.0,0.0,2026-05-06 06:28:12.823
6628,404858,1,-90.0,-0.1,-90.0,0.0,2026-05-06 06:28:12.823
6629,404920,2,90.0,0.1,90.0,0.0,2026-05-06 06:28:12.823
6630,404979,3,-90.0,-0.1,-90.0,0.0,2026-05-06 06:28:12.823
6631,405041,1,-90.0,-0.1,-90.0,0.0,2026-05-06 06:28:12.823
6632,405103,2,90.0,0.1,90.0,0.0,2026-05-06 06:28:12.823
6633,405162,1,-90.0,-0.1,-90.0,0.0,2026-05-06 06:28:12.823
6634,405224,2,90.0,0.1,90.0,0.0,2026-05-06 06:28:12.823
6635,405283,3,-90.0,-0.1,-90.0,0.0,2026-05-06 06:28:12.823
6636,405345,1,-90.0,-0.1,-90.0,0.0,2026-05-06 06:28:12.823
6637,405407,2,90.0,0.1,90.0,0.0,2026-05-06 06:28:12.823
6638,405466,3,-90.0,-0.1,-90.0,0.0,2026-05-06 06:28:12.823
6639,405528,1,-90.0,-0.1,-90.0,0.0,2026-05-06 06:28:12.823
6640,405590,2,90.0,0.1,90.0,0.0,2026-05-06 06:28:12.823
6641,405650,1,-90.0,-0.1,-90.0,0.0,2026-05-06 06:28:12.823
6642,405712,2,90.0,0.1,90.0,0.0,2026-05-06 06:28:12.823
6643,405771,3,-90.0,-0.1,-90.0,0.0,2026-05-06 06:28:12.823
6644,405833,1,-90.0,-0.1,-90.0,0.0,2026-05-06 06:28:12.823
6645,405895,2,90.0,0.1,90.0,0.0,2026-05-06 06:28:12.823
6646,405954,3,-90.0,-0.1,-90.0,0.0,2026-05-06 06:28:12.823
6647,406016,1,-90.0,-0.1,-90.0,0.0,2026-05-06 06:28:12.823
6648,406078,2,90.0,0.1,90.0,0.0,2026-05-06 06:28:12.823
6649,406202,2,90.0,0.1,90.0,0.0,2026-05-06 06:28:12.823
6650,406261,3,-90.0,-0.1,-90.0,0.0,2026-05-06 06:28:12.823
6651,406323,1,-90.0,-0.1,-90.0,0.0,2026-05-06 06:28:12.823
6652,406385,2,90.0,0.1,90.0,0.0,2026-05-06 06:28:12.823
6653,406444,3,-90.0,-0.1,-90.0,0.0,2026-05-06 06:28:12.823
6654,406506,1,-90.0,-0.1,-90.0,0.0,2026-05-06 06:28:12.823
6655,406568,2,90.0,0.1,90.0,0.0,2026-05-06 06:28:12.823
6656,406628,1,-90.0,-0.1,-90.0,0.0,2026-05-06 06:28:12.823
6657,406690,2,90.0,0.1,90.0,0.0,2026-05-06 06:28:12.823
6658,406749,3,-90.0,-0.1,-90.0,0.0,2026-05-06 06:28:12.823
6659,406811,1,-90.0,-0.1,-90.0,0.0,2026-05-06 06:28:12.823
6660,406873,2,90.0,0.1,90.0,0.0,2026-05-06 06:28:12.823
6661,406932,3,-90.0,-0.1,-90.0,0.0,2026-05-06 06:28:12.823
6662,406994,1,-90.0,-0.1,-90.0,0.0,2026-05-06 06:28:12.823
6663,407056,2,90.0,0.1,90.0,0.0,2026-05-06 06:28:12.823
6664,407115,1,-90.0,-0.1,-90.0,0.0,2026-05-06 06:28:12.823
6665,407177,2,90.0,0.1,90.0,0.0,2026-05-06 06:28:12.823
6666,407236,3,-90.0,-0.1,-90.0,0.0,2026-05-06 06:28:12.823
6667,407298,1,-90.0,-0.1,-90.0,0.0,2026-05-06 06:28:12.823
6668,407360,2,90.0,0.1,90.0,0.0,2026-05-06 06:28:12.823
6669,407419,3,-90.0,-0.1,-90.0,0.0,2026-05-06 06:28:12.823
6670,407481,1,-90.0,-0.1,-90.0,0.0,2026-05-06 06:28:12.823
6671,407543,2,90.0,0.1,90.0,0.0,2026-05-06 06:28:12.823
6672,407603,1,-90.0,-0.1,-90.0,0.0,2026-05-06 06:28:12.823
6673,407665,2,90.0,0.1,90.0,0.0,2026-05-06 06:28:12.823
6674,407724,3,-90.0,-0.1,-90.0,0.0,2026-05-06 06:28:12.823
6675,407786,1,-90.0,-0.1,-90.0,0.0,2026-05-06 06:28:12.823
6676,407848,2,90.0,0.1,90.0,0.0,2026-05-06 06:28:12.823
6677,407907,3,-90.0,-0.1,-90.0,0.0,2026-05-06 06:28:12.823
6678,407969,1,-90.0,-0.1,-90.0,0.0,2026-05-06 06:28:12.823
6679,408031,2,90.0,0.1,90.0,0.0,2026-05-06 06:28:12.823
6680,408090,1,-90.0,-0.1,-90.0,0.0,2026-05-06 06:28:12.823
6681,408152,2,90.0,0.1,90.0,0.0,2026-05-06 06:28:12.823
6682,408211,3,-90.0,-0.1,-90.0,0.0,2026-05-06 06:28:12.823
6683,408273,1,-90.0,-0.1,-90.0,0.0,2026-05-06 06:28:12.823
6684,408335,2,90.0,0.1,90.0,0.0,2026-05-06 06:28:12.823
6685,408394,3,-90.0,-0.1,-90.0,0.0,2026-05-06 06:28:12.823
6686,408456,1,-90.0,-0.1,-90.0,0.0,2026-05-06 06:28:12.823
6687,408518,2,90.0,0.1,90.0,0.0,2026-05-06 06:28:12.823
6688,408578,1,-90.0,-0.1,-90.0,0.0,2026-05-06 06:28:12.823
6689,408640,2,90.0,0.1,90.0,0.0,2026-05-06 06:28:12.823
6690,408699,3,-90.0,-0.1,-90.0,0.0,2026-05-06 06:28:12.823
6691,408761,1,-90.0,-0.1,-90.0,0.0,2026-05-06 06:28:12.823
6692,408823,2,90.0,0.1,90.0,0.0,2026-05-06 06:28:12.823
6693,408882,3,-90.0,-0.1,-90.0,0.0,2026-05-06 06:28:12.823
6694,408944,1,-90.0,-0.1,-90.0,0.0,2026-05-06 06:28:13.533
6695,409006,2,90.0,0.1,90.0,0.0,2026-05-06 06:28:13.533
6696,409065,1,-90.0,-0.1,-90.0,0.0,2026-05-06 06:28:13.533
6697,409127,2,90.0,0.1,90.0,0.0,2026-05-06 06:28:13.533
6698,409186,3,-90.0,-0.1,-90.0,0.0,2026-05-06 06:28:13.533
6699,409248,1,-90.0,-0.1,-90.0,0.0,2026-05-06 06:28:13.533
6700,409310,2,90.0,0.1,90.0,0.0,2026-05-06 06:28:13.533
6701,409369,3,-90.0,-0.1,-90.0,0.0,2026-05-06 06:28:13.533
6702,409431,1,-90.0,-0.1,-90.0,0.0,2026-05-06 06:28:13.533
6703,409493,2,90.0,0.1,90.0,0.0,2026-05-06 06:28:13.533
6704,409553,1,-90.0,-0.1,-90.0,0.0,2026-05-06 06:28:13.533
6705,409615,2,90.0,0.1,90.0,0.0,2026-05-06 06:28:13.533
6706,409674,3,-90.0,-0.1,-90.0,0.0,2026-05-06 06:28:13.533
6707,409736,1,-90.0,-0.1,-90.0,0.0,2026-05-06 06:28:13.533
6708,409798,2,90.0,0.1,90.0,0.0,2026-05-06 06:28:13.533
6709,409857,3,-90.0,-0.1,-90.0,0.0,2026-05-06 06:28:13.533
6710,409919,1,-90.0,-0.1,-90.0,0.0,2026-05-06 06:28:13.533
6711,409981,2,90.0,0.1,90.0,0.0,2026-05-06 06:28:13.533
6712,410040,1,-90.0,-0.1,-90.0,0.0,2026-05-06 06:28:13.533
6713,410102,2,90.0,0.1,90.0,0.0,2026-05-06 06:28:13.533
6714,410161,3,-90.0,-0.1,-90.0,0.0,2026-05-06 06:28:13.533
6715,410223,1,-90.0,-0.1,-90.0,0.0,2026-05-06 06:28:13.533
6716,410285,2,90.0,0.1,90.0,0.0,2026-05-06 06:28:13.533
6717,410344,3,-90.0,-0.1,-90.0,0.0,2026-05-06 06:28:13.533
6718,410406,1,-90.0,-0.1,-90.0,0.0,2026-05-06 06:28:13.533
6719,410468,2,90.0,0.1,90.0,0.0,2026-05-06 06:28:13.533
6720,410528,1,-90.0,-0.1,-90.0,0.0,2026-05-06 06:28:13.533
6721,410590,2,90.0,0.1,90.0,0.0,2026-05-06 06:28:13.533
6722,410649,3,-90.0,-0.1,-90.0,0.0,2026-05-06 06:28:13.533
6723,410711,1,-90.0,-0.1,-90.0,0.0,2026-05-06 06:28:13.533
6724,410773,2,90.0,0.1,90.0,0.0,2026-05-06 06:28:13.533
6725,410832,3,-90.0,-0.1,-90.0,0.0,2026-05-06 06:28:13.533
6726,410894,1,-90.0,-0.1,-90.0,0.0,2026-05-06 06:28:13.533
6727,410956,2,90.0,0.1,90.0,0.0,2026-05-06 06:28:13.533
6728,411015,1,-90.0,-0.1,-90.0,0.0,2026-05-06 06:28:13.533
6729,411077,2,90.0,0.1,90.0,0.0,2026-05-06 06:28:13.533
6730,411136,3,-90.0,-0.1,-90.0,0.0,2026-05-06 06:28:13.533
6731,411198,1,-90.0,-0.1,-90.0,0.0,2026-05-06 06:28:13.533
6732,411260,2,90.0,0.1,90.0,0.0,2026-05-06 06:28:13.533
6733,411319,3,-90.0,-0.1,-90.0,0.0,2026-05-06 06:28:13.533
6734,411381,1,-90.0,-0.1,-90.0,0.0,2026-05-06 06:28:13.533
6735,411443,2,90.0,0.1,90.0,0.0,2026-05-06 06:28:13.533
6736,411503,1,-90.0,-0.1,-90.0,0.0,2026-05-06 06:28:13.533
6737,411565,2,90.0,0.1,90.0,0.0,2026-05-06 06:28:13.533
6738,411624,3,-90.0,-0.1,-90.0,0.0,2026-05-06 06:28:13.533
6739,411686,1,-90.0,-0.1,-90.0,0.0,2026-05-06 06:28:13.533
6740,411748,2,90.0,0.1,90.0,0.0,2026-05-06 06:28:13.533
6741,411807,3,-90.0,-0.1,-90.0,0.0,2026-05-06 06:28:13.533
6742,411869,1,-90.0,-0.1,-90.0,0.0,2026-05-06 06:28:13.533
6743,411931,2,90.0,0.1,90.0,0.0,2026-05-06 06:28:13.533
6744,411990,1,-90.0,-0.1,-90.0,0.0,2026-05-06 06:28:13.533
6745,412052,2,90.0,0.1,90.0,0.0,2026-05-06 06:28:13.533
6746,412111,3,-90.0,-0.1,-90.0,0.0,2026-05-06 06:28:13.533
6747,412173,1,-90.0,-0.1,-90.0,0.0,2026-05-06 06:28:13.533
6748,412235,2,90.0,0.1,90.0,0.0,2026-05-06 06:28:13.533
6749,412294,3,-90.0,-0.1,-90.0,0.0,2026-05-06 06:28:13.533
6750,412356,1,-90.0,-0.1,-90.0,0.0,2026-05-06 06:28:13.533
6751,412418,2,90.0,0.1,90.0,0.0,2026-05-06 06:28:13.533
6752,412478,1,-90.0,-0.1,-90.0,0.0,2026-05-06 06:28:13.533
6753,412540,2,90.0,0.1,90.0,0.0,2026-05-06 06:28:13.533
6754,412599,3,-90.0,-0.1,-90.0,0.0,2026-05-06 06:28:13.533
6755,412661,1,-90.0,-0.1,-90.0,0.0,2026-05-06 06:28:13.533
6756,412723,2,90.0,0.1,90.0,0.0,2026-05-06 06:28:13.533
6757,412782,3,-90.0,-0.1,-90.0,0.0,2026-05-06 06:28:13.533
6758,412844,1,-90.0,-0.1,-90.0,0.0,2026-05-06 06:28:13.533
6759,412906,2,90.0,0.1,90.0,0.0,2026-05-06 06:28:13.533
6760,412965,1,-90.0,-0.1,-90.0,0.0,2026-05-06 06:28:13.533
6761,413027,2,90.0,0.1,90.0,0.0,2026-05-06 06:28:13.533
6762,413086,3,-90.0,-0.1,-90.0,0.0,2026-05-06 06:28:13.533
6763,413148,1,-90.0,-0.1,-90.0,0.0,2026-05-06 06:28:13.533
6764,413210,2,90.0,0.1,90.0,0.0,2026-05-06 06:28:13.533
6765,413269,3,-90.0,-0.1,-90.0,0.0,2026-05-06 06:28:13.533
6766,413331,1,-90.0,-0.1,-90.0,0.0,2026-05-06 06:28:13.533
6767,413393,2,90.0,0.1,90.0,0.0,2026-05-06 06:28:13.533
6768,413453,1,-90.0,-0.1,-90.0,0.0,2026-05-06 06:28:13.533
6769,413515,2,90.0,0.1,90.0,0.0,2026-05-06 06:28:13.533
6770,413574,3,-90.0,-0.1,-90.0,0.0,2026-05-06 06:28:13.533
6771,413636,1,-90.0,-0.1,-90.0,0.0,2026-05-06 06:28:13.533
6772,413698,2,90.0,0.1,90.0,0.0,2026-05-06 06:28:13.533
6773,413757,3,-90.0,-0.1,-90.0,0.0,2026-05-06 06:28:13.533
6774,413819,1,-90.0,-0.1,-90.0,0.0,2026-05-06 06:28:13.533
6775,413881,2,90.0,0.1,90.0,0.0,2026-05-06 06:28:13.533
6776,414005,2,90.0,0.1,90.0,0.0,2026-05-06 06:28:13.533
6777,414064,3,-90.0,-0.1,-90.0,0.0,2026-05-06 06:28:13.533
6778,414126,1,-90.0,-0.1,-90.0,0.0,2026-05-06 06:28:13.533
6779,414188,2,90.0,0.1,90.0,0.0,2026-05-06 06:28:13.533
6780,414247,3,-90.0,-0.1,-90.0,0.0,2026-05-06 06:28:13.533
6781,414309,1,-90.0,-0.1,-90.0,0.0,2026-05-06 06:28:13.533
6782,414371,2,90.0,0.1,90.0,0.0,2026-05-06 06:28:13.533
6783,414431,1,-90.0,-0.1,-90.0,0.0,2026-05-06 06:28:13.533
6784,414493,2,90.0,0.1,90.0,0.0,2026-05-06 06:28:13.533
6785,414552,3,-90.0,-0.1,-90.0,0.0,2026-05-06 06:28:13.533
6786,414614,1,-90.0,-0.1,-90.0,0.0,2026-05-06 06:28:13.533
6787,414676,2,90.0,0.1,90.0,0.0,2026-05-06 06:28:13.533
6788,414735,3,-90.0,-0.1,-90.0,0.0,2026-05-06 06:28:13.533
6789,414797,1,-90.0,-0.1,-90.0,0.0,2026-05-06 06:28:13.533
6790,414859,2,90.0,0.1,90.0,0.0,2026-05-06 06:28:13.533
6791,414918,1,-90.0,-0.1,-90.0,0.0,2026-05-06 06:28:13.533
6792,414980,2,90.0,0.1,90.0,0.0,2026-05-06 06:28:13.533
6793,415039,3,-90.0,-0.1,-90.0,0.0,2026-05-06 06:28:13.533
6794,415101,1,-90.0,-0.1,-90.0,0.0,2026-05-06 06:28:13.533
6795,415163,2,90.0,0.1,90.0,0.0,2026-05-06 06:28:13.533
6796,415222,3,-90.0,-0.1,-90.0,0.0,2026-05-06 06:28:13.533
6797,415284,1,-90.0,-0.1,-90.0,0.0,2026-05-06 06:28:13.533
6798,415346,2,90.0,0.1,90.0,0.0,2026-05-06 06:28:13.533
6799,415406,1,-90.0,-0.1,-90.0,0.0,2026-05-06 06:28:13.533
6800,415468,2,90.0,0.1,90.0,0.0,2026-05-06 06:28:13.533
6801,415527,3,-90.0,-0.1,-90.0,0.0,2026-05-06 06:28:13.533
6802,415589,1,-90.0,-0.1,-90.0,0.0,2026-05-06 06:28:13.533
6803,415651,2,90.0,0.1,90.0,0.0,2026-05-06 06:28:13.533
6804,415710,3,-90.0,-0.1,-90.0,0.0,2026-05-06 06:28:13.533
6805,415772,1,-90.0,-0.1,-90.0,0.0,2026-05-06 06:28:13.533
6806,415834,2,90.0,0.1,90.0,0.0,2026-05-06 06:28:13.533
6807,415893,1,-90.0,-0.1,-90.0,0.0,2026-05-06 06:28:13.533
6808,415955,2,90.0,0.1,90.0,0.0,2026-05-06 06:28:13.533
6809,416014,3,-90.0,-0.1,-90.0,0.0,2026-05-06 06:28:13.533
6810,416076,1,-90.0,-0.1,-90.0,0.0,2026-05-06 06:28:13.533
6811,416138,2,90.0,0.1,90.0,0.0,2026-05-06 06:28:13.533
6812,416197,3,-90.0,-0.1,-90.0,0.0,2026-05-06 06:28:13.533
6813,416259,1,-90.0,-0.1,-90.0,0.0,2026-05-06 06:28:13.533
6814,416321,2,90.0,0.1,90.0,0.0,2026-05-06 06:28:13.533
6815,416381,1,-90.0,-0.1,-90.0,0.0,2026-05-06 06:28:13.533
6816,416443,2,90.0,0.1,90.0,0.0,2026-05-06 06:28:13.533
6817,416502,3,-90.0,-0.1,-90.0,0.0,2026-05-06 06:28:13.533
6818,416564,1,-90.0,-0.1,-90.0,0.0,2026-05-06 06:28:13.533
6819,416626,2,90.0,0.1,90.0,0.0,2026-05-06 06:28:13.533
6820,416685,3,-90.0,-0.1,-90.0,0.0,2026-05-06 06:28:13.533
6821,416747,1,-90.0,-0.1,-90.0,0.0,2026-05-06 06:28:13.533
6822,416809,2,90.0,0.1,90.0,0.0,2026-05-06 06:28:13.533
6823,416868,1,-90.0,-0.1,-90.0,0.0,2026-05-06 06:28:13.533
6824,416930,2,90.0,0.1,90.0,0.0,2026-05-06 06:28:13.533
6825,416989,3,-90.0,-0.1,-90.0,0.0,2026-05-06 06:28:13.533
6826,417051,1,-90.0,-0.1,-90.0,0.0,2026-05-06 06:28:14.236
6827,417113,2,90.0,0.1,90.0,0.0,2026-05-06 06:28:14.236
6828,417172,3,-90.0,-0.1,-90.0,0.0,2026-05-06 06:28:14.236
6829,417234,1,-90.0,-0.1,-90.0,0.0,2026-05-06 06:28:14.236
6830,417296,2,90.0,0.1,90.0,0.0,2026-05-06 06:28:14.236
6831,417356,1,-90.0,-0.1,-90.0,0.0,2026-05-06 06:28:14.236
6832,417418,2,90.0,0.1,90.0,0.0,2026-05-06 06:28:14.236
6833,417477,3,-90.0,-0.1,-90.0,0.0,2026-05-06 06:28:14.236
6834,417539,1,-90.0,-0.1,-90.0,0.0,2026-05-06 06:28:14.236
6835,417601,2,90.0,0.1,90.0,0.0,2026-05-06 06:28:14.236
6836,417660,3,-90.0,-0.1,-90.0,0.0,2026-05-06 06:28:14.236
6837,417722,1,-90.0,-0.1,-90.0,0.0,2026-05-06 06:28:14.236
6838,417784,2,90.0,0.1,90.0,0.0,2026-05-06 06:28:14.236
6839,417843,1,-90.0,-0.1,-90.0,0.0,2026-05-06 06:28:14.236
6840,417905,2,90.0,0.1,90.0,0.0,2026-05-06 06:28:14.236
6841,417964,3,-90.0,-0.1,-90.0,0.0,2026-05-06 06:28:14.236
6842,418026,1,-90.0,-0.1,-90.0,0.0,2026-05-06 06:28:14.236
6843,418088,2,90.0,0.1,90.0,0.0,2026-05-06 06:28:14.236
6844,418147,3,-90.0,-0.1,-90.0,0.0,2026-05-06 06:28:14.236
6845,418209,1,-90.0,-0.1,-90.0,0.0,2026-05-06 06:28:14.236
6846,418271,2,90.0,0.1,90.0,0.0,2026-05-06 06:28:14.236
6847,418331,1,-90.0,-0.1,-90.0,0.0,2026-05-06 06:28:14.236
6848,418393,2,90.0,0.1,90.0,0.0,2026-05-06 06:28:14.236
6849,418452,3,-90.0,-0.1,-90.0,0.0,2026-05-06 06:28:14.236
6850,418514,1,-90.0,-0.1,-90.0,0.0,2026-05-06 06:28:14.236
6851,418576,2,90.0,0.1,90.0,0.0,2026-05-06 06:28:14.236
6852,418635,3,-90.0,-0.1,-90.0,0.0,2026-05-06 06:28:14.236
6853,418697,1,-90.0,-0.1,-90.0,0.0,2026-05-06 06:28:14.236
6854,418759,2,90.0,0.1,90.0,0.0,2026-05-06 06:28:14.236
6855,418818,1,-90.0,-0.1,-90.0,0.0,2026-05-06 06:28:14.236
6856,418880,2,90.0,0.1,90.0,0.0,2026-05-06 06:28:14.236
6857,418939,3,-90.0,-0.1,-90.0,0.0,2026-05-06 06:28:14.236
6858,419001,1,-90.0,-0.1,-90.0,0.0,2026-05-06 06:28:14.236
6859,419063,2,90.0,0.1,90.0,0.0,2026-05-06 06:28:14.236
6860,419122,3,-90.0,-0.1,-90.0,0.0,2026-05-06 06:28:14.236
6861,419184,1,-90.0,-0.1,-90.0,0.0,2026-05-06 06:28:14.236
6862,419246,2,90.0,0.1,90.0,0.0,2026-05-06 06:28:14.236
6863,419306,1,-90.0,-0.1,-90.0,0.0,2026-05-06 06:28:14.236
6864,419368,2,90.0,0.1,90.0,0.0,2026-05-06 06:28:14.236
6865,419427,3,-90.0,-0.1,-90.0,0.0,2026-05-06 06:28:14.236
6866,419489,1,-90.0,-0.1,-90.0,0.0,2026-05-06 06:28:14.236
6867,419551,2,90.0,0.1,90.0,0.0,2026-05-06 06:28:14.236
6868,419610,3,-90.0,-0.1,-90.0,0.0,2026-05-06 06:28:14.236
6869,419672,1,-90.0,-0.1,-90.0,0.0,2026-05-06 06:28:14.236
6870,419734,2,90.0,0.1,90.0,0.0,2026-05-06 06:28:14.236
6871,419793,1,-90.0,-0.1,-90.0,0.0,2026-05-06 06:28:14.236
6872,419855,2,90.0,0.1,90.0,0.0,2026-05-06 06:28:14.236
6873,419914,3,-90.0,-0.1,-90.0,0.0,2026-05-06 06:28:14.236
6874,419976,1,-90.0,-0.1,-90.0,0.0,2026-05-06 06:28:14.236
6875,420038,2,90.0,0.1,90.0,0.0,2026-05-06 06:28:14.236
6876,420097,3,-90.0,-0.1,-90.0,0.0,2026-05-06 06:28:14.236
6877,420159,1,-90.0,-0.1,-90.0,0.0,2026-05-06 06:28:14.236
6878,420221,2,90.0,0.1,90.0,0.0,2026-05-06 06:28:14.236
6879,420281,1,-90.0,-0.1,-90.0,0.0,2026-05-06 06:28:14.236
6880,420343,2,90.0,0.1,90.0,0.0,2026-05-06 06:28:14.236
6881,420402,3,-90.0,-0.1,-90.0,0.0,2026-05-06 06:28:14.236
6882,420464,1,-90.0,-0.1,-90.0,0.0,2026-05-06 06:28:14.236
6883,420526,2,90.0,0.1,90.0,0.0,2026-05-06 06:28:14.236
6884,420585,3,-90.0,-0.1,-90.0,0.0,2026-05-06 06:28:14.236
6885,420647,1,-90.0,-0.1,-90.0,0.0,2026-05-06 06:28:14.236
6886,420709,2,90.0,0.1,90.0,0.0,2026-05-06 06:28:14.236
6887,420768,1,-90.0,-0.1,-90.0,0.0,2026-05-06 06:28:14.236
6888,420830,2,90.0,0.1,90.0,0.0,2026-05-06 06:28:14.236
6889,420889,3,-90.0,-0.1,-90.0,0.0,2026-05-06 06:28:14.236
6890,420951,1,-90.0,-0.1,-90.0,0.0,2026-05-06 06:28:14.236
6891,421013,2,90.0,0.1,90.0,0.0,2026-05-06 06:28:14.236
6892,421072,3,-90.0,-0.1,-90.0,0.0,2026-05-06 06:28:14.236
6893,421134,1,-90.0,-0.1,-90.0,0.0,2026-05-06 06:28:14.236
6894,421196,2,90.0,0.1,90.0,0.0,2026-05-06 06:28:14.236
6895,421256,1,-90.0,-0.1,-90.0,0.0,2026-05-06 06:28:14.236
6896,421318,2,90.0,0.1,90.0,0.0,2026-05-06 06:28:14.236
6897,421377,3,-90.0,-0.1,-90.0,0.0,2026-05-06 06:28:14.236
6898,421439,1,-90.0,-0.1,-90.0,0.0,2026-05-06 06:28:14.236
6899,421501,2,90.0,0.1,90.0,0.0,2026-05-06 06:28:14.236
6900,421560,3,-90.0,-0.1,-90.0,0.0,2026-05-06 06:28:14.236
6901,421622,1,-90.0,-0.1,-90.0,0.0,2026-05-06 06:28:14.236
6902,421684,2,90.0,0.1,90.0,0.0,2026-05-06 06:28:14.236
6903,421808,2,90.0,0.1,90.0,0.0,2026-05-06 06:28:14.236
6904,421867,3,-90.0,-0.1,-90.0,0.0,2026-05-06 06:28:14.236
6905,421929,1,-90.0,-0.1,-90.0,0.0,2026-05-06 06:28:14.236
6906,421991,2,90.0,0.1,90.0,0.0,2026-05-06 06:28:14.236
6907,422050,3,-90.0,-0.1,-90.0,0.0,2026-05-06 06:28:14.236
6908,422112,1,-90.0,-0.1,-90.0,0.0,2026-05-06 06:28:14.236
6909,422174,2,90.0,0.1,90.0,0.0,2026-05-06 06:28:14.236
6910,422234,1,-90.0,-0.1,-90.0,0.0,2026-05-06 06:28:14.236
6911,422296,2,90.0,0.1,90.0,0.0,2026-05-06 06:28:14.236
6912,422355,3,-90.0,-0.1,-90.0,0.0,2026-05-06 06:28:14.236
6913,422417,1,-90.0,-0.1,-90.0,0.0,2026-05-06 06:28:14.236
6914,422479,2,90.0,0.1,90.0,0.0,2026-05-06 06:28:14.236
6915,422538,3,-90.0,-0.1,-90.0,0.0,2026-05-06 06:28:14.236
6916,422600,1,-90.0,-0.1,-90.0,0.0,2026-05-06 06:28:14.236
6917,422662,2,90.0,0.1,90.0,0.0,2026-05-06 06:28:14.236
6918,422721,1,-90.0,-0.1,-90.0,0.0,2026-05-06 06:28:14.236
6919,422783,2,90.0,0.1,90.0,0.0,2026-05-06 06:28:14.236
6920,422842,3,-90.0,-0.1,-90.0,0.0,2026-05-06 06:28:14.236
6921,422904,1,-90.0,-0.1,-90.0,0.0,2026-05-06 06:28:14.236
6922,422966,2,90.0,0.1,90.0,0.0,2026-05-06 06:28:14.236
6923,423025,3,-90.0,-0.1,-90.0,0.0,2026-05-06 06:28:14.236
6924,423087,1,-90.0,-0.1,-90.0,0.0,2026-05-06 06:28:14.236
6925,423149,2,90.0,0.1,90.0,0.0,2026-05-06 06:28:14.236
6926,423209,1,-90.0,-0.1,-90.0,0.0,2026-05-06 06:28:14.236
6927,423271,2,90.0,0.1,90.0,0.0,2026-05-06 06:28:14.236
6928,423330,3,-90.0,-0.1,-90.0,0.0,2026-05-06 06:28:14.236
6929,423392,1,-90.0,-0.1,-90.0,0.0,2026-05-06 06:28:14.236
6930,423454,2,90.0,0.1,90.0,0.0,2026-05-06 06:28:14.236
6931,423513,3,-90.0,-0.1,-90.0,0.0,2026-05-06 06:28:14.236
6932,423575,1,-90.0,-0.1,-90.0,0.0,2026-05-06 06:28:14.236
6933,423637,2,90.0,0.1,90.0,0.0,2026-05-06 06:28:14.236
6934,423696,1,-90.0,-0.1,-90.0,0.0,2026-05-06 06:28:14.236
6935,423758,2,90.0,0.1,90.0,0.0,2026-05-06 06:28:14.236
6936,423817,3,-90.0,-0.1,-90.0,0.0,2026-05-06 06:28:14.236
6937,423879,1,-90.0,-0.1,-90.0,0.0,2026-05-06 06:28:14.236
6938,423941,2,90.0,0.1,90.0,0.0,2026-05-06 06:28:14.236
6939,424000,3,-90.0,-0.1,-90.0,0.0,2026-05-06 06:28:14.236
6940,424062,1,-90.0,-0.1,-90.0,0.0,2026-05-06 06:28:14.236
6941,424124,2,90.0,0.1,90.0,0.0,2026-05-06 06:28:14.236
6942,424184,1,-90.0,-0.1,-90.0,0.0,2026-05-06 06:28:14.236
6943,424246,2,90.0,0.1,90.0,0.0,2026-05-06 06:28:14.236
6944,424305,3,-90.0,-0.1,-90.0,0.0,2026-05-06 06:28:14.236
6945,424367,1,-90.0,-0.1,-90.0,0.0,2026-05-06 06:28:14.236
6946,424429,2,90.0,0.1,90.0,0.0,2026-05-06 06:28:14.236
6947,424488,3,-90.0,-0.1,-90.0,0.0,2026-05-06 06:28:14.236
6948,424550,1,-90.0,-0.1,-90.0,0.0,2026-05-06 06:28:14.236
6949,424612,2,90.0,0.1,90.0,0.0,2026-05-06 06:28:14.236
6950,424671,1,-90.0,-0.1,-90.0,0.0,2026-05-06 06:28:14.236
6951,424733,2,90.0,0.1,90.0,0.0,2026-05-06 06:28:14.236
6952,424792,3,-90.0,-0.1,-90.0,0.0,2026-05-06 06:28:14.236
6953,424854,1,-90.0,-0.1,-90.0,0.0,2026-05-06 06:28:14.236
6954,424916,2,90.0,0.1,90.0,0.0,2026-05-06 06:28:14.236
6955,424975,3,-90.0,-0.1,-90.0,0.0,2026-05-06 06:28:14.236
6956,425037,1,-90.0,-0.1,-90.0,0.0,2026-05-06 06:28:14.236
6957,425099,2,90.0,0.1,90.0,0.0,2026-05-06 06:28:14.236
6958,425159,1,-90.0,-0.1,-90.0,0.0,2026-05-06 06:28:14.949
6959,425221,2,90.0,0.1,90.0,0.0,2026-05-06 06:28:14.949
6960,425280,3,-90.0,-0.1,-90.0,0.0,2026-05-06 06:28:14.949
6961,425342,1,-90.0,-0.1,-90.0,0.0,2026-05-06 06:28:14.949
6962,425404,2,90.0,0.1,90.0,0.0,2026-05-06 06:28:14.949
6963,425463,3,-90.0,-0.1,-90.0,0.0,2026-05-06 06:28:14.949
6964,425525,1,-90.0,-0.1,-90.0,0.0,2026-05-06 06:28:14.949
6965,425587,2,90.0,0.1,90.0,0.0,2026-05-06 06:28:14.949
6966,425646,1,-90.0,-0.1,-90.0,0.0,2026-05-06 06:28:14.949
6967,425708,2,90.0,0.1,90.0,0.0,2026-05-06 06:28:14.949
6968,425767,3,-90.0,-0.1,-90.0,0.0,2026-05-06 06:28:14.949
6969,425829,1,-90.0,-0.1,-90.0,0.0,2026-05-06 06:28:14.949
6970,425891,2,90.0,0.1,90.0,0.0,2026-05-06 06:28:14.949
6971,425950,3,-90.0,-0.1,-90.0,0.0,2026-05-06 06:28:14.949
6972,426012,1,-90.0,-0.1,-90.0,0.0,2026-05-06 06:28:14.949
6973,426074,2,90.0,0.1,90.0,0.0,2026-05-06 06:28:14.949
6974,426134,1,-90.0,-0.1,-90.0,0.0,2026-05-06 06:28:14.949
6975,426196,2,90.0,0.1,90.0,0.0,2026-05-06 06:28:14.949
6976,426255,3,-90.0,-0.1,-90.0,0.0,2026-05-06 06:28:14.949
6977,426317,1,-90.0,-0.1,-90.0,0.0,2026-05-06 06:28:14.949
6978,426379,2,90.0,0.1,90.0,0.0,2026-05-06 06:28:14.949
6979,426438,3,-90.0,-0.1,-90.0,0.0,2026-05-06 06:28:14.949
6980,426500,1,-90.0,-0.1,-90.0,0.0,2026-05-06 06:28:14.949
6981,426562,2,90.0,0.1,90.0,0.0,2026-05-06 06:28:14.949
6982,426621,1,-90.0,-0.1,-90.0,0.0,2026-05-06 06:28:14.949
6983,426683,2,90.0,0.1,90.0,0.0,2026-05-06 06:28:14.949
6984,426742,3,-90.0,-0.1,-90.0,0.0,2026-05-06 06:28:14.949
6985,426804,1,-90.0,-0.1,-90.0,0.0,2026-05-06 06:28:14.949
6986,426866,2,90.0,0.1,90.0,0.0,2026-05-06 06:28:14.949
6987,426925,3,-90.0,-0.1,-90.0,0.0,2026-05-06 06:28:14.949
6988,426987,1,-90.0,-0.1,-90.0,0.0,2026-05-06 06:28:14.949
6989,427049,2,90.0,0.1,90.0,0.0,2026-05-06 06:28:14.949
6990,427109,1,-90.0,-0.1,-90.0,0.0,2026-05-06 06:28:14.949
6991,427171,2,90.0,0.1,90.0,0.0,2026-05-06 06:28:14.949
6992,427230,3,-90.0,-0.1,-90.0,0.0,2026-05-06 06:28:14.949
6993,427292,1,-90.0,-0.1,-90.0,0.0,2026-05-06 06:28:14.949
6994,427354,2,90.0,0.1,90.0,0.0,2026-05-06 06:28:14.949
6995,427413,3,-90.0,-0.1,-90.0,0.0,2026-05-06 06:28:14.949
6996,427475,1,-90.0,-0.1,-90.0,0.0,2026-05-06 06:28:14.949
6997,427537,2,90.0,0.1,90.0,0.0,2026-05-06 06:28:14.949
6998,427596,1,-90.0,-0.1,-90.0,0.0,2026-05-06 06:28:14.949
6999,427658,2,90.0,0.1,90.0,0.0,2026-05-06 06:28:14.949
7000,427717,3,-90.0,-0.1,-90.0,0.0,2026-05-06 06:28:14.949
7001,427779,1,-90.0,-0.1,-90.0,0.0,2026-05-06 06:28:14.949
7002,427841,2,90.0,0.1,90.0,0.0,2026-05-06 06:28:14.949
7003,427900,3,-90.0,-0.1,-90.0,0.0,2026-05-06 06:28:14.949
7004,427962,1,-90.0,-0.1,-90.0,0.0,2026-05-06 06:28:14.949
7005,428024,2,90.0,0.1,90.0,0.0,2026-05-06 06:28:14.949
7006,428084,1,-90.0,-0.1,-90.0,0.0,2026-05-06 06:28:14.949
7007,428146,2,90.0,0.1,90.0,0.0,2026-05-06 06:28:14.949
7008,428205,3,-90.0,-0.1,-90.0,0.0,2026-05-06 06:28:14.949
7009,428267,1,-90.0,-0.1,-90.0,0.0,2026-05-06 06:28:14.949
7010,428329,2,90.0,0.1,90.0,0.0,2026-05-06 06:28:14.949
7011,428388,3,-90.0,-0.1,-90.0,0.0,2026-05-06 06:28:14.949
7012,428450,1,-90.0,-0.1,-90.0,0.0,2026-05-06 06:28:14.949
7013,428512,2,90.0,0.1,90.0,0.0,2026-05-06 06:28:14.949
7014,428571,1,-90.0,-0.1,-90.0,0.0,2026-05-06 06:28:14.949
7015,428633,2,90.0,0.1,90.0,0.0,2026-05-06 06:28:14.949
7016,428692,3,-90.0,-0.1,-90.0,0.0,2026-05-06 06:28:14.949
7017,428754,1,-90.0,-0.1,-90.0,0.0,2026-05-06 06:28:14.949
7018,428816,2,90.0,0.1,90.0,0.0,2026-05-06 06:28:14.949
7019,428875,3,-90.0,-0.1,-90.0,0.0,2026-05-06 06:28:14.949
7020,428937,1,-90.0,-0.1,-90.0,0.0,2026-05-06 06:28:14.949
7021,428999,2,90.0,0.1,90.0,0.0,2026-05-06 06:28:14.949
7022,429059,1,-90.0,-0.1,-90.0,0.0,2026-05-06 06:28:14.949
7023,429121,2,90.0,0.1,90.0,0.0,2026-05-06 06:28:14.949
7024,429180,3,-90.0,-0.1,-90.0,0.0,2026-05-06 06:28:14.949
7025,429242,1,-90.0,-0.1,-90.0,0.0,2026-05-06 06:28:14.949
7026,429304,2,90.0,0.1,90.0,0.0,2026-05-06 06:28:14.949
7027,429363,3,-90.0,-0.1,-90.0,0.0,2026-05-06 06:28:14.949
7028,429425,1,-90.0,-0.1,-90.0,0.0,2026-05-06 06:28:14.949
7029,429487,2,90.0,0.1,90.0,0.0,2026-05-06 06:28:14.949
7030,429611,2,90.0,0.1,90.0,0.0,2026-05-06 06:28:14.949
7031,429670,3,-90.0,-0.1,-90.0,0.0,2026-05-06 06:28:14.949
7032,429732,1,-90.0,-0.1,-90.0,0.0,2026-05-06 06:28:14.949
7033,429794,2,90.0,0.1,90.0,0.0,2026-05-06 06:28:14.949
7034,429853,3,-90.0,-0.1,-90.0,0.0,2026-05-06 06:28:14.949
7035,429915,1,-90.0,-0.1,-90.0,0.0,2026-05-06 06:28:14.949
7036,429977,2,90.0,0.1,90.0,0.0,2026-05-06 06:28:14.949
7037,430037,1,-90.0,-0.1,-90.0,0.0,2026-05-06 06:28:14.949
7038,430099,2,90.0,0.1,90.0,0.0,2026-05-06 06:28:14.949
7039,430158,3,-90.0,-0.1,-90.0,0.0,2026-05-06 06:28:14.949
7040,430220,1,-90.0,-0.1,-90.0,0.0,2026-05-06 06:28:14.949
7041,430282,2,90.0,0.1,90.0,0.0,2026-05-06 06:28:14.949
7042,430341,3,-90.0,-0.1,-90.0,0.0,2026-05-06 06:28:14.949
7043,430403,1,-90.0,-0.1,-90.0,0.0,2026-05-06 06:28:14.949
7044,430465,2,90.0,0.1,90.0,0.0,2026-05-06 06:28:14.949
7045,430524,1,-90.0,-0.1,-90.0,0.0,2026-05-06 06:28:14.949
7046,430586,2,90.0,0.1,90.0,0.0,2026-05-06 06:28:14.949
7047,430645,3,-90.0,-0.1,-90.0,0.0,2026-05-06 06:28:14.949
7048,430707,1,-90.0,-0.1,-90.0,0.0,2026-05-06 06:28:14.949
7049,430769,2,90.0,0.1,90.0,0.0,2026-05-06 06:28:14.949
7050,430828,3,-90.0,-0.1,-90.0,0.0,2026-05-06 06:28:14.949
7051,430890,1,-90.0,-0.1,-90.0,0.0,2026-05-06 06:28:14.949
7052,430952,2,90.0,0.1,90.0,0.0,2026-05-06 06:28:14.949
7053,431012,1,-90.0,-0.1,-90.0,0.0,2026-05-06 06:28:14.949
7054,431074,2,90.0,0.1,90.0,0.0,2026-05-06 06:28:14.949
7055,431133,3,-90.0,-0.1,-90.0,0.0,2026-05-06 06:28:14.949
7056,431195,1,-90.0,-0.1,-90.0,0.0,2026-05-06 06:28:14.949
7057,431257,2,90.0,0.1,90.0,0.0,2026-05-06 06:28:14.949
7058,431316,3,-90.0,-0.1,-90.0,0.0,2026-05-06 06:28:14.949
7059,431378,1,-90.0,-0.1,-90.0,0.0,2026-05-06 06:28:14.949
7060,431440,2,90.0,0.1,90.0,0.0,2026-05-06 06:28:14.949
7061,431499,1,-90.0,-0.1,-90.0,0.0,2026-05-06 06:28:14.949
7062,431561,2,90.0,0.1,90.0,0.0,2026-05-06 06:28:14.949
7063,431620,3,-90.0,-0.1,-90.0,0.0,2026-05-06 06:28:14.949
7064,431682,1,-90.0,-0.1,-90.0,0.0,2026-05-06 06:28:14.949
7065,431744,2,90.0,0.1,90.0,0.0,2026-05-06 06:28:14.949
7066,431803,3,-90.0,-0.1,-90.0,0.0,2026-05-06 06:28:14.949
7067,431865,1,-90.0,-0.1,-90.0,0.0,2026-05-06 06:28:14.949
7068,431927,2,90.0,0.1,90.0,0.0,2026-05-06 06:28:14.949
7069,431987,1,-90.0,-0.1,-90.0,0.0,2026-05-06 06:28:14.949
7070,432049,2,90.0,0.1,90.0,0.0,2026-05-06 06:28:14.949
7071,432108,3,-90.0,-0.1,-90.0,0.0,2026-05-06 06:28:14.949
7072,432170,1,-90.0,-0.1,-90.0,0.0,2026-05-06 06:28:14.949
7073,432232,2,90.0,0.1,90.0,0.0,2026-05-06 06:28:14.949
7074,432291,3,-90.0,-0.1,-90.0,0.0,2026-05-06 06:28:14.949
7075,432353,1,-90.0,-0.1,-90.0,0.0,2026-05-06 06:28:14.949
7076,432415,2,90.0,0.1,90.0,0.0,2026-05-06 06:28:14.949
7077,432474,2,90.0,0.1,90.0,0.0,2026-05-06 06:28:14.949
7078,432533,3,-90.0,-0.1,-90.0,0.0,2026-05-06 06:28:14.949
7079,432595,1,-90.0,-0.1,-90.0,0.0,2026-05-06 06:28:14.949
7080,432657,2,90.0,0.1,90.0,0.0,2026-05-06 06:28:14.949
7081,432716,3,-90.0,-0.1,-90.0,0.0,2026-05-06 06:28:14.949
7082,432778,1,-90.0,-0.1,-90.0,0.0,2026-05-06 06:28:14.949
7083,432840,2,90.0,0.1,90.0,0.0,2026-05-06 06:28:14.949
7084,432899,3,-90.0,-0.1,-90.0,0.0,2026-05-06 06:28:14.949
7085,432962,1,-90.0,-0.1,-90.0,0.0,2026-05-06 06:28:14.949
7086,433024,2,90.0,0.1,90.0,0.0,2026-05-06 06:28:14.949
7087,433083,3,-90.0,-0.1,-90.0,0.0,2026-05-06 06:28:14.949
7088,433145,1,-90.0,-0.1,-90.0,0.0,2026-05-06 06:28:14.949
7089,433207,2,90.0,0.1,90.0,0.0,2026-05-06 06:28:14.949
7090,433266,3,-90.0,-0.1,-90.0,0.0,2026-05-06 06:28:15.672
7091,433328,1,-90.0,-0.1,-90.0,0.0,2026-05-06 06:28:15.672
7092,433390,2,90.0,0.1,90.0,0.0,2026-05-06 06:28:15.672
7093,433449,1,-90.0,-0.1,-90.0,0.0,2026-05-06 06:28:15.672
7094,433511,2,90.0,0.1,90.0,0.0,2026-05-06 06:28:15.672
7095,433570,3,-90.0,-0.1,-90.0,0.0,2026-05-06 06:28:15.672
7096,433632,1,-90.0,-0.1,-90.0,0.0,2026-05-06 06:28:15.672
7097,433694,2,90.0,0.1,90.0,0.0,2026-05-06 06:28:15.672
7098,433753,3,-90.0,-0.1,-90.0,0.0,2026-05-06 06:28:15.672
7099,433815,1,-90.0,-0.1,-90.0,0.0,2026-05-06 06:28:15.672
7100,433877,2,90.0,0.1,90.0,0.0,2026-05-06 06:28:15.672
7101,433937,1,-90.0,-0.1,-90.0,0.0,2026-05-06 06:28:15.672
7102,433999,2,90.0,0.1,90.0,0.0,2026-05-06 06:28:15.672
7103,434058,3,-90.0,-0.1,-90.0,0.0,2026-05-06 06:28:15.672
7104,434120,1,-90.0,-0.1,-90.0,0.0,2026-05-06 06:28:15.672
7105,434182,2,90.0,0.1,90.0,0.0,2026-05-06 06:28:15.672
7106,434241,3,-90.0,-0.1,-90.0,0.0,2026-05-06 06:28:15.672
7107,434303,1,-90.0,-0.1,-90.0,0.0,2026-05-06 06:28:15.672
7108,434365,2,90.0,0.1,90.0,0.0,2026-05-06 06:28:15.672
7109,434424,1,-90.0,-0.1,-90.0,0.0,2026-05-06 06:28:15.672
7110,434486,2,90.0,0.1,90.0,0.0,2026-05-06 06:28:15.672
7111,434545,3,-90.0,-0.1,-90.0,0.0,2026-05-06 06:28:15.672
7112,434607,1,-90.0,-0.1,-90.0,0.0,2026-05-06 06:28:15.672
7113,434669,2,90.0,0.1,90.0,0.0,2026-05-06 06:28:15.672
7114,434728,3,-90.0,-0.1,-90.0,0.0,2026-05-06 06:28:15.672
7115,434790,1,-90.0,-0.1,-90.0,0.0,2026-05-06 06:28:15.672
7116,434852,2,90.0,0.1,90.0,0.0,2026-05-06 06:28:15.672
7117,434912,1,-90.0,-0.1,-90.0,0.0,2026-05-06 06:28:15.672
7118,434974,2,90.0,0.1,90.0,0.0,2026-05-06 06:28:15.672
7119,435033,3,-90.0,-0.1,-90.0,0.0,2026-05-06 06:28:15.672
7120,435095,1,-90.0,-0.1,-90.0,0.0,2026-05-06 06:28:15.672
7121,435157,2,90.0,0.1,90.0,0.0,2026-05-06 06:28:15.672
7122,435216,3,-90.0,-0.1,-90.0,0.0,2026-05-06 06:28:15.672
7123,435278,1,-90.0,-0.1,-90.0,0.0,2026-05-06 06:28:15.672
7124,435340,2,90.0,0.1,90.0,0.0,2026-05-06 06:28:15.672
7125,435399,1,-90.0,-0.1,-90.0,0.0,2026-05-06 06:28:15.672
7126,435461,2,90.0,0.1,90.0,0.0,2026-05-06 06:28:15.672
7127,435520,3,-90.0,-0.1,-90.0,0.0,2026-05-06 06:28:15.672
7128,435582,1,-90.0,-0.1,-90.0,0.0,2026-05-06 06:28:15.672
7129,435644,2,90.0,0.1,90.0,0.0,2026-05-06 06:28:15.672
7130,435703,3,-90.0,-0.1,-90.0,0.0,2026-05-06 06:28:15.672
7131,435765,1,-90.0,-0.1,-90.0,0.0,2026-05-06 06:28:15.672
7132,435827,2,90.0,0.1,90.0,0.0,2026-05-06 06:28:15.672
7133,435887,1,-90.0,-0.1,-90.0,0.0,2026-05-06 06:28:15.672
7134,435949,2,90.0,0.1,90.0,0.0,2026-05-06 06:28:15.672
7135,436008,3,-90.0,-0.1,-90.0,0.0,2026-05-06 06:28:15.672
7136,436070,1,-90.0,-0.1,-90.0,0.0,2026-05-06 06:28:15.672
7137,436132,2,90.0,0.1,90.0,0.0,2026-05-06 06:28:15.672
7138,436191,3,-90.0,-0.1,-90.0,0.0,2026-05-06 06:28:15.672
7139,436253,1,-90.0,-0.1,-90.0,0.0,2026-05-06 06:28:15.672
7140,436315,2,90.0,0.1,90.0,0.0,2026-05-06 06:28:15.672
7141,436374,1,-90.0,-0.1,-90.0,0.0,2026-05-06 06:28:15.672
7142,436436,2,90.0,0.1,90.0,0.0,2026-05-06 06:28:15.672
7143,436495,3,-90.0,-0.1,-90.0,0.0,2026-05-06 06:28:15.672
7144,436557,1,-90.0,-0.1,-90.0,0.0,2026-05-06 06:28:15.672
7145,436619,2,90.0,0.1,90.0,0.0,2026-05-06 06:28:15.672
7146,436678,3,-90.0,-0.1,-90.0,0.0,2026-05-06 06:28:15.672
7147,436740,1,-90.0,-0.1,-90.0,0.0,2026-05-06 06:28:15.672
7148,436802,2,90.0,0.1,90.0,0.0,2026-05-06 06:28:15.672
7149,436862,1,-90.0,-0.1,-90.0,0.0,2026-05-06 06:28:15.672
7150,436924,2,90.0,0.1,90.0,0.0,2026-05-06 06:28:15.672
7151,436983,3,-90.0,-0.1,-90.0,0.0,2026-05-06 06:28:15.672
7152,437045,1,-90.0,-0.1,-90.0,0.0,2026-05-06 06:28:15.672
7153,437107,2,90.0,0.1,90.0,0.0,2026-05-06 06:28:15.672
7154,437166,3,-90.0,-0.1,-90.0,0.0,2026-05-06 06:28:15.672
7155,437228,1,-90.0,-0.1,-90.0,0.0,2026-05-06 06:28:15.672
7156,437290,2,90.0,0.1,90.0,0.0,2026-05-06 06:28:15.672
7157,437414,2,90.0,0.1,90.0,0.0,2026-05-06 06:28:15.672
7158,437473,3,-90.0,-0.1,-90.0,0.0,2026-05-06 06:28:15.672
7159,437535,1,-90.0,-0.1,-90.0,0.0,2026-05-06 06:28:15.672
7160,437597,2,90.0,0.1,90.0,0.0,2026-05-06 06:28:15.672
7161,437656,3,-90.0,-0.1,-90.0,0.0,2026-05-06 06:28:15.672
7162,437718,1,-90.0,-0.1,-90.0,0.0,2026-05-06 06:28:15.672
7163,437780,2,90.0,0.1,90.0,0.0,2026-05-06 06:28:15.672
7164,437840,1,-90.0,-0.097,-90.0,0.0,2026-05-06 06:28:15.672
7165,437902,2,90.0,0.097,90.0,0.0,2026-05-06 06:28:15.672
7166,437961,3,-90.0,-0.097,-90.0,0.0,2026-05-06 06:28:15.672
7167,438023,1,-90.0,-0.095,-90.0,0.0,2026-05-06 06:28:15.672
7168,438085,2,90.0,0.095,90.0,0.0,2026-05-06 06:28:15.672
7169,438144,3,-90.0,-0.095,-90.0,0.0,2026-05-06 06:28:15.672
7170,438206,1,-90.0,-0.095,-90.0,0.0,2026-05-06 06:28:15.672
7171,438268,2,90.0,0.095,90.0,0.0,2026-05-06 06:28:15.672
7172,438327,1,-90.0,-0.071,-90.0,0.0,2026-05-06 06:28:15.672
7173,438389,2,90.0,0.071,90.0,0.0,2026-05-06 06:28:15.672
7174,438448,3,-90.0,-0.071,-90.0,0.0,2026-05-06 06:28:15.672
7175,438510,1,-90.0,-0.062,-90.0,0.0,2026-05-06 06:28:15.672
7176,438572,2,90.0,0.062,90.0,0.0,2026-05-06 06:28:15.672
7177,438631,3,-90.0,-0.062,-90.0,0.0,2026-05-06 06:28:15.672
7178,438693,1,-90.0,-0.052,-90.0,0.0,2026-05-06 06:28:15.672
7179,438755,2,90.0,0.052,90.0,0.0,2026-05-06 06:28:15.672
7180,438815,1,-90.0,-0.007,-90.0,0.0,2026-05-06 06:28:15.672
7181,438877,2,90.0,0.007,90.0,0.0,2026-05-06 06:28:15.672
7182,438936,3,-90.0,-0.007,-90.0,0.0,2026-05-06 06:28:15.672
7183,438998,1,-90.0,-0.007,-90.0,0.0,2026-05-06 06:28:15.672
7184,439060,2,90.0,0.007,90.0,0.0,2026-05-06 06:28:15.672
7185,439119,3,-90.0,-0.007,-90.0,0.0,2026-05-06 06:28:15.672
7186,439181,1,-90.0,-0.004,-90.0,0.0,2026-05-06 06:28:15.672
7187,439243,2,90.0,0.004,90.0,0.0,2026-05-06 06:28:15.672
7188,439302,1,-50.78,0.0,-90.0,0.0,2026-05-06 06:28:15.672
7189,439363,2,50.77,0.0,90.0,0.0,2026-05-06 06:28:15.672
7190,439422,3,-90.0,0.0,-90.0,0.0,2026-05-06 06:28:15.672
7191,439483,1,-50.78,0.0,-90.0,0.0,2026-05-06 06:28:15.672
7192,439544,2,50.77,0.0,90.0,0.0,2026-05-06 06:28:15.672
7193,439603,3,-90.0,0.0,-90.0,0.0,2026-05-06 06:28:15.672
7194,439664,1,-50.78,0.0,-90.0,0.0,2026-05-06 06:28:15.672
7195,439725,2,50.77,0.0,90.0,0.0,2026-05-06 06:28:15.672
7196,439787,1,-50.78,0.0,-90.0,-0.019,2026-05-06 06:28:15.672
7197,439849,2,50.77,0.0,90.0,0.02,2026-05-06 06:28:15.672
7198,439908,3,-90.0,0.0,-90.0,-0.013,2026-05-06 06:28:15.672
7199,439970,1,-50.78,0.0,-89.74,-0.016,2026-05-06 06:28:15.672
7200,440032,2,50.77,0.0,89.78,0.016,2026-05-06 06:28:15.672
7201,440091,3,-90.0,0.0,-90.0,-0.01,2026-05-06 06:28:15.672
7202,440153,1,-50.78,0.0,-89.46,-0.014,2026-05-06 06:28:15.672
7203,440215,2,50.77,0.0,89.49,0.015,2026-05-06 06:28:15.672
7204,440274,1,-50.78,0.0,-88.06,-0.004,2026-05-06 06:28:15.672
7205,440336,2,50.77,0.0,88.13,0.01,2026-05-06 06:28:15.672
7206,440395,3,-90.0,0.0,-90.0,-0.008,2026-05-06 06:28:15.672
7207,440457,1,-50.78,0.0,-86.67,0.0,2026-05-06 06:28:15.672
7208,440518,2,50.77,0.0,85.42,0.008,2026-05-06 06:28:15.672
7209,440577,3,-90.0,0.0,-90.0,-0.004,2026-05-06 06:28:15.672
7210,440639,1,-50.78,0.0,-84.99,0.003,2026-05-06 06:28:15.672
7211,440700,2,50.77,0.0,85.28,0.004,2026-05-06 06:28:15.672
7212,440760,1,-50.78,0.0,-80.8,0.007,2026-05-06 06:28:15.672
7213,440821,2,50.77,0.0,81.28,0.0,2026-05-06 06:28:15.672
7214,440880,3,-90.0,0.0,-90.0,0.001,2026-05-06 06:28:15.672
7215,440941,1,-50.78,0.0,-78.43,0.013,2026-05-06 06:28:15.672
7216,441002,2,50.77,0.0,79.02,-0.002,2026-05-06 06:28:15.672
7217,441062,3,-90.0,0.0,-89.99,0.001,2026-05-06 06:28:15.672
7218,441123,1,-50.78,0.0,-76.24,0.017,2026-05-06 06:28:15.672
7219,441184,2,50.77,0.0,76.74,-0.006,2026-05-06 06:28:15.672
7220,441246,2,50.77,0.0,71.52,-0.006,2026-05-06 06:28:15.672
7221,441306,3,-90.0,0.0,-89.99,0.001,2026-05-06 06:28:15.672
7222,441367,1,-50.78,0.0,-67.1,0.018,2026-05-06 06:28:16.389
7223,441428,2,50.77,0.0,67.78,-0.008,2026-05-06 06:28:16.389
7224,441488,3,-90.0,0.0,-89.99,0.0,2026-05-06 06:28:16.389
7225,441549,1,-50.78,0.0,-64.12,0.017,2026-05-06 06:28:16.389
7226,441610,2,50.77,0.0,64.51,-0.01,2026-05-06 06:28:16.389
7227,441670,3,-90.0,0.0,-89.99,0.0,2026-05-06 06:28:16.389
7228,441732,2,50.77,0.0,60.86,-0.012,2026-05-06 06:28:16.389
7229,441792,3,-90.0,0.0,-89.99,-0.0,2026-05-06 06:28:16.389
7230,441854,1,-50.78,0.0,-58.79,0.016,2026-05-06 06:28:16.389
7231,441915,2,50.77,0.0,59.18,-0.009,2026-05-06 06:28:16.389
7232,441975,3,-90.0,0.0,-89.99,-0.0,2026-05-06 06:28:16.389
7233,442037,1,-50.78,0.0,-57.24,0.013,2026-05-06 06:28:16.389
7234,442098,2,50.77,0.0,57.58,-0.006,2026-05-06 06:28:16.389
7235,442158,3,-90.0,0.0,-89.99,-0.0,2026-05-06 06:28:16.389
7236,442220,1,-50.78,0.0,-53.28,0.007,2026-05-06 06:28:16.389
7237,442281,2,50.77,0.0,53.36,-0.001,2026-05-06 06:28:16.389
7238,442341,3,-90.0,0.0,-89.99,-0.005,2026-05-06 06:28:16.389
7239,442403,1,-50.78,0.0,-52.12,0.003,2026-05-06 06:28:16.389
7240,442464,2,50.77,0.0,52.39,0.0,2026-05-06 06:28:16.389
7241,442523,3,-90.0,0.0,-89.99,-0.005,2026-05-06 06:28:16.389
7242,442585,1,-50.78,0.0,-51.27,0.002,2026-05-06 06:28:16.389
7243,442646,2,50.77,0.0,51.38,0.0,2026-05-06 06:28:16.389
7244,442705,2,50.77,0.0,50.73,0.0,2026-05-06 06:28:16.389
7245,442764,3,-90.0,0.0,-89.99,-0.005,2026-05-06 06:28:16.389
7246,442826,1,-50.78,0.0,-50.88,0.0,2026-05-06 06:28:16.389
7247,442887,2,50.77,0.0,50.69,0.0,2026-05-06 06:28:16.389
7248,442946,3,-90.0,0.0,-89.99,-0.004,2026-05-06 06:28:16.389
7249,443008,1,-50.78,0.0,-50.86,0.0,2026-05-06 06:28:16.389
7250,443069,2,50.77,0.0,50.72,0.0,2026-05-06 06:28:16.389
7251,443128,3,-90.0,0.0,-89.99,-0.003,2026-05-06 06:28:16.389
7252,443192,2,50.77,0.0,50.74,0.0,2026-05-06 06:28:16.389
7253,443251,3,-90.0,0.0,-89.99,-0.0,2026-05-06 06:28:16.389
7254,443313,1,-50.78,0.0,-50.78,0.002,2026-05-06 06:28:16.389
7255,443374,2,50.77,0.0,50.75,-0.0,2026-05-06 06:28:16.389
7256,443434,3,-90.0,0.0,-90.0,0.0,2026-05-06 06:28:16.389
7257,443495,1,-50.78,0.0,-50.77,0.003,2026-05-06 06:28:16.389
7258,443556,2,50.77,0.0,50.76,-0.001,2026-05-06 06:28:16.389
7259,443616,3,-90.0,0.0,-89.99,0.0,2026-05-06 06:28:16.389
7260,443678,2,50.77,0.0,50.78,-0.003,2026-05-06 06:28:16.389
7261,443738,3,-90.0,0.0,-89.99,0.0,2026-05-06 06:28:16.389
7262,443799,1,-50.78,0.0,-50.76,0.002,2026-05-06 06:28:16.389
7263,443860,2,50.77,0.0,50.78,-0.003,2026-05-06 06:28:16.389
7264,443920,3,-90.0,0.0,-90.0,-0.0,2026-05-06 06:28:16.389
7265,443982,1,-50.78,0.0,-50.76,0.002,2026-05-06 06:28:16.389
7266,444043,2,50.77,0.0,50.78,-0.003,2026-05-06 06:28:16.389
7267,444103,3,-90.0,0.0,-90.0,-0.0,2026-05-06 06:28:16.389
7268,444166,2,50.77,0.0,50.78,-0.003,2026-05-06 06:28:16.389
7269,444226,3,-90.0,0.0,-90.0,0.0,2026-05-06 06:28:16.389
7270,444287,1,-50.78,0.0,-50.75,0.002,2026-05-06 06:28:16.389
7271,444348,2,50.77,0.0,50.78,-0.002,2026-05-06 06:28:16.389
7272,444408,3,-90.0,0.0,-90.0,0.0,2026-05-06 06:28:16.389
7273,444469,1,-50.78,0.0,-50.75,0.001,2026-05-06 06:28:16.389
7274,444530,2,50.77,0.0,50.78,-0.002,2026-05-06 06:28:16.389
7275,444590,3,-90.0,0.0,-90.0,0.0,2026-05-06 06:28:16.389
7276,444652,2,50.77,0.0,50.78,-0.0,2026-05-06 06:28:16.389
7277,444712,3,-90.0,0.0,-90.0,-0.001,2026-05-06 06:28:16.389
7278,444774,1,-50.78,0.0,-50.75,0.0,2026-05-06 06:28:16.389
7279,444835,2,50.77,0.0,50.78,-0.0,2026-05-06 06:28:16.389
7280,444895,3,-90.0,0.0,-89.99,-0.002,2026-05-06 06:28:16.389
7281,444957,1,-50.78,0.0,-50.75,-0.0,2026-05-06 06:28:16.389
7282,445019,2,50.77,0.0,50.78,0.0,2026-05-06 06:28:16.389
7283,445078,3,-90.0,0.0,-90.0,-0.002,2026-05-06 06:28:16.389
7284,445202,3,-90.0,0.0,-89.99,-0.002,2026-05-06 06:28:16.389
7285,445264,1,-50.78,0.0,-50.75,0.0,2026-05-06 06:28:16.389
7286,445325,2,50.77,0.0,50.78,0.0,2026-05-06 06:28:16.389
7287,445384,3,-90.0,0.0,-89.99,-0.001,2026-05-06 06:28:16.389
7288,445446,1,-50.78,0.0,-50.75,0.0,2026-05-06 06:28:16.389
7289,445507,2,50.77,0.0,50.78,0.0,2026-05-06 06:28:16.389
7290,445566,3,-90.0,0.0,-90.0,-0.001,2026-05-06 06:28:16.389
7291,445629,2,50.77,0.0,50.78,0.0,2026-05-06 06:28:16.389
7292,445688,3,-90.0,0.0,-90.0,-0.0,2026-05-06 06:28:16.389
7293,445750,1,-50.78,0.0,-50.76,0.0,2026-05-06 06:28:16.389
7294,445811,2,50.77,0.0,50.78,0.0,2026-05-06 06:28:16.389
7295,445870,3,-90.0,0.0,-90.0,0.0,2026-05-06 06:28:16.389
7296,445931,1,-50.78,0.0,-50.76,-0.0,2026-05-06 06:28:16.389
7297,445993,2,50.77,0.0,50.78,-0.0,2026-05-06 06:28:16.389
7298,446053,3,-90.0,0.0,-90.0,0.0,2026-05-06 06:28:16.389
7299,446115,2,50.77,0.0,50.78,-0.0,2026-05-06 06:28:16.389
7300,446175,3,-90.0,0.0,-90.0,0.0,2026-05-06 06:28:16.389
7301,446236,1,-50.78,0.0,-50.77,0.0,2026-05-06 06:28:16.389
7302,446297,2,50.77,0.0,50.78,-0.0,2026-05-06 06:28:16.389
7303,446357,3,-90.0,0.0,-90.0,0.0,2026-05-06 06:28:16.389
7304,446418,1,-50.78,0.0,-50.77,0.0,2026-05-06 06:28:16.389
7305,446479,2,50.77,0.0,50.78,-0.0,2026-05-06 06:28:16.389
7306,446539,3,-90.0,0.0,-90.0,0.0,2026-05-06 06:28:16.389
7307,446601,2,50.77,0.0,50.78,-0.0,2026-05-06 06:28:16.389
7308,446661,3,-90.0,0.0,-90.0,-0.0,2026-05-06 06:28:16.389
7309,446723,1,-50.78,0.0,-50.77,0.001,2026-05-06 06:28:16.389
7310,446784,2,50.77,0.0,50.78,-0.0,2026-05-06 06:28:16.389
7311,446844,3,-90.0,0.0,-90.0,-0.0,2026-05-06 06:28:16.389
7312,446906,1,-50.78,0.0,-50.77,0.001,2026-05-06 06:28:16.389
7313,446967,2,50.77,0.0,50.77,-0.0,2026-05-06 06:28:16.389
7314,447027,3,-90.0,0.0,-90.0,0.0,2026-05-06 06:28:16.389
7315,447088,2,50.77,0.0,50.77,-0.0,2026-05-06 06:28:16.389
7316,447148,3,-90.0,0.0,-90.0,-0.0,2026-05-06 06:28:16.389
7317,447210,1,-50.78,0.0,-50.78,0.0,2026-05-06 06:28:16.389
7318,447271,2,50.77,0.0,50.77,-0.0,2026-05-06 06:28:16.389
7319,447331,3,-90.0,0.0,-90.0,-0.0,2026-05-06 06:28:16.389
7320,447393,1,-50.78,0.0,-50.78,0.0,2026-05-06 06:28:16.389
7321,447454,2,50.77,0.0,50.77,-0.0,2026-05-06 06:28:16.389
7322,447514,3,-90.0,0.0,-90.0,-0.0,2026-05-06 06:28:16.389
7323,447576,2,50.77,0.0,50.77,0.0,2026-05-06 06:28:16.389
7324,447635,3,-90.0,0.0,-90.0,-0.0,2026-05-06 06:28:16.389
7325,447697,1,-50.78,0.0,-50.78,-0.0,2026-05-06 06:28:16.389
7326,447759,2,50.77,0.0,50.77,0.0,2026-05-06 06:28:16.389
7327,447818,3,-90.0,0.0,-90.0,-0.0,2026-05-06 06:28:16.389
7328,447880,1,-50.78,0.0,-50.78,-0.0,2026-05-06 06:28:16.389
7329,447942,2,50.77,0.0,50.77,0.0,2026-05-06 06:28:16.389
7330,448001,3,-90.0,0.0,-90.0,0.0,2026-05-06 06:28:16.389
7331,448063,2,50.77,0.0,50.77,-0.0,2026-05-06 06:28:16.389
7332,448123,3,-90.0,0.0,-90.0,0.0,2026-05-06 06:28:16.389
7333,448184,1,-50.78,0.0,-50.78,-0.0,2026-05-06 06:28:16.389
7334,448246,2,50.77,0.0,50.77,0.0,2026-05-06 06:28:16.389
7335,448305,3,-90.0,0.0,-90.0,0.0,2026-05-06 06:28:16.389
7336,448366,1,-50.78,0.0,-50.78,0.0,2026-05-06 06:28:16.389
7337,448427,2,50.77,0.0,50.77,0.0,2026-05-06 06:28:16.389
7338,448486,3,-90.0,0.0,-90.0,0.0,2026-05-06 06:28:16.389
7339,448548,2,50.77,0.0,50.77,0.0,2026-05-06 06:28:16.389
7340,448607,3,-90.0,0.0,-90.0,0.0,2026-05-06 06:28:16.389
7341,448791,1,-50.78,0.0,-50.78,0.0,2026-05-06 06:28:16.389
7342,448852,2,50.77,0.0,50.77,0.0,2026-05-06 06:28:16.389
7343,448911,3,-90.0,0.0,-90.0,-0.0,2026-05-06 06:28:16.389
7344,448973,1,-50.78,0.0,-50.78,0.0,2026-05-06 06:28:16.389
7345,449034,2,50.77,0.0,50.77,-0.0,2026-05-06 06:28:16.389
7346,449094,3,-90.0,0.0,-90.0,-0.0,2026-05-06 06:28:16.389
7347,449156,1,-50.78,0.0,-50.78,0.0,2026-05-06 06:28:16.389
7348,449217,2,50.77,0.0,50.77,-0.0,2026-05-06 06:28:16.389
7349,449277,3,-90.0,0.0,-90.0,0.0,2026-05-06 06:28:16.389
7350,449338,1,-50.78,0.0,-50.78,0.0,2026-05-06 06:28:16.389
7351,449399,2,50.77,0.0,50.77,-0.0,2026-05-06 06:28:16.389
7352,449459,3,-90.0,0.0,-90.0,0.0,2026-05-06 06:28:17.095
7353,449521,2,50.77,0.0,50.77,-0.0,2026-05-06 06:28:17.095
7354,449581,3,-90.0,0.0,-90.0,0.0,2026-05-06 06:28:17.095
7355,449642,1,-50.78,0.0,-50.78,0.0,2026-05-06 06:28:17.095
7356,449703,2,50.77,0.0,50.77,0.0,2026-05-06 06:28:17.095
7357,449762,3,-90.0,0.0,-90.0,0.0,2026-05-06 06:28:17.095
7358,449823,1,-50.78,0.0,-50.78,0.0,2026-05-06 06:28:17.095
7359,449884,2,50.77,0.0,50.77,-0.0,2026-05-06 06:28:17.095
7360,449944,3,-90.0,0.0,-90.0,0.0,2026-05-06 06:28:17.095
7361,450006,2,50.77,0.0,50.77,-0.0,2026-05-06 06:28:17.095
7362,450066,3,-90.0,0.0,-90.0,0.0,2026-05-06 06:28:17.095
7363,450127,1,-50.78,0.0,-50.78,0.0,2026-05-06 06:28:17.095
7364,450188,2,50.77,0.0,50.77,0.0,2026-05-06 06:28:17.095
7365,450247,3,-90.0,0.0,-90.0,0.0,2026-05-06 06:28:17.095
7366,450308,1,-50.78,0.0,-50.78,0.0,2026-05-06 06:28:17.095
7367,450369,2,50.77,0.0,50.77,0.0,2026-05-06 06:28:17.095
7368,450428,3,-90.0,0.0,-90.0,-0.0,2026-05-06 06:28:17.095
7369,450492,2,50.77,0.0,50.77,0.0,2026-05-06 06:28:17.095
7370,450551,3,-90.0,0.0,-90.0,-0.0,2026-05-06 06:28:17.095
7371,450613,1,-50.78,0.0,-50.78,0.0,2026-05-06 06:28:17.095
7372,450674,2,50.77,0.0,50.77,0.0,2026-05-06 06:28:17.095
7373,450733,3,-90.0,0.0,-90.0,0.0,2026-05-06 06:28:17.095
7374,450794,1,-50.78,0.0,-50.78,-0.0,2026-05-06 06:28:17.095
7375,450856,2,50.77,0.0,50.77,-0.0,2026-05-06 06:28:17.095
7376,450916,3,-90.0,0.0,-90.0,0.0,2026-05-06 06:28:17.095
7377,450978,1,-90.0,0.0,-50.78,0.0,2026-05-06 06:28:17.095
7378,451039,2,90.0,0.0,50.77,0.0,2026-05-06 06:28:17.095
7379,451098,3,-90.0,0.0,-90.0,-0.0,2026-05-06 06:28:17.095
7380,451160,1,-90.0,0.0,-50.78,0.0,2026-05-06 06:28:17.095
7381,451221,2,90.0,0.0,50.77,0.0,2026-05-06 06:28:17.095
7382,451280,3,-90.0,0.0,-90.0,0.0,2026-05-06 06:28:17.095
7383,451341,1,-90.0,0.0,-50.78,0.0,2026-05-06 06:28:17.095
7384,451402,2,90.0,0.0,50.77,0.0,2026-05-06 06:28:17.095
7385,451463,1,-90.0,0.0,-52.65,0.001,2026-05-06 06:28:17.095
7386,451524,2,90.0,0.0,52.62,-0.001,2026-05-06 06:28:17.095
7387,451584,3,-90.0,0.0,-90.0,-0.0,2026-05-06 06:28:17.095
7388,451646,1,-90.0,0.0,-52.65,0.001,2026-05-06 06:28:17.095
7389,451707,2,90.0,0.0,52.62,-0.001,2026-05-06 06:28:17.095
7390,451767,3,-90.0,0.0,-90.0,-0.0,2026-05-06 06:28:17.095
7391,451829,1,-90.0,0.0,-52.65,0.001,2026-05-06 06:28:17.095
7392,451890,2,90.0,0.0,52.62,-0.001,2026-05-06 06:28:17.095
7393,451950,1,-90.0,0.0,-58.04,0.001,2026-05-06 06:28:17.095
7394,452011,2,90.0,0.0,57.76,-0.002,2026-05-06 06:28:17.095
7395,452071,3,-90.0,0.0,-90.0,0.0,2026-05-06 06:28:17.095
7396,452132,1,-90.0,0.0,-58.04,0.001,2026-05-06 06:28:17.095
7397,452193,2,90.0,0.0,57.76,-0.002,2026-05-06 06:28:17.095
7398,452253,3,-90.0,0.0,-90.0,0.0,2026-05-06 06:28:17.095
7399,452314,1,-90.0,0.0,-58.04,0.001,2026-05-06 06:28:17.095
7400,452375,2,90.0,0.0,57.76,-0.002,2026-05-06 06:28:17.095
7401,452436,1,-90.0,0.0,-65.95,0.0,2026-05-06 06:28:17.095
7402,452497,2,90.0,0.0,65.63,-0.0,2026-05-06 06:28:17.095
7403,452557,3,-90.0,0.0,-90.0,-0.0,2026-05-06 06:28:17.095
7404,452619,1,-90.0,0.0,-65.95,0.0,2026-05-06 06:28:17.095
7405,452680,2,90.0,0.0,65.63,-0.0,2026-05-06 06:28:17.095
7406,452740,3,-90.0,0.0,-90.0,-0.0,2026-05-06 06:28:17.095
7407,452802,1,-90.0,0.0,-65.95,0.0,2026-05-06 06:28:17.095
7408,452863,2,90.0,0.0,65.63,-0.0,2026-05-06 06:28:17.095
7409,452988,2,90.0,0.0,65.63,-0.0,2026-05-06 06:28:17.095
7410,453048,3,-90.0,0.0,-90.0,-0.0,2026-05-06 06:28:17.095
7411,453110,1,-90.0,0.0,-65.95,0.0,2026-05-06 06:28:17.095
7412,453171,2,90.0,0.0,65.63,-0.0,2026-05-06 06:28:17.095
7413,453231,3,-90.0,0.0,-90.0,-0.0,2026-05-06 06:28:17.095
7414,453293,1,-90.0,0.0,-65.95,0.0,2026-05-06 06:28:17.095
7415,453354,2,90.0,0.0,65.63,-0.0,2026-05-06 06:28:17.095
7416,453414,1,-90.0,0.0,-65.95,0.0,2026-05-06 06:28:17.095
7417,453475,2,90.0,0.0,65.63,-0.0,2026-05-06 06:28:17.095
7418,453535,3,-90.0,0.0,-90.0,-0.0,2026-05-06 06:28:17.095
7419,453597,1,-90.0,0.0,-65.95,0.0,2026-05-06 06:28:17.095
7420,453658,2,90.0,0.0,65.63,-0.0,2026-05-06 06:28:17.095
7421,453718,3,-90.0,0.0,-90.0,-0.0,2026-05-06 06:28:17.095
7422,453780,1,-90.0,0.0,-65.95,0.0,2026-05-06 06:28:17.095
7423,453841,2,90.0,0.0,65.63,-0.0,2026-05-06 06:28:17.095
7424,453902,1,-90.0,0.0,-65.95,0.0,2026-05-06 06:28:17.095
7425,453963,2,90.0,0.0,65.63,-0.0,2026-05-06 06:28:17.095
7426,454023,3,-90.0,0.0,-90.0,-0.0,2026-05-06 06:28:17.095
7427,454085,1,-90.0,0.0,-65.95,0.0,2026-05-06 06:28:17.095
7428,454146,2,90.0,0.0,65.63,-0.0,2026-05-06 06:28:17.095
7429,454206,3,-90.0,0.0,-90.0,-0.0,2026-05-06 06:28:17.095
7430,454268,1,-90.0,0.0,-65.95,0.0,2026-05-06 06:28:17.095
7431,454329,2,90.0,0.0,65.63,-0.0,2026-05-06 06:28:17.095
7432,454389,1,-90.0,0.0,-65.95,0.0,2026-05-06 06:28:17.095
7433,454450,2,90.0,0.0,65.63,-0.0,2026-05-06 06:28:17.095
7434,454510,3,-90.0,0.0,-90.0,-0.0,2026-05-06 06:28:17.095
7435,454572,1,-90.0,0.0,-65.95,0.0,2026-05-06 06:28:17.095
7436,454633,2,90.0,0.0,65.63,-0.0,2026-05-06 06:28:17.095
7437,454693,3,-90.0,0.0,-90.0,-0.0,2026-05-06 06:28:17.095
7438,454755,1,-90.0,0.0,-65.95,0.0,2026-05-06 06:28:17.095
7439,454816,2,90.0,0.0,65.63,-0.0,2026-05-06 06:28:17.095
7440,454877,1,-90.0,0.0,-65.95,0.0,2026-05-06 06:28:17.095
7441,454938,2,90.0,0.0,65.63,-0.0,2026-05-06 06:28:17.095
7442,454998,3,-90.0,0.0,-90.0,-0.0,2026-05-06 06:28:17.095
7443,455060,1,-90.0,0.0,-65.95,0.0,2026-05-06 06:28:17.095
7444,455121,2,90.0,0.0,65.63,-0.0,2026-05-06 06:28:17.095
7445,455181,3,-90.0,0.0,-90.0,-0.0,2026-05-06 06:28:17.095
7446,455243,1,-90.0,0.0,-65.95,0.0,2026-05-06 06:28:17.095
7447,455304,2,90.0,0.0,65.63,-0.0,2026-05-06 06:28:17.095
7448,455364,1,-90.0,0.0,-65.95,0.0,2026-05-06 06:28:17.095
7449,455425,2,90.0,0.0,65.63,-0.0,2026-05-06 06:28:17.095
7450,455485,3,-90.0,0.0,-90.0,-0.0,2026-05-06 06:28:17.095
7451,455547,1,-90.0,0.0,-65.95,0.0,2026-05-06 06:28:17.095
7452,455608,2,90.0,0.0,65.63,-0.0,2026-05-06 06:28:17.095
7453,455668,3,-90.0,0.0,-90.0,-0.0,2026-05-06 06:28:17.095
7454,455730,1,-90.0,0.0,-65.95,0.0,2026-05-06 06:28:17.095
7455,455791,2,90.0,0.0,65.63,-0.0,2026-05-06 06:28:17.095
7456,455852,1,-90.0,0.0,-65.95,0.0,2026-05-06 06:28:17.095
7457,455913,2,90.0,0.0,65.63,-0.0,2026-05-06 06:28:17.095
7458,455973,3,-90.0,0.0,-90.0,-0.0,2026-05-06 06:28:17.095
7459,456035,1,-90.0,0.0,-65.95,0.0,2026-05-06 06:28:17.095
7460,456096,2,90.0,0.0,65.63,-0.0,2026-05-06 06:28:17.095
7461,456156,3,-90.0,0.0,-90.0,-0.0,2026-05-06 06:28:17.095
7462,456218,1,-90.0,0.0,-65.95,0.0,2026-05-06 06:28:17.095
7463,456279,2,90.0,0.0,65.63,-0.0,2026-05-06 06:28:17.095
7464,456339,1,-90.0,0.0,-65.95,0.0,2026-05-06 06:28:17.095
7465,456400,2,90.0,0.0,65.63,-0.0,2026-05-06 06:28:17.095
7466,456460,3,-90.0,0.0,-90.0,-0.0,2026-05-06 06:28:17.095
7467,456522,1,-90.0,0.0,-65.95,0.0,2026-05-06 06:28:17.095
7468,456583,2,90.0,0.0,65.63,-0.0,2026-05-06 06:28:17.095
7469,456643,3,-90.0,0.0,-90.0,-0.0,2026-05-06 06:28:17.095
7470,456705,1,-90.0,0.0,-65.95,0.0,2026-05-06 06:28:17.095
7471,456766,2,90.0,0.0,65.63,-0.0,2026-05-06 06:28:17.095
7472,456827,1,-90.0,0.0,-65.95,0.0,2026-05-06 06:28:17.095
7473,456888,2,90.0,0.0,65.63,-0.0,2026-05-06 06:28:17.095
7474,456948,3,-90.0,0.0,-90.0,-0.0,2026-05-06 06:28:17.095
7475,457010,1,-90.0,0.0,-65.95,0.0,2026-05-06 06:28:17.095
7476,457071,2,90.0,0.0,65.63,-0.0,2026-05-06 06:28:17.095
7477,457131,3,-90.0,0.0,-90.0,-0.0,2026-05-06 06:28:17.095
7478,457193,1,-90.0,0.0,-65.95,0.0,2026-05-06 06:28:17.095
7479,457254,2,90.0,0.0,65.63,-0.0,2026-05-06 06:28:17.095
7480,457314,1,-90.0,0.0,-65.95,0.0,2026-05-06 06:28:17.095
7481,457375,2,90.0,0.0,65.63,-0.0,2026-05-06 06:28:17.095
7482,457435,3,-90.0,0.0,-90.0,-0.0,2026-05-06 06:28:17.095
7483,457497,1,-90.0,0.0,-65.95,0.0,2026-05-06 06:28:17.095
7484,457558,2,90.0,0.0,65.63,-0.0,2026-05-06 06:28:17.817
7485,457618,3,-90.0,0.0,-90.0,-0.0,2026-05-06 06:28:17.817
7486,457680,1,-90.0,0.0,-65.95,0.0,2026-05-06 06:28:17.817
7487,457741,2,90.0,0.0,65.63,-0.0,2026-05-06 06:28:17.817
7488,457802,1,-90.0,0.0,-65.95,0.0,2026-05-06 06:28:17.817
7489,457863,2,90.0,0.0,65.63,-0.0,2026-05-06 06:28:17.817
7490,457923,3,-90.0,0.0,-90.0,-0.0,2026-05-06 06:28:17.817
7491,457985,1,-90.0,0.0,-65.95,0.0,2026-05-06 06:28:17.817
7492,458046,2,90.0,0.0,65.63,-0.0,2026-05-06 06:28:17.817
7493,458106,3,-90.0,0.0,-90.0,-0.0,2026-05-06 06:28:17.817
7494,458168,1,-90.0,0.0,-65.95,0.0,2026-05-06 06:28:17.817
7495,458229,2,90.0,0.0,65.63,-0.0,2026-05-06 06:28:17.817
7496,458289,1,-90.0,0.0,-65.95,0.0,2026-05-06 06:28:17.817
7497,458350,2,90.0,0.0,65.63,-0.0,2026-05-06 06:28:17.817
7498,458410,3,-90.0,0.0,-90.0,-0.0,2026-05-06 06:28:17.817
7499,458472,1,-90.0,0.0,-65.95,0.0,2026-05-06 06:28:17.817
7500,458533,2,90.0,0.0,65.63,-0.0,2026-05-06 06:28:17.817
7501,458593,3,-90.0,0.0,-90.0,-0.0,2026-05-06 06:28:17.817
7502,458655,1,-90.0,0.0,-65.95,0.0,2026-05-06 06:28:17.817
7503,458716,2,90.0,0.0,65.63,-0.0,2026-05-06 06:28:17.817
7504,458777,1,-90.0,0.0,-65.95,0.0,2026-05-06 06:28:17.817
7505,458838,2,90.0,0.0,65.63,-0.0,2026-05-06 06:28:17.817
7506,458898,3,-90.0,0.0,-90.0,-0.0,2026-05-06 06:28:17.817
7507,458960,1,-90.0,0.0,-65.95,0.0,2026-05-06 06:28:17.817
7508,459021,2,90.0,0.0,65.63,-0.0,2026-05-06 06:28:17.817
7509,459081,3,-90.0,0.0,-90.0,-0.0,2026-05-06 06:28:17.817
7510,459143,1,-90.0,0.0,-65.95,0.0,2026-05-06 06:28:17.817
7511,459204,2,90.0,0.0,65.63,-0.0,2026-05-06 06:28:17.817
7512,459264,1,-90.0,0.0,-65.95,0.0,2026-05-06 06:28:17.817
7513,459325,2,90.0,0.0,65.63,-0.0,2026-05-06 06:28:17.817
7514,459385,3,-90.0,0.0,-90.0,-0.0,2026-05-06 06:28:17.817
7515,459447,1,-90.0,0.0,-65.95,0.0,2026-05-06 06:28:17.817
7516,459508,2,90.0,0.0,65.63,-0.0,2026-05-06 06:28:17.817
7517,459568,3,-90.0,0.0,-90.0,-0.0,2026-05-06 06:28:17.817
7518,459630,1,-90.0,0.0,-65.95,0.0,2026-05-06 06:28:17.817
7519,459691,2,90.0,0.0,65.63,-0.0,2026-05-06 06:28:17.817
7520,459752,1,-90.0,0.0,-65.95,0.0,2026-05-06 06:28:17.817
7521,459813,2,90.0,0.0,65.63,-0.0,2026-05-06 06:28:17.817
7522,459873,3,-90.0,0.0,-90.0,-0.0,2026-05-06 06:28:17.817
7523,459935,1,-90.0,0.0,-65.95,0.0,2026-05-06 06:28:17.817
7524,459996,2,90.0,0.0,65.63,-0.0,2026-05-06 06:28:17.817
7525,460056,3,-90.0,0.0,-90.0,-0.0,2026-05-06 06:28:17.817
7526,460118,1,-90.0,0.0,-65.95,0.0,2026-05-06 06:28:17.817
7527,460179,2,90.0,0.0,65.63,-0.0,2026-05-06 06:28:17.817
7528,460239,1,-90.0,0.0,-65.95,0.0,2026-05-06 06:28:17.817
7529,460300,2,90.0,0.0,65.63,-0.0,2026-05-06 06:28:17.817
7530,460360,3,-90.0,0.0,-90.0,-0.0,2026-05-06 06:28:17.817
7531,460422,1,-90.0,0.0,-65.95,0.0,2026-05-06 06:28:17.817
7532,460483,2,90.0,0.0,65.63,-0.0,2026-05-06 06:28:17.817
7533,460543,3,-90.0,0.0,-90.0,-0.0,2026-05-06 06:28:17.817
7534,460605,1,-90.0,0.0,-65.95,0.0,2026-05-06 06:28:17.817
7535,460666,2,90.0,0.0,65.63,-0.0,2026-05-06 06:28:17.817
7536,460791,2,90.0,0.0,65.63,-0.0,2026-05-06 06:28:17.817
7537,460851,3,-90.0,0.0,-90.0,-0.0,2026-05-06 06:28:17.817
7538,460913,1,-90.0,0.0,-65.95,0.0,2026-05-06 06:28:17.817
7539,460974,2,90.0,0.0,65.63,-0.0,2026-05-06 06:28:17.817
7540,461034,3,-90.0,0.0,-90.0,-0.0,2026-05-06 06:28:17.817
7541,461096,1,-90.0,0.0,-65.95,0.0,2026-05-06 06:28:17.817
7542,461157,2,90.0,0.0,65.63,-0.0,2026-05-06 06:28:17.817
7543,461217,1,-90.0,0.0,-65.95,0.0,2026-05-06 06:28:17.817
7544,461278,2,90.0,0.0,65.63,-0.0,2026-05-06 06:28:17.817
7545,461338,3,-90.0,0.0,-90.0,-0.0,2026-05-06 06:28:17.817
7546,461400,1,-90.0,0.0,-65.95,0.0,2026-05-06 06:28:17.817
7547,461461,2,90.0,0.0,65.63,-0.0,2026-05-06 06:28:17.817
7548,461521,3,-90.0,0.0,-90.0,-0.0,2026-05-06 06:28:17.817
7549,461583,1,-90.0,0.0,-65.95,0.0,2026-05-06 06:28:17.817
7550,461644,2,90.0,0.0,65.63,-0.0,2026-05-06 06:28:17.817
7551,461705,1,-90.0,0.0,-65.95,0.0,2026-05-06 06:28:17.817
7552,461766,2,90.0,0.0,65.63,-0.0,2026-05-06 06:28:17.817
7553,461826,3,-90.0,0.0,-90.0,-0.0,2026-05-06 06:28:17.817
7554,461888,1,-90.0,0.0,-65.95,0.0,2026-05-06 06:28:17.817
7555,461949,2,90.0,0.0,65.63,-0.0,2026-05-06 06:28:17.817
7556,462009,3,-90.0,0.0,-90.0,-0.0,2026-05-06 06:28:17.817
7557,462071,1,-90.0,0.0,-65.95,0.0,2026-05-06 06:28:17.817
7558,462132,2,90.0,0.0,65.63,-0.0,2026-05-06 06:28:17.817
7559,462192,1,-90.0,0.1,-90.0,0.0,2026-05-06 06:28:17.817
7560,462253,2,90.0,-0.1,90.0,0.0,2026-05-06 06:28:17.817
7561,462313,3,-90.0,0.1,-90.0,-0.0,2026-05-06 06:28:17.817
7562,462375,1,-90.0,0.1,-90.0,0.0,2026-05-06 06:28:17.817
7563,462436,2,90.0,-0.1,90.0,0.0,2026-05-06 06:28:17.817
7564,462496,3,-90.0,0.1,-90.0,-0.0,2026-05-06 06:28:17.817
7565,462558,1,-90.0,0.1,-90.0,0.0,2026-05-06 06:28:17.817
7566,462619,2,90.0,-0.1,90.0,0.0,2026-05-06 06:28:17.817
7567,462680,1,-90.0,0.1,-90.0,0.051,2026-05-06 06:28:17.817
7568,462741,2,90.0,-0.1,89.99,-0.053,2026-05-06 06:28:17.817
7569,462802,3,-90.0,0.1,-90.0,0.067,2026-05-06 06:28:17.817
7570,462863,1,-90.0,0.1,-90.0,0.051,2026-05-06 06:28:17.817
7571,462924,2,90.0,-0.1,89.99,-0.053,2026-05-06 06:28:17.817
7572,462985,3,-90.0,0.1,-90.0,0.067,2026-05-06 06:28:17.817
7573,463046,1,-90.0,0.1,-90.0,0.051,2026-05-06 06:28:17.817
7574,463107,2,90.0,-0.1,89.99,-0.053,2026-05-06 06:28:17.817
7575,463167,1,-90.0,0.1,-90.02,0.074,2026-05-06 06:28:17.817
7576,463228,2,90.0,-0.1,90.11,-0.074,2026-05-06 06:28:17.817
7577,463289,3,-90.0,0.1,-90.02,0.079,2026-05-06 06:28:17.817
7578,463350,1,-90.0,0.1,-90.02,0.074,2026-05-06 06:28:17.817
7579,463411,2,90.0,-0.1,90.11,-0.074,2026-05-06 06:28:17.817
7580,463472,3,-90.0,0.1,-90.02,0.079,2026-05-06 06:28:17.817
7581,463533,1,-90.0,0.1,-90.02,0.074,2026-05-06 06:28:17.817
7582,463594,2,90.0,-0.1,90.11,-0.074,2026-05-06 06:28:17.817
7583,463656,1,-90.0,0.1,-90.04,0.084,2026-05-06 06:28:17.817
7584,463717,2,90.0,-0.1,90.09,-0.083,2026-05-06 06:28:17.817
7585,463778,3,-90.0,0.1,-90.03,0.08,2026-05-06 06:28:17.817
7586,463839,1,-90.0,0.1,-90.06,0.083,2026-05-06 06:28:17.817
7587,463900,2,90.0,-0.1,90.03,-0.083,2026-05-06 06:28:17.817
7588,463961,3,-90.0,0.1,-90.03,0.08,2026-05-06 06:28:17.817
7589,464022,1,-90.0,0.1,-90.06,0.083,2026-05-06 06:28:17.817
7590,464083,2,90.0,-0.1,90.03,-0.083,2026-05-06 06:28:17.817
7591,464144,1,-90.0,0.1,-90.07,0.099,2026-05-06 06:28:17.817
7592,464205,2,90.0,-0.1,90.0,-0.096,2026-05-06 06:28:17.817
7593,464266,3,-90.0,0.1,-90.02,0.095,2026-05-06 06:28:17.817
7594,464327,1,-90.0,0.1,-90.07,0.099,2026-05-06 06:28:17.817
7595,464388,2,90.0,-0.1,90.0,-0.096,2026-05-06 06:28:17.817
7596,464449,3,-90.0,0.1,-90.02,0.095,2026-05-06 06:28:17.817
7597,464510,1,-90.0,0.1,-90.07,0.099,2026-05-06 06:28:17.817
7598,464571,2,90.0,-0.1,90.0,-0.096,2026-05-06 06:28:17.817
7599,464632,1,-90.0,0.1,-90.04,0.12,2026-05-06 06:28:17.817
7600,464693,2,90.0,-0.1,89.99,-0.117,2026-05-06 06:28:17.817
7601,464754,3,-90.0,0.1,-90.0,0.102,2026-05-06 06:28:17.817
7602,464815,1,-90.0,0.1,-90.04,0.12,2026-05-06 06:28:17.817
7603,464876,2,90.0,-0.1,89.99,-0.117,2026-05-06 06:28:17.817
7604,464937,3,-90.0,0.1,-90.0,0.102,2026-05-06 06:28:17.817
7605,464998,1,-90.0,0.1,-90.02,0.12,2026-05-06 06:28:17.817
7606,465059,2,90.0,-0.1,89.99,-0.118,2026-05-06 06:28:17.817
7607,465120,1,-90.0,0.1,-90.0,0.113,2026-05-06 06:28:17.817
7608,465181,2,90.0,-0.1,89.99,-0.111,2026-05-06 06:28:17.817
7609,465242,3,-90.0,0.1,-90.0,0.111,2026-05-06 06:28:17.817
7610,465303,1,-90.0,0.1,-90.0,0.113,2026-05-06 06:28:17.817
7611,465364,2,90.0,-0.1,89.99,-0.111,2026-05-06 06:28:17.817
7612,465425,3,-90.0,0.1,-90.0,0.111,2026-05-06 06:28:17.817
7613,465486,1,-90.0,0.1,-90.0,0.113,2026-05-06 06:28:17.817
7614,465547,2,90.0,-0.1,89.99,-0.111,2026-05-06 06:28:17.817
7615,465607,2,90.0,-0.1,89.99,-0.104,2026-05-06 06:28:17.817
7616,465668,3,-90.0,0.1,-89.99,0.109,2026-05-06 06:28:18.544
7617,465729,1,-90.0,0.1,-89.99,0.101,2026-05-06 06:28:18.544
7618,465790,2,90.0,-0.1,89.99,-0.101,2026-05-06 06:28:18.544
7619,465851,3,-90.0,0.1,-90.0,0.107,2026-05-06 06:28:18.544
7620,465912,1,-90.0,0.1,-89.99,0.101,2026-05-06 06:28:18.544
7621,465973,2,90.0,-0.1,89.99,-0.101,2026-05-06 06:28:18.544
7622,466034,3,-90.0,0.1,-90.0,0.107,2026-05-06 06:28:18.544
7623,466096,1,-90.0,0.1,-90.0,0.101,2026-05-06 06:28:18.544
7624,466157,2,90.0,-0.1,89.99,-0.102,2026-05-06 06:28:18.544
7625,466218,3,-90.0,0.1,-89.99,0.101,2026-05-06 06:28:18.544
7626,466279,1,-90.0,0.1,-90.0,0.101,2026-05-06 06:28:18.544
7627,466340,2,90.0,-0.1,89.99,-0.1,2026-05-06 06:28:18.544
7628,466401,3,-90.0,0.1,-90.0,0.097,2026-05-06 06:28:18.544
7629,466462,1,-90.0,0.1,-90.0,0.101,2026-05-06 06:28:18.544
7630,466523,2,90.0,-0.1,89.99,-0.1,2026-05-06 06:28:18.544
7631,466584,1,-90.0,0.1,-90.0,0.1,2026-05-06 06:28:18.544
7632,466645,2,90.0,-0.1,89.99,-0.102,2026-05-06 06:28:18.544
7633,466706,3,-90.0,0.1,-90.0,0.092,2026-05-06 06:28:18.544
7634,466767,1,-90.0,0.1,-90.0,0.098,2026-05-06 06:28:18.544
7635,466828,2,90.0,-0.1,89.99,-0.099,2026-05-06 06:28:18.544
7636,466889,3,-90.0,0.1,-90.0,0.092,2026-05-06 06:28:18.544
7637,466950,1,-90.0,0.1,-90.0,0.098,2026-05-06 06:28:18.544
7638,467011,2,90.0,-0.1,89.99,-0.099,2026-05-06 06:28:18.544
7639,467072,1,-90.0,0.1,-90.0,0.102,2026-05-06 06:28:18.544
7640,467133,2,90.0,-0.1,90.0,-0.1,2026-05-06 06:28:18.544
7641,467194,3,-90.0,0.1,-89.99,0.097,2026-05-06 06:28:18.544
7642,467255,1,-90.0,0.1,-90.0,0.103,2026-05-06 06:28:18.544
7643,467316,2,90.0,-0.1,90.0,-0.102,2026-05-06 06:28:18.544
7644,467377,3,-90.0,0.1,-90.0,0.099,2026-05-06 06:28:18.544
7645,467438,1,-90.0,0.1,-90.0,0.103,2026-05-06 06:28:18.544
7646,467499,2,90.0,-0.1,90.0,-0.102,2026-05-06 06:28:18.544
7647,467560,1,-90.0,0.1,-90.0,0.106,2026-05-06 06:28:18.544
7648,467621,2,90.0,-0.1,90.0,-0.105,2026-05-06 06:28:18.544
7649,467682,3,-90.0,0.1,-90.0,0.103,2026-05-06 06:28:18.544
7650,467743,1,-90.0,0.1,-90.0,0.106,2026-05-06 06:28:18.544
7651,467804,2,90.0,-0.1,90.0,-0.105,2026-05-06 06:28:18.544
7652,467865,3,-90.0,0.1,-90.0,0.103,2026-05-06 06:28:18.544
7653,467926,1,-90.0,0.1,-90.0,0.105,2026-05-06 06:28:18.544
7654,467987,2,90.0,-0.1,90.0,-0.105,2026-05-06 06:28:18.544
7655,468048,1,-90.0,0.1,-90.0,0.104,2026-05-06 06:28:18.544
7656,468109,2,90.0,-0.1,90.0,-0.104,2026-05-06 06:28:18.544
7657,468170,3,-90.0,0.1,-90.0,0.103,2026-05-06 06:28:18.544
7658,468231,1,-90.0,0.1,-90.0,0.104,2026-05-06 06:28:18.544
7659,468292,2,90.0,-0.1,90.0,-0.104,2026-05-06 06:28:18.544
7660,468353,3,-90.0,0.1,-90.0,0.103,2026-05-06 06:28:18.544
7661,468414,1,-90.0,0.1,-90.0,0.104,2026-05-06 06:28:18.544
7662,468475,2,90.0,-0.1,90.0,-0.104,2026-05-06 06:28:18.544
7663,468600,2,90.0,-0.1,90.0,-0.101,2026-05-06 06:28:18.544
7664,468661,3,-90.0,0.1,-90.0,0.099,2026-05-06 06:28:18.544
7665,468722,1,-90.0,0.1,-90.0,0.101,2026-05-06 06:28:18.544
7666,468783,2,90.0,-0.1,90.0,-0.099,2026-05-06 06:28:18.544
7667,468844,3,-90.0,0.1,-90.0,0.098,2026-05-06 06:28:18.544
7668,468905,1,-90.0,0.1,-90.0,0.101,2026-05-06 06:28:18.544
7669,468966,2,90.0,-0.1,90.0,-0.099,2026-05-06 06:28:18.544
7670,469027,1,-90.0,0.1,-90.0,0.1,2026-05-06 06:28:18.544
7671,469088,2,90.0,-0.1,90.0,-0.1,2026-05-06 06:28:18.544
7672,469149,3,-90.0,0.1,-90.0,0.096,2026-05-06 06:28:18.544
7673,469210,1,-90.0,0.1,-90.0,0.101,2026-05-06 06:28:18.544
7674,469271,2,90.0,-0.1,90.0,-0.1,2026-05-06 06:28:18.544
7675,469332,3,-90.0,0.1,-90.0,0.096,2026-05-06 06:28:18.544
7676,469393,1,-90.0,0.1,-90.0,0.101,2026-05-06 06:28:18.544
7677,469454,2,90.0,-0.1,90.0,-0.1,2026-05-06 06:28:18.544
7678,469514,3,-90.0,0.1,-90.0,0.098,2026-05-06 06:28:18.544
7679,469575,1,-90.0,0.1,-90.0,0.103,2026-05-06 06:28:18.544
7680,469636,2,90.0,-0.1,90.0,-0.101,2026-05-06 06:28:18.544
7681,469697,3,-90.0,0.1,-90.0,0.098,2026-05-06 06:28:18.544
7682,469758,1,-90.0,0.1,-90.0,0.102,2026-05-06 06:28:18.544
7683,469819,2,90.0,-0.1,90.0,-0.103,2026-05-06 06:28:18.544
7684,469880,3,-90.0,0.1,-90.0,0.098,2026-05-06 06:28:18.544
7685,469941,1,-90.0,0.1,-90.0,0.102,2026-05-06 06:28:18.544
7686,470003,1,-90.0,0.1,-90.0,0.102,2026-05-06 06:28:18.544
7687,470064,2,90.0,-0.1,90.0,-0.105,2026-05-06 06:28:18.544
7688,470125,3,-90.0,0.1,-90.0,0.1,2026-05-06 06:28:18.544
7689,470186,1,-90.0,0.1,-90.0,0.102,2026-05-06 06:28:18.544
7690,470247,2,90.0,-0.1,90.0,-0.105,2026-05-06 06:28:18.544
7691,470308,3,-90.0,0.1,-90.0,0.1,2026-05-06 06:28:18.544
7692,470369,1,-90.0,0.1,-90.0,0.102,2026-05-06 06:28:18.544
7693,470430,2,90.0,-0.1,90.0,-0.105,2026-05-06 06:28:18.544
7694,470491,1,-90.0,0.1,-90.0,0.102,2026-05-06 06:28:18.544
7695,470552,2,90.0,-0.1,90.0,-0.102,2026-05-06 06:28:18.544
7696,470613,3,-90.0,0.1,-90.0,0.1,2026-05-06 06:28:18.544
7697,470674,1,-90.0,0.1,-90.0,0.102,2026-05-06 06:28:18.544
7698,470735,2,90.0,-0.1,90.0,-0.102,2026-05-06 06:28:18.544
7699,470796,3,-90.0,0.1,-90.0,0.1,2026-05-06 06:28:18.544
7700,470857,1,-90.0,0.1,-90.0,0.102,2026-05-06 06:28:18.544
7701,470918,2,90.0,-0.1,90.0,-0.102,2026-05-06 06:28:18.544
7702,470979,1,-90.0,0.1,-90.0,0.1,2026-05-06 06:28:18.544
7703,471040,2,90.0,-0.1,90.0,-0.101,2026-05-06 06:28:18.544
7704,471101,3,-90.0,0.1,-90.0,0.097,2026-05-06 06:28:18.544
7705,471162,1,-90.0,0.1,-90.0,0.1,2026-05-06 06:28:18.544
7706,471223,2,90.0,-0.1,90.0,-0.101,2026-05-06 06:28:18.544
7707,471284,3,-90.0,0.1,-90.0,0.097,2026-05-06 06:28:18.544
7708,471345,1,-90.0,0.1,-90.0,0.1,2026-05-06 06:28:18.544
7709,471406,2,90.0,-0.1,90.0,-0.101,2026-05-06 06:28:18.544
7710,471466,1,-90.0,0.1,-90.0,0.1,2026-05-06 06:28:18.544
7711,471527,2,90.0,-0.1,90.0,-0.098,2026-05-06 06:28:18.544
7712,471588,3,-90.0,0.1,-90.0,0.097,2026-05-06 06:28:18.544
7713,471649,1,-90.0,0.1,-90.0,0.1,2026-05-06 06:28:18.544
7714,471710,2,90.0,-0.1,90.0,-0.098,2026-05-06 06:28:18.544
7715,471771,3,-90.0,0.1,-90.0,0.097,2026-05-06 06:28:18.544
7716,471832,1,-90.0,0.1,-90.0,0.1,2026-05-06 06:28:18.544
7717,471893,2,90.0,-0.1,90.0,-0.098,2026-05-06 06:28:18.544
7718,471955,1,-90.0,0.1,-90.0,0.101,2026-05-06 06:28:18.544
7719,472016,2,90.0,-0.1,90.0,-0.101,2026-05-06 06:28:18.544
7720,472077,3,-90.0,0.1,-90.0,0.098,2026-05-06 06:28:18.544
7721,472138,1,-90.0,0.1,-90.0,0.101,2026-05-06 06:28:18.544
7722,472199,2,90.0,-0.1,90.0,-0.101,2026-05-06 06:28:18.544
7723,472260,3,-90.0,0.1,-90.0,0.098,2026-05-06 06:28:18.544
7724,472321,1,-90.0,0.1,-90.0,0.101,2026-05-06 06:28:18.544
7725,472382,2,90.0,-0.1,90.0,-0.101,2026-05-06 06:28:18.544
7726,472443,1,-90.0,0.1,-90.0,0.103,2026-05-06 06:28:18.544
7727,472504,2,90.0,-0.1,90.0,-0.102,2026-05-06 06:28:18.544
7728,472565,3,-90.0,0.1,-89.99,0.099,2026-05-06 06:28:18.544
7729,472626,1,-90.0,0.1,-90.0,0.102,2026-05-06 06:28:18.544
7730,472687,2,90.0,-0.1,90.0,-0.103,2026-05-06 06:28:18.544
7731,472748,3,-90.0,0.1,-90.0,0.1,2026-05-06 06:28:18.544
7732,472809,1,-90.0,0.1,-90.0,0.102,2026-05-06 06:28:18.544
7733,472870,2,90.0,-0.1,90.0,-0.103,2026-05-06 06:28:18.544
7734,472931,1,-90.0,0.1,-90.0,0.101,2026-05-06 06:28:18.544
7735,472992,2,90.0,-0.1,90.0,-0.101,2026-05-06 06:28:18.544
7736,473053,3,-90.0,0.1,-90.0,0.099,2026-05-06 06:28:18.544
7737,473114,1,-90.0,0.1,-90.0,0.101,2026-05-06 06:28:18.544
7738,473175,2,90.0,-0.1,90.0,-0.101,2026-05-06 06:28:18.544
7739,473236,3,-90.0,0.1,-90.0,0.099,2026-05-06 06:28:18.544
7740,473297,1,-90.0,0.1,-90.0,0.101,2026-05-06 06:28:18.544
7741,473358,2,90.0,-0.1,90.0,-0.102,2026-05-06 06:28:18.544
7742,473419,1,-90.0,0.1,-90.0,0.101,2026-05-06 06:28:18.544
7743,473480,2,90.0,-0.1,90.0,-0.099,2026-05-06 06:28:18.544
7744,473541,3,-90.0,0.1,-90.0,0.097,2026-05-06 06:28:18.544
7745,473602,1,-90.0,0.1,-90.0,0.101,2026-05-06 06:28:18.544
7746,473663,2,90.0,-0.1,90.0,-0.099,2026-05-06 06:28:18.544
7747,473724,3,-90.0,0.1,-90.0,0.097,2026-05-06 06:28:18.544
7748,473785,1,-90.0,0.1,-90.0,0.101,2026-05-06 06:28:19.254
7749,473846,2,90.0,-0.1,90.0,-0.099,2026-05-06 06:28:19.254
7750,473906,3,-90.0,0.1,-90.0,0.097,2026-05-06 06:28:19.254
7751,473967,1,-90.0,0.1,-90.0,0.099,2026-05-06 06:28:19.254
7752,474028,2,90.0,-0.1,90.0,-0.102,2026-05-06 06:28:19.254
7753,474089,3,-90.0,0.1,-90.0,0.097,2026-05-06 06:28:19.254
7754,474150,1,-90.0,0.1,-90.0,0.099,2026-05-06 06:28:19.254
7755,474211,2,90.0,-0.1,90.0,-0.102,2026-05-06 06:28:19.254
7756,474272,3,-90.0,0.1,-90.0,0.097,2026-05-06 06:28:19.254
7757,474333,1,-90.0,0.1,-90.0,0.099,2026-05-06 06:28:19.254
7758,474395,1,-90.0,0.1,-90.0,0.1,2026-05-06 06:28:19.254
7759,474456,2,90.0,-0.1,90.0,-0.102,2026-05-06 06:28:19.254
7760,474517,3,-90.0,0.1,-90.0,0.098,2026-05-06 06:28:19.254
7761,474578,1,-90.0,0.1,-90.0,0.1,2026-05-06 06:28:19.254
7762,474639,2,90.0,-0.1,90.0,-0.102,2026-05-06 06:28:19.254
7763,474700,3,-90.0,0.1,-90.0,0.098,2026-05-06 06:28:19.254
7764,474761,1,-90.0,0.1,-90.0,0.1,2026-05-06 06:28:19.254
7765,474822,2,90.0,-0.1,90.0,-0.102,2026-05-06 06:28:19.254
7766,474883,1,-90.0,0.1,-90.0,0.101,2026-05-06 06:28:19.254
7767,474944,2,90.0,-0.1,90.0,-0.1,2026-05-06 06:28:19.254
7768,475005,3,-90.0,0.1,-90.0,0.098,2026-05-06 06:28:19.254
7769,475066,1,-90.0,0.1,-90.0,0.101,2026-05-06 06:28:19.254
7770,475127,2,90.0,-0.1,90.0,-0.1,2026-05-06 06:28:19.254
7771,475188,3,-90.0,0.1,-90.0,0.098,2026-05-06 06:28:19.254
7772,475249,1,-90.0,0.1,-90.0,0.099,2026-05-06 06:28:19.254
7773,475310,2,90.0,-0.1,90.0,-0.1,2026-05-06 06:28:19.254
7774,475371,1,-90.0,0.1,-90.0,0.1,2026-05-06 06:28:19.254
7775,475432,2,90.0,-0.1,90.0,-0.1,2026-05-06 06:28:19.254
7776,475493,3,-90.0,0.1,-90.0,0.098,2026-05-06 06:28:19.254
7777,475554,1,-90.0,0.1,-90.0,0.1,2026-05-06 06:28:19.254
7778,475615,2,90.0,-0.1,90.0,-0.1,2026-05-06 06:28:19.254
7779,475676,3,-90.0,0.1,-90.0,0.098,2026-05-06 06:28:19.254
7780,475737,1,-90.0,0.1,-90.0,0.1,2026-05-06 06:28:19.254
7781,475798,2,90.0,-0.1,90.0,-0.1,2026-05-06 06:28:19.254
7782,475859,1,-90.0,0.1,-90.0,0.099,2026-05-06 06:28:19.254
7783,475920,2,90.0,-0.1,90.0,-0.101,2026-05-06 06:28:19.254
7784,475981,3,-90.0,0.1,-90.0,0.097,2026-05-06 06:28:19.254
7785,476042,1,-90.0,0.1,-90.0,0.1,2026-05-06 06:28:19.254
7786,476103,2,90.0,-0.1,90.0,-0.1,2026-05-06 06:28:19.254
7787,476164,3,-90.0,0.1,-90.0,0.097,2026-05-06 06:28:19.254
7788,476225,1,-90.0,0.1,-90.0,0.1,2026-05-06 06:28:19.254
7789,476286,2,90.0,-0.1,90.0,-0.1,2026-05-06 06:28:19.254
7790,476411,2,90.0,-0.1,90.0,-0.099,2026-05-06 06:28:19.254
7791,476472,3,-90.0,0.1,-90.0,0.098,2026-05-06 06:28:19.254
7792,476533,1,-90.0,0.1,-90.0,0.1,2026-05-06 06:28:19.254
7793,476594,2,90.0,-0.1,90.0,-0.099,2026-05-06 06:28:19.254
7794,476655,3,-90.0,0.1,-90.0,0.098,2026-05-06 06:28:19.254
7795,476716,1,-90.0,0.1,-90.0,0.099,2026-05-06 06:28:19.254
7796,476777,2,90.0,-0.1,90.0,-0.1,2026-05-06 06:28:19.254
7797,476838,1,-90.0,0.1,-90.0,0.1,2026-05-06 06:28:19.254
7798,476899,2,90.0,-0.1,90.0,-0.099,2026-05-06 06:28:19.254
7799,476960,3,-90.0,0.1,-90.0,0.097,2026-05-06 06:28:19.254
7800,477021,1,-90.0,0.1,-90.0,0.1,2026-05-06 06:28:19.254
7801,477082,2,90.0,-0.1,90.0,-0.099,2026-05-06 06:28:19.254
7802,477143,3,-90.0,0.1,-90.0,0.097,2026-05-06 06:28:19.254
7803,477204,1,-90.0,0.1,-90.0,0.1,2026-05-06 06:28:19.254
7804,477265,2,90.0,-0.1,90.0,-0.099,2026-05-06 06:28:19.254
7805,477325,3,-90.0,0.1,-90.0,0.096,2026-05-06 06:28:19.254
7806,477386,1,-90.0,0.1,-90.0,0.1,2026-05-06 06:28:19.254
7807,477447,2,90.0,-0.1,90.0,-0.1,2026-05-06 06:28:19.254
7808,477508,3,-90.0,0.1,-90.0,0.096,2026-05-06 06:28:19.254
7809,477569,1,-90.0,0.1,-90.0,0.1,2026-05-06 06:28:19.254
7810,477630,2,90.0,-0.1,90.0,-0.1,2026-05-06 06:28:19.254
7811,477691,3,-90.0,0.1,-90.0,0.096,2026-05-06 06:28:19.254
7812,477752,1,-90.0,0.1,-90.0,0.1,2026-05-06 06:28:19.254
7813,477814,1,-90.0,0.1,-90.0,0.1,2026-05-06 06:28:19.254
7814,477875,2,90.0,-0.1,90.0,-0.101,2026-05-06 06:28:19.254
7815,477936,3,-90.0,0.1,-90.0,0.097,2026-05-06 06:28:19.254
7816,477997,1,-90.0,0.1,-90.0,0.1,2026-05-06 06:28:19.254
7817,478058,2,90.0,-0.1,90.0,-0.101,2026-05-06 06:28:19.254
7818,478119,3,-90.0,0.1,-90.0,0.097,2026-05-06 06:28:19.254
7819,478180,1,-90.0,0.1,-90.0,0.1,2026-05-06 06:28:19.254
7820,478241,2,90.0,-0.1,90.0,-0.101,2026-05-06 06:28:19.254
7821,478302,1,-90.0,0.1,-90.0,0.1,2026-05-06 06:28:19.254
7822,478363,2,90.0,-0.1,90.0,-0.101,2026-05-06 06:28:19.254
7823,478424,3,-90.0,0.1,-90.0,0.098,2026-05-06 06:28:19.254
7824,478485,1,-90.0,0.1,-90.0,0.1,2026-05-06 06:28:19.254
7825,478546,2,90.0,-0.1,90.0,-0.101,2026-05-06 06:28:19.254
7826,478607,3,-90.0,0.1,-90.0,0.099,2026-05-06 06:28:19.254
7827,478668,1,-90.0,0.1,-90.0,0.101,2026-05-06 06:28:19.254
7828,478729,2,90.0,-0.1,90.0,-0.1,2026-05-06 06:28:19.254
7829,478790,1,-90.0,0.1,-90.0,0.103,2026-05-06 06:28:19.254
7830,478851,2,90.0,-0.1,90.0,-0.101,2026-05-06 06:28:19.254
7831,478912,3,-90.0,0.1,-90.0,0.099,2026-05-06 06:28:19.254
7832,478973,1,-90.0,0.1,-90.0,0.103,2026-05-06 06:28:19.254
7833,479034,2,90.0,-0.1,90.0,-0.101,2026-05-06 06:28:19.254
7834,479095,3,-90.0,0.1,-90.0,0.099,2026-05-06 06:28:19.254
7835,479156,1,-90.0,0.1,-90.0,0.103,2026-05-06 06:28:19.254
7836,479217,2,90.0,-0.1,90.0,-0.101,2026-05-06 06:28:19.254
7837,479278,1,-90.0,0.1,-90.0,0.101,2026-05-06 06:28:19.254
7838,479339,2,90.0,-0.1,90.0,-0.1,2026-05-06 06:28:19.254
7839,479400,3,-90.0,0.1,-90.0,0.098,2026-05-06 06:28:19.254
7840,479461,1,-90.0,0.1,-90.0,0.102,2026-05-06 06:28:19.254
7841,479522,2,90.0,-0.1,90.0,-0.102,2026-05-06 06:28:19.254
7842,479583,3,-90.0,0.1,-90.0,0.099,2026-05-06 06:28:19.254
7843,479644,1,-90.0,0.1,-90.0,0.102,2026-05-06 06:28:19.254
7844,479705,2,90.0,-0.1,90.0,-0.102,2026-05-06 06:28:19.254
7845,479766,1,-90.0,0.1,-90.0,0.102,2026-05-06 06:28:19.254
7846,479827,2,90.0,-0.1,90.0,-0.103,2026-05-06 06:28:19.254
7847,479888,3,-90.0,0.1,-90.0,0.099,2026-05-06 06:28:19.254
7848,479949,1,-90.0,0.1,-90.0,0.102,2026-05-06 06:28:19.254
7849,480010,2,90.0,-0.1,90.0,-0.103,2026-05-06 06:28:19.254
7850,480071,3,-90.0,0.1,-90.0,0.099,2026-05-06 06:28:19.254
7851,480132,1,-90.0,0.1,-90.0,0.101,2026-05-06 06:28:19.254
7852,480193,2,90.0,-0.1,90.0,-0.103,2026-05-06 06:28:19.254
7853,480254,1,-90.0,0.1,-90.0,0.101,2026-05-06 06:28:19.254
7854,480315,2,90.0,-0.1,90.0,-0.102,2026-05-06 06:28:19.254
7855,480376,3,-90.0,0.1,-90.0,0.099,2026-05-06 06:28:19.254
7856,480437,1,-90.0,0.1,-90.0,0.101,2026-05-06 06:28:19.254
7857,480498,2,90.0,-0.1,90.0,-0.102,2026-05-06 06:28:19.254
7858,480559,3,-90.0,0.1,-90.0,0.099,2026-05-06 06:28:19.254
7859,480620,1,-90.0,0.1,-90.0,0.101,2026-05-06 06:28:19.254
7860,480681,2,90.0,-0.1,90.0,-0.102,2026-05-06 06:28:19.254
7861,480741,3,-90.0,0.1,-90.0,0.099,2026-05-06 06:28:19.254
7862,480802,1,-90.0,0.1,-90.0,0.101,2026-05-06 06:28:19.254
7863,480863,2,90.0,-0.1,90.0,-0.102,2026-05-06 06:28:19.254
7864,480924,3,-90.0,0.1,-90.0,0.099,2026-05-06 06:28:19.254
7865,480985,1,-90.0,0.1,-90.0,0.102,2026-05-06 06:28:19.254
7866,481046,2,90.0,-0.1,90.0,-0.101,2026-05-06 06:28:19.254
7867,481107,3,-90.0,0.1,-90.0,0.1,2026-05-06 06:28:19.254
7868,481168,1,-90.0,0.1,-90.0,0.102,2026-05-06 06:28:19.254
7869,481230,1,-90.0,0.1,-90.0,0.102,2026-05-06 06:28:19.254
7870,481291,2,90.0,-0.1,90.0,-0.101,2026-05-06 06:28:19.254
7871,481352,3,-90.0,0.1,-90.0,0.099,2026-05-06 06:28:19.254
7872,481413,1,-90.0,0.1,-90.0,0.102,2026-05-06 06:28:19.254
7873,481474,2,90.0,-0.1,90.0,-0.102,2026-05-06 06:28:19.254
7874,481535,3,-90.0,0.1,-90.0,0.1,2026-05-06 06:28:19.254
7875,481596,1,-90.0,0.1,-90.0,0.101,2026-05-06 06:28:19.254
7876,481657,2,90.0,-0.1,90.0,-0.102,2026-05-06 06:28:19.254
7877,481718,1,-90.0,0.1,-90.0,0.102,2026-05-06 06:28:19.254
7878,481779,2,90.0,-0.1,90.0,-0.101,2026-05-06 06:28:19.254
7879,481840,3,-90.0,0.1,-90.0,0.098,2026-05-06 06:28:19.254
7880,481901,1,-90.0,0.1,-90.0,0.102,2026-05-06 06:28:19.967
7881,481962,2,90.0,-0.1,90.0,-0.101,2026-05-06 06:28:19.967
7882,482023,3,-90.0,0.1,-90.0,0.098,2026-05-06 06:28:19.967
7883,482084,1,-90.0,0.1,-90.0,0.102,2026-05-06 06:28:19.967
7884,482145,2,90.0,-0.1,90.0,-0.102,2026-05-06 06:28:19.967
7885,482206,1,-90.0,0.1,-90.0,0.102,2026-05-06 06:28:19.967
7886,482267,2,90.0,-0.1,90.0,-0.101,2026-05-06 06:28:19.967
7887,482328,3,-90.0,0.1,-90.01,0.098,2026-05-06 06:28:19.967
7888,482389,1,-90.0,0.1,-90.0,0.101,2026-05-06 06:28:19.967
7889,482450,2,90.0,-0.1,90.0,-0.101,2026-05-06 06:28:19.967
7890,482511,3,-90.0,0.1,-90.01,0.098,2026-05-06 06:28:19.967
7891,482572,1,-90.0,0.1,-90.0,0.101,2026-05-06 06:28:19.967
7892,482633,2,90.0,-0.1,90.0,-0.101,2026-05-06 06:28:19.967
7893,482694,1,-90.0,0.1,-90.0,0.1,2026-05-06 06:28:19.967
7894,482755,2,90.0,-0.1,90.0,-0.101,2026-05-06 06:28:19.967
7895,482816,3,-90.0,0.1,-90.0,0.1,2026-05-06 06:28:19.967
7896,482877,1,-90.0,0.1,-90.0,0.1,2026-05-06 06:28:19.967
7897,482938,2,90.0,-0.1,90.0,-0.1,2026-05-06 06:28:19.967
7898,482999,3,-90.0,0.1,-90.0,0.098,2026-05-06 06:28:19.967
7899,483060,1,-90.0,0.1,-90.0,0.101,2026-05-06 06:28:19.967
7900,483121,2,90.0,-0.1,90.0,-0.1,2026-05-06 06:28:19.967
7901,483181,3,-90.0,0.1,-90.0,0.099,2026-05-06 06:28:19.967
7902,483242,1,-90.0,0.1,-90.0,0.101,2026-05-06 06:28:19.967
7903,483303,2,90.0,-0.1,90.0,-0.1,2026-05-06 06:28:19.967
7904,483364,3,-90.0,0.1,-90.0,0.099,2026-05-06 06:28:19.967
7905,483425,1,-90.0,0.1,-90.0,0.101,2026-05-06 06:28:19.967
7906,483486,2,90.0,-0.1,90.0,-0.1,2026-05-06 06:28:19.967
7907,483547,3,-90.0,0.1,-90.0,0.099,2026-05-06 06:28:19.967
7908,483608,1,-90.0,0.1,-90.0,0.1,2026-05-06 06:28:19.967
7909,483670,1,-90.0,0.1,-90.0,0.101,2026-05-06 06:28:19.967
7910,483731,2,90.0,-0.1,90.0,-0.1,2026-05-06 06:28:19.967
7911,483792,3,-90.0,0.1,-90.0,0.098,2026-05-06 06:28:19.967
7912,483853,1,-90.0,0.1,-90.0,0.101,2026-05-06 06:28:19.967
7913,483914,2,90.0,-0.1,90.0,-0.1,2026-05-06 06:28:19.967
7914,483975,3,-90.0,0.1,-90.0,0.098,2026-05-06 06:28:19.967
7915,484036,1,-90.0,0.1,-90.0,0.101,2026-05-06 06:28:19.967
7916,484097,2,90.0,-0.1,90.0,-0.1,2026-05-06 06:28:19.967
7917,484221,1,-90.0,0.1,-90.0,0.101,2026-05-06 06:28:19.967
7918,484282,2,90.0,-0.1,90.0,-0.099,2026-05-06 06:28:19.967
7919,484343,3,-90.0,0.1,-90.0,0.097,2026-05-06 06:28:19.967
7920,484404,1,-90.0,0.1,-90.0,0.101,2026-05-06 06:28:19.967
7921,484465,2,90.0,-0.1,90.0,-0.099,2026-05-06 06:28:19.967
7922,484526,3,-90.0,0.1,-90.0,0.097,2026-05-06 06:28:19.967
7923,484587,1,-90.0,0.1,-90.0,0.101,2026-05-06 06:28:19.967
7924,484649,1,-90.0,0.1,-90.0,0.1,2026-05-06 06:28:19.967
7925,484710,2,90.0,-0.1,90.0,-0.101,2026-05-06 06:28:19.967
7926,484771,3,-90.0,0.1,-90.0,0.097,2026-05-06 06:28:19.967
7927,484832,1,-90.0,0.1,-90.0,0.1,2026-05-06 06:28:19.967
7928,484893,2,90.0,-0.1,90.0,-0.1,2026-05-06 06:28:19.967
7929,484954,3,-90.0,0.1,-90.0,0.099,2026-05-06 06:28:19.967
7930,485015,1,-90.0,0.1,-90.0,0.1,2026-05-06 06:28:19.967
7931,485076,2,90.0,-0.1,90.0,-0.1,2026-05-06 06:28:19.967
7932,485137,1,-90.0,0.1,-90.0,0.1,2026-05-06 06:28:19.967
7933,485198,2,90.0,-0.1,90.0,-0.1,2026-05-06 06:28:19.967
7934,485259,3,-90.0,0.1,-90.0,0.099,2026-05-06 06:28:19.967
7935,485320,1,-90.0,0.1,-90.0,0.1,2026-05-06 06:28:19.967
7936,485381,2,90.0,-0.1,90.0,-0.1,2026-05-06 06:28:19.967
7937,485442,3,-90.0,0.1,-90.0,0.099,2026-05-06 06:28:19.967
7938,485503,1,-90.0,0.1,-90.0,0.1,2026-05-06 06:28:19.967
7939,485564,2,90.0,-0.1,90.0,-0.1,2026-05-06 06:28:19.967
7940,485625,1,-90.0,0.1,-90.0,0.101,2026-05-06 06:28:19.967
7941,485686,2,90.0,-0.1,90.0,-0.1,2026-05-06 06:28:19.967
7942,485747,3,-90.0,0.1,-90.0,0.099,2026-05-06 06:28:19.967
7943,485808,1,-90.0,0.1,-90.0,0.101,2026-05-06 06:28:19.967
7944,485869,2,90.0,-0.1,90.0,-0.1,2026-05-06 06:28:19.967
7945,485930,3,-90.0,0.1,-90.0,0.099,2026-05-06 06:28:19.967
7946,485991,1,-90.0,0.1,-90.0,0.101,2026-05-06 06:28:19.967
7947,486052,2,90.0,-0.1,90.0,-0.1,2026-05-06 06:28:19.967
7948,486113,1,-90.0,0.1,-90.0,0.1,2026-05-06 06:28:19.967
7949,486174,2,90.0,-0.1,90.0,-0.1,2026-05-06 06:28:19.967
7950,486235,3,-90.0,0.1,-90.0,0.1,2026-05-06 06:28:19.967
7951,486296,1,-90.0,0.1,-90.0,0.1,2026-05-06 06:28:19.967
7952,486357,2,90.0,-0.1,90.0,-0.1,2026-05-06 06:28:19.967
7953,486418,3,-90.0,0.1,-90.0,0.1,2026-05-06 06:28:19.967
7954,486479,1,-90.0,0.1,-90.0,0.101,2026-05-06 06:28:19.967
7955,486540,2,90.0,-0.1,90.0,-0.102,2026-05-06 06:28:19.967
7956,486601,1,-90.0,0.1,-90.0,0.101,2026-05-06 06:28:19.967
7957,486662,2,90.0,-0.1,90.0,-0.102,2026-05-06 06:28:19.967
7958,486723,3,-90.0,0.1,-90.0,0.099,2026-05-06 06:28:19.967
7959,486784,1,-90.0,0.1,-90.0,0.101,2026-05-06 06:28:19.967
7960,486845,2,90.0,-0.1,90.0,-0.102,2026-05-06 06:28:19.967
7961,486906,3,-90.0,0.1,-90.0,0.099,2026-05-06 06:28:19.967
7962,486967,1,-90.0,0.1,-90.0,0.101,2026-05-06 06:28:19.967
7963,487028,2,90.0,-0.1,90.0,-0.102,2026-05-06 06:28:19.967
7964,487089,1,-90.0,0.1,-90.0,0.101,2026-05-06 06:28:19.967
7965,487150,2,90.0,-0.1,90.0,-0.102,2026-05-06 06:28:19.967
7966,487211,3,-90.0,0.1,-90.0,0.1,2026-05-06 06:28:19.967
7967,487272,1,-90.0,0.1,-90.0,0.101,2026-05-06 06:28:19.967
7968,487333,2,90.0,-0.1,90.0,-0.102,2026-05-06 06:28:19.967
7969,487394,3,-90.0,0.1,-90.0,0.1,2026-05-06 06:28:19.967
7970,487455,1,-90.0,0.1,-90.0,0.101,2026-05-06 06:28:19.967
7971,487516,2,90.0,-0.1,90.0,-0.102,2026-05-06 06:28:19.967
7972,487576,3,-90.0,0.1,-90.0,0.099,2026-05-06 06:28:19.967
7973,487637,1,-90.0,0.1,-90.0,0.101,2026-05-06 06:28:19.967
7974,487698,2,90.0,-0.1,90.0,-0.101,2026-05-06 06:28:19.967
7975,487759,3,-90.0,0.1,-90.0,0.1,2026-05-06 06:28:19.967
7976,487820,1,-90.0,0.1,-90.0,0.101,2026-05-06 06:28:19.967
7977,487881,2,90.0,-0.1,90.0,-0.101,2026-05-06 06:28:19.967
7978,487942,3,-90.0,0.1,-90.0,0.1,2026-05-06 06:28:19.967
7979,488003,1,-90.0,0.1,-90.0,0.101,2026-05-06 06:28:19.967
7980,488065,1,-90.0,0.1,-90.0,0.1,2026-05-06 06:28:19.967
7981,488126,2,90.0,-0.1,90.0,-0.101,2026-05-06 06:28:19.967
7982,488187,3,-90.0,0.1,-90.0,0.099,2026-05-06 06:28:19.967
7983,488248,1,-90.0,0.1,-90.0,0.1,2026-05-06 06:28:19.967
7984,488309,2,90.0,-0.1,90.0,-0.101,2026-05-06 06:28:19.967
7985,488370,3,-90.0,0.1,-90.0,0.099,2026-05-06 06:28:19.967
7986,488431,1,-90.0,0.1,-90.0,0.1,2026-05-06 06:28:19.967
7987,488492,2,90.0,-0.1,90.0,-0.101,2026-05-06 06:28:19.967
7988,488553,1,-90.0,0.1,-90.0,0.1,2026-05-06 06:28:19.967
7989,488614,2,90.0,-0.1,90.0,-0.101,2026-05-06 06:28:19.967
7990,488675,3,-90.0,0.1,-90.0,0.099,2026-05-06 06:28:19.967
7991,488736,1,-90.0,0.1,-90.0,0.101,2026-05-06 06:28:19.967
7992,488797,2,90.0,-0.1,90.0,-0.1,2026-05-06 06:28:19.967
7993,488858,3,-90.0,0.1,-90.0,0.099,2026-05-06 06:28:19.967
7994,488919,1,-90.0,0.1,-90.0,0.101,2026-05-06 06:28:19.967
7995,488980,2,90.0,-0.1,90.0,-0.1,2026-05-06 06:28:19.967
7996,489041,1,-90.0,0.1,-90.0,0.1,2026-05-06 06:28:19.967
7997,489102,2,90.0,-0.1,90.0,-0.101,2026-05-06 06:28:19.967
7998,489163,3,-90.0,0.1,-90.0,0.099,2026-05-06 06:28:19.967
7999,489224,1,-90.0,0.1,-90.0,0.1,2026-05-06 06:28:19.967
8000,489285,2,90.0,-0.1,90.0,-0.101,2026-05-06 06:28:19.967
8001,489346,3,-90.0,0.1,-90.0,0.099,2026-05-06 06:28:19.967
8002,489407,1,-90.0,0.1,-90.0,0.1,2026-05-06 06:28:19.967
8003,489468,2,90.0,-0.1,90.0,-0.101,2026-05-06 06:28:19.967
8004,489529,1,-90.0,0.1,-90.0,0.1,2026-05-06 06:28:19.967
8005,489590,2,90.0,-0.1,90.0,-0.1,2026-05-06 06:28:19.967
8006,489651,3,-90.0,0.1,-90.0,0.1,2026-05-06 06:28:19.967
8007,489712,1,-90.0,0.1,-90.0,0.099,2026-05-06 06:28:19.967
8008,489773,2,90.0,-0.1,90.0,-0.099,2026-05-06 06:28:19.967
8009,489834,3,-90.0,0.1,-90.0,0.098,2026-05-06 06:28:19.967
8010,489895,1,-90.0,0.1,-90.0,0.099,2026-05-06 06:28:19.967
8011,489956,2,90.0,-0.1,90.0,-0.099,2026-05-06 06:28:19.967
8012,490017,1,-90.0,0.1,-90.0,0.098,2026-05-06 06:28:20.676
8013,490078,2,90.0,-0.1,90.0,-0.1,2026-05-06 06:28:20.676
8014,490139,3,-90.0,0.1,-90.0,0.098,2026-05-06 06:28:20.676
8015,490200,1,-90.0,0.1,-90.0,0.098,2026-05-06 06:28:20.676
8016,490261,2,90.0,-0.1,90.0,-0.1,2026-05-06 06:28:20.676
8017,490322,3,-90.0,0.1,-90.0,0.098,2026-05-06 06:28:20.676
8018,490383,1,-90.0,0.1,-90.0,0.1,2026-05-06 06:28:20.676
8019,490444,2,90.0,-0.1,90.0,-0.099,2026-05-06 06:28:20.676
8020,490505,1,-90.0,0.1,-90.0,0.101,2026-05-06 06:28:20.676
8021,490566,2,90.0,-0.1,90.0,-0.101,2026-05-06 06:28:20.676
8022,490627,3,-90.0,0.1,-89.99,0.099,2026-05-06 06:28:20.676
8023,490688,1,-90.0,0.1,-90.0,0.101,2026-05-06 06:28:20.676
8024,490749,2,90.0,-0.1,90.0,-0.101,2026-05-06 06:28:20.676
8025,490810,3,-90.0,0.1,-89.99,0.099,2026-05-06 06:28:20.676
8026,490871,1,-90.0,0.1,-90.0,0.101,2026-05-06 06:28:20.676
8027,490932,2,90.0,-0.1,90.0,-0.101,2026-05-06 06:28:20.676
8028,490992,3,-90.0,0.1,-90.0,0.099,2026-05-06 06:28:20.676
8029,491053,1,-90.0,0.1,-90.0,0.101,2026-05-06 06:28:20.676
8030,491114,2,90.0,-0.1,90.0,-0.1,2026-05-06 06:28:20.676
8031,491175,3,-90.0,0.1,-90.0,0.099,2026-05-06 06:28:20.676
8032,491236,1,-90.0,0.1,-90.0,0.101,2026-05-06 06:28:20.676
8033,491297,2,90.0,-0.1,90.0,-0.1,2026-05-06 06:28:20.676
8034,491358,3,-90.0,0.1,-90.0,0.099,2026-05-06 06:28:20.676
8035,491419,1,-90.0,0.1,-90.0,0.1,2026-05-06 06:28:20.676
8036,491482,1,-90.0,0.1,-90.0,0.101,2026-05-06 06:28:20.676
8037,491543,2,90.0,-0.1,90.0,-0.1,2026-05-06 06:28:20.676
8038,491604,3,-90.0,0.1,-89.99,0.1,2026-05-06 06:28:20.676
8039,491665,1,-90.0,0.1,-90.0,0.101,2026-05-06 06:28:20.676
8040,491726,2,90.0,-0.1,90.0,-0.1,2026-05-06 06:28:20.676
8041,491787,3,-90.0,0.1,-89.99,0.1,2026-05-06 06:28:20.676
8042,491848,1,-90.0,0.1,-90.0,0.1,2026-05-06 06:28:20.676
8043,491909,2,90.0,-0.1,90.0,-0.1,2026-05-06 06:28:20.676
8044,492033,2,90.0,-0.1,90.0,-0.101,2026-05-06 06:28:20.676
8045,492094,3,-90.0,0.1,-90.01,0.097,2026-05-06 06:28:20.676
8046,492155,1,-90.0,0.1,-90.0,0.099,2026-05-06 06:28:20.676
8047,492216,2,90.0,-0.1,90.0,-0.101,2026-05-06 06:28:20.676
8048,492277,3,-90.0,0.1,-90.01,0.097,2026-05-06 06:28:20.676
8049,492338,1,-90.0,0.1,-90.0,0.099,2026-05-06 06:28:20.676
8050,492399,2,90.0,-0.1,90.0,-0.101,2026-05-06 06:28:20.676
8051,492460,1,-90.0,0.1,-90.0,0.099,2026-05-06 06:28:20.676
8052,492521,2,90.0,-0.1,90.0,-0.1,2026-05-06 06:28:20.676
8053,492582,3,-90.0,0.1,-90.0,0.098,2026-05-06 06:28:20.676
8054,492643,1,-90.0,0.1,-90.0,0.099,2026-05-06 06:28:20.676
8055,492704,2,90.0,-0.1,90.0,-0.1,2026-05-06 06:28:20.676
8056,492765,3,-90.0,0.1,-90.0,0.098,2026-05-06 06:28:20.676
8057,492826,1,-90.0,0.1,-90.0,0.099,2026-05-06 06:28:20.676
8058,492887,2,90.0,-0.1,90.0,-0.1,2026-05-06 06:28:20.676
8059,492948,1,-90.0,0.1,-90.0,0.1,2026-05-06 06:28:20.676
8060,493009,2,90.0,-0.1,90.0,-0.101,2026-05-06 06:28:20.676
8061,493070,3,-90.0,0.1,-90.0,0.098,2026-05-06 06:28:20.676
8062,493131,1,-90.0,0.1,-90.0,0.1,2026-05-06 06:28:20.676
8063,493192,2,90.0,-0.1,90.0,-0.1,2026-05-06 06:28:20.676
8064,493253,3,-90.0,0.1,-90.0,0.099,2026-05-06 06:28:20.676
8065,493314,1,-90.0,0.1,-90.0,0.1,2026-05-06 06:28:20.676
8066,493375,2,90.0,-0.1,90.0,-0.1,2026-05-06 06:28:20.676
8067,493436,1,-90.0,0.1,-90.0,0.1,2026-05-06 06:28:20.676
8068,493497,2,90.0,-0.1,90.0,-0.098,2026-05-06 06:28:20.676
8069,493558,3,-90.0,0.1,-90.0,0.1,2026-05-06 06:28:20.676
8070,493619,1,-90.0,0.1,-90.0,0.1,2026-05-06 06:28:20.676
8071,493680,2,90.0,-0.1,90.0,-0.098,2026-05-06 06:28:20.676
8072,493741,3,-90.0,0.1,-90.0,0.1,2026-05-06 06:28:20.676
8073,493802,1,-90.0,0.1,-90.0,0.099,2026-05-06 06:28:20.676
8074,493863,2,90.0,-0.1,90.0,-0.099,2026-05-06 06:28:20.676
8075,493924,1,-90.0,0.1,-90.0,0.1,2026-05-06 06:28:20.676
8076,493985,2,90.0,-0.1,90.0,-0.1,2026-05-06 06:28:20.676
8077,494046,3,-90.0,0.1,-90.0,0.098,2026-05-06 06:28:20.676
8078,494107,1,-90.0,0.1,-90.0,0.101,2026-05-06 06:28:20.676
8079,494168,2,90.0,-0.1,90.01,-0.103,2026-05-06 06:28:20.676
8080,494229,3,-90.0,0.1,-90.0,0.098,2026-05-06 06:28:20.676
8081,494290,1,-90.0,0.1,-90.0,0.101,2026-05-06 06:28:20.676
8082,494351,2,90.0,-0.1,90.01,-0.103,2026-05-06 06:28:20.676
8083,494411,3,-90.0,0.1,-90.0,0.1,2026-05-06 06:28:20.676
8084,494472,1,-90.0,0.1,-90.0,0.103,2026-05-06 06:28:20.676
8085,494533,2,90.0,-0.1,90.0,-0.103,2026-05-06 06:28:20.676
8086,494594,3,-90.0,0.1,-90.0,0.1,2026-05-06 06:28:20.676
8087,494655,1,-90.0,0.1,-90.0,0.102,2026-05-06 06:28:20.676
8088,494716,2,90.0,-0.1,90.0,-0.103,2026-05-06 06:28:20.676
8089,494777,3,-90.0,0.1,-90.0,0.101,2026-05-06 06:28:20.676
8090,494838,1,-90.0,0.1,-90.0,0.102,2026-05-06 06:28:20.676
8091,494900,1,-90.0,0.1,-90.0,0.1,2026-05-06 06:28:20.676
8092,494961,2,90.0,-0.1,90.0,-0.101,2026-05-06 06:28:20.676
8093,495022,3,-90.0,0.1,-90.0,0.101,2026-05-06 06:28:20.676
8094,495083,1,-90.0,0.1,-90.0,0.1,2026-05-06 06:28:20.676
8095,495144,2,90.0,-0.1,90.0,-0.101,2026-05-06 06:28:20.676
8096,495205,3,-90.0,0.1,-90.0,0.101,2026-05-06 06:28:20.676
8097,495266,1,-90.0,0.1,-90.0,0.099,2026-05-06 06:28:20.676
8098,495327,2,90.0,-0.1,90.0,-0.099,2026-05-06 06:28:20.676
8099,495388,1,-90.0,0.1,-90.0,0.097,2026-05-06 06:28:20.676
8100,495449,2,90.0,-0.1,90.0,-0.098,2026-05-06 06:28:20.676
8101,495510,3,-90.0,0.1,-90.0,0.099,2026-05-06 06:28:20.676
8102,495571,1,-90.0,0.1,-90.0,0.096,2026-05-06 06:28:20.676
8103,495632,2,90.0,-0.1,90.0,-0.097,2026-05-06 06:28:20.676
8104,495693,3,-90.0,0.1,-90.0,0.097,2026-05-06 06:28:20.676
8105,495754,1,-90.0,0.1,-90.0,0.096,2026-05-06 06:28:20.676
8106,495815,2,90.0,-0.1,90.0,-0.097,2026-05-06 06:28:20.676
8107,495876,1,-90.0,0.1,-90.0,0.1,2026-05-06 06:28:20.676
8108,495937,2,90.0,-0.1,90.0,-0.1,2026-05-06 06:28:20.676
8109,495998,3,-90.0,0.1,-90.0,0.095,2026-05-06 06:28:20.676
8110,496059,1,-90.0,0.1,-90.0,0.1,2026-05-06 06:28:20.676
8111,496120,2,90.0,-0.1,90.0,-0.1,2026-05-06 06:28:20.676
8112,496181,3,-90.0,0.1,-90.0,0.095,2026-05-06 06:28:20.676
8113,496242,1,-90.0,0.1,-90.0,0.1,2026-05-06 06:28:20.676
8114,496303,2,90.0,-0.1,90.0,-0.1,2026-05-06 06:28:20.676
8115,496364,1,-90.0,0.1,-90.0,0.101,2026-05-06 06:28:20.676
8116,496425,2,90.0,-0.1,90.0,-0.101,2026-05-06 06:28:20.676
8117,496486,3,-90.0,0.1,-90.0,0.099,2026-05-06 06:28:20.676
8118,496547,1,-90.0,0.1,-90.0,0.103,2026-05-06 06:28:20.676
8119,496608,2,90.0,-0.1,90.0,-0.102,2026-05-06 06:28:20.676
8120,496669,3,-90.0,0.1,-90.0,0.1,2026-05-06 06:28:20.676
8121,496730,1,-90.0,0.1,-90.0,0.103,2026-05-06 06:28:20.676
8122,496791,2,90.0,-0.1,90.0,-0.102,2026-05-06 06:28:20.676
8123,496852,1,-90.0,0.1,-90.0,0.103,2026-05-06 06:28:20.676
8124,496913,2,90.0,-0.1,90.0,-0.103,2026-05-06 06:28:20.676
8125,496974,3,-90.0,0.1,-90.0,0.103,2026-05-06 06:28:20.676
8126,497035,1,-90.0,0.1,-90.0,0.103,2026-05-06 06:28:20.676
8127,497096,2,90.0,-0.1,90.0,-0.103,2026-05-06 06:28:20.676
8128,497157,3,-90.0,0.1,-90.0,0.103,2026-05-06 06:28:20.676
8129,497218,1,-90.0,0.1,-90.0,0.102,2026-05-06 06:28:20.676
8130,497279,2,90.0,-0.1,90.0,-0.102,2026-05-06 06:28:20.676
8131,497340,1,-90.0,0.1,-90.0,0.102,2026-05-06 06:28:20.676
8132,497401,2,90.0,-0.1,90.0,-0.102,2026-05-06 06:28:20.676
8133,497462,3,-90.0,0.1,-90.0,0.102,2026-05-06 06:28:20.676
8134,497523,1,-90.0,0.1,-90.0,0.102,2026-05-06 06:28:20.676
8135,497584,2,90.0,-0.1,90.0,-0.102,2026-05-06 06:28:20.676
8136,497645,3,-90.0,0.1,-90.0,0.102,2026-05-06 06:28:20.676
8137,497706,1,-90.0,0.1,-90.0,0.102,2026-05-06 06:28:20.676
8138,497767,2,90.0,-0.1,90.0,-0.102,2026-05-06 06:28:20.676
8139,497827,3,-90.0,0.1,-90.0,0.099,2026-05-06 06:28:20.676
8140,497888,1,-90.0,0.1,-90.0,0.101,2026-05-06 06:28:20.676
8141,497949,2,90.0,-0.1,90.0,-0.101,2026-05-06 06:28:20.676
8142,498010,3,-90.0,0.1,-90.0,0.099,2026-05-06 06:28:20.676
8143,498071,1,-90.0,0.1,-90.0,0.101,2026-05-06 06:28:20.676
8144,498132,2,90.0,-0.1,90.0,-0.099,2026-05-06 06:28:21.389
8145,498193,3,-90.0,0.1,-90.0,0.098,2026-05-06 06:28:21.389
8146,498254,1,-90.0,0.1,-90.0,0.101,2026-05-06 06:28:21.389
8147,498316,1,-90.0,0.1,-90.0,0.101,2026-05-06 06:28:21.389
8148,498377,2,90.0,-0.1,90.0,-0.099,2026-05-06 06:28:21.389
8149,498438,3,-90.0,0.1,-90.0,0.098,2026-05-06 06:28:21.389
8150,498499,1,-90.0,0.1,-90.0,0.101,2026-05-06 06:28:21.389
8151,498560,2,90.0,-0.1,90.0,-0.099,2026-05-06 06:28:21.389
8152,498621,3,-90.0,0.1,-90.0,0.098,2026-05-06 06:28:21.389
8153,498682,1,-90.0,0.1,-90.0,0.101,2026-05-06 06:28:21.389
8154,498743,2,90.0,-0.1,90.0,-0.099,2026-05-06 06:28:21.389
8155,498803,1,-90.0,0.1,-90.0,0.101,2026-05-06 06:28:21.389
8156,498864,2,90.0,-0.1,90.0,-0.101,2026-05-06 06:28:21.389
8157,498925,3,-90.0,0.1,-90.0,0.099,2026-05-06 06:28:21.389
8158,498986,1,-90.0,0.1,-90.0,0.102,2026-05-06 06:28:21.389
8159,499047,2,90.0,-0.1,90.0,-0.101,2026-05-06 06:28:21.389
8160,499108,3,-90.0,0.1,-90.0,0.099,2026-05-06 06:28:21.389
8161,499169,1,-90.0,0.1,-90.0,0.102,2026-05-06 06:28:21.389
8162,499230,2,90.0,-0.1,90.0,-0.101,2026-05-06 06:28:21.389
8163,499292,1,-90.0,0.1,-90.0,0.102,2026-05-06 06:28:21.389
8164,499353,2,90.0,-0.1,90.0,-0.102,2026-05-06 06:28:21.389
8165,499414,3,-90.0,0.1,-90.0,0.101,2026-05-06 06:28:21.389
8166,499475,1,-90.0,0.1,-90.0,0.101,2026-05-06 06:28:21.389
8167,499536,2,90.0,-0.1,90.0,-0.102,2026-05-06 06:28:21.389
8168,499597,3,-90.0,0.1,-90.0,0.101,2026-05-06 06:28:21.389
8169,499658,1,-90.0,0.1,-90.0,0.101,2026-05-06 06:28:21.389
8170,499719,2,90.0,-0.1,90.0,-0.102,2026-05-06 06:28:21.389
8171,499844,2,90.0,-0.1,90.0,-0.1,2026-05-06 06:28:21.389
8172,499905,3,-90.0,0.1,-90.0,0.1,2026-05-06 06:28:21.389
8173,499966,1,-90.0,0.1,-90.0,0.1,2026-05-06 06:28:21.389
8174,500027,2,90.0,-0.1,90.0,-0.1,2026-05-06 06:28:21.389
8175,500088,3,-90.0,0.1,-90.0,0.1,2026-05-06 06:28:21.389
8176,500149,1,-90.0,0.1,-90.0,0.099,2026-05-06 06:28:21.389
8177,500210,2,90.0,-0.1,90.0,-0.099,2026-05-06 06:28:21.389
8178,500271,1,-90.0,0.1,-90.0,0.099,2026-05-06 06:28:21.389
8179,500332,2,90.0,-0.1,90.0,-0.099,2026-05-06 06:28:21.389
8180,500393,3,-90.0,0.1,-90.0,0.1,2026-05-06 06:28:21.389
8181,500454,1,-90.0,0.1,-90.0,0.099,2026-05-06 06:28:21.389
8182,500515,2,90.0,-0.1,90.0,-0.099,2026-05-06 06:28:21.389
8183,500576,3,-90.0,0.1,-90.0,0.1,2026-05-06 06:28:21.389
8184,500637,1,-90.0,0.1,-90.0,0.099,2026-05-06 06:28:21.389
8185,500698,2,90.0,-0.1,90.0,-0.1,2026-05-06 06:28:21.389
8186,500759,1,-90.0,0.1,-90.0,0.099,2026-05-06 06:28:21.389
8187,500820,2,90.0,-0.1,90.0,-0.101,2026-05-06 06:28:21.389
8188,500881,3,-90.0,0.1,-90.0,0.099,2026-05-06 06:28:21.389
8189,500942,1,-90.0,0.1,-90.0,0.101,2026-05-06 06:28:21.389
8190,501003,2,90.0,-0.1,90.0,-0.1,2026-05-06 06:28:21.389
8191,501064,3,-90.0,0.1,-90.0,0.098,2026-05-06 06:28:21.389
8192,501125,1,-90.0,0.1,-90.0,0.101,2026-05-06 06:28:21.389
8193,501186,2,90.0,-0.1,90.0,-0.1,2026-05-06 06:28:21.389
8194,501246,3,-90.0,0.1,-90.0,0.1,2026-05-06 06:28:21.389
8195,501307,1,-90.0,0.1,-90.0,0.1,2026-05-06 06:28:21.389
8196,501368,2,90.0,-0.1,90.0,-0.1,2026-05-06 06:28:21.389
8197,501429,3,-90.0,0.1,-90.0,0.1,2026-05-06 06:28:21.389
8198,501490,1,-90.0,0.1,-90.0,0.101,2026-05-06 06:28:21.389
8199,501551,2,90.0,-0.1,90.0,-0.101,2026-05-06 06:28:21.389
8200,501612,3,-90.0,0.1,-90.0,0.098,2026-05-06 06:28:21.389
8201,501673,1,-90.0,0.1,-90.0,0.101,2026-05-06 06:28:21.389
8202,501735,1,-90.0,0.1,-90.0,0.101,2026-05-06 06:28:21.389
8203,501796,2,90.0,-0.1,90.0,-0.101,2026-05-06 06:28:21.389
8204,501857,3,-90.0,0.1,-90.0,0.099,2026-05-06 06:28:21.389
8205,501918,1,-90.0,0.1,-90.0,0.101,2026-05-06 06:28:21.389
8206,501979,2,90.0,-0.1,90.0,-0.101,2026-05-06 06:28:21.389
8207,502040,3,-90.0,0.1,-90.0,0.099,2026-05-06 06:28:21.389
8208,502101,1,-90.0,0.1,-90.0,0.101,2026-05-06 06:28:21.389
8209,502162,2,90.0,-0.1,90.0,-0.101,2026-05-06 06:28:21.389
8210,502223,1,-90.0,0.1,-90.0,0.1,2026-05-06 06:28:21.389
8211,502284,2,90.0,-0.1,90.0,-0.1,2026-05-06 06:28:21.389
8212,502345,3,-90.0,0.1,-89.99,0.1,2026-05-06 06:28:21.389
8213,502406,1,-90.0,0.1,-90.0,0.1,2026-05-06 06:28:21.389
8214,502467,2,90.0,-0.1,90.0,-0.101,2026-05-06 06:28:21.389
8215,502528,3,-90.0,0.1,-89.99,0.1,2026-05-06 06:28:21.389
8216,502589,1,-90.0,0.1,-90.0,0.1,2026-05-06 06:28:21.389
8217,502650,2,90.0,-0.1,90.0,-0.101,2026-05-06 06:28:21.389
8218,502711,1,-90.0,0.1,-90.0,0.1,2026-05-06 06:28:21.389
8219,502772,2,90.0,-0.1,90.0,-0.1,2026-05-06 06:28:21.389
8220,502833,3,-90.0,0.1,-90.0,0.099,2026-05-06 06:28:21.389
8221,502894,1,-90.0,0.1,-90.0,0.1,2026-05-06 06:28:21.389
8222,502955,2,90.0,-0.1,90.0,-0.099,2026-05-06 06:28:21.389
8223,503016,3,-90.0,0.1,-90.0,0.099,2026-05-06 06:28:21.389
8224,503077,1,-90.0,0.1,-90.0,0.1,2026-05-06 06:28:21.389
8225,503138,2,90.0,-0.1,90.0,-0.099,2026-05-06 06:28:21.389
8226,503199,1,-90.0,0.1,-90.0,0.098,2026-05-06 06:28:21.389
8227,503260,2,90.0,-0.1,90.0,-0.099,2026-05-06 06:28:21.389
8228,503321,3,-90.0,0.1,-90.0,0.099,2026-05-06 06:28:21.389
8229,503382,1,-90.0,0.1,-90.0,0.098,2026-05-06 06:28:21.389
8230,503443,2,90.0,-0.1,90.0,-0.099,2026-05-06 06:28:21.389
8231,503504,3,-90.0,0.1,-90.0,0.098,2026-05-06 06:28:21.389
8232,503565,1,-90.0,0.1,-90.0,0.099,2026-05-06 06:28:21.389
8233,503626,2,90.0,-0.1,90.0,-0.099,2026-05-06 06:28:21.389
8234,503687,1,-90.0,0.1,-90.0,0.099,2026-05-06 06:28:21.389
8235,503748,2,90.0,-0.1,90.0,-0.099,2026-05-06 06:28:21.389
8236,503809,3,-90.0,0.1,-90.01,0.098,2026-05-06 06:28:21.389
8237,503870,1,-90.0,0.1,-90.0,0.099,2026-05-06 06:28:21.389
8238,503931,2,90.0,-0.1,90.0,-0.099,2026-05-06 06:28:21.389
8239,503992,3,-90.0,0.1,-90.01,0.098,2026-05-06 06:28:21.389
8240,504053,1,-90.0,0.1,-90.0,0.099,2026-05-06 06:28:21.389
8241,504114,2,90.0,-0.1,90.0,-0.101,2026-05-06 06:28:21.389
8242,504175,1,-90.0,0.1,-90.0,0.1,2026-05-06 06:28:21.389
8243,504236,2,90.0,-0.1,90.0,-0.1,2026-05-06 06:28:21.389
8244,504297,3,-90.0,0.1,-90.0,0.098,2026-05-06 06:28:21.389
8245,504358,1,-90.0,0.1,-90.0,0.1,2026-05-06 06:28:21.389
8246,504419,2,90.0,-0.1,90.0,-0.1,2026-05-06 06:28:21.389
8247,504480,3,-90.0,0.1,-90.0,0.098,2026-05-06 06:28:21.389
8248,504541,1,-90.0,0.1,-90.0,0.1,2026-05-06 06:28:21.389
8249,504602,2,90.0,-0.1,90.0,-0.1,2026-05-06 06:28:21.389
8250,504662,3,-90.0,0.1,-90.0,0.1,2026-05-06 06:28:21.389
8251,504723,1,-90.0,0.1,-90.0,0.099,2026-05-06 06:28:21.389
8252,504784,2,90.0,-0.1,90.0,-0.1,2026-05-06 06:28:21.389
8253,504845,3,-90.0,0.1,-90.0,0.099,2026-05-06 06:28:21.389
8254,504906,1,-90.0,0.1,-90.0,0.099,2026-05-06 06:28:21.389
8255,504967,2,90.0,-0.1,90.0,-0.1,2026-05-06 06:28:21.389
8256,505028,3,-90.0,0.1,-90.0,0.099,2026-05-06 06:28:21.389
8257,505089,1,-90.0,0.1,-90.0,0.099,2026-05-06 06:28:21.389
8258,505151,1,-90.0,0.1,-90.0,0.1,2026-05-06 06:28:21.389
8259,505212,2,90.0,-0.1,90.0,-0.1,2026-05-06 06:28:21.389
8260,505273,3,-90.0,0.1,-90.01,0.099,2026-05-06 06:28:21.389
8261,505334,1,-90.0,0.1,-90.0,0.1,2026-05-06 06:28:21.389
8262,505395,2,90.0,-0.1,90.0,-0.1,2026-05-06 06:28:21.389
8263,505456,3,-90.0,0.1,-90.0,0.099,2026-05-06 06:28:21.389
8264,505517,1,-90.0,0.1,-90.0,0.1,2026-05-06 06:28:21.389
8265,505578,2,90.0,-0.1,90.0,-0.1,2026-05-06 06:28:21.389
8266,505639,1,-90.0,0.1,-90.0,0.098,2026-05-06 06:28:21.389
8267,505700,2,90.0,-0.1,90.0,-0.1,2026-05-06 06:28:21.389
8268,505761,3,-90.0,0.1,-90.0,0.097,2026-05-06 06:28:21.389
8269,505822,1,-90.0,0.1,-90.0,0.098,2026-05-06 06:28:21.389
8270,505883,2,90.0,-0.1,90.0,-0.1,2026-05-06 06:28:21.389
8271,505944,3,-90.0,0.1,-90.0,0.097,2026-05-06 06:28:21.389
8272,506005,1,-90.0,0.1,-90.0,0.098,2026-05-06 06:28:21.389
8273,506066,2,90.0,-0.1,90.0,-0.1,2026-05-06 06:28:21.389
8274,506127,1,-90.0,0.1,-90.0,0.099,2026-05-06 06:28:21.389
8275,506188,2,90.0,-0.1,90.0,-0.098,2026-05-06 06:28:22.099
8276,506249,3,-90.0,0.1,-90.0,0.099,2026-05-06 06:28:22.099
8277,506310,1,-90.0,0.1,-90.0,0.099,2026-05-06 06:28:22.099
8278,506371,2,90.0,-0.1,90.0,-0.098,2026-05-06 06:28:22.099
8279,506432,3,-90.0,0.1,-90.0,0.099,2026-05-06 06:28:22.099
8280,506493,1,-90.0,0.1,-90.0,0.099,2026-05-06 06:28:22.099
8281,506554,2,90.0,-0.1,90.0,-0.098,2026-05-06 06:28:22.099
8282,506615,1,-90.0,0.1,-90.0,0.098,2026-05-06 06:28:22.099
8283,506676,2,90.0,-0.1,90.0,-0.099,2026-05-06 06:28:22.099
8284,506737,3,-90.0,0.1,-90.0,0.099,2026-05-06 06:28:22.099
8285,506798,1,-90.0,0.1,-90.0,0.1,2026-05-06 06:28:22.099
8286,506859,2,90.0,-0.1,90.0,-0.099,2026-05-06 06:28:22.099
8287,506920,3,-90.0,0.1,-90.0,0.098,2026-05-06 06:28:22.099
8288,506981,1,-90.0,0.1,-90.0,0.1,2026-05-06 06:28:22.099
8289,507042,2,90.0,-0.1,90.0,-0.099,2026-05-06 06:28:22.099
8290,507103,1,-90.0,0.1,-90.0,0.101,2026-05-06 06:28:22.099
8291,507164,2,90.0,-0.1,90.0,-0.1,2026-05-06 06:28:22.099
8292,507225,3,-90.0,0.1,-90.0,0.099,2026-05-06 06:28:22.099
8293,507286,1,-90.0,0.1,-90.0,0.101,2026-05-06 06:28:22.099
8294,507347,2,90.0,-0.1,90.0,-0.1,2026-05-06 06:28:22.099
8295,507408,3,-90.0,0.1,-90.0,0.099,2026-05-06 06:28:22.099
8296,507469,1,-90.0,0.1,-90.0,0.101,2026-05-06 06:28:22.099
8297,507530,2,90.0,-0.1,90.0,-0.1,2026-05-06 06:28:22.099
8298,507655,2,90.0,-0.1,90.0,-0.1,2026-05-06 06:28:22.099
8299,507716,3,-90.0,0.1,-90.0,0.1,2026-05-06 06:28:22.099
8300,507777,1,-90.0,0.1,-90.0,0.1,2026-05-06 06:28:22.099
8301,507838,2,90.0,-0.1,90.0,-0.1,2026-05-06 06:28:22.099
8302,507899,3,-90.0,0.1,-90.0,0.098,2026-05-06 06:28:22.099
8303,507960,1,-90.0,0.1,-90.0,0.1,2026-05-06 06:28:22.099
8304,508021,2,90.0,-0.1,90.0,-0.1,2026-05-06 06:28:22.099
8305,508081,3,-90.0,0.1,-90.0,0.099,2026-05-06 06:28:22.099
8306,508142,1,-90.0,0.1,-90.0,0.1,2026-05-06 06:28:22.099
8307,508203,2,90.0,-0.1,90.0,-0.101,2026-05-06 06:28:22.099
8308,508264,3,-90.0,0.1,-90.0,0.099,2026-05-06 06:28:22.099
8309,508325,1,-90.0,0.1,-90.0,0.1,2026-05-06 06:28:22.099
8310,508386,2,90.0,-0.1,90.0,-0.101,2026-05-06 06:28:22.099
8311,508447,3,-90.0,0.1,-90.0,0.099,2026-05-06 06:28:22.099
8312,508508,1,-90.0,0.1,-90.0,0.1,2026-05-06 06:28:22.099
8313,508570,1,-90.0,0.1,-90.0,0.1,2026-05-06 06:28:22.099
8314,508631,2,90.0,-0.1,90.0,-0.1,2026-05-06 06:28:22.099
8315,508692,3,-90.0,0.1,-90.0,0.099,2026-05-06 06:28:22.099
8316,508753,1,-90.0,0.1,-90.0,0.1,2026-05-06 06:28:22.099
8317,508814,2,90.0,-0.1,90.0,-0.1,2026-05-06 06:28:22.099
8318,508875,3,-90.0,0.1,-90.0,0.099,2026-05-06 06:28:22.099
8319,508936,1,-90.0,0.1,-90.0,0.1,2026-05-06 06:28:22.099
8320,508997,2,90.0,-0.1,90.0,-0.1,2026-05-06 06:28:22.099
8321,509057,1,-90.0,0.1,-90.0,0.101,2026-05-06 06:28:22.099
8322,509118,2,90.0,-0.1,90.0,-0.1,2026-05-06 06:28:22.099
8323,509179,3,-90.0,0.1,-90.0,0.1,2026-05-06 06:28:22.099
8324,509240,1,-90.0,0.1,-90.0,0.101,2026-05-06 06:28:22.099
8325,509301,2,90.0,-0.1,90.0,-0.1,2026-05-06 06:28:22.099
8326,509362,3,-90.0,0.1,-90.0,0.1,2026-05-06 06:28:22.099
8327,509423,1,-90.0,0.1,-90.0,0.101,2026-05-06 06:28:22.099
8328,509484,2,90.0,-0.1,90.0,-0.1,2026-05-06 06:28:22.099
8329,509546,1,-90.0,0.1,-90.0,0.102,2026-05-06 06:28:22.099
8330,509607,2,90.0,-0.1,90.0,-0.101,2026-05-06 06:28:22.099
8331,509668,3,-90.0,0.1,-90.0,0.101,2026-05-06 06:28:22.099
8332,509729,1,-90.0,0.1,-90.0,0.102,2026-05-06 06:28:22.099
8333,509790,2,90.0,-0.1,90.0,-0.101,2026-05-06 06:28:22.099
8334,509851,3,-90.0,0.1,-90.0,0.101,2026-05-06 06:28:22.099
8335,509912,1,-90.0,0.1,-90.0,0.102,2026-05-06 06:28:22.099
8336,509973,2,90.0,-0.1,90.0,-0.101,2026-05-06 06:28:22.099
8337,510034,1,-90.0,0.1,-90.0,0.102,2026-05-06 06:28:22.099
8338,510095,2,90.0,-0.1,90.0,-0.1,2026-05-06 06:28:22.099
8339,510156,3,-90.0,0.1,-90.0,0.101,2026-05-06 06:28:22.099
8340,510217,1,-90.0,0.1,-90.0,0.102,2026-05-06 06:28:22.099
8341,510278,2,90.0,-0.1,90.0,-0.1,2026-05-06 06:28:22.099
8342,510339,3,-90.0,0.1,-90.0,0.101,2026-05-06 06:28:22.099
8343,510400,1,-90.0,0.1,-90.0,0.1,2026-05-06 06:28:22.099
8344,510461,2,90.0,-0.1,90.0,-0.1,2026-05-06 06:28:22.099
8345,510522,1,-90.0,0.1,-90.0,0.1,2026-05-06 06:28:22.099
8346,510583,2,90.0,-0.1,90.0,-0.1,2026-05-06 06:28:22.099
8347,510644,3,-90.0,0.1,-90.0,0.1,2026-05-06 06:28:22.099
8348,510705,1,-90.0,0.1,-90.0,0.1,2026-05-06 06:28:22.099
8349,510766,2,90.0,-0.1,90.0,-0.102,2026-05-06 06:28:22.099
8350,510827,3,-90.0,0.1,-90.0,0.1,2026-05-06 06:28:22.099
8351,510888,1,-90.0,0.1,-90.0,0.1,2026-05-06 06:28:22.099
8352,510949,2,90.0,-0.1,90.0,-0.102,2026-05-06 06:28:22.099
8353,511010,1,-90.0,0.1,-90.0,0.102,2026-05-06 06:28:22.099
8354,511071,2,90.0,-0.1,90.0,-0.102,2026-05-06 06:28:22.099
8355,511132,3,-90.0,0.1,-90.0,0.101,2026-05-06 06:28:22.099
8356,511193,1,-90.0,0.1,-90.0,0.101,2026-05-06 06:28:22.099
8357,511254,2,90.0,-0.1,90.0,-0.101,2026-05-06 06:28:22.099
8358,511315,3,-90.0,0.1,-90.0,0.101,2026-05-06 06:28:22.099
8359,511376,1,-90.0,0.1,-90.0,0.101,2026-05-06 06:28:22.099
8360,511437,2,90.0,-0.1,90.0,-0.101,2026-05-06 06:28:22.099
8361,511497,3,-90.0,0.1,-90.0,0.101,2026-05-06 06:28:22.099
8362,511558,1,-90.0,0.1,-90.0,0.102,2026-05-06 06:28:22.099
8363,511619,2,90.0,-0.1,90.0,-0.101,2026-05-06 06:28:22.099
8364,511680,3,-90.0,0.1,-90.0,0.101,2026-05-06 06:28:22.099
8365,511741,1,-90.0,0.1,-90.0,0.102,2026-05-06 06:28:22.099
8366,511802,2,90.0,-0.1,90.0,-0.101,2026-05-06 06:28:22.099
8367,511863,3,-90.0,0.1,-90.0,0.101,2026-05-06 06:28:22.099
8368,511924,1,-90.0,0.1,-90.0,0.102,2026-05-06 06:28:22.099
8369,511986,1,-90.0,0.1,-90.0,0.103,2026-05-06 06:28:22.099
8370,512047,2,90.0,-0.1,90.0,-0.102,2026-05-06 06:28:22.099
8371,512108,3,-90.0,0.1,-90.0,0.102,2026-05-06 06:28:22.099
8372,512169,1,-90.0,0.1,-90.0,0.103,2026-05-06 06:28:22.099
8373,512230,2,90.0,-0.1,90.0,-0.102,2026-05-06 06:28:22.099
8374,512291,3,-90.0,0.1,-90.0,0.102,2026-05-06 06:28:22.099
8375,512352,1,-90.0,0.1,-90.0,0.101,2026-05-06 06:28:22.099
8376,512413,2,90.0,-0.1,90.0,-0.102,2026-05-06 06:28:22.099
8377,512474,1,-90.0,0.1,-90.0,0.102,2026-05-06 06:28:22.099
8378,512535,2,90.0,-0.1,90.0,-0.102,2026-05-06 06:28:22.099
8379,512596,3,-90.0,0.1,-90.0,0.101,2026-05-06 06:28:22.099
8380,512657,1,-90.0,0.1,-90.0,0.102,2026-05-06 06:28:22.099
8381,512718,2,90.0,-0.1,90.0,-0.102,2026-05-06 06:28:22.099
8382,512779,3,-90.0,0.1,-90.0,0.101,2026-05-06 06:28:22.099
8383,512840,1,-90.0,0.1,-90.0,0.102,2026-05-06 06:28:22.099
8384,512901,2,90.0,-0.1,90.0,-0.102,2026-05-06 06:28:22.099
8385,512962,1,-90.0,0.1,-90.0,0.101,2026-05-06 06:28:22.099
8386,513023,2,90.0,-0.1,90.0,-0.101,2026-05-06 06:28:22.099
8387,513084,3,-90.0,0.1,-90.0,0.1,2026-05-06 06:28:22.099
8388,513145,1,-90.0,0.1,-90.0,0.101,2026-05-06 06:28:22.099
8389,513206,2,90.0,-0.1,90.0,-0.101,2026-05-06 06:28:22.099
8390,513267,3,-90.0,0.1,-90.0,0.1,2026-05-06 06:28:22.099
8391,513328,1,-90.0,0.1,-90.0,0.101,2026-05-06 06:28:22.099
8392,513389,2,90.0,-0.1,90.0,-0.101,2026-05-06 06:28:22.099
8393,513450,1,-90.0,0.1,-90.0,0.101,2026-05-06 06:28:22.099
8394,513511,2,90.0,-0.1,90.0,-0.102,2026-05-06 06:28:22.099
8395,513572,3,-90.0,0.1,-90.0,0.101,2026-05-06 06:28:22.099
8396,513633,1,-90.0,0.1,-90.0,0.102,2026-05-06 06:28:22.099
8397,513694,2,90.0,-0.1,90.0,-0.101,2026-05-06 06:28:22.099
8398,513755,3,-90.0,0.1,-90.0,0.101,2026-05-06 06:28:22.099
8399,513816,1,-90.0,0.1,-90.0,0.102,2026-05-06 06:28:22.099
8400,513877,2,90.0,-0.1,90.0,-0.101,2026-05-06 06:28:22.099
8401,513938,1,-90.0,0.1,-90.0,0.102,2026-05-06 06:28:22.099
8402,513999,2,90.0,-0.1,90.0,-0.101,2026-05-06 06:28:22.099
8403,514060,3,-90.0,0.1,-90.0,0.101,2026-05-06 06:28:22.099
8404,514121,1,-90.0,0.1,-90.0,0.102,2026-05-06 06:28:22.099
8405,514182,2,90.0,-0.1,90.0,-0.101,2026-05-06 06:28:22.099
8406,514243,3,-90.0,0.1,-90.0,0.101,2026-05-06 06:28:22.099
8407,514304,1,-90.0,0.1,-90.0,0.101,2026-05-06 06:28:22.823
8408,514365,2,90.0,-0.1,90.0,-0.103,2026-05-06 06:28:22.823
8409,514426,1,-90.0,0.1,-90.0,0.102,2026-05-06 06:28:22.823
8410,514487,2,90.0,-0.1,90.0,-0.103,2026-05-06 06:28:22.823
8411,514548,3,-90.0,0.1,-90.0,0.101,2026-05-06 06:28:22.823
8412,514609,1,-90.0,0.1,-90.0,0.102,2026-05-06 06:28:22.823
8413,514670,2,90.0,-0.1,90.0,-0.103,2026-05-06 06:28:22.823
8414,514731,3,-90.0,0.1,-90.0,0.101,2026-05-06 06:28:22.823
8415,514792,1,-90.0,0.1,-90.0,0.102,2026-05-06 06:28:22.823
8416,514853,2,90.0,-0.1,90.0,-0.103,2026-05-06 06:28:22.823
8417,514913,1,-90.0,0.1,-90.0,0.102,2026-05-06 06:28:22.823
8418,514974,2,90.0,-0.1,90.0,-0.101,2026-05-06 06:28:22.823
8419,515035,3,-90.0,0.1,-90.0,0.101,2026-05-06 06:28:22.823
8420,515096,1,-90.0,0.1,-90.0,0.101,2026-05-06 06:28:22.823
8421,515157,2,90.0,-0.1,90.0,-0.102,2026-05-06 06:28:22.823
8422,515218,3,-90.0,0.1,-90.0,0.101,2026-05-06 06:28:22.823
8423,515279,1,-90.0,0.1,-90.0,0.101,2026-05-06 06:28:22.823
8424,515340,2,90.0,-0.1,90.0,-0.102,2026-05-06 06:28:22.823
8425,515466,2,90.0,-0.1,90.0,-0.101,2026-05-06 06:28:22.823
8426,515527,3,-90.0,0.1,-90.0,0.1,2026-05-06 06:28:22.823
8427,515588,1,-90.0,0.1,-90.0,0.1,2026-05-06 06:28:22.823
8428,515649,2,90.0,-0.1,90.0,-0.1,2026-05-06 06:28:22.823
8429,515710,3,-90.0,0.1,-90.0,0.1,2026-05-06 06:28:22.823
8430,515771,1,-90.0,0.1,-90.0,0.1,2026-05-06 06:28:22.823
8431,515832,2,90.0,-0.1,90.0,-0.1,2026-05-06 06:28:22.823
8432,515893,1,-90.0,0.1,-90.0,0.1,2026-05-06 06:28:22.823
8433,515954,2,90.0,-0.1,90.0,-0.1,2026-05-06 06:28:22.823
8434,516015,3,-90.0,0.1,-90.0,0.099,2026-05-06 06:28:22.823
8435,516076,1,-90.0,0.1,-90.0,0.1,2026-05-06 06:28:22.823
8436,516137,2,90.0,-0.1,90.0,-0.1,2026-05-06 06:28:22.823
8437,516198,3,-90.0,0.1,-90.0,0.099,2026-05-06 06:28:22.823
8438,516259,1,-90.0,0.1,-90.0,0.1,2026-05-06 06:28:22.823
8439,516320,2,90.0,-0.1,90.0,-0.1,2026-05-06 06:28:22.823
8440,516381,1,-90.0,0.1,-90.0,0.101,2026-05-06 06:28:22.823
8441,516442,2,90.0,-0.1,90.0,-0.1,2026-05-06 06:28:22.823
8442,516503,3,-90.0,0.1,-90.0,0.099,2026-05-06 06:28:22.823
8443,516564,1,-90.0,0.1,-90.0,0.101,2026-05-06 06:28:22.823
8444,516625,2,90.0,-0.1,90.0,-0.1,2026-05-06 06:28:22.823
8445,516686,3,-90.0,0.1,-90.0,0.099,2026-05-06 06:28:22.823
8446,516747,1,-90.0,0.1,-90.0,0.101,2026-05-06 06:28:22.823
8447,516808,2,90.0,-0.1,90.0,-0.1,2026-05-06 06:28:22.823
8448,516869,1,-90.0,0.1,-90.0,0.1,2026-05-06 06:28:22.823
8449,516930,2,90.0,-0.1,90.0,-0.1,2026-05-06 06:28:22.823
8450,516991,3,-90.0,0.1,-90.0,0.1,2026-05-06 06:28:22.823
8451,517052,1,-90.0,0.1,-90.0,0.101,2026-05-06 06:28:22.823
8452,517113,2,90.0,-0.1,90.0,-0.101,2026-05-06 06:28:22.823
8453,517174,3,-90.0,0.1,-90.0,0.1,2026-05-06 06:28:22.823
8454,517235,1,-90.0,0.1,-90.0,0.101,2026-05-06 06:28:22.823
8455,517296,2,90.0,-0.1,90.0,-0.101,2026-05-06 06:28:22.823
8456,517356,3,-90.0,0.1,-90.0,0.1,2026-05-06 06:28:22.823
8457,517417,1,-90.0,0.1,-90.0,0.101,2026-05-06 06:28:22.823
8458,517478,2,90.0,-0.1,90.0,-0.101,2026-05-06 06:28:22.823
8459,517539,3,-90.0,0.1,-90.0,0.101,2026-05-06 06:28:22.823
8460,517600,1,-90.0,0.1,-90.0,0.101,2026-05-06 06:28:22.823
8461,517661,2,90.0,-0.1,90.0,-0.101,2026-05-06 06:28:22.823
8462,517722,3,-90.0,0.1,-90.0,0.101,2026-05-06 06:28:22.823
8463,517783,1,-90.0,0.1,-90.0,0.101,2026-05-06 06:28:22.823
8464,517845,1,-90.0,0.1,-90.0,0.1,2026-05-06 06:28:22.823
8465,517906,2,90.0,-0.1,90.0,-0.1,2026-05-06 06:28:22.823
8466,517967,3,-90.0,0.1,-90.0,0.098,2026-05-06 06:28:22.823
8467,518028,1,-90.0,0.1,-90.0,0.1,2026-05-06 06:28:22.823
8468,518089,2,90.0,-0.1,90.0,-0.099,2026-05-06 06:28:22.823
8469,518150,3,-90.0,0.1,-90.0,0.098,2026-05-06 06:28:22.823
8470,518211,1,-90.0,0.1,-90.0,0.1,2026-05-06 06:28:22.823
8471,518272,2,90.0,-0.1,90.0,-0.099,2026-05-06 06:28:22.823
8472,518333,1,-90.0,0.1,-90.0,0.1,2026-05-06 06:28:22.823
8473,518394,2,90.0,-0.1,90.0,-0.1,2026-05-06 06:28:22.823
8474,518455,3,-90.0,0.1,-90.0,0.099,2026-05-06 06:28:22.823
8475,518516,1,-90.0,0.1,-90.0,0.1,2026-05-06 06:28:22.823
8476,518577,2,90.0,-0.1,90.0,-0.099,2026-05-06 06:28:22.823
8477,518638,3,-90.0,0.1,-90.0,0.098,2026-05-06 06:28:22.823
8478,518699,1,-90.0,0.1,-90.0,0.1,2026-05-06 06:28:22.823
8479,518760,2,90.0,-0.1,90.0,-0.099,2026-05-06 06:28:22.823
8480,518820,1,-90.0,0.1,-90.0,0.1,2026-05-06 06:28:22.823
8481,518881,2,90.0,-0.1,90.0,-0.099,2026-05-06 06:28:22.823
8482,518942,3,-90.0,0.1,-90.0,0.098,2026-05-06 06:28:22.823
8483,519003,1,-90.0,0.1,-90.0,0.1,2026-05-06 06:28:22.823
8484,519064,2,90.0,-0.1,90.0,-0.099,2026-05-06 06:28:22.823
8485,519125,3,-90.0,0.1,-90.0,0.098,2026-05-06 06:28:22.823
8486,519186,1,-90.0,0.1,-90.0,0.1,2026-05-06 06:28:22.823
8487,519247,2,90.0,-0.1,90.0,-0.101,2026-05-06 06:28:22.823
8488,519309,1,-90.0,0.1,-90.0,0.1,2026-05-06 06:28:22.823
8489,519370,2,90.0,-0.1,90.0,-0.1,2026-05-06 06:28:22.823
8490,519431,3,-90.0,0.1,-90.0,0.098,2026-05-06 06:28:22.823
8491,519492,1,-90.0,0.1,-90.0,0.1,2026-05-06 06:28:22.823
8492,519553,2,90.0,-0.1,90.0,-0.101,2026-05-06 06:28:22.823
8493,519614,3,-90.0,0.1,-90.0,0.1,2026-05-06 06:28:22.823
8494,519675,1,-90.0,0.1,-90.0,0.1,2026-05-06 06:28:22.823
8495,519736,2,90.0,-0.1,90.0,-0.101,2026-05-06 06:28:22.823
8496,519797,1,-90.0,0.1,-90.0,0.1,2026-05-06 06:28:22.823
8497,519858,2,90.0,-0.1,90.0,-0.099,2026-05-06 06:28:22.823
8498,519919,3,-90.0,0.1,-90.0,0.099,2026-05-06 06:28:22.823
8499,519980,1,-90.0,0.1,-90.0,0.099,2026-05-06 06:28:22.823
8500,520041,2,90.0,-0.1,90.0,-0.1,2026-05-06 06:28:22.823
8501,520102,3,-90.0,0.1,-90.0,0.1,2026-05-06 06:28:22.823
8502,520163,1,-90.0,0.1,-90.0,0.099,2026-05-06 06:28:22.823
8503,520224,2,90.0,-0.1,90.0,-0.1,2026-05-06 06:28:22.823
8504,520285,1,-90.0,0.1,-90.0,0.1,2026-05-06 06:28:22.823
8505,520346,2,90.0,-0.1,90.0,-0.101,2026-05-06 06:28:22.823
8506,520407,3,-90.0,0.1,-90.0,0.1,2026-05-06 06:28:22.823
8507,520468,1,-90.0,0.1,-90.0,0.099,2026-05-06 06:28:22.823
8508,520529,2,90.0,-0.1,90.0,-0.099,2026-05-06 06:28:22.823
8509,520590,3,-90.0,0.1,-90.0,0.1,2026-05-06 06:28:22.823
8510,520651,1,-90.0,0.1,-90.0,0.099,2026-05-06 06:28:22.823
8511,520712,2,90.0,-0.1,90.0,-0.099,2026-05-06 06:28:22.823
8512,520772,3,-90.0,0.1,-90.0,0.099,2026-05-06 06:28:22.823
8513,520833,1,-90.0,0.1,-90.0,0.099,2026-05-06 06:28:22.823
8514,520894,2,90.0,-0.1,90.0,-0.099,2026-05-06 06:28:22.823
8515,520955,3,-90.0,0.1,-89.99,0.099,2026-05-06 06:28:22.823
8516,521016,1,-90.0,0.1,-90.0,0.099,2026-05-06 06:28:22.823
8517,521077,2,90.0,-0.1,90.0,-0.099,2026-05-06 06:28:22.823
8518,521138,3,-90.0,0.1,-89.99,0.099,2026-05-06 06:28:22.823
8519,521199,1,-90.0,0.1,-90.0,0.099,2026-05-06 06:28:22.823
8520,521261,1,-90.0,0.1,-90.0,0.098,2026-05-06 06:28:22.823
8521,521322,2,90.0,-0.1,90.0,-0.1,2026-05-06 06:28:22.823
8522,521383,3,-90.0,0.1,-89.99,0.1,2026-05-06 06:28:22.823
8523,521444,1,-90.0,0.1,-90.0,0.099,2026-05-06 06:28:22.823
8524,521505,2,90.0,-0.1,90.0,-0.099,2026-05-06 06:28:22.823
8525,521566,3,-90.0,0.1,-89.99,0.101,2026-05-06 06:28:22.823
8526,521627,1,-90.0,0.1,-90.0,0.099,2026-05-06 06:28:22.823
8527,521688,2,90.0,-0.1,90.0,-0.099,2026-05-06 06:28:22.823
8528,521748,3,-90.0,0.1,-89.99,0.1,2026-05-06 06:28:22.823
8529,521809,1,-90.0,0.1,-90.0,0.102,2026-05-06 06:28:22.823
8530,521870,2,90.0,-0.1,90.0,-0.101,2026-05-06 06:28:22.823
8531,521931,3,-90.0,0.1,-90.0,0.1,2026-05-06 06:28:22.823
8532,521992,1,-90.0,0.1,-90.0,0.102,2026-05-06 06:28:22.823
8533,522053,2,90.0,-0.1,90.0,-0.101,2026-05-06 06:28:22.823
8534,522114,3,-90.0,0.1,-90.0,0.1,2026-05-06 06:28:22.823
8535,522175,1,-90.0,0.1,-90.0,0.102,2026-05-06 06:28:22.823
8536,522237,1,-90.0,0.1,-90.0,0.1,2026-05-06 06:28:22.823
8537,522298,2,90.0,-0.1,90.0,-0.1,2026-05-06 06:28:22.823
8538,522359,3,-90.0,0.1,-90.02,0.096,2026-05-06 06:28:22.823
8539,522420,1,-90.0,0.1,-90.0,0.099,2026-05-06 06:28:23.534
8540,522481,2,90.0,-0.1,90.0,-0.099,2026-05-06 06:28:23.534
8541,522542,3,-90.0,0.1,-90.03,0.096,2026-05-06 06:28:23.534
8542,522603,1,-90.0,0.1,-90.0,0.099,2026-05-06 06:28:23.534
8543,522664,2,90.0,-0.1,90.0,-0.099,2026-05-06 06:28:23.534
8544,522725,1,-90.0,0.1,-90.0,0.098,2026-05-06 06:28:23.534
8545,522786,2,90.0,-0.1,90.0,-0.098,2026-05-06 06:28:23.534
8546,522847,3,-90.0,0.1,-90.02,0.099,2026-05-06 06:28:23.534
8547,522908,1,-90.0,0.1,-90.0,0.099,2026-05-06 06:28:23.534
8548,522969,2,90.0,-0.1,90.0,-0.099,2026-05-06 06:28:23.534
8549,523030,3,-90.0,0.1,-90.01,0.099,2026-05-06 06:28:23.534
8550,523091,1,-90.0,0.1,-90.0,0.099,2026-05-06 06:28:23.534
8551,523152,2,90.0,-0.1,90.0,-0.099,2026-05-06 06:28:23.534
8552,523277,2,90.0,-0.1,90.0,-0.099,2026-05-06 06:28:23.534
8553,523338,3,-90.0,0.1,-89.99,0.1,2026-05-06 06:28:23.534
8554,523399,1,-90.0,0.1,-90.0,0.099,2026-05-06 06:28:23.534
8555,523460,2,90.0,-0.1,90.0,-0.099,2026-05-06 06:28:23.534
8556,523521,3,-90.0,0.1,-90.0,0.1,2026-05-06 06:28:23.534
8557,523582,1,-90.0,0.1,-90.0,0.099,2026-05-06 06:28:23.534
8558,523643,2,90.0,-0.1,90.0,-0.099,2026-05-06 06:28:23.534
8559,523704,1,-90.0,0.1,-90.0,0.099,2026-05-06 06:28:23.534
8560,523765,2,90.0,-0.1,90.0,-0.099,2026-05-06 06:28:23.534
8561,523826,3,-90.0,0.1,-89.99,0.101,2026-05-06 06:28:23.534
8562,523887,1,-90.0,0.1,-90.0,0.099,2026-05-06 06:28:23.534
8563,523948,2,90.0,-0.1,90.0,-0.099,2026-05-06 06:28:23.534
8564,524009,3,-90.0,0.1,-89.99,0.101,2026-05-06 06:28:23.534
8565,524070,1,-90.0,0.1,-90.0,0.101,2026-05-06 06:28:23.534
8566,524131,2,90.0,-0.1,90.0,-0.1,2026-05-06 06:28:23.534
8567,524192,1,-90.0,0.1,-90.0,0.101,2026-05-06 06:28:23.534
8568,524253,2,90.0,-0.1,90.0,-0.101,2026-05-06 06:28:23.534
8569,524314,3,-90.0,0.1,-89.99,0.099,2026-05-06 06:28:23.534
8570,524375,1,-90.0,0.1,-90.0,0.101,2026-05-06 06:28:23.534
8571,524436,2,90.0,-0.1,90.0,-0.101,2026-05-06 06:28:23.534
8572,524497,3,-90.0,0.1,-89.99,0.099,2026-05-06 06:28:23.534
8573,524558,1,-90.0,0.1,-90.0,0.101,2026-05-06 06:28:23.534
8574,524619,2,90.0,-0.1,90.0,-0.101,2026-05-06 06:28:23.534
8575,524680,1,-90.0,0.1,-90.0,0.101,2026-05-06 06:28:23.534
8576,524741,2,90.0,-0.1,90.0,-0.1,2026-05-06 06:28:23.534
8577,524802,3,-90.0,0.1,-90.0,0.1,2026-05-06 06:28:23.534
8578,524863,1,-90.0,0.1,-90.0,0.101,2026-05-06 06:28:23.534
8579,524924,2,90.0,-0.1,90.0,-0.1,2026-05-06 06:28:23.534
8580,524985,3,-90.0,0.1,-90.0,0.1,2026-05-06 06:28:23.534
8581,525046,1,-90.0,0.1,-90.0,0.101,2026-05-06 06:28:23.534
8582,525107,2,90.0,-0.1,90.0,-0.103,2026-05-06 06:28:23.534
8583,525167,3,-90.0,0.1,-90.0,0.101,2026-05-06 06:28:23.534
8584,525228,1,-90.0,0.1,-90.0,0.101,2026-05-06 06:28:23.534
8585,525289,2,90.0,-0.1,90.0,-0.102,2026-05-06 06:28:23.534
8586,525350,3,-90.0,0.1,-90.0,0.101,2026-05-06 06:28:23.534
8587,525411,1,-90.0,0.1,-90.0,0.101,2026-05-06 06:28:23.534
8588,525472,2,90.0,-0.1,90.0,-0.102,2026-05-06 06:28:23.534
8589,525533,3,-90.0,0.1,-90.0,0.101,2026-05-06 06:28:23.534
8590,525594,1,-90.0,0.1,-90.0,0.1,2026-05-06 06:28:23.534
8591,525656,1,-90.0,0.1,-90.0,0.1,2026-05-06 06:28:23.534
8592,525717,2,90.0,-0.1,90.0,-0.101,2026-05-06 06:28:23.534
8593,525778,3,-90.0,0.1,-90.0,0.101,2026-05-06 06:28:23.534
8594,525839,1,-90.0,0.1,-90.0,0.1,2026-05-06 06:28:23.534
8595,525900,2,90.0,-0.1,90.0,-0.101,2026-05-06 06:28:23.534
8596,525961,3,-90.0,0.1,-90.0,0.101,2026-05-06 06:28:23.534
8597,526022,1,-90.0,0.1,-90.0,0.1,2026-05-06 06:28:23.534
8598,526083,2,90.0,-0.1,90.0,-0.101,2026-05-06 06:28:23.534
8599,526144,1,-90.0,0.1,-90.0,0.102,2026-05-06 06:28:23.534
8600,526205,2,90.0,-0.1,90.0,-0.103,2026-05-06 06:28:23.534
8601,526266,3,-90.0,0.1,-90.0,0.102,2026-05-06 06:28:23.534
8602,526327,1,-90.0,0.1,-90.0,0.102,2026-05-06 06:28:23.534
8603,526388,2,90.0,-0.1,90.0,-0.103,2026-05-06 06:28:23.534
8604,526449,3,-90.0,0.1,-90.0,0.102,2026-05-06 06:28:23.534
8605,526510,1,-90.0,0.1,-90.0,0.102,2026-05-06 06:28:23.534
8606,526571,2,90.0,-0.1,90.0,-0.101,2026-05-06 06:28:23.534
8607,526632,1,-90.0,0.1,-90.0,0.101,2026-05-06 06:28:23.534
8608,526693,2,90.0,-0.1,90.0,-0.101,2026-05-06 06:28:23.534
8609,526754,3,-90.0,0.1,-90.0,0.102,2026-05-06 06:28:23.534
8610,526815,1,-90.0,0.1,-90.0,0.102,2026-05-06 06:28:23.534
8611,526876,2,90.0,-0.1,90.0,-0.101,2026-05-06 06:28:23.534
8612,526937,3,-90.0,0.1,-90.0,0.102,2026-05-06 06:28:23.534
8613,526998,1,-90.0,0.1,-90.0,0.102,2026-05-06 06:28:23.534
8614,527059,2,90.0,-0.1,90.0,-0.101,2026-05-06 06:28:23.534
8615,527120,1,-90.0,0.1,-90.0,0.101,2026-05-06 06:28:23.534
8616,527181,2,90.0,-0.1,90.0,-0.101,2026-05-06 06:28:23.534
8617,527242,3,-90.0,0.1,-90.0,0.1,2026-05-06 06:28:23.534
8618,527303,1,-90.0,0.1,-90.0,0.101,2026-05-06 06:28:23.534
8619,527364,2,90.0,-0.1,90.0,-0.101,2026-05-06 06:28:23.534
8620,527425,3,-90.0,0.1,-90.0,0.101,2026-05-06 06:28:23.534
8621,527486,1,-90.0,0.1,-90.0,0.101,2026-05-06 06:28:23.534
8622,527547,2,90.0,-0.1,90.0,-0.101,2026-05-06 06:28:23.534
8623,527608,1,-90.0,0.1,-90.0,0.103,2026-05-06 06:28:23.534
8624,527669,2,90.0,-0.1,90.0,-0.101,2026-05-06 06:28:23.534
8625,527730,3,-90.0,0.1,-90.0,0.101,2026-05-06 06:28:23.534
8626,527791,1,-90.0,0.1,-90.0,0.103,2026-05-06 06:28:23.534
8627,527852,2,90.0,-0.1,90.0,-0.101,2026-05-06 06:28:23.534
8628,527913,3,-90.0,0.1,-90.0,0.101,2026-05-06 06:28:23.534
8629,527974,1,-90.0,0.1,-90.0,0.101,2026-05-06 06:28:23.534
8630,528035,2,90.0,-0.1,90.0,-0.101,2026-05-06 06:28:23.534
8631,528096,1,-90.0,0.1,-90.0,0.102,2026-05-06 06:28:23.534
8632,528157,2,90.0,-0.1,90.0,-0.102,2026-05-06 06:28:23.534
8633,528218,3,-90.0,0.1,-89.99,0.102,2026-05-06 06:28:23.534
8634,528279,1,-90.0,0.1,-90.0,0.102,2026-05-06 06:28:23.534
8635,528340,2,90.0,-0.1,90.0,-0.102,2026-05-06 06:28:23.534
8636,528401,3,-90.0,0.1,-89.99,0.102,2026-05-06 06:28:23.534
8637,528462,1,-90.0,0.1,-90.0,0.102,2026-05-06 06:28:23.534
8638,528523,2,90.0,-0.1,90.0,-0.102,2026-05-06 06:28:23.534
8639,528583,1,-90.0,0.1,-90.0,0.101,2026-05-06 06:28:23.534
8640,528644,2,90.0,-0.1,90.0,-0.102,2026-05-06 06:28:23.534
8641,528705,3,-90.0,0.1,-90.0,0.103,2026-05-06 06:28:23.534
8642,528766,1,-90.0,0.1,-90.0,0.101,2026-05-06 06:28:23.534
8643,528827,2,90.0,-0.1,90.0,-0.101,2026-05-06 06:28:23.534
8644,528888,3,-90.0,0.1,-90.0,0.101,2026-05-06 06:28:23.534
8645,528949,1,-90.0,0.1,-90.0,0.101,2026-05-06 06:28:23.534
8646,529010,2,90.0,-0.1,90.0,-0.101,2026-05-06 06:28:23.534
8647,529071,3,-90.0,0.1,-90.0,0.1,2026-05-06 06:28:23.534
8648,529132,1,-90.0,0.1,-90.0,0.101,2026-05-06 06:28:23.534
8649,529193,2,90.0,-0.1,90.0,-0.1,2026-05-06 06:28:23.534
8650,529254,3,-90.0,0.1,-90.0,0.1,2026-05-06 06:28:23.534
8651,529315,1,-90.0,0.1,-90.0,0.101,2026-05-06 06:28:23.534
8652,529376,2,90.0,-0.1,90.0,-0.101,2026-05-06 06:28:23.534
8653,529437,3,-90.0,0.1,-90.0,0.102,2026-05-06 06:28:23.534
8654,529498,1,-90.0,0.1,-90.0,0.101,2026-05-06 06:28:23.534
8655,529560,1,-90.0,0.1,-90.0,0.101,2026-05-06 06:28:23.534
8656,529621,2,90.0,-0.1,90.0,-0.1,2026-05-06 06:28:23.534
8657,529682,3,-90.0,0.1,-90.0,0.099,2026-05-06 06:28:23.534
8658,529743,1,-90.0,0.1,-90.0,0.101,2026-05-06 06:28:23.534
8659,529804,2,90.0,-0.1,90.0,-0.1,2026-05-06 06:28:23.534
8660,529865,3,-90.0,0.1,-90.0,0.099,2026-05-06 06:28:23.534
8661,529926,1,-90.0,0.1,-90.0,0.101,2026-05-06 06:28:23.534
8662,529987,2,90.0,-0.1,90.0,-0.1,2026-05-06 06:28:23.534
8663,530048,1,-90.0,0.1,-90.0,0.1,2026-05-06 06:28:23.534
8664,530109,2,90.0,-0.1,90.0,-0.102,2026-05-06 06:28:23.534
8665,530170,3,-90.0,0.1,-90.0,0.1,2026-05-06 06:28:23.534
8666,530231,1,-90.0,0.1,-90.0,0.1,2026-05-06 06:28:23.534
8667,530292,2,90.0,-0.1,90.0,-0.102,2026-05-06 06:28:23.534
8668,530353,3,-90.0,0.1,-90.0,0.1,2026-05-06 06:28:23.534
8669,530414,1,-90.0,0.1,-90.0,0.1,2026-05-06 06:28:23.534
8670,530475,2,90.0,-0.1,90.0,-0.102,2026-05-06 06:28:23.534
8671,530536,1,-90.0,0.1,-90.0,0.101,2026-05-06 06:28:24.245
8672,530597,2,90.0,-0.1,90.0,-0.102,2026-05-06 06:28:24.245
8673,530658,3,-90.0,0.1,-90.01,0.1,2026-05-06 06:28:24.245
8674,530719,1,-90.0,0.1,-90.0,0.101,2026-05-06 06:28:24.245
8675,530780,2,90.0,-0.1,90.0,-0.1,2026-05-06 06:28:24.245
8676,530841,3,-90.0,0.1,-90.01,0.1,2026-05-06 06:28:24.245
8677,530902,1,-90.0,0.1,-90.0,0.1,2026-05-06 06:28:24.245
8678,530963,2,90.0,-0.1,90.0,-0.1,2026-05-06 06:28:24.245
8679,531087,1,-90.0,0.1,-90.0,0.101,2026-05-06 06:28:24.245
8680,531148,2,90.0,-0.1,90.0,-0.101,2026-05-06 06:28:24.245
8681,531209,3,-90.0,0.1,-90.0,0.1,2026-05-06 06:28:24.245
8682,531270,1,-90.0,0.1,-90.0,0.099,2026-05-06 06:28:24.245
8683,531331,2,90.0,-0.1,90.0,-0.1,2026-05-06 06:28:24.245
8684,531392,3,-90.0,0.1,-90.0,0.099,2026-05-06 06:28:24.245
8685,531453,1,-90.0,0.1,-90.0,0.099,2026-05-06 06:28:24.245
8686,531515,1,-90.0,0.1,-90.0,0.099,2026-05-06 06:28:24.245
8687,531576,2,90.0,-0.1,90.0,-0.1,2026-05-06 06:28:24.245
8688,531637,3,-90.0,0.1,-90.0,0.1,2026-05-06 06:28:24.245
8689,531698,1,-90.0,0.1,-90.0,0.099,2026-05-06 06:28:24.245
8690,531759,2,90.0,-0.1,90.0,-0.1,2026-05-06 06:28:24.245
8691,531820,3,-90.0,0.1,-90.0,0.1,2026-05-06 06:28:24.245
8692,531881,1,-90.0,0.1,-90.0,0.101,2026-05-06 06:28:24.245
8693,531942,2,90.0,-0.1,90.0,-0.1,2026-05-06 06:28:24.245
8694,532003,1,-90.0,0.1,-90.0,0.099,2026-05-06 06:28:24.245
8695,532064,2,90.0,-0.1,90.0,-0.099,2026-05-06 06:28:24.245
8696,532125,3,-90.0,0.1,-90.0,0.1,2026-05-06 06:28:24.245
8697,532186,1,-90.0,0.1,-90.0,0.099,2026-05-06 06:28:24.245
8698,532247,2,90.0,-0.1,90.0,-0.099,2026-05-06 06:28:24.245
8699,532308,3,-90.0,0.1,-90.0,0.101,2026-05-06 06:28:24.245
8700,532369,1,-90.0,0.1,-90.0,0.099,2026-05-06 06:28:24.245
8701,532430,2,90.0,-0.1,90.0,-0.1,2026-05-06 06:28:24.245
8702,532490,1,-90.0,0.1,-90.0,0.099,2026-05-06 06:28:24.245
8703,532551,2,90.0,-0.1,90.0,-0.098,2026-05-06 06:28:24.245
8704,532612,3,-90.0,0.1,-90.0,0.099,2026-05-06 06:28:24.245
8705,532673,1,-90.0,0.099,-90.0,0.099,2026-05-06 06:28:24.245
8706,532734,2,90.0,-0.099,90.0,-0.098,2026-05-06 06:28:24.245
8707,532795,3,-90.0,0.099,-90.0,0.099,2026-05-06 06:28:24.245
8708,532856,1,-90.0,0.098,-90.0,0.099,2026-05-06 06:28:24.245
8709,532917,2,90.0,-0.098,90.0,-0.1,2026-05-06 06:28:24.245
8710,532979,1,-90.0,0.083,-90.0,0.099,2026-05-06 06:28:24.245
8711,533040,2,90.0,-0.083,90.0,-0.1,2026-05-06 06:28:24.245
8712,533101,3,-90.0,0.083,-90.0,0.099,2026-05-06 06:28:24.245
8713,533162,1,-90.0,0.083,-90.0,0.099,2026-05-06 06:28:24.245
8714,533223,2,90.0,-0.083,90.0,-0.1,2026-05-06 06:28:24.245
8715,533284,3,-90.0,0.083,-90.0,0.099,2026-05-06 06:28:24.245
8716,533345,1,-90.0,0.078,-90.0,0.099,2026-05-06 06:28:24.245
8717,533406,2,90.0,-0.078,90.0,-0.1,2026-05-06 06:28:24.245
8718,533467,1,-90.0,0.016,-90.0,0.099,2026-05-06 06:28:24.245
8719,533528,2,90.0,-0.016,90.0,-0.099,2026-05-06 06:28:24.245
8720,533589,3,-90.0,0.016,-90.0,0.097,2026-05-06 06:28:24.245
8721,533650,1,-90.0,0.016,-90.0,0.099,2026-05-06 06:28:24.245
8722,533711,2,90.0,-0.016,90.0,-0.099,2026-05-06 06:28:24.245
8723,533772,3,-90.0,0.016,-90.0,0.097,2026-05-06 06:28:24.245
8724,533833,1,-90.0,0.011,-90.0,0.088,2026-05-06 06:28:24.245
8725,533894,2,90.0,-0.011,90.0,-0.092,2026-05-06 06:28:24.245
8726,533955,1,-50.78,0.0,-90.0,0.076,2026-05-06 06:28:24.245
8727,534016,2,50.77,0.0,90.0,-0.079,2026-05-06 06:28:24.245
8728,534076,3,-90.0,0.0,-90.0,0.082,2026-05-06 06:28:24.245
8729,534137,1,-50.78,0.0,-90.0,0.076,2026-05-06 06:28:24.245
8730,534198,2,50.77,0.0,90.0,-0.079,2026-05-06 06:28:24.245
8731,534258,3,-90.0,0.0,-90.0,0.082,2026-05-06 06:28:24.245
8732,534319,1,-50.78,0.0,-90.0,0.076,2026-05-06 06:28:24.245
8733,534380,2,50.77,0.0,90.0,-0.079,2026-05-06 06:28:24.245
8734,534441,1,-50.78,0.0,-89.99,0.04,2026-05-06 06:28:24.245
8735,534502,2,50.77,0.0,90.0,-0.045,2026-05-06 06:28:24.245
8736,534562,3,-90.0,0.0,-90.0,0.054,2026-05-06 06:28:24.245
8737,534623,1,-50.78,0.0,-89.99,0.021,2026-05-06 06:28:24.245
8738,534684,2,50.77,0.0,90.0,-0.022,2026-05-06 06:28:24.245
8739,534744,3,-90.0,0.0,-89.99,0.021,2026-05-06 06:28:24.245
8740,534805,1,-50.78,0.0,-89.97,0.018,2026-05-06 06:28:24.245
8741,534866,2,50.77,0.0,90.0,-0.018,2026-05-06 06:28:24.245
8742,534927,1,-50.78,0.0,-89.11,0.01,2026-05-06 06:28:24.245
8743,534988,2,50.77,0.0,89.57,-0.012,2026-05-06 06:28:24.245
8744,535048,3,-90.0,0.0,-90.0,0.01,2026-05-06 06:28:24.245
8745,535109,1,-50.78,0.0,-88.18,0.004,2026-05-06 06:28:24.245
8746,535170,2,50.77,0.0,89.06,-0.007,2026-05-06 06:28:24.245
8747,535230,3,-90.0,0.0,-90.0,0.009,2026-05-06 06:28:24.245
8748,535291,1,-50.78,0.0,-87.11,0.004,2026-05-06 06:28:24.245
8749,535352,2,50.77,0.0,88.3,-0.006,2026-05-06 06:28:24.245
8750,535413,1,-50.78,0.0,-84.14,-0.001,2026-05-06 06:28:24.245
8751,535475,2,50.77,0.0,85.27,0.003,2026-05-06 06:28:24.245
8752,535534,3,-90.0,0.0,-89.99,0.003,2026-05-06 06:28:24.245
8753,535595,1,-50.78,0.0,-82.25,-0.004,2026-05-06 06:28:24.245
8754,535657,2,50.77,0.0,83.41,0.008,2026-05-06 06:28:24.245
8755,535716,3,-90.0,0.0,-89.99,-0.001,2026-05-06 06:28:24.245
8756,535778,1,-50.78,0.0,-80.24,-0.004,2026-05-06 06:28:24.245
8757,535840,2,50.77,0.0,81.74,0.009,2026-05-06 06:28:24.245
8758,535900,1,-50.78,0.0,-74.97,-0.008,2026-05-06 06:28:24.245
8759,535962,2,50.77,0.0,76.87,0.011,2026-05-06 06:28:24.245
8760,536021,3,-90.0,0.0,-90.0,-0.002,2026-05-06 06:28:24.245
8761,536083,1,-50.78,0.0,-72.11,-0.019,2026-05-06 06:28:24.245
8762,536145,2,50.77,0.0,74.15,0.021,2026-05-06 06:28:24.245
8763,536204,3,-90.0,0.0,-90.0,-0.002,2026-05-06 06:28:24.245
8764,536266,1,-50.78,0.0,-69.19,-0.019,2026-05-06 06:28:24.245
8765,536328,2,50.77,0.0,71.6,0.021,2026-05-06 06:28:24.245
8766,536387,2,50.77,0.0,68.36,0.022,2026-05-06 06:28:24.245
8767,536446,3,-90.0,0.0,-90.0,-0.002,2026-05-06 06:28:24.245
8768,536508,1,-50.78,0.0,-62.81,-0.017,2026-05-06 06:28:24.245
8769,536570,2,50.77,0.0,64.84,0.021,2026-05-06 06:28:24.245
8770,536629,3,-90.0,0.0,-90.0,-0.002,2026-05-06 06:28:24.245
8771,536691,1,-50.78,0.0,-60.69,-0.014,2026-05-06 06:28:24.245
8772,536753,2,50.77,0.0,62.21,0.018,2026-05-06 06:28:24.245
8773,536812,3,-90.0,0.0,-90.0,-0.002,2026-05-06 06:28:24.245
8774,536875,2,50.77,0.0,58.33,0.012,2026-05-06 06:28:24.245
8775,536934,3,-90.0,0.0,-90.0,-0.001,2026-05-06 06:28:24.245
8776,536996,1,-50.78,0.0,-54.79,-0.002,2026-05-06 06:28:24.245
8777,537058,2,50.77,0.0,56.16,0.007,2026-05-06 06:28:24.245
8778,537117,3,-90.0,0.0,-90.0,0.001,2026-05-06 06:28:24.245
8779,537178,1,-50.78,0.0,-53.89,0.0,2026-05-06 06:28:24.245
8780,537239,2,50.77,0.0,54.8,0.005,2026-05-06 06:28:24.245
8781,537298,3,-90.0,0.0,-90.0,0.002,2026-05-06 06:28:24.245
8782,537360,2,50.77,0.0,52.75,-0.0,2026-05-06 06:28:24.245
8783,537420,3,-90.0,0.0,-90.0,0.003,2026-05-06 06:28:24.245
8784,537481,1,-50.78,0.0,-50.92,0.003,2026-05-06 06:28:24.245
8785,537542,2,50.77,0.0,51.72,-0.001,2026-05-06 06:28:24.245
8786,537602,3,-90.0,0.0,-90.0,0.003,2026-05-06 06:28:24.245
8787,537663,1,-50.78,0.0,-50.81,0.003,2026-05-06 06:28:24.245
8788,537724,2,50.77,0.0,50.85,-0.001,2026-05-06 06:28:24.245
8789,537784,3,-90.0,0.0,-89.99,0.003,2026-05-06 06:28:24.245
8790,537846,2,50.77,0.0,50.72,0.0,2026-05-06 06:28:24.245
8791,537905,3,-90.0,0.0,-90.0,0.001,2026-05-06 06:28:24.245
8792,537966,1,-50.78,0.0,-50.8,-0.001,2026-05-06 06:28:24.245
8793,538028,2,50.77,0.0,50.73,0.001,2026-05-06 06:28:24.245
8794,538087,3,-90.0,0.0,-90.0,-0.0,2026-05-06 06:28:24.245
8795,538149,1,-50.78,0.0,-50.8,-0.001,2026-05-06 06:28:24.245
8796,538211,2,50.77,0.0,50.73,-0.0,2026-05-06 06:28:24.245
8797,538271,3,-90.0,0.0,-90.0,-0.0,2026-05-06 06:28:24.245
8798,538334,2,50.77,0.0,50.76,0.002,2026-05-06 06:28:24.245
8799,538393,3,-90.0,0.0,-90.0,-0.0,2026-05-06 06:28:24.245
8800,538455,1,-50.78,0.0,-50.79,-0.0,2026-05-06 06:28:24.245
8801,538517,2,50.77,0.0,50.76,0.003,2026-05-06 06:28:24.245
8802,538576,3,-90.0,0.0,-90.0,0.0,2026-05-06 06:28:24.245
8803,538637,1,-50.78,0.0,-50.78,-0.003,2026-05-06 06:28:24.954
8804,538699,2,50.77,0.0,50.77,0.004,2026-05-06 06:28:24.954
8805,538758,3,-90.0,0.0,-90.0,0.001,2026-05-06 06:28:24.954
