idx,char_pos,w,cmdA,cmdV,fbA,fbV,ts
0,43,3,-0.0,0.0,-0.0,0.0,2026-05-06 16:03:25.535
1,149,1,0.0,-0.001,0.0,0.0,2026-05-06 16:03:25.535
2,207,2,0.0,-0.001,0.0,0.0,2026-05-06 16:03:25.535
3,265,3,0.0,-0.001,-0.0,0.0,2026-05-06 16:03:25.535
4,390,1,0.0,-0.006,0.0,-0.001,2026-05-06 16:03:25.535
5,449,2,0.0,-0.006,0.0,-0.001,2026-05-06 16:03:25.535
6,508,3,0.0,-0.006,0.0,-0.001,2026-05-06 16:03:25.535
7,614,1,0.0,-0.007,0.0,-0.001,2026-05-06 16:03:25.535
8,673,2,0.0,-0.007,0.0,-0.001,2026-05-06 16:03:25.535
9,732,3,0.0,-0.007,0.0,-0.001,2026-05-06 16:03:25.535
10,854,1,0.0,-0.013,0.0,-0.002,2026-05-06 16:03:25.535
11,913,2,0.0,-0.013,-0.0,-0.003,2026-05-06 16:03:25.535
12,973,3,0.0,-0.013,0.0,-0.002,2026-05-06 16:03:25.535
13,1079,1,0.0,-0.015,0.0,-0.002,2026-05-06 16:03:25.535
14,1138,2,0.0,-0.015,0.0,-0.003,2026-05-06 16:03:25.535
15,1197,3,0.0,-0.015,0.0,-0.002,2026-05-06 16:03:25.535
16,1318,1,0.0,-0.022,-0.0,-0.004,2026-05-06 16:03:25.535
17,1378,2,0.0,-0.022,0.0,-0.005,2026-05-06 16:03:25.535
18,1437,3,0.0,-0.022,0.0,-0.005,2026-05-06 16:03:25.535
19,1543,1,0.0,-0.024,0.0,-0.004,2026-05-06 16:03:25.535
20,1602,2,0.0,-0.024,0.0,-0.005,2026-05-06 16:03:25.535
21,1661,3,0.0,-0.024,0.0,-0.006,2026-05-06 16:03:25.535
22,1783,1,0.0,-0.036,0.0,-0.015,2026-05-06 16:03:25.535
23,1842,2,0.0,-0.036,0.0,-0.015,2026-05-06 16:03:25.535
24,1901,3,0.0,-0.036,0.0,-0.015,2026-05-06 16:03:25.535
25,2007,1,0.0,-0.038,0.0,-0.015,2026-05-06 16:03:25.535
26,2066,2,0.0,-0.038,0.0,-0.015,2026-05-06 16:03:25.535
27,2125,3,0.0,-0.038,0.0,-0.015,2026-05-06 16:03:25.535
28,2247,1,0.0,-0.056,0.0,-0.027,2026-05-06 16:03:25.535
29,2306,2,0.0,-0.056,-0.0,-0.027,2026-05-06 16:03:25.535
30,2366,3,0.0,-0.056,0.0,-0.026,2026-05-06 16:03:25.535
31,2472,1,0.0,-0.058,0.0,-0.027,2026-05-06 16:03:25.535
32,2531,2,0.0,-0.058,-0.0,-0.027,2026-05-06 16:03:25.535
33,2591,3,0.0,-0.058,0.01,-0.027,2026-05-06 16:03:25.535
34,2712,1,0.0,-0.082,0.01,-0.04,2026-05-06 16:03:25.535
35,2771,2,0.0,-0.082,-0.01,-0.042,2026-05-06 16:03:25.535
36,2831,3,0.0,-0.082,0.03,-0.04,2026-05-06 16:03:25.535
37,2937,1,0.0,-0.082,0.01,-0.045,2026-05-06 16:03:25.535
38,2996,2,0.0,-0.082,-0.03,-0.046,2026-05-06 16:03:25.535
39,3056,3,0.0,-0.082,0.03,-0.045,2026-05-06 16:03:25.535
40,3177,1,0.0,-0.112,0.04,-0.053,2026-05-06 16:03:25.535
41,3236,2,0.0,-0.112,-0.03,-0.064,2026-05-06 16:03:25.535
42,3296,3,0.0,-0.112,0.05,-0.054,2026-05-06 16:03:25.535
43,3402,1,0.0,-0.116,0.04,-0.062,2026-05-06 16:03:25.535
44,3461,2,0.0,-0.116,-0.04,-0.064,2026-05-06 16:03:25.535
45,3521,3,0.0,-0.116,0.06,-0.062,2026-05-06 16:03:25.535
46,3642,1,0.0,-0.147,0.05,-0.085,2026-05-06 16:03:25.535
47,3701,2,0.0,-0.147,-0.04,-0.088,2026-05-06 16:03:25.535
48,3761,3,0.0,-0.147,0.07,-0.086,2026-05-06 16:03:25.535
49,3867,1,0.0,-0.152,0.05,-0.087,2026-05-06 16:03:25.535
50,3926,2,0.0,-0.152,-0.04,-0.091,2026-05-06 16:03:25.535
51,3986,3,0.0,-0.152,0.06,-0.088,2026-05-06 16:03:25.535
52,4107,1,0.0,-0.19,0.03,-0.113,2026-05-06 16:03:25.535
53,4166,2,0.0,-0.19,-0.03,-0.114,2026-05-06 16:03:25.535
54,4226,3,0.0,-0.19,0.03,-0.111,2026-05-06 16:03:25.535
55,4332,1,0.0,-0.19,0.03,-0.113,2026-05-06 16:03:25.535
56,4391,2,0.0,-0.19,-0.03,-0.114,2026-05-06 16:03:25.535
57,4451,3,0.0,-0.19,0.03,-0.111,2026-05-06 16:03:25.535
58,4572,1,0.0,-0.232,0.01,-0.156,2026-05-06 16:03:25.535
59,4631,2,0.0,-0.232,-0.01,-0.161,2026-05-06 16:03:25.535
60,4691,3,0.0,-0.232,0.01,-0.158,2026-05-06 16:03:25.535
61,4797,1,0.0,-0.232,0.01,-0.158,2026-05-06 16:03:25.535
62,4856,2,0.0,-0.232,-0.01,-0.162,2026-05-06 16:03:25.535
63,4916,3,0.0,-0.232,-0.0,-0.158,2026-05-06 16:03:25.535
64,5038,1,0.0,-0.264,-0.0,-0.197,2026-05-06 16:03:25.535
65,5098,2,0.0,-0.264,0.0,-0.202,2026-05-06 16:03:25.535
66,5157,3,0.0,-0.264,0.0,-0.197,2026-05-06 16:03:25.535
67,5263,1,0.0,-0.268,-0.0,-0.197,2026-05-06 16:03:25.535
68,5323,2,0.0,-0.268,0.0,-0.202,2026-05-06 16:03:25.535
69,5382,3,0.0,-0.268,0.0,-0.197,2026-05-06 16:03:25.535
70,5455,3,0.0,-0.289,0.01,-0.237,2026-05-06 16:03:25.535
71,5561,1,0.0,-0.289,0.0,-0.237,2026-05-06 16:03:25.535
72,5620,2,0.0,-0.289,0.01,-0.243,2026-05-06 16:03:25.535
73,5679,3,0.0,-0.289,0.01,-0.237,2026-05-06 16:03:25.535
74,5785,1,0.0,-0.292,-0.0,-0.241,2026-05-06 16:03:25.535
75,5845,2,0.0,-0.292,0.0,-0.246,2026-05-06 16:03:25.535
76,5968,1,0.0,-0.311,0.0,-0.273,2026-05-06 16:03:25.535
77,6027,2,0.0,-0.311,0.0,-0.28,2026-05-06 16:03:25.535
78,6086,3,0.0,-0.311,0.0,-0.275,2026-05-06 16:03:25.535
79,6192,1,0.0,-0.311,0.0,-0.273,2026-05-06 16:03:25.535
80,6251,2,0.0,-0.311,0.0,-0.28,2026-05-06 16:03:25.535
81,6310,3,0.0,-0.311,0.0,-0.275,2026-05-06 16:03:25.535
82,6432,1,0.0,-0.324,0.0,-0.303,2026-05-06 16:03:25.535
83,6491,2,0.0,-0.324,0.0,-0.31,2026-05-06 16:03:25.535
84,6550,3,0.0,-0.324,0.0,-0.305,2026-05-06 16:03:25.535
85,6656,1,0.0,-0.326,0.0,-0.303,2026-05-06 16:03:25.535
86,6715,2,0.0,-0.326,0.0,-0.31,2026-05-06 16:03:25.535
87,6774,3,0.0,-0.326,0.0,-0.305,2026-05-06 16:03:25.535
88,6896,1,0.0,-0.334,-0.0,-0.324,2026-05-06 16:03:25.535
89,6956,2,0.0,-0.334,-0.0,-0.334,2026-05-06 16:03:25.535
90,7016,3,0.0,-0.334,-0.0,-0.33,2026-05-06 16:03:25.535
91,7123,1,0.0,-0.336,-0.0,-0.324,2026-05-06 16:03:25.535
92,7183,2,0.0,-0.336,-0.0,-0.334,2026-05-06 16:03:25.535
93,7243,3,0.0,-0.336,-0.0,-0.33,2026-05-06 16:03:25.535
94,7363,1,0.0,-0.343,0.0,-0.339,2026-05-06 16:03:25.535
95,7484,3,0.0,-0.343,-0.0,-0.342,2026-05-06 16:03:25.535
96,7591,1,0.0,-0.343,0.0,-0.339,2026-05-06 16:03:25.535
97,7650,2,0.0,-0.343,0.0,-0.346,2026-05-06 16:03:25.535
98,7709,3,0.0,-0.343,-0.0,-0.342,2026-05-06 16:03:25.535
99,7831,1,0.0,-0.348,0.0,-0.352,2026-05-06 16:03:25.535
100,7890,2,0.0,-0.348,0.0,-0.358,2026-05-06 16:03:25.535
101,7949,3,0.0,-0.348,-0.0,-0.353,2026-05-06 16:03:25.535
102,8056,1,0.0,-0.348,0.0,-0.352,2026-05-06 16:03:25.646
103,8177,3,0.0,-0.348,-0.0,-0.353,2026-05-06 16:03:25.646
104,8299,1,0.0,-0.344,-0.0,-0.359,2026-05-06 16:03:25.646
105,8359,2,0.0,-0.344,-0.0,-0.366,2026-05-06 16:03:25.646
106,8419,3,0.0,-0.344,0.0,-0.36,2026-05-06 16:03:25.646
107,8525,1,0.0,-0.343,-0.0,-0.359,2026-05-06 16:03:25.646
108,8585,2,0.0,-0.343,-0.0,-0.366,2026-05-06 16:03:25.646
109,8645,3,0.0,-0.343,0.0,-0.36,2026-05-06 16:03:25.646
110,8766,1,0.0,-0.335,-0.0,-0.359,2026-05-06 16:03:25.646
111,8826,2,0.0,-0.335,0.0,-0.368,2026-05-06 16:03:26.293
112,8885,3,0.0,-0.335,0.0,-0.361,2026-05-06 16:03:26.293
113,8991,1,0.0,-0.335,-0.0,-0.359,2026-05-06 16:03:26.293
114,9051,2,0.0,-0.335,0.0,-0.368,2026-05-06 16:03:26.293
115,9110,3,0.0,-0.335,0.0,-0.361,2026-05-06 16:03:26.293
116,9231,1,0.0,-0.317,-0.0,-0.351,2026-05-06 16:03:26.293
117,9291,2,0.0,-0.317,-0.0,-0.361,2026-05-06 16:03:26.293
118,9351,3,0.0,-0.317,0.0,-0.352,2026-05-06 16:03:26.293
119,9457,1,0.0,-0.317,0.0,-0.351,2026-05-06 16:03:26.293
120,9516,2,0.0,-0.317,0.0,-0.36,2026-05-06 16:03:26.293
121,9575,3,0.0,-0.317,0.0,-0.352,2026-05-06 16:03:26.293
122,9696,1,0.0,-0.287,0.0,-0.339,2026-05-06 16:03:26.293
123,9755,2,0.0,-0.287,-0.0,-0.347,2026-05-06 16:03:26.293
124,9815,3,0.0,-0.287,0.0,-0.342,2026-05-06 16:03:26.293
125,9921,1,0.0,-0.281,0.0,-0.339,2026-05-06 16:03:26.293
126,9980,2,0.0,-0.281,-0.0,-0.347,2026-05-06 16:03:26.293
127,10040,3,0.0,-0.281,0.0,-0.342,2026-05-06 16:03:26.293
128,10161,1,0.0,-0.237,0.0,-0.322,2026-05-06 16:03:26.293
129,10220,2,0.0,-0.237,-0.0,-0.331,2026-05-06 16:03:26.293
130,10280,3,0.0,-0.237,-0.0,-0.325,2026-05-06 16:03:26.293
131,10387,1,0.0,-0.229,-0.0,-0.314,2026-05-06 16:03:26.293
132,10447,2,0.0,-0.229,0.0,-0.323,2026-05-06 16:03:26.293
133,10506,3,0.0,-0.229,-0.01,-0.318,2026-05-06 16:03:26.293
134,10627,1,0.0,-0.158,-0.0,-0.279,2026-05-06 16:03:26.293
135,10687,2,0.0,-0.158,0.0,-0.293,2026-05-06 16:03:26.293
136,10746,3,0.0,-0.158,0.0,-0.289,2026-05-06 16:03:26.293
137,10852,1,0.0,-0.158,-0.0,-0.27,2026-05-06 16:03:26.293
138,10912,2,0.0,-0.158,0.0,-0.288,2026-05-06 16:03:26.293
139,10971,3,0.0,-0.158,0.0,-0.286,2026-05-06 16:03:26.293
140,11092,1,0.0,-0.084,-0.0,-0.238,2026-05-06 16:03:26.293
141,11152,2,0.0,-0.084,0.02,-0.247,2026-05-06 16:03:26.293
142,11211,3,0.0,-0.084,0.0,-0.245,2026-05-06 16:03:26.293
143,11317,1,0.0,-0.084,-0.01,-0.215,2026-05-06 16:03:26.293
144,11377,2,0.0,-0.084,0.02,-0.219,2026-05-06 16:03:26.293
145,11436,3,0.0,-0.084,0.0,-0.225,2026-05-06 16:03:26.293
146,11557,1,0.0,-0.042,-0.01,-0.155,2026-05-06 16:03:26.293
147,11617,2,0.0,-0.042,0.02,-0.157,2026-05-06 16:03:26.293
148,11676,3,0.0,-0.042,0.0,-0.163,2026-05-06 16:03:26.293
149,11782,1,0.0,-0.038,-0.01,-0.155,2026-05-06 16:03:26.293
150,11842,2,0.0,-0.038,0.02,-0.157,2026-05-06 16:03:26.293
151,11901,3,0.0,-0.038,0.0,-0.163,2026-05-06 16:03:26.293
152,12022,1,0.0,-0.019,-0.0,-0.099,2026-05-06 16:03:26.293
153,12082,2,0.0,-0.019,0.01,-0.103,2026-05-06 16:03:26.293
154,12141,3,0.0,-0.019,-0.0,-0.102,2026-05-06 16:03:26.293
155,12248,1,0.0,-0.019,-0.0,-0.099,2026-05-06 16:03:26.293
156,12308,2,0.0,-0.019,0.01,-0.103,2026-05-06 16:03:26.293
157,12367,3,0.0,-0.019,-0.0,-0.102,2026-05-06 16:03:26.293
158,12489,1,0.0,-0.006,-0.0,-0.039,2026-05-06 16:03:26.293
159,12549,2,0.0,-0.006,-0.0,-0.041,2026-05-06 16:03:26.293
160,12609,3,0.0,-0.006,-0.01,-0.041,2026-05-06 16:03:26.293
161,12716,1,0.0,-0.006,-0.0,-0.039,2026-05-06 16:03:26.293
162,12776,2,0.0,-0.006,-0.0,-0.041,2026-05-06 16:03:26.293
163,12836,3,0.0,-0.006,-0.01,-0.041,2026-05-06 16:03:26.293
164,12955,1,0.0,0.0,0.0,0.0,2026-05-06 16:03:26.293
165,13012,2,-0.01,0.0,-0.01,0.001,2026-05-06 16:03:26.293
166,13071,3,-0.01,0.0,-0.01,0.001,2026-05-06 16:03:26.293
167,13176,1,0.0,0.0,0.0,0.002,2026-05-06 16:03:26.293
168,13233,2,-0.01,0.0,-0.01,0.002,2026-05-06 16:03:26.293
169,13292,3,-0.01,0.0,-0.01,0.002,2026-05-06 16:03:26.293
170,13443,1,0.0,-0.002,0.01,0.012,2026-05-06 16:03:26.293
171,13501,2,0.0,-0.002,-0.01,0.014,2026-05-06 16:03:26.293
172,13560,3,0.0,-0.002,-0.0,0.011,2026-05-06 16:03:26.293
173,13666,1,0.0,-0.002,0.01,0.012,2026-05-06 16:03:26.293
174,13724,2,0.0,-0.002,-0.01,0.014,2026-05-06 16:03:26.293
175,13783,3,0.0,-0.002,-0.0,0.011,2026-05-06 16:03:26.293
176,13906,1,0.0,-0.007,0.01,0.012,2026-05-06 16:03:26.293
177,13964,2,0.0,-0.007,-0.01,0.014,2026-05-06 16:03:26.293
178,14023,3,0.0,-0.007,0.01,0.014,2026-05-06 16:03:26.293
179,14128,1,0.0,-0.008,0.01,0.012,2026-05-06 16:03:26.293
180,14186,2,0.0,-0.008,-0.01,0.014,2026-05-06 16:03:26.293
181,14245,3,0.0,-0.008,0.01,0.014,2026-05-06 16:03:26.293
182,14367,1,0.0,-0.013,0.0,0.006,2026-05-06 16:03:26.293
183,14425,2,0.0,-0.013,-0.01,0.008,2026-05-06 16:03:26.293
184,14484,3,0.0,-0.013,0.0,0.007,2026-05-06 16:03:26.293
185,14589,1,0.0,-0.015,0.0,0.006,2026-05-06 16:03:26.293
186,14647,2,0.0,-0.015,-0.01,0.008,2026-05-06 16:03:26.293
187,14706,3,0.0,-0.015,0.0,0.007,2026-05-06 16:03:26.293
188,14829,1,0.0,-0.024,0.0,0.002,2026-05-06 16:03:26.293
189,14949,3,0.0,-0.024,-0.0,0.003,2026-05-06 16:03:26.293
190,15055,1,0.0,-0.025,0.0,0.002,2026-05-06 16:03:26.293
191,15113,2,0.0,-0.025,-0.0,0.003,2026-05-06 16:03:26.293
192,15172,3,0.0,-0.025,-0.0,0.003,2026-05-06 16:03:26.293
193,15295,1,0.0,-0.038,-0.0,-0.006,2026-05-06 16:03:26.293
194,15355,2,0.0,-0.038,0.0,-0.004,2026-05-06 16:03:26.293
195,15414,3,0.0,-0.038,0.0,-0.004,2026-05-06 16:03:26.293
196,15520,1,0.0,-0.038,-0.0,-0.006,2026-05-06 16:03:26.293
197,15580,2,0.0,-0.038,0.0,-0.004,2026-05-06 16:03:26.293
198,15639,3,0.0,-0.038,0.0,-0.004,2026-05-06 16:03:26.293
199,15760,1,0.0,-0.058,-0.0,-0.015,2026-05-06 16:03:26.293
200,15820,2,0.0,-0.058,0.0,-0.016,2026-05-06 16:03:26.293
201,15879,3,0.0,-0.058,0.0,-0.014,2026-05-06 16:03:26.293
202,15985,1,0.0,-0.058,0.0,-0.017,2026-05-06 16:03:26.293
203,16044,2,0.0,-0.058,0.0,-0.02,2026-05-06 16:03:26.969
204,16103,3,0.0,-0.058,-0.0,-0.017,2026-05-06 16:03:26.969
205,16225,1,0.0,-0.082,0.0,-0.031,2026-05-06 16:03:26.969
206,16284,2,0.0,-0.082,0.0,-0.03,2026-05-06 16:03:26.969
207,16343,3,0.0,-0.082,-0.0,-0.03,2026-05-06 16:03:26.969
208,16450,1,0.0,-0.086,0.0,-0.031,2026-05-06 16:03:26.969
209,16509,2,0.0,-0.086,0.0,-0.03,2026-05-06 16:03:26.969
210,16568,3,0.0,-0.086,-0.0,-0.03,2026-05-06 16:03:26.969
211,16642,3,0.0,-0.112,0.01,-0.051,2026-05-06 16:03:26.969
212,16748,1,0.0,-0.116,0.0,-0.051,2026-05-06 16:03:26.969
213,16807,2,0.0,-0.116,-0.0,-0.052,2026-05-06 16:03:26.969
214,16867,3,0.0,-0.116,0.01,-0.051,2026-05-06 16:03:26.969
215,16973,1,0.0,-0.121,0.0,-0.051,2026-05-06 16:03:26.969
216,17032,2,0.0,-0.121,-0.0,-0.052,2026-05-06 16:03:26.969
217,17155,1,0.0,-0.152,0.0,-0.073,2026-05-06 16:03:26.969
218,17214,2,0.0,-0.152,-0.01,-0.082,2026-05-06 16:03:26.969
219,17274,3,0.0,-0.152,-0.0,-0.074,2026-05-06 16:03:26.969
220,17381,1,0.0,-0.152,0.0,-0.079,2026-05-06 16:03:26.969
221,17440,2,0.0,-0.152,-0.01,-0.082,2026-05-06 16:03:26.969
222,17500,3,0.0,-0.152,0.0,-0.079,2026-05-06 16:03:26.969
223,17621,1,0.0,-0.196,0.0,-0.108,2026-05-06 16:03:26.969
224,17680,2,0.0,-0.196,-0.01,-0.109,2026-05-06 16:03:26.969
225,17740,3,0.0,-0.196,0.0,-0.106,2026-05-06 16:03:26.969
226,17846,1,0.0,-0.196,0.0,-0.118,2026-05-06 16:03:26.969
227,17905,2,0.0,-0.196,-0.01,-0.121,2026-05-06 16:03:26.969
228,17965,3,0.0,-0.196,-0.0,-0.117,2026-05-06 16:03:26.969
229,18087,1,0.0,-0.232,0.0,-0.144,2026-05-06 16:03:26.969
230,18146,2,0.0,-0.232,-0.01,-0.148,2026-05-06 16:03:26.969
231,18206,3,0.0,-0.232,0.0,-0.144,2026-05-06 16:03:26.969
232,18312,1,0.0,-0.237,0.0,-0.144,2026-05-06 16:03:26.969
233,18371,2,0.0,-0.237,-0.01,-0.148,2026-05-06 16:03:26.969
234,18431,3,0.0,-0.237,0.0,-0.144,2026-05-06 16:03:26.969
235,18552,1,0.0,-0.264,0.0,-0.199,2026-05-06 16:03:26.969
236,18611,2,0.0,-0.264,-0.0,-0.202,2026-05-06 16:03:26.969
237,18671,3,0.0,-0.264,-0.0,-0.197,2026-05-06 16:03:26.969
238,18778,1,0.0,-0.268,0.0,-0.201,2026-05-06 16:03:26.969
239,18837,2,0.0,-0.268,-0.0,-0.205,2026-05-06 16:03:26.969
240,18897,3,0.0,-0.268,-0.0,-0.203,2026-05-06 16:03:26.969
241,19018,1,0.0,-0.292,0.0,-0.244,2026-05-06 16:03:26.969
242,19077,2,0.0,-0.292,0.0,-0.245,2026-05-06 16:03:26.969
243,19136,3,0.0,-0.292,0.0,-0.244,2026-05-06 16:03:26.969
244,19242,1,0.0,-0.292,0.0,-0.244,2026-05-06 16:03:26.969
245,19301,2,0.0,-0.292,0.0,-0.245,2026-05-06 16:03:26.969
246,19360,3,0.0,-0.292,0.0,-0.244,2026-05-06 16:03:26.969
247,19482,1,0.0,-0.311,0.0,-0.274,2026-05-06 16:03:26.969
248,19541,2,0.0,-0.311,0.0,-0.277,2026-05-06 16:03:26.969
249,19600,3,0.0,-0.311,-0.0,-0.274,2026-05-06 16:03:26.969
250,19707,1,0.0,-0.313,-0.0,-0.281,2026-05-06 16:03:26.969
251,19767,2,0.0,-0.313,0.0,-0.286,2026-05-06 16:03:26.969
252,19826,3,0.0,-0.313,0.0,-0.283,2026-05-06 16:03:26.969
253,19947,1,0.0,-0.324,-0.0,-0.305,2026-05-06 16:03:26.969
254,20007,2,0.0,-0.324,0.01,-0.31,2026-05-06 16:03:26.969
255,20066,3,0.0,-0.324,0.01,-0.305,2026-05-06 16:03:26.969
256,20172,1,0.0,-0.326,-0.0,-0.306,2026-05-06 16:03:26.969
257,20232,2,0.0,-0.326,0.01,-0.314,2026-05-06 16:03:26.969
258,20291,3,0.0,-0.326,0.01,-0.308,2026-05-06 16:03:26.969
259,20412,1,0.0,-0.336,0.0,-0.323,2026-05-06 16:03:26.969
260,20471,2,0.0,-0.336,0.01,-0.327,2026-05-06 16:03:26.969
261,20530,3,0.0,-0.336,0.0,-0.323,2026-05-06 16:03:26.969
262,20636,1,0.0,-0.336,0.0,-0.323,2026-05-06 16:03:26.969
263,20695,2,0.0,-0.336,0.01,-0.327,2026-05-06 16:03:26.969
264,20754,3,0.0,-0.336,0.0,-0.323,2026-05-06 16:03:26.969
265,20876,1,0.0,-0.343,0.0,-0.336,2026-05-06 16:03:26.969
266,20935,2,0.0,-0.343,0.0,-0.343,2026-05-06 16:03:26.969
267,20994,3,0.0,-0.343,0.0,-0.337,2026-05-06 16:03:26.969
268,21100,1,0.0,-0.343,0.0,-0.336,2026-05-06 16:03:26.969
269,21159,2,0.0,-0.343,0.0,-0.343,2026-05-06 16:03:26.969
270,21218,3,0.0,-0.343,0.0,-0.337,2026-05-06 16:03:26.969
271,21340,1,0.0,-0.348,0.0,-0.348,2026-05-06 16:03:26.969
272,21399,2,0.0,-0.348,0.0,-0.353,2026-05-06 16:03:26.969
273,21458,3,0.0,-0.348,-0.02,-0.347,2026-05-06 16:03:26.969
274,21565,1,0.0,-0.349,0.0,-0.346,2026-05-06 16:03:26.969
275,21624,2,0.0,-0.349,0.0,-0.354,2026-05-06 16:03:26.969
276,21683,3,0.0,-0.349,0.0,-0.348,2026-05-06 16:03:26.969
277,21758,3,0.0,-0.35,0.01,-0.357,2026-05-06 16:03:26.969
278,21864,1,0.0,-0.35,0.0,-0.356,2026-05-06 16:03:26.969
279,21923,2,0.0,-0.35,0.0,-0.362,2026-05-06 16:03:26.969
280,21982,3,0.0,-0.35,0.01,-0.357,2026-05-06 16:03:26.969
281,22088,1,0.0,-0.35,0.0,-0.359,2026-05-06 16:03:26.969
282,22147,2,0.0,-0.35,0.0,-0.365,2026-05-06 16:03:26.969
283,22269,1,0.0,-0.35,0.0,-0.361,2026-05-06 16:03:26.969
284,22390,3,0.0,-0.35,-0.01,-0.362,2026-05-06 16:03:26.969
285,22497,1,0.0,-0.35,0.0,-0.361,2026-05-06 16:03:26.969
286,22556,2,0.0,-0.35,0.0,-0.368,2026-05-06 16:03:26.969
287,22615,3,0.0,-0.35,-0.01,-0.362,2026-05-06 16:03:26.969
288,22737,1,0.0,-0.35,-0.0,-0.361,2026-05-06 16:03:26.969
289,22797,2,0.0,-0.35,0.0,-0.371,2026-05-06 16:03:26.969
290,22856,3,0.0,-0.35,-0.0,-0.363,2026-05-06 16:03:26.969
291,22963,1,0.0,-0.35,-0.0,-0.361,2026-05-06 16:03:26.969
292,23023,2,0.0,-0.35,0.0,-0.371,2026-05-06 16:03:26.969
293,23082,3,0.0,-0.35,-0.0,-0.363,2026-05-06 16:03:26.969
294,23203,1,0.0,-0.35,-0.0,-0.36,2026-05-06 16:03:26.969
295,23263,2,0.0,-0.35,0.0,-0.368,2026-05-06 16:03:26.969
296,23322,3,0.0,-0.35,0.01,-0.362,2026-05-06 16:03:26.969
297,23428,1,0.0,-0.35,-0.0,-0.361,2026-05-06 16:03:26.969
298,23488,2,0.0,-0.35,0.0,-0.368,2026-05-06 16:03:26.969
299,23547,3,0.0,-0.35,0.01,-0.361,2026-05-06 16:03:26.969
300,23668,1,0.0,-0.35,-0.0,-0.359,2026-05-06 16:03:26.969
301,23728,2,0.0,-0.35,-0.0,-0.363,2026-05-06 16:03:26.969
302,23788,3,0.0,-0.35,0.0,-0.361,2026-05-06 16:03:26.969
303,23894,1,0.0,-0.35,-0.0,-0.359,2026-05-06 16:03:26.969
304,23954,2,0.0,-0.35,-0.0,-0.364,2026-05-06 16:03:26.969
305,24014,3,0.0,-0.35,0.01,-0.361,2026-05-06 16:03:26.969
306,24135,1,0.0,-0.35,-0.0,-0.353,2026-05-06 16:03:27.237
307,24195,2,0.0,-0.35,-0.0,-0.36,2026-05-06 16:03:27.237
308,24255,3,0.0,-0.35,-0.0,-0.354,2026-05-06 16:03:27.237
309,24362,1,0.0,-0.35,-0.0,-0.353,2026-05-06 16:03:27.237
310,24422,2,0.0,-0.35,-0.0,-0.36,2026-05-06 16:03:27.237
311,24482,3,0.0,-0.35,-0.0,-0.354,2026-05-06 16:03:27.237
312,24602,1,0.0,-0.35,0.0,-0.35,2026-05-06 16:03:27.237
313,24661,2,0.0,-0.35,-0.0,-0.358,2026-05-06 16:03:27.237
314,24721,3,0.0,-0.35,0.01,-0.352,2026-05-06 16:03:27.237
315,24830,1,0.0,-0.35,0.0,-0.35,2026-05-06 16:03:27.237
316,24889,2,0.0,-0.35,-0.0,-0.358,2026-05-06 16:03:27.237
317,24949,3,0.0,-0.35,0.01,-0.352,2026-05-06 16:03:27.237
318,25070,1,0.0,-0.35,0.0,-0.352,2026-05-06 16:03:27.237
319,25129,2,0.0,-0.35,-0.0,-0.357,2026-05-06 16:03:27.237
320,25189,3,0.0,-0.35,-0.0,-0.352,2026-05-06 16:03:27.237
321,25296,1,0.0,-0.35,-0.0,-0.352,2026-05-06 16:03:27.237
322,25356,2,0.0,-0.35,-0.0,-0.357,2026-05-06 16:03:27.237
323,25416,3,0.0,-0.35,-0.0,-0.352,2026-05-06 16:03:27.237
324,25603,2,0.0,-0.35,0.0,-0.359,2026-05-06 16:03:27.237
325,25662,3,0.0,-0.35,0.01,-0.356,2026-05-06 16:03:27.237
326,25768,1,0.0,-0.35,-0.0,-0.354,2026-05-06 16:03:27.237
327,25828,2,0.0,-0.35,0.0,-0.36,2026-05-06 16:03:27.237
328,25887,3,0.0,-0.35,0.01,-0.355,2026-05-06 16:03:27.237
329,26008,1,0.0,-0.35,-0.0,-0.351,2026-05-06 16:03:27.237
330,26068,2,0.0,-0.35,0.0,-0.359,2026-05-06 16:03:27.237
331,26127,3,0.0,-0.35,-0.01,-0.353,2026-05-06 16:03:27.237
332,26234,1,0.0,-0.35,-0.0,-0.352,2026-05-06 16:03:27.237
333,26294,2,0.0,-0.35,0.0,-0.36,2026-05-06 16:03:27.237
334,26353,3,0.0,-0.35,-0.0,-0.354,2026-05-06 16:03:27.237
335,26429,3,0.0,-0.35,-0.01,-0.351,2026-05-06 16:03:27.237
336,26536,1,0.0,-0.35,0.0,-0.348,2026-05-06 16:03:27.237
337,26595,2,0.0,-0.35,0.0,-0.355,2026-05-06 16:03:27.237
338,26654,3,0.0,-0.35,-0.01,-0.351,2026-05-06 16:03:27.237
339,26761,1,0.0,-0.35,0.0,-0.348,2026-05-06 16:03:27.299
340,26820,2,0.0,-0.35,0.0,-0.355,2026-05-06 16:03:27.299
341,26940,1,0.0,-0.35,0.0,-0.349,2026-05-06 16:03:27.299
342,26999,2,0.0,-0.35,0.0,-0.356,2026-05-06 16:03:27.299
343,27058,3,0.0,-0.35,-0.0,-0.35,2026-05-06 16:03:27.299
344,27165,1,0.0,-0.35,0.0,-0.35,2026-05-06 16:03:27.299
345,27224,2,0.0,-0.35,0.0,-0.354,2026-05-06 16:03:27.299
346,27283,3,0.0,-0.35,-0.0,-0.351,2026-05-06 16:03:27.299
347,27405,1,0.0,-0.35,0.0,-0.354,2026-05-06 16:03:27.299
348,27464,2,0.0,-0.35,-0.0,-0.359,2026-05-06 16:03:27.299
349,27524,3,0.0,-0.35,0.0,-0.353,2026-05-06 16:03:27.347
350,27630,1,0.0,-0.35,0.0,-0.354,2026-05-06 16:03:27.507
351,27689,2,0.0,-0.35,-0.0,-0.359,2026-05-06 16:03:27.507
352,27873,1,0.0,-0.35,-0.0,-0.35,2026-05-06 16:03:27.507
353,27933,2,0.0,-0.35,-0.0,-0.354,2026-05-06 16:03:27.507
354,27993,3,0.0,-0.35,-0.0,-0.351,2026-05-06 16:03:27.507
355,28100,1,0.0,-0.35,-0.0,-0.35,2026-05-06 16:03:27.507
356,28160,2,0.0,-0.35,-0.0,-0.354,2026-05-06 16:03:27.507
357,28220,3,0.0,-0.35,-0.0,-0.351,2026-05-06 16:03:27.507
358,28341,1,0.0,-0.35,0.0,-0.342,2026-05-06 16:03:27.507
359,28400,2,0.0,-0.35,-0.0,-0.348,2026-05-06 16:03:27.507
360,28460,3,0.0,-0.35,-0.0,-0.343,2026-05-06 16:03:27.507
361,28567,1,0.0,-0.35,0.0,-0.342,2026-05-06 16:03:27.507
362,28626,2,0.0,-0.35,-0.0,-0.348,2026-05-06 16:03:27.507
363,28686,3,0.0,-0.35,-0.0,-0.343,2026-05-06 16:03:27.507
364,28807,1,0.0,-0.35,0.0,-0.347,2026-05-06 16:03:27.507
365,28866,2,0.0,-0.35,0.0,-0.352,2026-05-06 16:03:27.507
366,28925,3,0.0,-0.35,0.0,-0.347,2026-05-06 16:03:27.507
367,29031,1,0.0,-0.35,0.0,-0.348,2026-05-06 16:03:27.507
368,29090,2,0.0,-0.35,0.0,-0.353,2026-05-06 16:03:27.507
369,29149,3,0.0,-0.35,0.01,-0.348,2026-05-06 16:03:27.507
370,29271,1,0.0,-0.35,0.0,-0.35,2026-05-06 16:03:27.507
371,29330,2,0.0,-0.35,0.0,-0.353,2026-05-06 16:03:27.507
372,29389,3,0.0,-0.35,-0.0,-0.351,2026-05-06 16:03:27.507
373,29496,1,0.0,-0.35,-0.0,-0.351,2026-05-06 16:03:27.507
374,29556,2,0.0,-0.35,0.0,-0.355,2026-05-06 16:03:27.507
375,29615,3,0.0,-0.35,0.0,-0.351,2026-05-06 16:03:27.507
376,29736,1,0.0,-0.35,0.0,-0.348,2026-05-06 16:03:27.507
377,29795,2,0.0,-0.35,0.0,-0.352,2026-05-06 16:03:27.507
378,29854,3,0.0,-0.35,-0.0,-0.348,2026-05-06 16:03:27.507
379,29961,1,0.0,-0.35,0.0,-0.346,2026-05-06 16:03:27.507
380,30020,2,0.0,-0.35,0.0,-0.352,2026-05-06 16:03:27.805
381,30079,3,0.0,-0.35,-0.0,-0.348,2026-05-06 16:03:27.805
382,30201,1,0.0,-0.35,0.0,-0.346,2026-05-06 16:03:27.805
383,30260,2,0.0,-0.35,0.0,-0.351,2026-05-06 16:03:27.805
384,30319,3,0.0,-0.35,-0.0,-0.349,2026-05-06 16:03:27.805
385,30426,1,0.0,-0.35,0.0,-0.349,2026-05-06 16:03:27.805
386,30485,2,0.0,-0.35,0.0,-0.351,2026-05-06 16:03:27.805
387,30544,3,0.0,-0.35,0.0,-0.349,2026-05-06 16:03:27.805
388,30666,1,0.0,-0.349,-0.0,-0.354,2026-05-06 16:03:27.805
389,30726,2,0.0,-0.349,0.01,-0.358,2026-05-06 16:03:27.805
390,30785,3,0.0,-0.349,-0.0,-0.355,2026-05-06 16:03:27.805
391,30895,1,0.0,-0.349,-0.0,-0.352,2026-05-06 16:03:27.805
392,30955,2,0.0,-0.349,0.01,-0.359,2026-05-06 16:03:27.805
393,31014,3,0.0,-0.349,0.01,-0.355,2026-05-06 16:03:27.805
394,31135,1,0.0,-0.343,-0.0,-0.352,2026-05-06 16:03:27.805
395,31195,2,0.0,-0.343,0.0,-0.353,2026-05-06 16:03:27.805
396,31254,3,0.0,-0.343,-0.0,-0.351,2026-05-06 16:03:27.805
397,31361,1,0.0,-0.342,-0.0,-0.352,2026-05-06 16:03:27.805
398,31421,2,0.0,-0.342,0.0,-0.353,2026-05-06 16:03:27.805
399,31480,3,0.0,-0.342,-0.0,-0.351,2026-05-06 16:03:27.805
400,31601,1,0.0,-0.334,-0.0,-0.345,2026-05-06 16:03:27.805
401,31661,2,0.0,-0.334,-0.0,-0.348,2026-05-06 16:03:27.805
402,31721,3,0.0,-0.334,0.0,-0.346,2026-05-06 16:03:27.805
403,31827,1,0.0,-0.334,-0.0,-0.345,2026-05-06 16:03:27.805
404,31887,2,0.0,-0.334,-0.0,-0.348,2026-05-06 16:03:27.805
405,31947,3,0.0,-0.334,0.0,-0.346,2026-05-06 16:03:27.805
406,32068,1,0.0,-0.312,0.0,-0.335,2026-05-06 16:03:27.805
407,32127,2,0.0,-0.312,-0.0,-0.343,2026-05-06 16:03:27.805
408,32187,3,0.0,-0.312,0.01,-0.337,2026-05-06 16:03:27.805
409,32293,1,0.0,-0.312,0.0,-0.335,2026-05-06 16:03:27.805
410,32352,2,0.0,-0.312,-0.0,-0.343,2026-05-06 16:03:27.805
411,32412,3,0.0,-0.312,0.01,-0.337,2026-05-06 16:03:27.805
412,32533,1,0.0,-0.277,-0.0,-0.33,2026-05-06 16:03:27.805
413,32593,2,0.0,-0.277,-0.0,-0.334,2026-05-06 16:03:27.805
414,32653,3,0.0,-0.277,0.01,-0.331,2026-05-06 16:03:27.805
415,32759,1,0.0,-0.271,-0.0,-0.33,2026-05-06 16:03:27.805
416,32819,2,0.0,-0.271,-0.0,-0.334,2026-05-06 16:03:27.805
417,32879,3,0.0,-0.271,0.01,-0.331,2026-05-06 16:03:27.805
418,32999,1,0.0,-0.222,0.0,-0.304,2026-05-06 16:03:27.805
419,33058,2,0.0,-0.222,0.0,-0.311,2026-05-06 16:03:27.805
420,33117,3,0.0,-0.222,0.01,-0.306,2026-05-06 16:03:27.805
421,33223,1,0.0,-0.212,0.0,-0.304,2026-05-06 16:03:27.805
422,33282,2,0.0,-0.212,0.0,-0.311,2026-05-06 16:03:27.805
423,33341,3,0.0,-0.212,0.01,-0.306,2026-05-06 16:03:27.805
424,33463,1,0.0,-0.14,0.0,-0.261,2026-05-06 16:03:28.496
425,33522,2,0.0,-0.14,0.01,-0.265,2026-05-06 16:03:28.496
426,33581,3,0.0,-0.14,0.01,-0.266,2026-05-06 16:03:28.496
427,33687,1,0.0,-0.14,0.0,-0.261,2026-05-06 16:03:28.496
428,33746,2,0.0,-0.14,0.01,-0.266,2026-05-06 16:03:28.496
429,33805,3,0.0,-0.14,0.01,-0.266,2026-05-06 16:03:28.496
430,33927,1,0.0,-0.071,-0.01,-0.201,2026-05-06 16:03:28.496
431,33987,2,0.0,-0.071,0.01,-0.204,2026-05-06 16:03:28.496
432,34046,3,0.0,-0.071,0.01,-0.206,2026-05-06 16:03:28.496
433,34152,1,0.0,-0.071,-0.01,-0.201,2026-05-06 16:03:28.496
434,34212,2,0.0,-0.071,0.01,-0.204,2026-05-06 16:03:28.496
435,34271,3,0.0,-0.071,0.01,-0.206,2026-05-06 16:03:28.496
436,34392,1,0.0,-0.035,-0.01,-0.14,2026-05-06 16:03:28.496
437,34452,2,0.0,-0.035,0.02,-0.137,2026-05-06 16:03:28.496
438,34511,3,0.0,-0.035,0.01,-0.14,2026-05-06 16:03:28.496
439,34617,1,0.0,-0.032,-0.01,-0.14,2026-05-06 16:03:28.496
440,34677,2,0.0,-0.032,0.02,-0.137,2026-05-06 16:03:28.496
441,34736,3,0.0,-0.032,0.01,-0.14,2026-05-06 16:03:28.496
442,34857,1,0.0,-0.016,-0.01,-0.083,2026-05-06 16:03:28.496
443,34917,2,0.0,-0.016,0.01,-0.083,2026-05-06 16:03:28.496
444,34976,3,0.0,-0.016,-0.01,-0.079,2026-05-06 16:03:28.496
445,35083,1,0.0,-0.016,-0.01,-0.083,2026-05-06 16:03:28.496
446,35143,2,0.0,-0.016,0.01,-0.083,2026-05-06 16:03:28.496
447,35202,3,0.0,-0.016,-0.01,-0.079,2026-05-06 16:03:28.496
448,35324,1,0.0,-0.004,0.0,-0.024,2026-05-06 16:03:28.496
449,35383,2,0.0,-0.004,-0.01,-0.025,2026-05-06 16:03:28.496
450,35443,3,0.0,-0.004,-0.02,-0.023,2026-05-06 16:03:28.496
451,35550,1,0.0,-0.004,0.0,-0.024,2026-05-06 16:03:28.496
452,35609,2,0.0,-0.004,-0.01,-0.025,2026-05-06 16:03:28.496
453,35669,3,0.0,-0.004,-0.02,-0.023,2026-05-06 16:03:28.496
454,35789,1,0.0,0.0,0.0,-0.0,2026-05-06 16:03:28.496
455,35847,2,-0.01,0.0,-0.01,0.0,2026-05-06 16:03:28.496
456,35906,3,-0.02,0.0,-0.02,0.001,2026-05-06 16:03:28.496
457,36011,1,0.0,0.0,0.01,0.005,2026-05-06 16:03:28.496
458,36068,2,-0.01,0.0,-0.01,0.01,2026-05-06 16:03:28.496
459,36127,3,-0.02,0.0,-0.01,0.008,2026-05-06 16:03:28.496
460,36250,1,0.0,0.0,0.01,0.014,2026-05-06 16:03:28.496
461,36307,2,-0.01,0.0,-0.01,0.017,2026-05-06 16:03:28.496
462,36366,3,-0.02,0.0,-0.01,0.014,2026-05-06 16:03:28.496
463,36471,1,0.0,0.0,0.01,0.014,2026-05-06 16:03:28.496
464,36528,2,-0.01,0.0,-0.01,0.016,2026-05-06 16:03:28.496
465,36587,3,-0.02,0.0,0.0,0.014,2026-05-06 16:03:28.496
466,36736,1,0.0,0.0,0.01,0.013,2026-05-06 16:03:28.496
467,36793,2,-0.01,0.0,-0.01,0.016,2026-05-06 16:03:28.496
468,36852,3,-0.02,0.0,-0.01,0.014,2026-05-06 16:03:28.496
469,36957,1,0.0,0.0,0.01,0.013,2026-05-06 16:03:28.496
470,37014,2,-0.01,0.0,-0.01,0.015,2026-05-06 16:03:28.496
471,37073,3,-0.02,0.0,-0.02,0.013,2026-05-06 16:03:28.496
472,37223,1,0.0,0.0,0.01,0.012,2026-05-06 16:03:28.496
473,37280,2,-0.01,0.0,-0.01,0.013,2026-05-06 16:03:28.496
474,37339,3,-0.02,0.0,-0.02,0.013,2026-05-06 16:03:28.496
475,37444,1,0.0,0.0,0.01,0.011,2026-05-06 16:03:28.496
476,37501,2,-0.01,0.0,-0.01,0.012,2026-05-06 16:03:28.496
477,37560,3,-0.02,0.0,-0.02,0.012,2026-05-06 16:03:28.496
478,37637,1,0.0,0.0,0.01,0.009,2026-05-06 16:03:28.496
479,37694,2,-0.01,0.0,-0.01,0.009,2026-05-06 16:03:28.496
480,37753,3,-0.02,0.0,-0.03,0.009,2026-05-06 16:03:28.496
481,37902,1,0.0,0.0,0.01,0.008,2026-05-06 16:03:28.496
482,37959,2,-0.01,0.0,-0.01,0.008,2026-05-06 16:03:28.496
483,38018,3,-0.02,0.0,-0.02,0.008,2026-05-06 16:03:28.496
484,38124,1,0.0,0.0,0.01,0.007,2026-05-06 16:03:28.496
485,38181,2,-0.01,0.0,-0.01,0.008,2026-05-06 16:03:28.496
486,38240,3,-0.02,0.0,-0.01,0.007,2026-05-06 16:03:28.496
487,38345,1,0.0,0.0,0.01,0.0,2026-05-06 16:03:28.496
488,38405,2,-0.01,0.0,-0.01,0.007,2026-05-06 16:03:28.496
489,38464,3,-0.02,0.0,-0.03,0.006,2026-05-06 16:03:28.496
490,38585,1,0.0,0.0,0.01,0.005,2026-05-06 16:03:28.496
491,38642,2,-0.01,0.0,-0.01,0.005,2026-05-06 16:03:28.496
492,38701,3,-0.02,0.0,-0.02,0.005,2026-05-06 16:03:28.496
493,38806,1,0.0,0.0,0.01,0.004,2026-05-06 16:03:28.496
494,38863,2,-0.01,0.0,-0.01,0.004,2026-05-06 16:03:28.496
495,38922,3,-0.02,0.0,-0.02,0.004,2026-05-06 16:03:28.496
496,39043,1,0.0,0.0,0.0,0.003,2026-05-06 16:03:28.496
497,39100,2,-0.01,0.0,-0.01,0.003,2026-05-06 16:03:28.496
498,39159,3,-0.02,0.0,-0.02,0.003,2026-05-06 16:03:28.496
499,39264,1,0.0,0.0,0.0,0.003,2026-05-06 16:03:28.496
500,39321,2,-0.01,0.0,-0.01,0.003,2026-05-06 16:03:28.496
501,39380,3,-0.02,0.0,-0.01,0.003,2026-05-06 16:03:28.496
502,39485,1,0.0,0.0,0.01,0.002,2026-05-06 16:03:28.496
503,39587,1,0.0,0.0,0.01,0.002,2026-05-06 16:03:28.496
504,39644,2,-0.01,0.0,-0.01,0.003,2026-05-06 16:03:28.496
505,39703,3,-0.02,0.0,-0.02,0.003,2026-05-06 16:03:28.496
506,39808,1,0.0,0.0,0.0,0.002,2026-05-06 16:03:28.496
507,39865,2,-0.01,0.0,-0.01,0.003,2026-05-06 16:03:28.496
508,39924,3,-0.02,0.0,-0.02,0.003,2026-05-06 16:03:28.496
509,40045,1,0.0,0.0,0.01,0.002,2026-05-06 16:03:28.496
510,40102,2,-0.01,0.0,-0.01,0.002,2026-05-06 16:03:28.496
511,40161,3,-0.02,0.0,-0.01,0.002,2026-05-06 16:03:28.496
512,40266,1,0.0,0.0,0.0,0.002,2026-05-06 16:03:28.496
513,40323,2,-0.01,0.0,-0.01,0.002,2026-05-06 16:03:28.496
514,40382,3,-0.02,0.0,-0.02,0.002,2026-05-06 16:03:28.496
515,40534,1,0.0,0.0,0.0,0.002,2026-05-06 16:03:28.496
516,40591,2,-0.01,0.0,-0.01,0.001,2026-05-06 16:03:28.496
517,40650,3,-0.02,0.0,-0.02,0.002,2026-05-06 16:03:28.496
518,40755,1,0.0,0.0,0.0,0.001,2026-05-06 16:03:28.496
519,40812,2,-0.01,0.0,-0.01,0.001,2026-05-06 16:03:28.496
520,40871,3,-0.02,0.0,-0.01,0.001,2026-05-06 16:03:28.496
521,40992,1,0.0,0.0,0.01,0.001,2026-05-06 16:03:28.496
522,41049,2,-0.01,0.0,-0.01,0.001,2026-05-06 16:03:28.496
523,41108,3,-0.02,0.0,-0.02,0.001,2026-05-06 16:03:28.496
524,41213,1,0.0,0.0,0.0,0.001,2026-05-06 16:03:28.496
525,41270,2,-0.01,0.0,-0.01,0.001,2026-05-06 16:03:28.496
526,41329,3,-0.02,0.0,-0.02,0.001,2026-05-06 16:03:28.496
527,41481,1,0.0,0.0,0.0,0.001,2026-05-06 16:03:28.824
528,41600,3,-0.02,0.0,-0.01,0.0,2026-05-06 16:03:28.824
529,41705,1,0.0,0.0,0.0,0.001,2026-05-06 16:03:28.824
530,41762,2,-0.01,0.0,-0.01,0.0,2026-05-06 16:03:28.824
531,41821,3,-0.02,0.0,-0.02,0.0,2026-05-06 16:03:28.824
532,42019,1,0.0,0.0,0.01,0.0,2026-05-06 16:03:28.824
533,42076,2,-0.01,0.0,-0.01,0.0,2026-05-06 16:03:28.824
534,42135,3,-0.02,0.0,-0.01,0.0,2026-05-06 16:03:28.824
535,42240,1,0.0,0.0,0.0,0.0,2026-05-06 16:03:28.824
536,42297,2,-0.01,0.0,-0.01,0.0,2026-05-06 16:03:28.824
537,42368,1,0.0,0.0,0.0,0.0,2026-05-06 16:03:28.824
538,42425,2,-0.01,0.0,-0.01,0.0,2026-05-06 16:03:28.824
539,42484,3,-0.02,0.0,-0.02,0.0,2026-05-06 16:03:28.824
540,42589,1,0.0,0.0,0.01,0.0,2026-05-06 16:03:28.824
541,42646,2,-0.01,0.0,-0.01,0.001,2026-05-06 16:03:28.824
542,42705,3,-0.02,0.0,-0.01,0.0,2026-05-06 16:03:28.824
543,42826,1,0.0,0.0,0.0,0.0,2026-05-06 16:03:28.824
544,42883,2,-0.01,0.0,-0.01,0.0,2026-05-06 16:03:28.824
545,42942,3,-0.02,0.0,-0.02,0.0,2026-05-06 16:03:28.824
546,43047,1,0.0,0.0,0.01,0.0,2026-05-06 16:03:28.824
547,43104,2,-0.01,0.0,-0.01,0.0,2026-05-06 16:03:28.824
548,43163,3,-0.02,0.0,-0.02,0.0,2026-05-06 16:03:28.824
549,43284,1,0.0,0.0,0.0,0.0,2026-05-06 16:03:28.824
550,43341,2,-0.01,0.0,-0.01,0.0,2026-05-06 16:03:28.824
551,43400,3,-0.02,0.0,-0.01,0.0,2026-05-06 16:03:28.824
552,43505,1,0.0,0.0,0.01,0.0,2026-05-06 16:03:28.824
553,43562,2,-0.01,0.0,-0.01,0.0,2026-05-06 16:03:28.824
554,43621,3,-0.02,0.0,-0.01,0.0,2026-05-06 16:03:28.824
555,43726,1,0.0,0.0,0.0,0.0,2026-05-06 16:03:28.824
556,43782,1,0.0,0.0,0.0,0.0,2026-05-06 16:03:28.824
557,43839,2,-0.01,0.0,-0.01,0.0,2026-05-06 16:03:28.824
558,43898,3,-0.02,0.0,-0.02,-0.0,2026-05-06 16:03:28.824
559,44004,1,0.0,0.0,0.0,0.0,2026-05-06 16:03:28.824
560,44061,2,-0.01,0.0,-0.01,0.0,2026-05-06 16:03:28.824
561,44120,3,-0.02,0.0,-0.02,0.0,2026-05-06 16:03:28.824
562,44285,1,0.0,0.0,0.0,0.0,2026-05-06 16:03:28.824
563,44342,2,-0.01,0.0,-0.01,0.0,2026-05-06 16:03:28.824
564,44401,3,-0.02,0.0,-0.02,0.0,2026-05-06 16:03:28.824
565,44506,1,0.0,0.0,0.0,-0.0,2026-05-06 16:03:28.824
566,44564,2,-0.01,0.0,-0.01,0.0,2026-05-06 16:03:28.824
567,44623,3,-0.02,0.0,-0.01,0.0,2026-05-06 16:03:28.824
568,44777,1,0.0,0.0,0.01,0.0,2026-05-06 16:03:29.520
569,44834,2,-0.01,0.0,-0.01,0.0,2026-05-06 16:03:29.520
570,44893,3,-0.02,0.0,-0.01,0.0,2026-05-06 16:03:29.520
571,44998,1,0.0,0.0,0.01,0.0,2026-05-06 16:03:29.520
572,45055,2,-0.01,0.0,-0.01,0.0,2026-05-06 16:03:29.520
573,45114,3,-0.02,0.0,-0.02,0.0,2026-05-06 16:03:29.520
574,45235,1,0.0,0.0,0.01,0.0,2026-05-06 16:03:29.520
575,45292,2,-0.01,0.0,-0.01,0.0,2026-05-06 16:03:29.520
576,45351,3,-0.02,0.0,-0.02,0.0,2026-05-06 16:03:29.520
577,45456,1,0.0,0.0,0.0,0.0,2026-05-06 16:03:29.520
578,45513,2,-0.01,0.0,-0.01,0.0,2026-05-06 16:03:29.520
579,45572,3,-0.02,0.0,-0.01,0.0,2026-05-06 16:03:29.520
580,45724,1,0.0,0.001,0.0,0.0,2026-05-06 16:03:29.520
581,45781,2,0.0,0.001,-0.01,-0.0,2026-05-06 16:03:29.520
582,45840,3,0.0,0.001,-0.01,0.0,2026-05-06 16:03:29.520
583,45944,1,0.0,0.001,0.0,0.0,2026-05-06 16:03:29.520
584,46001,2,0.0,0.001,-0.01,-0.0,2026-05-06 16:03:29.520
585,46060,3,0.0,0.001,-0.01,0.0,2026-05-06 16:03:29.520
586,46209,1,0.0,0.005,0.0,0.001,2026-05-06 16:03:29.520
587,46266,2,0.0,0.005,-0.01,0.001,2026-05-06 16:03:29.520
588,46324,3,0.0,0.005,-0.01,0.0,2026-05-06 16:03:29.520
589,46428,1,0.0,0.005,0.0,0.001,2026-05-06 16:03:29.520
590,46485,2,0.0,0.005,-0.01,0.001,2026-05-06 16:03:29.520
591,46543,3,0.0,0.005,-0.01,0.0,2026-05-06 16:03:29.520
592,46694,1,0.0,0.011,0.0,0.002,2026-05-06 16:03:29.520
593,46751,2,0.0,0.011,-0.0,0.002,2026-05-06 16:03:29.520
594,46809,3,0.0,0.011,0.0,0.003,2026-05-06 16:03:29.520
595,46912,1,0.0,0.011,0.0,0.002,2026-05-06 16:03:29.520
596,46969,2,0.0,0.011,-0.0,0.002,2026-05-06 16:03:29.520
597,47027,3,0.0,0.011,0.0,0.003,2026-05-06 16:03:29.520
598,47177,1,0.0,0.021,-0.0,0.005,2026-05-06 16:03:29.520
599,47235,2,0.0,0.021,-0.0,0.006,2026-05-06 16:03:29.520
600,47293,3,0.0,0.021,0.01,0.006,2026-05-06 16:03:29.520
601,47396,1,0.0,0.022,-0.0,0.006,2026-05-06 16:03:29.520
602,47454,2,0.0,0.022,-0.0,0.007,2026-05-06 16:03:29.520
603,47512,3,0.0,0.022,-0.01,0.006,2026-05-06 16:03:29.520
604,47662,1,0.0,0.032,0.0,0.012,2026-05-06 16:03:29.520
605,47719,2,0.0,0.032,-0.0,0.012,2026-05-06 16:03:29.520
606,47777,3,0.0,0.032,0.0,0.012,2026-05-06 16:03:29.520
607,47880,1,0.0,0.032,0.0,0.012,2026-05-06 16:03:29.520
608,47937,2,0.0,0.032,-0.0,0.012,2026-05-06 16:03:29.520
609,47995,3,0.0,0.032,0.0,0.012,2026-05-06 16:03:29.520
610,48145,1,0.0,0.05,-0.0,0.022,2026-05-06 16:03:29.520
611,48203,2,0.0,0.05,0.0,0.023,2026-05-06 16:03:29.520
612,48260,3,0.0,0.05,-0.0,0.023,2026-05-06 16:03:29.520
613,48364,1,0.0,0.05,-0.0,0.022,2026-05-06 16:03:29.520
614,48422,2,0.0,0.05,0.0,0.023,2026-05-06 16:03:29.520
615,48479,3,0.0,0.05,-0.0,0.023,2026-05-06 16:03:29.520
616,48629,1,0.0,0.075,0.0,0.034,2026-05-06 16:03:29.520
617,48686,2,0.0,0.075,0.0,0.034,2026-05-06 16:03:29.520
618,48743,3,0.0,0.075,0.0,0.033,2026-05-06 16:03:29.520
619,48846,1,0.0,0.075,0.0,0.034,2026-05-06 16:03:29.520
620,48903,2,0.0,0.075,0.0,0.034,2026-05-06 16:03:29.520
621,48960,3,0.0,0.075,0.0,0.033,2026-05-06 16:03:29.520
622,49111,1,0.0,0.102,0.0,0.053,2026-05-06 16:03:29.520
623,49229,3,0.0,0.102,0.0,0.053,2026-05-06 16:03:29.520
624,49332,1,0.0,0.107,0.0,0.058,2026-05-06 16:03:29.520
625,49389,2,0.0,0.107,-0.0,0.062,2026-05-06 16:03:29.520
626,49447,3,0.0,0.107,-0.0,0.056,2026-05-06 16:03:29.520
627,49597,1,0.0,0.136,0.0,0.076,2026-05-06 16:03:29.520
628,49654,2,0.0,0.136,-0.0,0.081,2026-05-06 16:03:29.520
629,49712,3,0.0,0.136,0.0,0.077,2026-05-06 16:03:29.520
630,49875,2,0.0,0.141,-0.0,0.081,2026-05-06 16:03:29.520
631,49933,3,0.0,0.141,0.0,0.077,2026-05-06 16:03:29.520
632,50084,1,0.0,0.179,-0.0,0.109,2026-05-06 16:03:29.520
633,50142,2,0.0,0.179,-0.0,0.115,2026-05-06 16:03:29.520
634,50200,3,0.0,0.179,0.01,0.109,2026-05-06 16:03:29.520
635,50303,1,0.0,0.179,-0.0,0.109,2026-05-06 16:03:29.520
636,50361,2,0.0,0.179,-0.0,0.115,2026-05-06 16:03:29.520
637,50419,3,0.0,0.179,0.01,0.109,2026-05-06 16:03:29.520
638,50569,1,0.0,0.222,-0.0,0.149,2026-05-06 16:03:29.520
639,50627,2,0.0,0.222,-0.0,0.155,2026-05-06 16:03:29.520
640,50685,3,0.0,0.222,0.0,0.15,2026-05-06 16:03:29.520
641,50788,1,0.0,0.222,-0.0,0.149,2026-05-06 16:03:29.520
642,50846,2,0.0,0.222,-0.0,0.155,2026-05-06 16:03:29.520
643,50904,3,0.0,0.222,0.0,0.15,2026-05-06 16:03:29.520
644,51053,1,0.0,0.255,-0.01,0.185,2026-05-06 16:03:29.520
645,51111,2,0.0,0.255,0.0,0.192,2026-05-06 16:03:29.520
646,51168,3,0.0,0.255,-0.0,0.186,2026-05-06 16:03:29.520
647,51272,1,0.0,0.26,-0.01,0.196,2026-05-06 16:03:29.520
648,51330,2,0.0,0.26,0.0,0.203,2026-05-06 16:03:29.520
649,51387,3,0.0,0.26,0.0,0.196,2026-05-06 16:03:29.520
650,51537,1,0.0,0.282,-0.0,0.227,2026-05-06 16:03:29.520
651,51595,2,0.0,0.282,0.0,0.239,2026-05-06 16:03:29.520
652,51652,3,0.0,0.282,0.01,0.231,2026-05-06 16:03:29.520
653,51755,1,0.0,0.282,-0.0,0.227,2026-05-06 16:03:29.520
654,51813,2,0.0,0.282,0.0,0.239,2026-05-06 16:03:29.520
655,51870,3,0.0,0.282,0.01,0.231,2026-05-06 16:03:29.520
656,52020,1,0.0,0.306,-0.0,0.265,2026-05-06 16:03:29.520
657,52078,2,0.0,0.306,-0.0,0.28,2026-05-06 16:03:29.520
658,52136,3,0.0,0.306,-0.0,0.27,2026-05-06 16:03:29.520
659,52240,1,0.0,0.306,-0.0,0.265,2026-05-06 16:03:29.520
660,52298,2,0.0,0.306,-0.0,0.28,2026-05-06 16:03:29.520
661,52356,3,0.0,0.306,-0.0,0.27,2026-05-06 16:03:29.520
662,52505,1,0.0,0.321,0.0,0.293,2026-05-06 16:03:29.520
663,52562,2,0.0,0.321,-0.0,0.307,2026-05-06 16:03:29.520
664,52620,3,0.0,0.321,-0.0,0.298,2026-05-06 16:03:29.520
665,52724,1,0.0,0.323,0.0,0.293,2026-05-06 16:03:29.520
666,52781,2,0.0,0.323,-0.0,0.307,2026-05-06 16:03:29.520
667,52839,3,0.0,0.323,-0.0,0.298,2026-05-06 16:03:29.630
668,52990,1,0.0,0.332,0.0,0.319,2026-05-06 16:03:29.630
669,53047,2,0.0,0.332,-0.01,0.335,2026-05-06 16:03:29.630
670,53105,3,0.0,0.332,-0.0,0.325,2026-05-06 16:03:29.630
671,53209,1,0.0,0.333,0.0,0.319,2026-05-06 16:03:29.630
672,53266,2,0.0,0.333,-0.01,0.335,2026-05-06 16:03:29.630
673,53324,3,0.0,0.333,-0.0,0.325,2026-05-06 16:03:29.630
674,53474,1,0.0,0.341,0.0,0.335,2026-05-06 16:03:29.630
675,53531,2,0.0,0.341,-0.01,0.349,2026-05-06 16:03:29.630
676,53589,3,0.0,0.341,0.0,0.341,2026-05-06 16:03:30.024
677,53692,1,0.0,0.341,0.0,0.335,2026-05-06 16:03:30.024
678,53749,2,0.0,0.341,-0.01,0.349,2026-05-06 16:03:30.024
679,53807,3,0.0,0.341,0.0,0.341,2026-05-06 16:03:30.024
680,53911,3,0.0,0.346,-0.0,0.35,2026-05-06 16:03:30.024
681,54015,1,0.0,0.347,0.0,0.344,2026-05-06 16:03:30.024
682,54072,2,0.0,0.347,-0.0,0.357,2026-05-06 16:03:30.024
683,54130,3,0.0,0.347,-0.0,0.35,2026-05-06 16:03:30.024
684,54234,1,0.0,0.347,0.0,0.344,2026-05-06 16:03:30.024
685,54418,1,0.0,0.35,0.0,0.349,2026-05-06 16:03:30.024
686,54475,2,0.0,0.35,-0.0,0.364,2026-05-06 16:03:30.024
687,54533,3,0.0,0.35,-0.0,0.356,2026-05-06 16:03:30.024
688,54637,1,0.0,0.35,0.0,0.352,2026-05-06 16:03:30.024
689,54694,2,0.0,0.35,-0.0,0.368,2026-05-06 16:03:30.024
690,54752,3,0.0,0.35,0.0,0.36,2026-05-06 16:03:30.024
691,54902,1,0.0,0.35,0.0,0.353,2026-05-06 16:03:30.024
692,54959,2,0.0,0.35,0.0,0.367,2026-05-06 16:03:30.024
693,55016,3,0.0,0.35,0.01,0.359,2026-05-06 16:03:30.024
694,55119,1,0.0,0.35,0.0,0.353,2026-05-06 16:03:30.024
695,55176,2,0.0,0.35,0.0,0.367,2026-05-06 16:03:30.024
696,55233,3,0.0,0.35,0.01,0.359,2026-05-06 16:03:30.024
697,55384,1,0.0,0.35,-0.0,0.352,2026-05-06 16:03:30.024
698,55442,2,0.0,0.35,0.0,0.368,2026-05-06 16:03:30.024
699,55499,3,0.0,0.35,0.0,0.357,2026-05-06 16:03:30.024
700,55602,1,0.0,0.35,-0.0,0.352,2026-05-06 16:03:30.024
701,55660,2,0.0,0.35,0.0,0.368,2026-05-06 16:03:30.024
702,55717,3,0.0,0.35,0.0,0.357,2026-05-06 16:03:30.024
703,55867,1,0.0,0.35,0.0,0.354,2026-05-06 16:03:30.024
704,55924,2,0.0,0.35,-0.0,0.368,2026-05-06 16:03:30.024
705,55982,3,0.0,0.35,-0.0,0.359,2026-05-06 16:03:30.024
706,56086,1,0.0,0.35,0.0,0.354,2026-05-06 16:03:30.024
707,56143,2,0.0,0.35,-0.0,0.368,2026-05-06 16:03:30.024
708,56201,3,0.0,0.35,-0.0,0.359,2026-05-06 16:03:30.024
709,56351,1,0.0,0.35,0.0,0.358,2026-05-06 16:03:30.024
710,56408,2,0.0,0.35,-0.01,0.373,2026-05-06 16:03:30.024
711,56466,3,0.0,0.35,0.0,0.363,2026-05-06 16:03:30.024
712,56569,1,0.0,0.35,0.0,0.358,2026-05-06 16:03:30.024
713,56626,2,0.0,0.35,-0.01,0.373,2026-05-06 16:03:30.024
714,56684,3,0.0,0.35,0.0,0.363,2026-05-06 16:03:30.024
715,56834,1,0.0,0.35,0.0,0.354,2026-05-06 16:03:30.024
716,56891,2,0.0,0.35,-0.01,0.367,2026-05-06 16:03:30.024
717,56949,3,0.0,0.35,0.0,0.358,2026-05-06 16:03:30.024
718,57052,1,0.0,0.35,0.0,0.354,2026-05-06 16:03:30.024
719,57109,2,0.0,0.35,-0.01,0.367,2026-05-06 16:03:30.024
720,57167,3,0.0,0.35,0.0,0.358,2026-05-06 16:03:30.024
721,57317,1,0.0,0.35,0.0,0.349,2026-05-06 16:03:30.024
722,57374,2,0.0,0.35,0.0,0.363,2026-05-06 16:03:30.024
723,57431,3,0.0,0.35,-0.0,0.356,2026-05-06 16:03:30.024
724,57535,1,0.0,0.35,0.0,0.349,2026-05-06 16:03:30.024
725,57592,2,0.0,0.35,0.0,0.363,2026-05-06 16:03:30.024
726,57649,3,0.0,0.35,-0.0,0.356,2026-05-06 16:03:30.024
727,57800,1,0.0,0.35,0.0,0.352,2026-05-06 16:03:30.024
728,57857,2,0.0,0.35,0.0,0.364,2026-05-06 16:03:30.024
729,57914,3,0.0,0.35,-0.0,0.356,2026-05-06 16:03:30.024
730,58018,1,0.0,0.35,0.0,0.352,2026-05-06 16:03:30.024
731,58075,2,0.0,0.35,0.0,0.364,2026-05-06 16:03:30.024
732,58132,3,0.0,0.35,-0.0,0.356,2026-05-06 16:03:30.024
733,58283,1,0.0,0.35,0.0,0.347,2026-05-06 16:03:30.702
734,58340,2,0.0,0.35,0.01,0.36,2026-05-06 16:03:30.702
735,58397,3,0.0,0.35,0.01,0.353,2026-05-06 16:03:30.702
736,58500,1,0.0,0.35,0.0,0.347,2026-05-06 16:03:30.702
737,58557,2,0.0,0.35,0.01,0.36,2026-05-06 16:03:30.702
738,58614,3,0.0,0.35,0.01,0.353,2026-05-06 16:03:30.702
739,58765,1,0.0,0.35,0.0,0.34,2026-05-06 16:03:30.702
740,58822,2,0.0,0.35,0.0,0.353,2026-05-06 16:03:30.702
741,58879,3,0.0,0.35,-0.0,0.346,2026-05-06 16:03:30.702
742,58983,1,0.0,0.35,0.0,0.34,2026-05-06 16:03:30.702
743,59040,2,0.0,0.35,0.0,0.353,2026-05-06 16:03:30.702
744,59097,3,0.0,0.35,-0.0,0.346,2026-05-06 16:03:30.702
745,59248,1,0.0,0.35,-0.0,0.345,2026-05-06 16:03:30.702
746,59306,2,0.0,0.35,-0.0,0.358,2026-05-06 16:03:30.702
747,59364,3,0.0,0.35,0.0,0.351,2026-05-06 16:03:30.702
748,59467,1,0.0,0.35,-0.0,0.345,2026-05-06 16:03:30.702
749,59525,2,0.0,0.35,-0.0,0.358,2026-05-06 16:03:30.702
750,59583,3,0.0,0.35,0.0,0.351,2026-05-06 16:03:30.702
751,59733,1,0.0,0.345,0.0,0.348,2026-05-06 16:03:30.702
752,59790,2,0.0,0.345,-0.01,0.361,2026-05-06 16:03:30.702
753,59848,3,0.0,0.345,0.0,0.351,2026-05-06 16:03:30.702
754,59951,1,0.0,0.344,0.0,0.348,2026-05-06 16:03:30.702
755,60008,2,0.0,0.344,-0.0,0.36,2026-05-06 16:03:30.702
756,60066,3,0.0,0.344,0.0,0.353,2026-05-06 16:03:30.702
757,60216,1,0.0,0.335,-0.0,0.345,2026-05-06 16:03:30.702
758,60274,2,0.0,0.335,-0.0,0.356,2026-05-06 16:03:30.702
759,60332,3,0.0,0.335,-0.01,0.35,2026-05-06 16:03:30.702
760,60436,1,0.0,0.335,-0.0,0.345,2026-05-06 16:03:30.702
761,60494,2,0.0,0.335,-0.0,0.356,2026-05-06 16:03:30.702
762,60552,3,0.0,0.335,-0.01,0.35,2026-05-06 16:03:30.702
763,60701,1,0.0,0.335,-0.0,0.341,2026-05-06 16:03:30.702
764,60759,2,0.0,0.335,-0.0,0.348,2026-05-06 16:03:30.702
765,60817,3,0.0,0.335,0.0,0.342,2026-05-06 16:03:30.702
766,60920,1,0.0,0.339,-0.0,0.339,2026-05-06 16:03:30.702
767,60978,2,0.0,0.339,-0.0,0.346,2026-05-06 16:03:30.702
768,61036,3,0.0,0.339,0.0,0.339,2026-05-06 16:03:30.702
769,61186,1,0.0,0.349,-0.0,0.338,2026-05-06 16:03:30.702
770,61244,2,0.0,0.349,-0.01,0.346,2026-05-06 16:03:30.702
771,61302,3,0.0,0.349,0.0,0.34,2026-05-06 16:03:30.702
772,61405,1,0.0,0.348,-0.0,0.34,2026-05-06 16:03:30.702
773,61463,2,0.0,0.348,-0.0,0.348,2026-05-06 16:03:30.702
774,61521,3,0.0,0.348,0.0,0.342,2026-05-06 16:03:30.702
775,61670,1,0.0,0.343,-0.0,0.341,2026-05-06 16:03:30.702
776,61728,2,0.0,0.343,-0.0,0.354,2026-05-06 16:03:30.702
777,61786,3,0.0,0.343,0.01,0.35,2026-05-06 16:03:30.702
778,61889,1,0.0,0.343,-0.0,0.341,2026-05-06 16:03:30.702
779,61947,2,0.0,0.343,-0.0,0.354,2026-05-06 16:03:30.702
780,62158,1,0.0,0.35,-0.0,0.337,2026-05-06 16:03:30.702
781,62216,2,0.0,0.35,0.0,0.349,2026-05-06 16:03:30.702
782,62273,3,0.0,0.35,0.0,0.342,2026-05-06 16:03:30.702
783,62376,1,0.0,0.35,-0.0,0.337,2026-05-06 16:03:30.702
784,62434,2,0.0,0.35,0.0,0.349,2026-05-06 16:03:30.702
785,62491,3,0.0,0.35,0.0,0.342,2026-05-06 16:03:30.702
786,62641,1,0.0,0.35,-0.01,0.34,2026-05-06 16:03:30.702
787,62699,2,0.0,0.35,0.0,0.353,2026-05-06 16:03:30.702
788,62756,3,0.0,0.35,-0.0,0.342,2026-05-06 16:03:30.702
789,62860,1,0.0,0.35,-0.0,0.338,2026-05-06 16:03:30.702
790,62918,2,0.0,0.35,0.0,0.35,2026-05-06 16:03:30.702
791,62975,3,0.0,0.35,-0.0,0.343,2026-05-06 16:03:30.702
792,63125,1,0.0,0.35,-0.0,0.347,2026-05-06 16:03:30.702
793,63183,2,0.0,0.35,0.0,0.354,2026-05-06 16:03:30.702
794,63240,3,0.0,0.35,-0.0,0.352,2026-05-06 16:03:30.702
795,63344,1,0.0,0.35,-0.0,0.347,2026-05-06 16:03:30.702
796,63402,2,0.0,0.35,0.0,0.354,2026-05-06 16:03:30.702
797,63459,3,0.0,0.35,-0.0,0.352,2026-05-06 16:03:30.702
798,63610,1,0.0,0.35,-0.0,0.347,2026-05-06 16:03:30.702
799,63668,2,0.0,0.35,-0.0,0.358,2026-05-06 16:03:30.702
800,63726,3,0.0,0.35,0.01,0.351,2026-05-06 16:03:30.702
801,63829,1,0.0,0.35,-0.0,0.347,2026-05-06 16:03:30.702
802,63887,2,0.0,0.35,-0.0,0.358,2026-05-06 16:03:30.702
803,63945,3,0.0,0.35,0.01,0.351,2026-05-06 16:03:30.702
804,64094,1,0.0,0.35,-0.0,0.347,2026-05-06 16:03:30.702
805,64152,2,0.0,0.35,0.0,0.356,2026-05-06 16:03:30.702
806,64316,1,0.0,0.35,-0.0,0.347,2026-05-06 16:03:30.702
807,64374,2,0.0,0.35,0.0,0.356,2026-05-06 16:03:30.702
808,64431,3,0.0,0.35,-0.01,0.35,2026-05-06 16:03:30.702
809,64582,1,0.0,0.35,0.0,0.349,2026-05-06 16:03:30.702
810,64639,2,0.0,0.35,0.0,0.36,2026-05-06 16:03:30.702
811,64696,3,0.0,0.35,-0.0,0.353,2026-05-06 16:03:30.702
812,64800,1,0.0,0.35,0.0,0.349,2026-05-06 16:03:30.702
813,64857,2,0.0,0.35,-0.0,0.362,2026-05-06 16:03:30.702
814,64915,3,0.0,0.35,0.0,0.354,2026-05-06 16:03:30.702
815,65065,1,0.0,0.35,0.0,0.354,2026-05-06 16:03:30.702
816,65122,2,0.0,0.35,-0.0,0.362,2026-05-06 16:03:30.702
817,65180,3,0.0,0.35,-0.0,0.357,2026-05-06 16:03:30.702
818,65284,1,0.0,0.35,0.0,0.354,2026-05-06 16:03:30.702
819,65341,2,0.0,0.35,-0.0,0.362,2026-05-06 16:03:30.702
820,65399,3,0.0,0.35,-0.0,0.357,2026-05-06 16:03:30.702
821,65549,1,0.0,0.35,0.01,0.352,2026-05-06 16:03:30.702
822,65606,2,0.0,0.35,-0.0,0.359,2026-05-06 16:03:30.702
823,65664,3,0.0,0.35,0.01,0.354,2026-05-06 16:03:30.702
824,65767,1,0.0,0.35,0.01,0.352,2026-05-06 16:03:30.702
825,65824,2,0.0,0.35,-0.0,0.359,2026-05-06 16:03:30.702
826,65882,3,0.0,0.35,0.01,0.354,2026-05-06 16:03:30.702
827,66032,1,0.0,0.345,0.0,0.347,2026-05-06 16:03:30.702
828,66089,2,0.0,0.345,-0.0,0.356,2026-05-06 16:03:30.702
829,66147,3,0.0,0.345,0.01,0.351,2026-05-06 16:03:30.702
830,66250,1,0.0,0.344,0.01,0.347,2026-05-06 16:03:30.702
831,66307,2,0.0,0.344,0.0,0.355,2026-05-06 16:03:30.702
832,66364,3,0.0,0.344,-0.0,0.352,2026-05-06 16:03:30.938
833,66515,1,0.0,0.337,0.0,0.344,2026-05-06 16:03:30.938
834,66572,2,0.0,0.337,0.0,0.354,2026-05-06 16:03:30.938
835,66629,3,0.0,0.337,0.0,0.348,2026-05-06 16:03:30.938
836,66732,1,0.0,0.335,0.0,0.344,2026-05-06 16:03:30.938
837,66789,2,0.0,0.335,0.0,0.354,2026-05-06 16:03:30.938
838,66846,3,0.0,0.335,0.0,0.348,2026-05-06 16:03:30.938
839,66997,1,0.0,0.319,0.0,0.341,2026-05-06 16:03:30.938
840,67054,2,0.0,0.319,0.0,0.347,2026-05-06 16:03:30.938
841,67111,3,0.0,0.319,-0.0,0.345,2026-05-06 16:03:30.938
842,67215,1,0.0,0.319,0.0,0.341,2026-05-06 16:03:30.938
843,67272,2,0.0,0.319,0.0,0.347,2026-05-06 16:03:30.938
844,67329,3,0.0,0.319,-0.0,0.345,2026-05-06 16:03:30.938
845,67480,1,0.0,0.289,-0.0,0.328,2026-05-06 16:03:30.938
846,67538,2,0.0,0.289,0.0,0.337,2026-05-06 16:03:30.938
847,67595,3,0.0,0.289,-0.0,0.332,2026-05-06 16:03:30.938
848,67699,1,0.0,0.284,-0.0,0.328,2026-05-06 16:03:30.938
849,67757,2,0.0,0.284,0.0,0.337,2026-05-06 16:03:30.938
850,67814,3,0.0,0.284,-0.0,0.332,2026-05-06 16:03:30.938
851,67918,3,0.0,0.24,0.0,0.318,2026-05-06 16:03:30.938
852,68021,1,0.0,0.231,-0.0,0.315,2026-05-06 16:03:30.938
853,68079,2,0.0,0.231,-0.0,0.323,2026-05-06 16:03:30.938
854,68137,3,0.0,0.231,0.0,0.318,2026-05-06 16:03:30.938
855,68240,1,0.0,0.222,-0.0,0.315,2026-05-06 16:03:30.938
856,68298,2,0.0,0.222,-0.0,0.323,2026-05-06 16:03:30.938
857,68449,1,0.0,0.161,0.0,0.277,2026-05-06 16:03:30.938
858,68506,2,0.0,0.161,-0.0,0.284,2026-05-06 16:03:30.938
859,68564,3,0.0,0.161,0.0,0.281,2026-05-06 16:03:30.938
860,68667,1,0.0,0.161,0.0,0.277,2026-05-06 16:03:31.616
861,68724,2,0.0,0.161,-0.0,0.284,2026-05-06 16:03:31.616
862,68782,3,0.0,0.161,0.0,0.281,2026-05-06 16:03:31.616
863,68932,1,0.0,0.086,0.0,0.215,2026-05-06 16:03:31.616
864,68989,2,0.0,0.086,-0.0,0.225,2026-05-06 16:03:31.616
865,69047,3,0.0,0.086,0.02,0.224,2026-05-06 16:03:31.616
866,69150,1,0.0,0.086,0.0,0.215,2026-05-06 16:03:31.616
867,69207,2,0.0,0.086,-0.0,0.225,2026-05-06 16:03:31.616
868,69265,3,0.0,0.086,0.02,0.224,2026-05-06 16:03:31.616
869,69415,1,0.0,0.044,0.0,0.142,2026-05-06 16:03:31.616
870,69472,2,0.0,0.044,-0.0,0.149,2026-05-06 16:03:31.616
871,69530,3,0.0,0.044,0.02,0.146,2026-05-06 16:03:31.616
872,69633,1,0.0,0.039,0.0,0.142,2026-05-06 16:03:31.616
873,69690,2,0.0,0.039,-0.0,0.149,2026-05-06 16:03:31.616
874,69748,3,0.0,0.039,0.02,0.146,2026-05-06 16:03:31.616
875,69898,1,0.0,0.02,0.0,0.087,2026-05-06 16:03:31.616
876,69955,2,0.0,0.02,0.0,0.09,2026-05-06 16:03:31.616
877,70012,3,0.0,0.02,0.0,0.089,2026-05-06 16:03:31.616
878,70115,1,0.0,0.018,0.0,0.072,2026-05-06 16:03:31.616
879,70172,2,0.0,0.018,0.0,0.075,2026-05-06 16:03:31.616
880,70229,3,0.0,0.018,-0.0,0.074,2026-05-06 16:03:31.616
881,70381,1,0.0,0.007,0.0,0.029,2026-05-06 16:03:31.616
882,70438,2,0.0,0.007,0.0,0.03,2026-05-06 16:03:31.616
883,70495,3,0.0,0.007,-0.01,0.031,2026-05-06 16:03:31.616
884,70599,1,0.0,0.007,0.0,0.029,2026-05-06 16:03:31.616
885,70656,2,0.0,0.007,0.0,0.03,2026-05-06 16:03:31.616
886,70713,3,0.0,0.007,-0.01,0.031,2026-05-06 16:03:31.616
887,70864,1,0.0,0.001,0.0,-0.002,2026-05-06 16:03:31.616
888,70922,2,0.0,0.001,0.01,-0.002,2026-05-06 16:03:31.616
889,70980,3,0.0,0.001,-0.02,-0.002,2026-05-06 16:03:31.616
890,71085,1,0.0,0.0,0.0,-0.005,2026-05-06 16:03:31.616
891,71143,2,0.0,0.0,0.01,-0.007,2026-05-06 16:03:31.616
892,71201,3,0.0,0.0,-0.02,-0.008,2026-05-06 16:03:31.616
893,71324,1,0.0,0.0,0.0,-0.01,2026-05-06 16:03:31.616
894,71382,2,0.01,0.0,0.0,-0.013,2026-05-06 16:03:31.616
895,71440,3,-0.02,0.0,-0.01,-0.013,2026-05-06 16:03:31.616
896,71615,1,0.0,0.0,0.0,-0.013,2026-05-06 16:03:31.616
897,71673,2,0.01,0.0,0.0,-0.015,2026-05-06 16:03:31.616
898,71787,1,0.0,0.0,0.0,-0.013,2026-05-06 16:03:31.616
899,71845,2,0.01,0.0,0.0,-0.015,2026-05-06 16:03:31.616
900,72012,1,0.0,0.0,0.0,-0.012,2026-05-06 16:03:31.616
901,72070,2,0.01,0.0,0.01,-0.015,2026-05-06 16:03:31.616
902,72128,3,-0.02,0.0,-0.01,-0.014,2026-05-06 16:03:31.616
903,72282,1,0.0,0.0,0.0,-0.011,2026-05-06 16:03:31.616
904,72340,2,0.01,0.0,0.0,-0.012,2026-05-06 16:03:31.616
905,72398,3,-0.02,0.0,-0.01,-0.012,2026-05-06 16:03:31.616
906,72504,1,0.0,0.0,0.0,-0.011,2026-05-06 16:03:31.616
907,72562,2,0.01,0.0,0.0,-0.011,2026-05-06 16:03:31.616
908,72620,3,-0.02,0.0,-0.02,-0.011,2026-05-06 16:03:31.616
909,72690,1,0.0,0.0,0.0,-0.009,2026-05-06 16:03:31.616
910,72748,2,0.01,0.0,0.0,-0.01,2026-05-06 16:03:31.616
911,72806,3,-0.02,0.0,-0.01,-0.01,2026-05-06 16:03:31.616
912,72912,1,0.0,0.0,0.0,-0.008,2026-05-06 16:03:31.616
913,72970,2,0.01,0.0,0.0,-0.009,2026-05-06 16:03:31.616
914,73028,3,-0.02,0.0,-0.02,-0.009,2026-05-06 16:03:31.616
915,73134,1,0.0,0.0,0.0,-0.008,2026-05-06 16:03:31.616
916,73193,1,0.0,0.0,0.0,-0.007,2026-05-06 16:03:31.616
917,73251,2,0.01,0.0,0.01,-0.007,2026-05-06 16:03:31.616
918,73309,3,-0.02,0.0,-0.02,-0.007,2026-05-06 16:03:31.616
919,73415,1,0.0,0.0,0.0,-0.006,2026-05-06 16:03:31.616
920,73473,2,0.01,0.0,0.0,-0.007,2026-05-06 16:03:31.616
921,73531,3,-0.02,0.0,-0.01,-0.007,2026-05-06 16:03:31.616
922,73700,1,0.0,0.0,0.0,-0.004,2026-05-06 16:03:31.616
923,73758,2,0.01,0.0,0.01,-0.005,2026-05-06 16:03:31.616
924,73816,3,-0.02,0.0,-0.02,-0.004,2026-05-06 16:03:31.616
925,73922,1,0.0,0.0,0.0,-0.004,2026-05-06 16:03:31.616
926,73980,2,0.01,0.0,0.0,-0.004,2026-05-06 16:03:31.616
927,74038,3,-0.02,0.0,-0.01,-0.004,2026-05-06 16:03:31.616
928,74152,1,0.0,0.0,0.0,-0.003,2026-05-06 16:03:31.616
929,74210,2,0.01,0.0,0.01,-0.004,2026-05-06 16:03:31.616
930,74268,3,-0.02,0.0,-0.01,-0.004,2026-05-06 16:03:31.616
931,74374,1,0.0,0.0,0.0,-0.003,2026-05-06 16:03:31.616
932,74432,2,0.01,0.0,0.01,-0.004,2026-05-06 16:03:31.616
933,74490,3,-0.02,0.0,-0.02,-0.004,2026-05-06 16:03:31.616
934,74650,1,0.0,0.0,0.0,-0.003,2026-05-06 16:03:31.616
935,74708,2,0.01,0.0,0.0,-0.003,2026-05-06 16:03:31.616
936,74766,3,-0.02,0.0,-0.02,-0.003,2026-05-06 16:03:31.616
937,74872,1,0.0,0.0,0.0,-0.003,2026-05-06 16:03:31.616
938,74930,2,0.01,0.0,0.01,-0.003,2026-05-06 16:03:31.616
939,74988,3,-0.02,0.0,-0.01,-0.003,2026-05-06 16:03:31.616
940,75110,1,0.0,0.0,0.0,-0.002,2026-05-06 16:03:31.616
941,75168,2,0.01,0.0,0.01,-0.002,2026-05-06 16:03:31.616
942,75226,3,-0.02,0.0,-0.02,-0.002,2026-05-06 16:03:31.616
943,75332,1,0.0,0.0,0.0,-0.002,2026-05-06 16:03:31.616
944,75390,2,0.01,0.0,0.01,-0.002,2026-05-06 16:03:31.616
945,75448,3,-0.02,0.0,-0.02,-0.002,2026-05-06 16:03:31.616
946,75600,1,0.0,0.0,0.0,-0.001,2026-05-06 16:03:31.616
947,75658,2,0.01,0.0,0.01,-0.001,2026-05-06 16:03:31.616
948,75716,3,-0.02,0.0,-0.01,-0.001,2026-05-06 16:03:31.616
949,75822,1,0.0,0.0,0.0,-0.001,2026-05-06 16:03:31.616
950,75880,2,0.01,0.0,0.0,-0.001,2026-05-06 16:03:31.616
951,75938,3,-0.02,0.0,-0.01,-0.001,2026-05-06 16:03:31.616
952,76052,1,0.0,0.0,0.0,-0.001,2026-05-06 16:03:31.616
953,76110,2,0.01,0.0,0.01,-0.001,2026-05-06 16:03:31.616
954,76168,3,-0.02,0.0,-0.01,-0.001,2026-05-06 16:03:31.616
955,76274,1,0.0,0.0,0.0,-0.001,2026-05-06 16:03:31.616
956,76332,2,0.01,0.0,0.01,-0.001,2026-05-06 16:03:31.616
957,76390,3,-0.02,0.0,-0.02,-0.001,2026-05-06 16:03:31.616
958,76549,1,0.0,0.0,0.0,-0.001,2026-05-06 16:03:31.616
959,76607,2,0.01,0.0,0.01,-0.001,2026-05-06 16:03:31.616
960,76665,3,-0.02,0.0,-0.01,-0.001,2026-05-06 16:03:31.616
961,76771,1,0.0,0.0,0.0,-0.001,2026-05-06 16:03:32.308
962,76829,2,0.01,0.0,0.01,-0.0,2026-05-06 16:03:32.308
963,76887,3,-0.02,0.0,-0.01,-0.001,2026-05-06 16:03:32.308
964,77009,1,0.0,0.0,0.0,-0.001,2026-05-06 16:03:32.308
965,77067,2,0.01,0.0,0.01,-0.0,2026-05-06 16:03:32.308
966,77125,3,-0.02,0.0,-0.02,-0.001,2026-05-06 16:03:32.308
967,77231,1,0.0,0.0,0.0,-0.0,2026-05-06 16:03:32.308
968,77289,2,0.01,0.0,0.01,-0.001,2026-05-06 16:03:32.308
969,77347,3,-0.02,0.0,-0.02,-0.001,2026-05-06 16:03:32.308
970,77498,1,0.0,0.0,0.0,-0.001,2026-05-06 16:03:32.308
971,77556,2,0.01,0.0,0.0,-0.001,2026-05-06 16:03:32.308
972,77614,3,-0.02,0.0,-0.02,-0.001,2026-05-06 16:03:32.308
973,77720,1,0.0,0.0,0.0,-0.001,2026-05-06 16:03:32.308
974,77778,2,0.01,0.0,0.01,-0.001,2026-05-06 16:03:32.308
975,77836,3,-0.02,0.0,-0.01,-0.001,2026-05-06 16:03:32.308
976,77906,1,0.0,0.0,0.0,-0.0,2026-05-06 16:03:32.308
977,77964,2,0.01,0.0,0.0,-0.0,2026-05-06 16:03:32.308
978,78022,3,-0.02,0.0,-0.02,-0.0,2026-05-06 16:03:32.308
979,78128,1,0.0,0.0,0.0,-0.001,2026-05-06 16:03:32.308
980,78186,2,0.01,0.0,0.0,-0.0,2026-05-06 16:03:32.308
981,78244,3,-0.02,0.0,-0.01,-0.0,2026-05-06 16:03:32.308
982,78350,1,0.0,0.0,0.0,-0.0,2026-05-06 16:03:32.308
983,78409,1,0.0,0.0,0.0,-0.0,2026-05-06 16:03:32.308
984,78467,2,0.01,0.0,0.0,0.0,2026-05-06 16:03:32.308
985,78524,3,-0.02,0.0,-0.02,-0.0,2026-05-06 16:03:32.308
986,78630,1,0.0,0.0,0.0,-0.0,2026-05-06 16:03:32.308
987,78688,2,0.01,0.0,0.0,-0.0,2026-05-06 16:03:32.308
988,78746,3,-0.02,0.0,-0.02,-0.0,2026-05-06 16:03:32.308
989,78912,1,0.0,0.0,0.0,-0.0,2026-05-06 16:03:32.308
990,79039,3,-0.02,0.0,-0.01,-0.0,2026-05-06 16:03:32.308
991,79145,1,0.0,0.0,0.0,-0.0,2026-05-06 16:03:32.308
992,79203,2,0.01,0.0,0.0,0.0,2026-05-06 16:03:32.308
993,79260,3,-0.02,0.0,-0.01,-0.0,2026-05-06 16:03:32.308
994,79365,1,0.0,0.0,0.0,0.0,2026-05-06 16:03:32.308
995,79422,2,0.01,0.0,0.0,0.0,2026-05-06 16:03:32.308
996,79479,3,-0.02,0.0,-0.01,-0.0,2026-05-06 16:03:32.308
997,79585,1,0.0,0.0,0.0,-0.0,2026-05-06 16:03:32.308
998,79643,2,0.01,0.0,0.01,-0.0,2026-05-06 16:03:32.308
999,79701,3,-0.02,0.0,-0.02,-0.0,2026-05-06 16:03:32.308
1000,79867,1,0.0,0.0,0.0,0.0,2026-05-06 16:03:32.308
1001,79924,2,0.01,0.0,0.0,-0.0,2026-05-06 16:03:32.308
1002,79982,3,-0.02,0.0,-0.02,-0.0,2026-05-06 16:03:32.308
1003,80088,1,0.0,0.0,0.0,0.0,2026-05-06 16:03:32.308
1004,80145,2,0.01,0.0,0.01,-0.0,2026-05-06 16:03:32.308
1005,80203,3,-0.02,0.0,-0.02,-0.0,2026-05-06 16:03:32.308
1006,80358,1,0.0,0.0,0.0,-0.0,2026-05-06 16:03:32.308
1007,80416,2,0.01,0.0,0.01,-0.0,2026-05-06 16:03:32.308
1008,80474,3,-0.02,0.0,-0.02,-0.0,2026-05-06 16:03:32.308
1009,80580,1,0.0,0.0,0.0,0.0,2026-05-06 16:03:32.308
1010,80637,2,0.01,0.0,0.01,-0.0,2026-05-06 16:03:32.308
1011,80695,3,-0.02,0.0,-0.01,-0.0,2026-05-06 16:03:32.308
1012,80817,1,0.0,0.0,0.0,0.0,2026-05-06 16:03:32.308
1013,80874,2,0.01,0.0,0.01,0.0,2026-05-06 16:03:32.308
1014,80931,3,-0.02,0.0,-0.01,-0.0,2026-05-06 16:03:32.308
1015,81037,1,0.0,0.0,0.0,-0.0,2026-05-06 16:03:32.308
1016,81095,2,0.01,0.0,0.01,-0.0,2026-05-06 16:03:32.308
1017,81153,3,-0.02,0.0,-0.02,0.0,2026-05-06 16:03:32.308
1018,81305,1,0.0,0.0,0.0,-0.0,2026-05-06 16:03:32.308
1019,81363,2,0.01,0.0,0.01,0.0,2026-05-06 16:03:32.308
1020,81420,3,-0.02,0.0,-0.01,-0.0,2026-05-06 16:03:32.308
1021,81526,1,0.0,0.0,0.0,0.0,2026-05-06 16:03:32.308
1022,81583,2,0.01,0.0,0.01,0.0,2026-05-06 16:03:32.308
1023,81640,3,-0.02,0.0,-0.02,-0.0,2026-05-06 16:03:32.308
1024,81791,1,0.0,0.0,0.0,-0.0,2026-05-06 16:03:32.308
1025,81849,2,0.01,0.0,0.0,-0.0,2026-05-06 16:03:32.308
1026,81907,3,-0.02,0.0,-0.02,-0.0,2026-05-06 16:03:32.308
1027,82013,1,0.0,0.0,0.0,-0.0,2026-05-06 16:03:32.308
1028,82071,2,0.01,0.0,0.0,-0.0,2026-05-06 16:03:32.308
1029,82129,3,-0.02,0.0,-0.02,-0.0,2026-05-06 16:03:32.308
1030,82251,1,0.0,0.0,0.0,0.0,2026-05-06 16:03:32.308
1031,82308,2,0.01,0.0,0.0,-0.0,2026-05-06 16:03:32.308
1032,82366,3,-0.02,0.0,-0.02,-0.0,2026-05-06 16:03:32.308
1033,82472,1,0.0,0.0,0.0,-0.0,2026-05-06 16:03:32.308
1034,82530,2,0.01,0.0,0.01,-0.0,2026-05-06 16:03:32.308
1035,82588,3,-0.02,0.0,-0.02,0.0,2026-05-06 16:03:32.308
1036,82739,1,0.0,0.0,0.0,0.0,2026-05-06 16:03:32.308
1037,82796,2,0.01,0.0,0.01,-0.0,2026-05-06 16:03:32.308
1038,82854,3,-0.02,0.0,-0.02,-0.0,2026-05-06 16:03:32.308
1039,82960,1,0.0,0.0,0.0,0.0,2026-05-06 16:03:32.308
1040,83017,2,0.01,0.0,0.0,0.0,2026-05-06 16:03:32.308
1041,83074,3,-0.02,0.0,-0.02,0.0,2026-05-06 16:03:32.308
1042,83179,1,0.0,0.0,0.0,-0.0,2026-05-06 16:03:32.308
1043,83237,2,0.01,0.0,0.01,0.0,2026-05-06 16:03:32.308
1044,83294,3,-0.02,0.0,-0.01,0.0,2026-05-06 16:03:32.308
1045,83399,1,0.0,0.0,0.0,0.0,2026-05-06 16:03:32.308
1046,83456,2,0.01,0.0,0.01,0.0,2026-05-06 16:03:32.308
1047,83513,3,-0.02,0.0,-0.01,-0.0,2026-05-06 16:03:32.308
1048,83679,1,0.0,0.0,0.0,0.0,2026-05-06 16:03:32.308
1049,83736,2,0.01,0.0,0.01,0.0,2026-05-06 16:03:32.308
1050,83793,3,-0.02,0.0,-0.02,-0.0,2026-05-06 16:03:32.308
1051,83922,1,0.0,0.0,0.0,-0.0,2026-05-06 16:03:32.308
1052,83980,2,0.01,0.0,0.01,-0.0,2026-05-06 16:03:32.308
1053,84038,3,-0.02,0.0,-0.01,-0.0,2026-05-06 16:03:32.308
1054,84108,1,0.0,0.0,0.0,-0.0,2026-05-06 16:03:32.308
1055,84166,2,0.01,0.0,0.01,0.0,2026-05-06 16:03:32.308
1056,84223,3,-0.02,0.0,-0.01,0.0,2026-05-06 16:03:33.370
1057,84328,1,0.0,0.0,0.0,0.0,2026-05-06 16:03:33.370
1058,84385,2,0.01,0.0,0.01,-0.0,2026-05-06 16:03:33.370
1059,84443,3,-0.02,0.0,-0.01,0.0,2026-05-06 16:03:33.370
1060,84608,1,0.0,0.0,0.0,-0.0,2026-05-06 16:03:33.370
1061,84666,2,0.01,0.0,0.0,0.0,2026-05-06 16:03:33.370
1062,84723,3,-0.02,0.0,-0.01,0.0,2026-05-06 16:03:33.370
1063,84828,1,0.0,0.0,0.0,0.0,2026-05-06 16:03:33.370
1064,84885,2,0.01,0.0,0.0,0.0,2026-05-06 16:03:33.370
1065,84942,3,-0.02,0.0,-0.02,-0.0,2026-05-06 16:03:33.370
1066,85103,1,0.0,0.0,0.0,0.0,2026-05-06 16:03:33.370
1067,85160,2,0.01,0.0,0.0,-0.0,2026-05-06 16:03:33.370
1068,85218,3,-0.02,0.0,-0.01,0.0,2026-05-06 16:03:33.370
1069,85323,1,0.0,0.0,0.0,0.0,2026-05-06 16:03:33.370
1070,85380,2,0.01,0.0,0.0,0.0,2026-05-06 16:03:33.370
1071,85437,3,-0.02,0.0,-0.01,-0.0,2026-05-06 16:03:33.370
1072,85588,1,0.0,0.0,0.0,0.0,2026-05-06 16:03:33.370
1073,85645,2,0.01,0.0,0.01,0.0,2026-05-06 16:03:33.370
1074,85702,3,-0.02,0.0,-0.02,-0.0,2026-05-06 16:03:33.370
1075,85808,1,0.0,0.0,0.0,0.0,2026-05-06 16:03:33.370
1076,85865,2,0.01,0.0,0.01,-0.0,2026-05-06 16:03:33.370
1077,85923,3,-0.02,0.0,-0.02,0.0,2026-05-06 16:03:33.370
1078,86028,1,0.0,0.0,0.0,0.0,2026-05-06 16:03:33.370
1079,86085,2,0.01,0.0,0.01,-0.0,2026-05-06 16:03:33.370
1080,86143,3,-0.02,0.0,-0.02,0.0,2026-05-06 16:03:33.370
1081,86248,1,0.0,0.0,0.0,-0.0,2026-05-06 16:03:33.370
1082,86306,2,0.01,0.0,0.01,0.0,2026-05-06 16:03:33.370
1083,86363,3,-0.02,0.0,-0.02,0.0,2026-05-06 16:03:33.370
1084,86484,1,0.0,0.0,-0.0,0.0,2026-05-06 16:03:33.370
1085,86542,2,0.01,0.0,0.01,-0.0,2026-05-06 16:03:33.370
1086,86709,1,0.0,0.0,0.0,0.0,2026-05-06 16:03:33.370
1087,86766,2,0.01,0.0,0.01,0.0,2026-05-06 16:03:33.370
1088,86823,3,-0.02,0.0,-0.01,0.0,2026-05-06 16:03:33.370
1089,86946,2,0.01,0.0,0.01,0.0,2026-05-06 16:03:33.370
1090,87003,3,-0.02,0.0,-0.02,0.0,2026-05-06 16:03:33.370
1091,87108,1,0.0,0.0,0.0,0.0,2026-05-06 16:03:33.370
1092,87165,2,0.01,0.0,0.01,0.0,2026-05-06 16:03:33.370
1093,87222,3,-0.02,0.0,-0.02,0.0,2026-05-06 16:03:33.370
1094,87327,1,0.0,0.0,0.0,-0.0,2026-05-06 16:03:33.370
1095,87385,2,0.01,0.0,0.01,0.0,2026-05-06 16:03:33.370
1096,87487,1,0.0,0.0,0.0,-0.0,2026-05-06 16:03:33.370
1097,87545,2,0.01,0.0,0.01,0.0,2026-05-06 16:03:33.370
1098,87602,3,-0.02,0.0,-0.01,-0.0,2026-05-06 16:03:33.370
1099,87708,1,0.0,0.0,0.0,-0.0,2026-05-06 16:03:33.370
1100,87766,2,0.01,0.0,0.0,-0.0,2026-05-06 16:03:33.370
1101,87824,3,-0.02,0.0,-0.01,0.0,2026-05-06 16:03:33.370
1102,87974,1,0.0,0.0,0.0,0.0,2026-05-06 16:03:33.370
1103,88031,2,0.01,0.0,0.01,0.0,2026-05-06 16:03:33.370
1104,88088,3,-0.02,0.0,-0.01,0.0,2026-05-06 16:03:33.370
1105,88193,1,0.0,0.0,0.0,0.0,2026-05-06 16:03:33.370
1106,88250,2,0.01,0.0,0.0,0.0,2026-05-06 16:03:33.370
1107,88307,3,-0.02,0.0,-0.01,0.0,2026-05-06 16:03:33.370
1108,88458,1,0.0,0.0,0.0,0.0,2026-05-06 16:03:33.370
1109,88515,2,0.01,0.0,0.01,-0.0,2026-05-06 16:03:33.370
1110,88573,3,-0.02,0.0,-0.01,-0.0,2026-05-06 16:03:33.370
1111,88679,1,0.0,0.0,0.0,0.0,2026-05-06 16:03:33.370
1112,88736,2,0.01,0.0,0.01,0.0,2026-05-06 16:03:33.370
1113,88793,3,-0.02,0.0,-0.02,-0.0,2026-05-06 16:03:33.370
1114,88944,1,0.0,0.0,0.0,0.0,2026-05-06 16:03:33.370
1115,89001,2,0.01,0.0,0.0,0.0,2026-05-06 16:03:33.370
1116,89058,3,-0.02,0.0,-0.01,0.0,2026-05-06 16:03:33.370
1117,89163,1,0.0,0.0,0.0,-0.0,2026-05-06 16:03:33.370
1118,89221,2,0.01,0.0,0.01,-0.0,2026-05-06 16:03:33.370
1119,89279,3,-0.02,0.0,-0.01,0.0,2026-05-06 16:03:33.370
1120,89384,1,0.0,0.0,0.0,0.0,2026-05-06 16:03:33.370
1121,89441,2,0.01,0.0,0.01,0.0,2026-05-06 16:03:33.370
1122,89498,3,-0.02,0.0,-0.01,0.0,2026-05-06 16:03:33.370
1123,89603,1,0.0,0.0,0.0,-0.0,2026-05-06 16:03:33.370
1124,89661,2,0.01,0.0,0.01,0.0,2026-05-06 16:03:33.370
1125,89718,3,-0.02,0.0,-0.02,0.0,2026-05-06 16:03:33.370
1126,89883,1,0.0,0.0,0.0,0.0,2026-05-06 16:03:33.370
1127,89940,2,0.01,0.0,0.01,-0.0,2026-05-06 16:03:33.370
1128,89998,3,-0.02,0.0,-0.01,0.0,2026-05-06 16:03:33.370
1129,90103,1,0.0,0.0,0.0,0.0,2026-05-06 16:03:33.370
1130,90160,2,0.01,0.0,0.0,0.0,2026-05-06 16:03:33.370
1131,90217,3,-0.02,0.0,-0.02,0.0,2026-05-06 16:03:33.370
1132,90373,1,0.0,0.0,0.0,0.0,2026-05-06 16:03:33.370
1133,90430,2,0.01,0.0,0.01,0.0,2026-05-06 16:03:33.370
1134,90487,3,-0.02,0.0,-0.02,0.0,2026-05-06 16:03:33.370
1135,90592,1,0.0,0.0,0.0,0.0,2026-05-06 16:03:33.370
1136,90649,2,0.01,0.0,0.0,0.0,2026-05-06 16:03:33.370
1137,90706,3,-0.02,0.0,-0.01,0.0,2026-05-06 16:03:33.370
1138,90858,1,0.0,0.0,0.0,0.0,2026-05-06 16:03:33.370
1139,90915,2,0.01,0.0,0.01,0.0,2026-05-06 16:03:33.370
1140,90972,3,-0.02,0.0,-0.02,0.0,2026-05-06 16:03:33.370
1141,91077,1,0.0,0.0,0.0,0.0,2026-05-06 16:03:33.370
1142,91134,2,0.01,0.0,0.01,-0.0,2026-05-06 16:03:33.370
1143,91192,3,-0.02,0.0,-0.01,-0.0,2026-05-06 16:03:33.370
1144,91297,1,0.0,0.0,0.0,0.0,2026-05-06 16:03:33.370
1145,91354,2,0.01,0.0,0.01,0.0,2026-05-06 16:03:33.370
1146,91411,3,-0.02,0.0,-0.01,-0.0,2026-05-06 16:03:33.370
1147,91517,1,0.0,0.0,0.0,0.0,2026-05-06 16:03:33.370
1148,91574,2,0.01,0.0,0.01,0.0,2026-05-06 16:03:33.370
1149,91631,3,-0.02,0.0,-0.02,0.0,2026-05-06 16:03:33.370
1150,91752,1,0.0,0.0,0.0,0.0,2026-05-06 16:03:33.370
1151,91809,2,0.01,0.0,0.01,0.0,2026-05-06 16:03:33.370
1152,91866,3,-0.02,0.0,-0.01,0.0,2026-05-06 16:03:33.370
1153,91971,1,0.0,0.0,0.0,0.0,2026-05-06 16:03:33.370
1154,92028,2,0.01,0.0,0.01,0.0,2026-05-06 16:03:33.370
1155,92085,3,-0.02,0.0,-0.02,-0.0,2026-05-06 16:03:33.370
1156,92260,1,-50.77,0.0,-0.26,-0.001,2026-05-06 16:03:34.090
1157,92321,2,50.77,0.0,0.17,0.0,2026-05-06 16:03:34.090
1158,92379,3,-90.0,0.0,-0.13,0.0,2026-05-06 16:03:34.090
1159,92485,1,-50.77,0.0,-0.43,-0.001,2026-05-06 16:03:34.090
1160,92546,2,50.77,0.0,0.38,0.0,2026-05-06 16:03:34.090
1161,92604,3,-90.0,0.0,-0.31,0.0,2026-05-06 16:03:34.090
1162,92725,1,-50.77,0.0,-3.94,0.0,2026-05-06 16:03:34.090
1163,92785,2,50.77,0.0,3.94,-0.002,2026-05-06 16:03:34.090
1164,92844,3,-90.0,0.0,-3.59,0.0,2026-05-06 16:03:34.090
1165,92950,1,-50.77,0.0,-3.94,0.0,2026-05-06 16:03:34.090
1166,93010,2,50.77,0.0,3.94,-0.002,2026-05-06 16:03:34.090
1167,93069,3,-90.0,0.0,-3.59,0.0,2026-05-06 16:03:34.090
1168,93143,3,-90.0,0.0,-11.99,0.001,2026-05-06 16:03:34.090
1169,93250,1,-50.77,0.0,-13.73,0.001,2026-05-06 16:03:34.090
1170,93311,2,50.77,0.0,13.59,-0.008,2026-05-06 16:03:34.090
1171,93371,3,-90.0,0.0,-13.06,0.001,2026-05-06 16:03:34.090
1172,93478,1,-50.77,0.0,-13.73,0.001,2026-05-06 16:03:34.090
1173,93539,2,50.77,0.0,13.59,-0.008,2026-05-06 16:03:34.090
1174,93659,1,-50.77,0.0,-26.06,0.001,2026-05-06 16:03:34.090
1175,93720,2,50.77,0.0,25.77,-0.009,2026-05-06 16:03:34.090
1176,93780,3,-90.0,0.0,-25.43,0.0,2026-05-06 16:03:34.090
1177,93887,1,-50.77,0.0,-26.06,0.001,2026-05-06 16:03:34.090
1178,93948,2,50.77,0.0,25.77,-0.009,2026-05-06 16:03:34.090
1179,94008,3,-90.0,0.0,-25.43,0.0,2026-05-06 16:03:34.090
1180,94128,1,-50.77,0.0,-37.08,0.0,2026-05-06 16:03:34.090
1181,94252,3,-90.0,0.0,-39.89,0.0,2026-05-06 16:03:34.090
1182,94359,1,-50.77,0.0,-37.08,0.0,2026-05-06 16:03:34.090
1183,94420,2,50.77,0.0,36.8,-0.01,2026-05-06 16:03:34.090
1184,94480,3,-90.0,0.0,-39.89,0.0,2026-05-06 16:03:34.090
1185,94600,1,-50.77,0.0,-46.06,0.002,2026-05-06 16:03:34.090
1186,94661,2,50.77,0.0,45.86,-0.009,2026-05-06 16:03:34.090
1187,94721,3,-90.0,0.0,-59.19,-0.0,2026-05-06 16:03:34.090
1188,94829,1,-50.77,0.0,-46.06,0.002,2026-05-06 16:03:34.090
1189,94890,2,50.77,0.0,45.86,-0.009,2026-05-06 16:03:34.090
1190,94950,3,-90.0,0.0,-59.19,-0.0,2026-05-06 16:03:34.090
1191,95070,1,-50.77,0.0,-50.04,0.003,2026-05-06 16:03:34.090
1192,95131,2,50.77,0.0,49.96,-0.005,2026-05-06 16:03:34.090
1193,95191,3,-90.0,0.0,-72.04,0.0,2026-05-06 16:03:34.090
1194,95298,1,-50.77,0.0,-50.27,0.003,2026-05-06 16:03:34.090
1195,95359,2,50.77,0.0,50.18,-0.005,2026-05-06 16:03:34.090
1196,95419,3,-90.0,0.0,-73.78,-0.0,2026-05-06 16:03:34.090
1197,95492,1,-50.77,0.0,-50.84,0.003,2026-05-06 16:03:34.090
1198,95553,2,50.77,0.0,50.89,-0.002,2026-05-06 16:03:34.090
1199,95613,3,-90.0,0.0,-81.48,-0.0,2026-05-06 16:03:34.090
1200,95721,1,-50.77,0.0,-50.84,0.003,2026-05-06 16:03:34.090
1201,95782,2,50.77,0.0,50.89,-0.002,2026-05-06 16:03:34.090
1202,95842,3,-90.0,0.0,-81.48,-0.0,2026-05-06 16:03:34.090
1203,96009,1,-50.77,-0.06,-50.81,0.002,2026-05-06 16:03:34.090
1204,96071,2,50.77,0.06,50.82,-0.002,2026-05-06 16:03:34.090
1205,96131,3,-90.0,0.047,-88.27,-0.001,2026-05-06 16:03:34.090
1206,96239,1,-50.77,-0.06,-50.81,0.002,2026-05-06 16:03:34.090
1207,96301,2,50.77,0.06,50.82,-0.002,2026-05-06 16:03:34.090
1208,96361,3,-90.0,0.047,-88.27,-0.001,2026-05-06 16:03:34.090
1209,96480,1,-50.77,-0.063,-50.78,0.002,2026-05-06 16:03:34.090
1210,96542,2,50.77,0.063,50.79,-0.002,2026-05-06 16:03:34.090
1211,96602,3,-90.0,0.048,-89.92,-0.001,2026-05-06 16:03:34.090
1212,96710,1,-50.77,-0.063,-50.78,0.002,2026-05-06 16:03:34.090
1213,96772,2,50.77,0.063,50.79,-0.002,2026-05-06 16:03:34.090
1214,96832,3,-90.0,0.049,-89.92,-0.001,2026-05-06 16:03:34.090
1215,96951,1,-50.77,-0.063,-50.78,-0.035,2026-05-06 16:03:34.090
1216,97014,2,50.77,0.063,50.73,0.035,2026-05-06 16:03:34.090
1217,97073,3,-90.0,0.049,-90.09,0.022,2026-05-06 16:03:34.090
1218,97180,1,-50.77,-0.063,-50.78,-0.036,2026-05-06 16:03:34.090
1219,97243,2,50.77,0.063,50.73,0.036,2026-05-06 16:03:34.090
1220,97302,3,-90.0,0.049,-90.08,0.024,2026-05-06 16:03:34.090
1221,97421,1,-50.77,-0.063,-50.83,-0.041,2026-05-06 16:03:34.090
1222,97484,2,50.77,0.063,50.74,0.042,2026-05-06 16:03:34.090
1223,97543,3,-90.0,0.049,-90.06,0.036,2026-05-06 16:03:34.090
1224,97650,1,-50.77,-0.063,-50.84,-0.043,2026-05-06 16:03:34.090
1225,97713,2,50.77,0.063,50.74,0.042,2026-05-06 16:03:34.090
1226,97772,3,-90.0,0.049,-90.06,0.036,2026-05-06 16:03:34.090
1227,97891,1,-50.77,-0.063,-50.86,-0.056,2026-05-06 16:03:34.090
1228,97954,2,50.77,0.063,50.76,0.054,2026-05-06 16:03:34.090
1229,98013,3,-90.0,0.049,-90.07,0.046,2026-05-06 16:03:34.090
1230,98164,1,-50.77,-0.063,-50.87,-0.059,2026-05-06 16:03:34.090
1231,98227,2,50.77,0.063,50.77,0.058,2026-05-06 16:03:34.090
1232,98352,1,-50.77,-0.063,-50.85,-0.057,2026-05-06 16:03:34.090
1233,98415,2,50.77,0.063,50.81,0.058,2026-05-06 16:03:34.090
1234,98474,3,-90.0,0.049,-90.08,0.044,2026-05-06 16:03:34.090
1235,98581,1,-50.77,-0.063,-50.83,-0.058,2026-05-06 16:03:34.090
1236,98644,2,50.77,0.063,50.81,0.057,2026-05-06 16:03:34.090
1237,98703,3,-90.0,0.049,-90.08,0.044,2026-05-06 16:03:34.090
1238,98822,1,-50.77,-0.063,-50.81,-0.061,2026-05-06 16:03:34.090
1239,98885,2,50.77,0.063,50.81,0.059,2026-05-06 16:03:34.090
1240,98944,3,-90.0,0.049,-90.06,0.042,2026-05-06 16:03:34.090
1241,99051,1,-50.77,-0.063,-50.8,-0.061,2026-05-06 16:03:34.090
1242,99114,2,50.77,0.063,50.81,0.059,2026-05-06 16:03:34.090
1243,99173,3,-90.0,0.049,-90.04,0.043,2026-05-06 16:03:34.090
1244,99245,3,-90.0,0.049,-90.0,0.046,2026-05-06 16:03:34.090
1245,99352,1,-50.77,-0.063,-50.81,-0.06,2026-05-06 16:03:34.090
1246,99415,2,50.77,0.063,50.81,0.059,2026-05-06 16:03:34.090
1247,99474,3,-90.0,0.049,-90.0,0.048,2026-05-06 16:03:34.090
1248,99581,1,-50.77,-0.063,-50.81,-0.059,2026-05-06 16:03:34.090
1249,99644,2,50.77,0.063,50.81,0.06,2026-05-06 16:03:34.090
1250,99715,1,-50.77,-0.063,-50.8,-0.059,2026-05-06 16:03:34.090
1251,99778,2,50.77,0.063,50.8,0.058,2026-05-06 16:03:34.090
1252,99837,3,-90.0,0.049,-90.01,0.046,2026-05-06 16:03:34.090
1253,99944,1,-50.77,-0.063,-50.8,-0.059,2026-05-06 16:03:34.090
1254,100007,2,50.77,0.063,50.8,0.058,2026-05-06 16:03:34.090
1255,100066,3,-90.0,0.049,-90.01,0.046,2026-05-06 16:03:34.090
1256,100232,1,-50.77,-0.063,-50.78,-0.061,2026-05-06 16:03:34.090
1257,100295,2,50.77,0.063,50.78,0.059,2026-05-06 16:03:34.090
1258,100354,3,-90.0,0.049,-90.01,0.047,2026-05-06 16:03:34.804
1259,100461,1,-50.77,-0.063,-50.78,-0.06,2026-05-06 16:03:34.804
1260,100524,2,50.77,0.063,50.77,0.059,2026-05-06 16:03:34.804
1261,100583,3,-90.0,0.049,-90.01,0.047,2026-05-06 16:03:34.804
1262,100702,1,-50.77,-0.063,-50.77,-0.06,2026-05-06 16:03:34.804
1263,100765,2,50.77,0.063,50.77,0.058,2026-05-06 16:03:34.804
1264,100824,3,-90.0,0.049,-90.01,0.047,2026-05-06 16:03:34.804
1265,100931,1,-50.77,-0.063,-50.77,-0.06,2026-05-06 16:03:34.804
1266,100994,2,50.77,0.063,50.76,0.058,2026-05-06 16:03:34.804
1267,101053,3,-90.0,0.049,-90.01,0.047,2026-05-06 16:03:34.804
1268,101172,1,-50.77,-0.063,-50.77,-0.063,2026-05-06 16:03:34.804
1269,101235,2,50.77,0.063,50.76,0.061,2026-05-06 16:03:34.804
1270,101294,3,-90.0,0.049,-90.0,0.048,2026-05-06 16:03:34.804
1271,101401,1,-50.77,-0.063,-50.77,-0.063,2026-05-06 16:03:34.804
1272,101464,2,50.77,0.063,50.76,0.062,2026-05-06 16:03:34.804
1273,101523,3,-90.0,0.049,-90.0,0.047,2026-05-06 16:03:34.804
1274,101642,1,-50.77,-0.063,-50.77,-0.063,2026-05-06 16:03:34.804
1275,101767,3,-90.0,0.049,-90.01,0.048,2026-05-06 16:03:34.804
1276,101874,1,-50.77,-0.063,-50.77,-0.063,2026-05-06 16:03:34.804
1277,101937,2,50.77,0.063,50.77,0.062,2026-05-06 16:03:34.804
1278,101996,3,-90.0,0.049,-90.01,0.048,2026-05-06 16:03:34.804
1279,102115,1,-50.77,-0.063,-50.78,-0.063,2026-05-06 16:03:34.804
1280,102178,2,50.77,0.063,50.77,0.06,2026-05-06 16:03:34.804
1281,102237,3,-90.0,0.049,-90.0,0.047,2026-05-06 16:03:34.804
1282,102344,1,-50.77,-0.063,-50.78,-0.063,2026-05-06 16:03:34.804
1283,102407,2,50.77,0.063,50.77,0.06,2026-05-06 16:03:34.804
1284,102466,3,-90.0,0.049,-90.0,0.047,2026-05-06 16:03:34.804
1285,102538,3,-90.0,0.049,-90.0,0.047,2026-05-06 16:03:34.804
1286,102645,1,-50.77,-0.063,-50.78,-0.06,2026-05-06 16:03:34.804
1287,102708,2,50.77,0.063,50.77,0.059,2026-05-06 16:03:34.804
1288,102767,3,-90.0,0.049,-90.0,0.047,2026-05-06 16:03:34.804
1289,102874,1,-50.77,-0.063,-50.78,-0.06,2026-05-06 16:03:34.804
1290,102937,2,50.77,0.063,50.77,0.059,2026-05-06 16:03:34.804
1291,103008,2,50.77,0.063,50.77,0.059,2026-05-06 16:03:34.804
1292,103067,3,-90.0,0.049,-90.01,0.046,2026-05-06 16:03:34.804
1293,103174,1,-50.77,-0.063,-50.77,-0.059,2026-05-06 16:03:34.804
1294,103237,2,50.77,0.063,50.77,0.059,2026-05-06 16:03:34.804
1295,103296,3,-90.0,0.049,-90.01,0.046,2026-05-06 16:03:34.804
1296,103403,1,-50.77,-0.063,-50.77,-0.059,2026-05-06 16:03:34.804
1297,103525,1,-50.77,-0.063,-50.77,-0.062,2026-05-06 16:03:34.804
1298,103588,2,50.77,0.063,50.77,0.06,2026-05-06 16:03:34.804
1299,103647,3,-90.0,0.049,-90.0,0.047,2026-05-06 16:03:34.804
1300,103754,1,-50.77,-0.063,-50.77,-0.062,2026-05-06 16:03:34.804
1301,103817,2,50.77,0.063,50.77,0.06,2026-05-06 16:03:34.804
1302,103876,3,-90.0,0.049,-90.0,0.047,2026-05-06 16:03:34.804
1303,103995,1,-50.77,-0.063,-50.77,-0.063,2026-05-06 16:03:34.804
1304,104058,2,50.77,0.063,50.78,0.062,2026-05-06 16:03:34.804
1305,104117,3,-90.0,0.049,-89.99,0.049,2026-05-06 16:03:34.804
1306,104224,1,-50.77,-0.063,-50.77,-0.063,2026-05-06 16:03:34.804
1307,104287,2,50.77,0.063,50.78,0.062,2026-05-06 16:03:34.804
1308,104346,3,-90.0,0.049,-89.99,0.049,2026-05-06 16:03:34.804
1309,104465,1,-50.77,-0.063,-50.78,-0.064,2026-05-06 16:03:34.804
1310,104528,2,50.77,0.063,50.78,0.063,2026-05-06 16:03:34.804
1311,104587,3,-90.0,0.049,-89.99,0.048,2026-05-06 16:03:34.804
1312,104694,1,-50.77,-0.063,-50.78,-0.064,2026-05-06 16:03:34.804
1313,104757,2,50.77,0.063,50.78,0.063,2026-05-06 16:03:34.804
1314,104816,3,-90.0,0.049,-89.99,0.048,2026-05-06 16:03:34.804
1315,104935,1,-50.77,-0.063,-50.78,-0.064,2026-05-06 16:03:34.804
1316,104998,2,50.77,0.063,50.78,0.063,2026-05-06 16:03:34.804
1317,105057,3,-90.0,0.049,-89.99,0.05,2026-05-06 16:03:34.804
1318,105164,1,-50.77,-0.063,-50.78,-0.064,2026-05-06 16:03:34.804
1319,105227,2,50.77,0.063,50.78,0.063,2026-05-06 16:03:34.804
1320,105286,3,-90.0,0.049,-89.99,0.05,2026-05-06 16:03:34.804
1321,105405,1,-50.77,-0.063,-50.78,-0.064,2026-05-06 16:03:34.804
1322,105468,2,50.77,0.063,50.78,0.063,2026-05-06 16:03:34.804
1323,105527,3,-90.0,0.049,-90.0,0.05,2026-05-06 16:03:34.804
1324,105634,1,-50.77,-0.063,-50.78,-0.064,2026-05-06 16:03:34.804
1325,105697,2,50.77,0.063,50.78,0.063,2026-05-06 16:03:34.804
1326,105756,3,-90.0,0.049,-90.0,0.049,2026-05-06 16:03:34.804
1327,105828,1,-50.77,-0.063,-50.77,-0.063,2026-05-06 16:03:34.804
1328,105891,2,50.77,0.063,50.78,0.063,2026-05-06 16:03:34.804
1329,105950,3,-90.0,0.049,-90.0,0.05,2026-05-06 16:03:34.804
1330,106057,1,-50.77,-0.063,-50.77,-0.063,2026-05-06 16:03:34.804
1331,106120,2,50.77,0.063,50.78,0.063,2026-05-06 16:03:34.804
1332,106179,3,-90.0,0.049,-90.0,0.05,2026-05-06 16:03:34.804
1333,106298,1,-50.77,-0.063,-50.77,-0.064,2026-05-06 16:03:34.804
1334,106361,2,50.77,0.063,50.78,0.062,2026-05-06 16:03:34.804
1335,106420,3,-90.0,0.049,-90.0,0.049,2026-05-06 16:03:34.804
1336,106527,1,-50.77,-0.063,-50.77,-0.064,2026-05-06 16:03:34.804
1337,106590,2,50.77,0.063,50.78,0.062,2026-05-06 16:03:34.804
1338,106649,3,-90.0,0.049,-90.0,0.049,2026-05-06 16:03:34.804
1339,106815,1,-50.77,-0.063,-50.77,-0.065,2026-05-06 16:03:34.804
1340,106878,2,50.77,0.063,50.78,0.063,2026-05-06 16:03:34.804
1341,106937,3,-90.0,0.049,-90.0,0.049,2026-05-06 16:03:34.804
1342,107044,1,-50.77,-0.063,-50.77,-0.065,2026-05-06 16:03:34.804
1343,107107,2,50.77,0.063,50.78,0.063,2026-05-06 16:03:34.804
1344,107166,3,-90.0,0.049,-90.0,0.049,2026-05-06 16:03:34.804
1345,107285,1,-50.77,-0.063,-50.77,-0.064,2026-05-06 16:03:34.804
1346,107348,2,50.77,0.063,50.78,0.063,2026-05-06 16:03:34.804
1347,107407,3,-90.0,0.049,-90.0,0.049,2026-05-06 16:03:34.804
1348,107514,1,-50.77,-0.063,-50.77,-0.063,2026-05-06 16:03:34.804
1349,107577,2,50.77,0.063,50.78,0.063,2026-05-06 16:03:34.804
1350,107636,3,-90.0,0.049,-90.0,0.049,2026-05-06 16:03:34.804
1351,107755,1,-50.77,-0.063,-50.77,-0.064,2026-05-06 16:03:34.804
1352,107818,2,50.77,0.063,50.78,0.063,2026-05-06 16:03:34.804
1353,107877,3,-90.0,0.049,-90.0,0.049,2026-05-06 16:03:34.804
1354,107984,1,-50.77,-0.063,-50.77,-0.065,2026-05-06 16:03:34.804
1355,108047,2,50.77,0.063,50.78,0.063,2026-05-06 16:03:34.804
1356,108106,3,-90.0,0.049,-90.0,0.049,2026-05-06 16:03:34.804
1357,108224,1,-50.77,-0.063,-50.78,-0.064,2026-05-06 16:03:34.804
1358,108287,2,50.77,0.063,50.78,0.063,2026-05-06 16:03:34.804
1359,108346,3,-90.0,0.049,-90.0,0.049,2026-05-06 16:03:35.517
1360,108453,1,-50.77,-0.063,-50.78,-0.064,2026-05-06 16:03:35.517
1361,108516,2,50.77,0.063,50.78,0.063,2026-05-06 16:03:35.517
1362,108575,3,-90.0,0.049,-90.0,0.049,2026-05-06 16:03:35.517
1363,108695,1,-50.77,-0.063,-50.78,-0.062,2026-05-06 16:03:35.517
1364,108758,2,50.77,0.063,50.78,0.062,2026-05-06 16:03:35.517
1365,108817,3,-90.0,0.049,-90.0,0.047,2026-05-06 16:03:35.517
1366,108924,1,-50.77,-0.063,-50.78,-0.062,2026-05-06 16:03:35.517
1367,108987,2,50.77,0.063,50.78,0.062,2026-05-06 16:03:35.517
1368,109046,3,-90.0,0.049,-90.0,0.047,2026-05-06 16:03:35.517
1369,109165,1,-50.77,-0.063,-50.78,-0.063,2026-05-06 16:03:35.517
1370,109290,3,-90.0,0.049,-90.0,0.049,2026-05-06 16:03:35.517
1371,109397,1,-50.77,-0.063,-50.78,-0.063,2026-05-06 16:03:35.517
1372,109460,2,50.77,0.063,50.78,0.062,2026-05-06 16:03:35.517
1373,109519,3,-90.0,0.049,-90.0,0.048,2026-05-06 16:03:35.517
1374,109638,1,-50.77,-0.063,-50.77,-0.063,2026-05-06 16:03:35.517
1375,109701,2,50.77,0.063,50.78,0.062,2026-05-06 16:03:35.517
1376,109760,3,-90.0,0.049,-90.0,0.048,2026-05-06 16:03:35.517
1377,109867,1,-50.77,-0.063,-50.77,-0.063,2026-05-06 16:03:35.517
1378,109930,2,50.77,0.063,50.78,0.062,2026-05-06 16:03:35.517
1379,109989,3,-90.0,0.049,-90.0,0.048,2026-05-06 16:03:35.517
1380,110108,1,-50.77,-0.063,-50.77,-0.063,2026-05-06 16:03:35.517
1381,110171,2,50.77,0.063,50.78,0.062,2026-05-06 16:03:35.517
1382,110230,3,-90.0,0.049,-90.0,0.049,2026-05-06 16:03:35.517
1383,110337,1,-50.77,-0.063,-50.77,-0.064,2026-05-06 16:03:35.517
1384,110400,2,50.77,0.063,50.78,0.062,2026-05-06 16:03:35.517
1385,110459,3,-90.0,0.049,-90.0,0.049,2026-05-06 16:03:35.517
1386,110531,3,-90.0,0.049,-90.0,0.048,2026-05-06 16:03:35.517
1387,110638,1,-50.77,-0.063,-50.77,-0.064,2026-05-06 16:03:35.517
1388,110701,2,50.77,0.063,50.78,0.063,2026-05-06 16:03:35.517
1389,110760,3,-90.0,0.049,-90.0,0.048,2026-05-06 16:03:35.517
1390,110867,1,-50.77,-0.063,-50.77,-0.064,2026-05-06 16:03:35.517
1391,110930,2,50.77,0.063,50.78,0.064,2026-05-06 16:03:35.517
1392,111001,3,-90.0,0.049,-90.0,0.049,2026-05-06 16:03:35.517
1393,111108,1,-50.77,-0.063,-50.77,-0.064,2026-05-06 16:03:35.517
1394,111171,2,50.77,0.063,50.78,0.063,2026-05-06 16:03:35.517
1395,111230,3,-90.0,0.049,-90.0,0.049,2026-05-06 16:03:35.517
1396,111337,1,-50.77,-0.063,-50.77,-0.064,2026-05-06 16:03:35.517
1397,111400,2,50.77,0.063,50.78,0.063,2026-05-06 16:03:35.517
1398,111471,2,50.77,0.063,50.78,0.063,2026-05-06 16:03:35.517
1399,111530,3,-90.0,0.049,-90.0,0.048,2026-05-06 16:03:35.517
1400,111637,1,-50.77,-0.063,-50.77,-0.064,2026-05-06 16:03:35.517
1401,111700,2,50.77,0.063,50.78,0.062,2026-05-06 16:03:35.517
1402,111759,3,-90.0,0.049,-90.0,0.049,2026-05-06 16:03:35.517
1403,111866,1,-50.77,-0.063,-50.77,-0.064,2026-05-06 16:03:35.517
1404,111988,1,-50.77,-0.063,-50.77,-0.063,2026-05-06 16:03:35.517
1405,112051,2,50.77,0.063,50.78,0.063,2026-05-06 16:03:35.517
1406,112110,3,-90.0,0.049,-90.0,0.049,2026-05-06 16:03:35.517
1407,112217,1,-50.77,-0.063,-50.77,-0.063,2026-05-06 16:03:35.517
1408,112280,2,50.77,0.063,50.78,0.063,2026-05-06 16:03:35.517
1409,112339,3,-90.0,0.049,-90.0,0.049,2026-05-06 16:03:35.517
1410,112458,1,-50.77,-0.063,-50.77,-0.063,2026-05-06 16:03:35.517
1411,112521,2,50.77,0.063,50.78,0.062,2026-05-06 16:03:35.517
1412,112580,3,-90.0,0.049,-90.0,0.048,2026-05-06 16:03:35.517
1413,112687,1,-50.77,-0.063,-50.77,-0.063,2026-05-06 16:03:35.517
1414,112750,2,50.77,0.063,50.78,0.062,2026-05-06 16:03:35.517
1415,112809,3,-90.0,0.049,-90.0,0.048,2026-05-06 16:03:35.517
1416,112928,1,-50.77,-0.063,-50.77,-0.064,2026-05-06 16:03:35.517
1417,112991,2,50.77,0.063,50.78,0.062,2026-05-06 16:03:35.517
1418,113050,3,-90.0,0.049,-90.0,0.049,2026-05-06 16:03:35.517
1419,113157,1,-50.77,-0.063,-50.77,-0.064,2026-05-06 16:03:35.517
1420,113220,2,50.77,0.063,50.78,0.062,2026-05-06 16:03:35.517
1421,113279,3,-90.0,0.049,-90.0,0.049,2026-05-06 16:03:35.517
1422,113398,1,-50.77,-0.063,-50.77,-0.064,2026-05-06 16:03:35.517
1423,113461,2,50.77,0.063,50.78,0.063,2026-05-06 16:03:35.517
1424,113520,3,-90.0,0.049,-90.0,0.048,2026-05-06 16:03:35.517
1425,113877,1,-50.77,-0.063,-50.77,-0.065,2026-05-06 16:03:35.517
1426,113940,2,50.77,0.063,50.78,0.063,2026-05-06 16:03:35.517
1427,113999,3,-90.0,0.049,-90.0,0.049,2026-05-06 16:03:35.517
1428,114106,1,-50.77,-0.063,-50.77,-0.065,2026-05-06 16:03:35.517
1429,114169,2,50.77,0.063,50.78,0.063,2026-05-06 16:03:35.517
1430,114228,3,-90.0,0.049,-90.0,0.049,2026-05-06 16:03:35.517
1431,114347,1,-50.77,-0.063,-50.78,-0.065,2026-05-06 16:03:35.517
1432,114410,2,50.77,0.063,50.78,0.063,2026-05-06 16:03:35.517
1433,114469,3,-90.0,0.049,-90.0,0.049,2026-05-06 16:03:35.517
1434,114576,1,-50.77,-0.063,-50.78,-0.065,2026-05-06 16:03:35.517
1435,114639,2,50.77,0.063,50.78,0.063,2026-05-06 16:03:35.517
1436,114698,3,-90.0,0.049,-90.0,0.049,2026-05-06 16:03:35.517
1437,114817,1,-50.77,-0.063,-50.78,-0.064,2026-05-06 16:03:35.517
1438,114880,2,50.77,0.063,50.78,0.062,2026-05-06 16:03:35.517
1439,114939,3,-90.0,0.049,-90.0,0.05,2026-05-06 16:03:35.517
1440,115046,1,-50.77,-0.063,-50.78,-0.064,2026-05-06 16:03:35.517
1441,115109,2,50.77,0.063,50.78,0.063,2026-05-06 16:03:35.517
1442,115168,3,-90.0,0.049,-90.0,0.049,2026-05-06 16:03:35.517
1443,115240,3,-90.0,0.049,-90.0,0.048,2026-05-06 16:03:35.517
1444,115347,1,-50.77,-0.063,-50.78,-0.063,2026-05-06 16:03:35.517
1445,115410,2,50.77,0.063,50.78,0.061,2026-05-06 16:03:35.517
1446,115469,3,-90.0,0.049,-90.0,0.048,2026-05-06 16:03:35.517
1447,115576,1,-50.77,-0.063,-50.78,-0.063,2026-05-06 16:03:35.517
1448,115639,2,50.77,0.063,50.78,0.061,2026-05-06 16:03:35.517
1449,115710,2,50.77,0.063,50.78,0.062,2026-05-06 16:03:35.517
1450,115769,3,-90.0,0.049,-90.0,0.047,2026-05-06 16:03:35.517
1451,115876,1,-50.77,-0.063,-50.78,-0.064,2026-05-06 16:03:35.517
1452,115939,2,50.77,0.063,50.78,0.062,2026-05-06 16:03:35.517
1453,115998,3,-90.0,0.049,-90.0,0.047,2026-05-06 16:03:35.517
1454,116105,1,-50.77,-0.063,-50.78,-0.064,2026-05-06 16:03:35.517
1455,116227,1,-50.77,-0.063,-50.78,-0.063,2026-05-06 16:03:35.517
1456,116290,2,50.77,0.063,50.78,0.062,2026-05-06 16:03:35.517
1457,116349,3,-90.0,0.049,-90.0,0.047,2026-05-06 16:03:36.226
1458,116456,1,-50.77,-0.063,-50.78,-0.063,2026-05-06 16:03:36.226
1459,116519,2,50.77,0.063,50.78,0.062,2026-05-06 16:03:36.226
1460,116578,3,-90.0,0.049,-90.0,0.047,2026-05-06 16:03:36.226
1461,116697,1,-50.77,-0.063,-50.78,-0.064,2026-05-06 16:03:36.226
1462,116822,3,-90.0,0.049,-90.0,0.047,2026-05-06 16:03:36.226
1463,116929,1,-50.77,-0.063,-50.78,-0.063,2026-05-06 16:03:36.226
1464,116992,2,50.77,0.063,50.78,0.061,2026-05-06 16:03:36.226
1465,117051,3,-90.0,0.049,-90.0,0.047,2026-05-06 16:03:36.226
1466,117123,3,-90.0,0.049,-90.01,0.047,2026-05-06 16:03:36.226
1467,117230,1,-50.77,-0.063,-50.78,-0.063,2026-05-06 16:03:36.226
1468,117293,2,50.77,0.063,50.77,0.062,2026-05-06 16:03:36.226
1469,117352,3,-90.0,0.049,-90.01,0.047,2026-05-06 16:03:36.226
1470,117459,1,-50.77,-0.063,-50.78,-0.062,2026-05-06 16:03:36.226
1471,117522,2,50.77,0.063,50.78,0.062,2026-05-06 16:03:36.226
1472,117640,1,-50.77,-0.063,-50.78,-0.063,2026-05-06 16:03:36.226
1473,117703,2,50.77,0.063,50.78,0.062,2026-05-06 16:03:36.226
1474,117762,3,-90.0,0.049,-90.0,0.047,2026-05-06 16:03:36.226
1475,117869,1,-50.77,-0.063,-50.78,-0.063,2026-05-06 16:03:36.226
1476,117932,2,50.77,0.063,50.78,0.062,2026-05-06 16:03:36.226
1477,117991,3,-90.0,0.049,-90.0,0.047,2026-05-06 16:03:36.226
1478,118110,1,-50.77,-0.063,-50.78,-0.063,2026-05-06 16:03:36.226
1479,118173,2,50.77,0.063,50.78,0.061,2026-05-06 16:03:36.226
1480,118232,3,-90.0,0.049,-90.0,0.048,2026-05-06 16:03:36.226
1481,118339,1,-50.77,-0.063,-50.78,-0.063,2026-05-06 16:03:36.226
1482,118402,2,50.77,0.063,50.77,0.061,2026-05-06 16:03:36.226
1483,118461,3,-90.0,0.049,-90.0,0.047,2026-05-06 16:03:36.226
1484,118580,1,-50.77,-0.063,-50.78,-0.063,2026-05-06 16:03:36.226
1485,118643,2,50.77,0.063,50.78,0.062,2026-05-06 16:03:36.226
1486,118702,3,-90.0,0.049,-90.0,0.047,2026-05-06 16:03:36.226
1487,118809,1,-50.77,-0.063,-50.78,-0.063,2026-05-06 16:03:36.226
1488,118872,2,50.77,0.063,50.78,0.061,2026-05-06 16:03:36.226
1489,118931,3,-90.0,0.049,-90.0,0.047,2026-05-06 16:03:36.226
1490,119003,3,-90.0,0.049,-90.0,0.047,2026-05-06 16:03:36.226
1491,119110,1,-50.77,-0.063,-50.78,-0.063,2026-05-06 16:03:36.226
1492,119173,2,50.77,0.063,50.77,0.061,2026-05-06 16:03:36.226
1493,119232,3,-90.0,0.049,-90.0,0.047,2026-05-06 16:03:36.226
1494,119383,1,-50.77,-0.063,-50.78,-0.064,2026-05-06 16:03:36.226
1495,119512,1,-50.77,-0.063,-50.77,-0.063,2026-05-06 16:03:36.226
1496,119575,2,50.77,0.063,50.77,0.0,2026-05-06 16:03:36.226
1497,119637,3,-90.0,0.049,-90.0,0.047,2026-05-06 16:03:36.226
1498,119744,1,-50.77,-0.063,-50.77,-0.063,2026-05-06 16:03:36.226
1499,119807,2,50.77,0.063,50.77,0.061,2026-05-06 16:03:36.226
1500,119866,3,-90.0,0.049,-90.0,0.047,2026-05-06 16:03:36.226
1501,119985,1,-50.77,-0.063,-50.77,-0.063,2026-05-06 16:03:36.226
1502,120048,2,50.77,0.063,50.77,0.062,2026-05-06 16:03:36.226
1503,120107,3,-90.0,0.049,-90.0,0.048,2026-05-06 16:03:36.226
1504,120214,1,-50.77,-0.063,-50.77,-0.063,2026-05-06 16:03:36.226
1505,120277,2,50.77,0.063,50.77,0.062,2026-05-06 16:03:36.226
1506,120336,3,-90.0,0.049,-90.0,0.048,2026-05-06 16:03:36.226
1507,120408,3,-90.0,0.049,-90.0,0.048,2026-05-06 16:03:36.226
1508,120515,1,-50.77,-0.063,-50.77,-0.064,2026-05-06 16:03:36.226
1509,120578,2,50.77,0.063,50.77,0.062,2026-05-06 16:03:36.226
1510,120637,3,-90.0,0.049,-90.0,0.048,2026-05-06 16:03:36.226
1511,120744,1,-50.77,-0.063,-50.77,-0.064,2026-05-06 16:03:36.226
1512,120807,2,50.77,0.063,50.77,0.062,2026-05-06 16:03:36.226
1513,120925,1,-50.77,-0.063,-50.77,-0.065,2026-05-06 16:03:36.226
1514,120988,2,50.77,0.063,50.77,0.062,2026-05-06 16:03:36.226
1515,121047,3,-90.0,0.049,-90.0,0.049,2026-05-06 16:03:36.226
1516,121154,1,-50.77,-0.063,-50.77,-0.063,2026-05-06 16:03:36.226
1517,121217,2,50.77,0.063,50.77,0.062,2026-05-06 16:03:36.226
1518,121276,3,-90.0,0.049,-90.0,0.049,2026-05-06 16:03:36.226
1519,121395,1,-50.77,-0.063,-50.77,-0.064,2026-05-06 16:03:36.226
1520,121458,2,50.77,0.063,50.77,0.063,2026-05-06 16:03:36.226
1521,121517,3,-90.0,0.049,-90.0,0.049,2026-05-06 16:03:36.226
1522,121624,1,-50.77,-0.063,-50.77,-0.064,2026-05-06 16:03:36.226
1523,121687,2,50.77,0.063,50.77,0.063,2026-05-06 16:03:36.226
1524,121746,3,-90.0,0.049,-90.0,0.049,2026-05-06 16:03:36.226
1525,121818,3,-90.0,0.049,-90.0,0.048,2026-05-06 16:03:36.226
1526,121925,1,-50.77,-0.063,-50.77,-0.064,2026-05-06 16:03:36.226
1527,121988,2,50.77,0.063,50.77,0.062,2026-05-06 16:03:36.226
1528,122047,3,-90.0,0.049,-90.0,0.048,2026-05-06 16:03:36.226
1529,122154,1,-50.77,-0.063,-50.77,-0.064,2026-05-06 16:03:36.226
1530,122217,2,50.77,0.063,50.77,0.062,2026-05-06 16:03:36.226
1531,122335,1,-50.77,-0.063,-50.77,-0.063,2026-05-06 16:03:36.226
1532,122398,2,50.77,0.063,50.77,0.061,2026-05-06 16:03:36.226
1533,122457,3,-90.0,0.049,-90.0,0.048,2026-05-06 16:03:36.226
1534,122564,1,-50.77,-0.063,-50.77,-0.063,2026-05-06 16:03:36.226
1535,122627,2,50.77,0.063,50.77,0.062,2026-05-06 16:03:36.226
1536,122686,3,-90.0,0.049,-90.0,0.048,2026-05-06 16:03:36.226
1537,122805,1,-50.77,-0.063,-50.77,-0.063,2026-05-06 16:03:36.226
1538,122868,2,50.77,0.063,50.77,0.062,2026-05-06 16:03:36.226
1539,122927,3,-90.0,0.049,-90.0,0.048,2026-05-06 16:03:36.226
1540,123034,1,-50.77,-0.063,-50.77,-0.064,2026-05-06 16:03:36.226
1541,123097,2,50.77,0.063,50.77,0.062,2026-05-06 16:03:36.226
1542,123156,3,-90.0,0.049,-90.0,0.047,2026-05-06 16:03:36.226
1543,123275,1,-50.77,-0.063,-50.77,-0.064,2026-05-06 16:03:36.226
1544,123338,2,50.77,0.063,50.77,0.062,2026-05-06 16:03:36.226
1545,123397,3,-90.0,0.049,-90.0,0.048,2026-05-06 16:03:36.226
1546,123504,1,-50.77,-0.063,-50.77,-0.063,2026-05-06 16:03:36.226
1547,123567,2,50.77,0.063,50.77,0.062,2026-05-06 16:03:36.226
1548,123626,3,-90.0,0.049,-90.0,0.047,2026-05-06 16:03:36.226
1549,123745,1,-50.77,-0.063,-50.77,-0.063,2026-05-06 16:03:36.226
1550,123808,2,50.77,0.063,50.77,0.063,2026-05-06 16:03:36.226
1551,123867,3,-90.0,0.049,-90.0,0.048,2026-05-06 16:03:36.226
1552,123974,1,-50.77,-0.063,-50.77,-0.063,2026-05-06 16:03:36.226
1553,124037,2,50.77,0.063,50.77,0.063,2026-05-06 16:03:36.226
1554,124096,3,-90.0,0.049,-90.0,0.048,2026-05-06 16:03:36.226
1555,124215,1,-50.77,-0.063,-50.77,-0.064,2026-05-06 16:03:36.226
1556,124278,2,50.77,0.063,50.77,0.063,2026-05-06 16:03:36.226
1557,124337,3,-90.0,0.049,-90.0,0.049,2026-05-06 16:03:36.226
1558,124444,1,-50.77,-0.063,-50.77,-0.064,2026-05-06 16:03:36.544
1559,124507,2,50.77,0.063,50.77,0.062,2026-05-06 16:03:36.544
1560,124566,3,-90.0,0.049,-90.0,0.048,2026-05-06 16:03:36.544
1561,124685,1,-50.77,-0.063,-50.77,-0.063,2026-05-06 16:03:36.544
1562,124748,2,50.77,0.063,50.77,0.061,2026-05-06 16:03:36.544
1563,124807,3,-90.0,0.049,-90.0,0.048,2026-05-06 16:03:36.544
1564,124914,1,-50.77,-0.063,-50.77,-0.063,2026-05-06 16:03:36.544
1565,124977,2,50.77,0.063,50.77,0.061,2026-05-06 16:03:36.544
1566,125036,3,-90.0,0.049,-90.0,0.048,2026-05-06 16:03:36.544
1567,125155,1,-50.77,-0.063,-50.77,-0.063,2026-05-06 16:03:36.544
1568,125218,2,50.77,0.063,50.77,0.061,2026-05-06 16:03:36.544
1569,125277,3,-90.0,0.049,-90.0,0.047,2026-05-06 16:03:36.544
1570,125450,2,50.77,0.063,50.77,0.061,2026-05-06 16:03:36.544
1571,125509,3,-90.0,0.049,-90.0,0.047,2026-05-06 16:03:36.544
1572,125581,2,50.77,0.062,50.77,0.062,2026-05-06 16:03:36.544
1573,125640,3,-90.0,0.048,-90.0,0.047,2026-05-06 16:03:36.544
1574,125747,1,-50.77,-0.062,-50.77,-0.062,2026-05-06 16:03:36.544
1575,125810,2,50.77,0.062,50.77,0.062,2026-05-06 16:03:36.544
1576,125869,3,-90.0,0.048,-90.0,0.046,2026-05-06 16:03:36.544
1577,125976,1,-50.77,-0.062,-50.77,-0.062,2026-05-06 16:03:36.544
1578,126051,2,50.77,0.058,50.77,0.061,2026-05-06 16:03:36.544
1579,126110,3,-90.0,0.045,-90.0,0.046,2026-05-06 16:03:36.544
1580,126217,1,-50.77,-0.058,-50.77,-0.062,2026-05-06 16:03:36.544
1581,126280,2,50.77,0.058,50.77,0.061,2026-05-06 16:03:36.544
1582,126339,3,-90.0,0.045,-90.0,0.046,2026-05-06 16:03:36.544
1583,126446,1,-50.77,-0.057,-50.77,-0.062,2026-05-06 16:03:36.544
1584,126568,1,-50.77,-0.046,-50.77,-0.061,2026-05-06 16:03:36.544
1585,126631,2,50.77,0.046,50.77,0.06,2026-05-06 16:03:36.544
1586,126690,3,-90.0,0.036,-90.0,0.046,2026-05-06 16:03:36.544
1587,126797,1,-50.77,-0.046,-50.77,-0.061,2026-05-06 16:03:36.544
1588,126860,2,50.77,0.046,50.77,0.06,2026-05-06 16:03:36.544
1589,126919,3,-90.0,0.036,-90.0,0.045,2026-05-06 16:03:36.544
1590,127038,1,-50.77,-0.022,-50.77,-0.052,2026-05-06 16:03:36.544
1591,127101,2,50.77,0.022,50.77,0.052,2026-05-06 16:03:36.544
1592,127160,3,-90.0,0.017,-90.0,0.04,2026-05-06 16:03:36.544
1593,127267,1,-50.77,-0.022,-50.77,-0.052,2026-05-06 16:03:36.544
1594,127330,2,50.77,0.022,50.77,0.052,2026-05-06 16:03:36.544
1595,127389,3,-90.0,0.017,-90.0,0.04,2026-05-06 16:03:36.544
1596,127508,1,-50.77,-0.007,-50.77,-0.038,2026-05-06 16:03:37.077
1597,127571,2,50.77,0.007,50.77,0.038,2026-05-06 16:03:37.077
1598,127630,3,-90.0,0.005,-90.0,0.029,2026-05-06 16:03:37.077
1599,127737,1,-50.77,-0.006,-50.77,-0.035,2026-05-06 16:03:37.077
1600,127800,2,50.77,0.006,50.77,0.036,2026-05-06 16:03:37.077
1601,127859,3,-90.0,0.004,-90.0,0.027,2026-05-06 16:03:37.077
1602,127978,1,-50.77,-0.001,-50.77,-0.018,2026-05-06 16:03:37.077
1603,128041,2,50.77,0.001,50.77,0.019,2026-05-06 16:03:37.077
1604,128100,3,-90.0,0.001,-90.0,0.015,2026-05-06 16:03:37.077
1605,128207,1,-50.77,-0.001,-50.77,-0.018,2026-05-06 16:03:37.077
1606,128270,2,50.77,0.001,50.77,0.019,2026-05-06 16:03:37.077
1607,128329,3,-90.0,0.001,-90.0,0.015,2026-05-06 16:03:37.077
1608,128448,1,-50.77,0.0,-50.77,-0.007,2026-05-06 16:03:37.077
1609,128510,2,50.77,0.0,50.77,0.008,2026-05-06 16:03:37.077
1610,128569,3,-90.0,0.0,-90.0,0.003,2026-05-06 16:03:37.077
1611,128676,1,-50.77,0.0,-50.77,-0.003,2026-05-06 16:03:37.077
1612,128738,2,50.77,0.0,50.78,0.002,2026-05-06 16:03:37.077
1613,128797,3,-90.0,0.0,-90.0,0.002,2026-05-06 16:03:37.077
1614,128870,2,50.77,0.0,50.78,-0.0,2026-05-06 16:03:37.077
1615,128930,3,-90.0,0.0,-90.0,-0.001,2026-05-06 16:03:37.077
1616,129038,1,-50.77,0.0,-50.77,0.0,2026-05-06 16:03:37.077
1617,129099,2,50.77,0.0,50.78,-0.0,2026-05-06 16:03:37.077
1618,129159,3,-90.0,0.0,-90.0,-0.0,2026-05-06 16:03:37.077
1619,129267,1,-50.77,0.0,-50.77,0.0,2026-05-06 16:03:37.077
1620,129386,1,-50.77,0.0,-50.77,0.0,2026-05-06 16:03:37.077
1621,129447,2,50.77,0.0,50.78,-0.0,2026-05-06 16:03:37.077
1622,129507,3,-90.0,0.0,-90.0,0.0,2026-05-06 16:03:37.077
1623,129614,1,-50.77,0.0,-50.77,0.0,2026-05-06 16:03:37.077
1624,129675,2,50.77,0.0,50.78,-0.0,2026-05-06 16:03:37.077
1625,129735,3,-90.0,0.0,-90.0,0.0,2026-05-06 16:03:37.077
1626,129854,1,-50.77,0.0,-50.77,-0.0,2026-05-06 16:03:37.077
1627,129916,2,50.77,0.0,50.78,0.0,2026-05-06 16:03:37.077
1628,129975,3,-90.0,0.0,-89.99,0.001,2026-05-06 16:03:37.077
1629,130082,1,-50.77,0.0,-50.77,-0.0,2026-05-06 16:03:37.077
1630,130144,2,50.77,0.0,50.78,0.0,2026-05-06 16:03:37.077
1631,130203,3,-90.0,0.0,-89.99,0.0,2026-05-06 16:03:37.077
1632,130326,1,-50.77,0.0,-50.77,0.0,2026-05-06 16:03:37.077
1633,130387,2,50.77,0.0,50.78,0.0,2026-05-06 16:03:37.077
1634,130446,3,-90.0,0.0,-90.0,-0.0,2026-05-06 16:03:37.077
1635,130554,1,-50.77,0.0,-50.77,0.0,2026-05-06 16:03:37.077
1636,130615,2,50.77,0.0,50.78,-0.0,2026-05-06 16:03:37.077
1637,130675,3,-90.0,0.0,-89.99,-0.0,2026-05-06 16:03:37.077
1638,130749,2,50.77,0.0,50.78,0.0,2026-05-06 16:03:37.077
1639,130808,3,-90.0,0.0,-89.99,-0.0,2026-05-06 16:03:37.077
1640,130916,1,-50.77,0.0,-50.77,-0.0,2026-05-06 16:03:37.077
1641,130978,2,50.77,0.0,50.78,0.0,2026-05-06 16:03:37.077
1642,131037,3,-90.0,0.0,-89.99,0.0,2026-05-06 16:03:37.077
1643,131144,1,-50.77,0.0,-50.77,0.0,2026-05-06 16:03:37.077
1644,131219,1,-50.77,0.0,-50.77,-0.0,2026-05-06 16:03:37.077
1645,131281,2,50.77,0.0,50.78,0.0,2026-05-06 16:03:37.077
1646,131340,3,-90.0,0.0,-89.99,0.0,2026-05-06 16:03:37.077
1647,131447,1,-50.77,0.0,-50.77,-0.0,2026-05-06 16:03:37.077
1648,131509,2,50.77,0.0,50.78,0.0,2026-05-06 16:03:37.077
1649,131568,3,-90.0,0.0,-90.0,-0.0,2026-05-06 16:03:37.077
1650,131688,1,-50.77,0.0,-50.77,0.0,2026-05-06 16:03:37.077
1651,131749,2,50.77,0.0,50.78,-0.0,2026-05-06 16:03:37.077
1652,131809,3,-90.0,0.0,-90.0,-0.0,2026-05-06 16:03:37.077
1653,131917,1,-50.77,0.0,-50.77,0.0,2026-05-06 16:03:37.077
1654,131978,2,50.77,0.0,50.78,-0.001,2026-05-06 16:03:37.077
1655,132038,3,-90.0,0.0,-90.0,-0.0,2026-05-06 16:03:37.077
1656,132158,1,-50.77,0.0,-50.77,0.0,2026-05-06 16:03:37.077
1657,132219,2,50.77,0.0,50.78,-0.0,2026-05-06 16:03:37.077
1658,132279,3,-90.0,0.0,-90.0,0.0,2026-05-06 16:03:37.077
1659,132386,1,-50.77,0.0,-50.77,0.0,2026-05-06 16:03:37.077
1660,132447,2,50.77,0.0,50.78,0.0,2026-05-06 16:03:37.077
1661,132506,3,-90.0,0.0,-90.0,0.0,2026-05-06 16:03:37.077
1662,132626,1,-50.77,0.0,-50.77,-0.0,2026-05-06 16:03:37.077
1663,132688,2,50.77,0.0,50.78,-0.0,2026-05-06 16:03:37.077
1664,132748,3,-90.0,0.0,-89.99,0.0,2026-05-06 16:03:37.077
1665,132855,1,-50.77,0.0,-50.77,0.0,2026-05-06 16:03:37.077
1666,132979,3,-90.0,0.0,-90.0,0.0,2026-05-06 16:03:37.077
1667,133099,1,-50.77,0.0,-50.77,0.0,2026-05-06 16:03:37.077
1668,133160,2,50.77,0.0,50.78,0.0,2026-05-06 16:03:37.077
1669,133219,3,-90.0,0.0,-90.0,0.0,2026-05-06 16:03:37.077
1670,133326,1,-50.77,0.0,-50.77,0.0,2026-05-06 16:03:37.077
1671,133387,2,50.77,0.0,50.78,0.0,2026-05-06 16:03:37.077
1672,133446,3,-90.0,0.0,-90.0,-0.0,2026-05-06 16:03:37.077
1673,133567,1,-50.77,0.0,-50.77,0.0,2026-05-06 16:03:37.077
1674,133628,2,50.77,0.0,50.78,0.0,2026-05-06 16:03:37.775
1675,133687,3,-90.0,0.0,-90.0,0.0,2026-05-06 16:03:37.775
1676,133794,1,-50.77,0.0,-50.77,0.0,2026-05-06 16:03:37.775
1677,133855,2,50.77,0.0,50.78,0.0,2026-05-06 16:03:37.775
1678,133914,3,-90.0,0.0,-90.0,0.0,2026-05-06 16:03:37.775
1679,134034,1,-50.77,0.0,-50.77,0.0,2026-05-06 16:03:37.775
1680,134095,2,50.77,0.0,50.77,0.0,2026-05-06 16:03:37.775
1681,134154,3,-90.0,0.0,-90.0,-0.0,2026-05-06 16:03:37.775
1682,134262,1,-50.77,0.0,-50.77,0.0,2026-05-06 16:03:37.775
1683,134323,2,50.77,0.0,50.77,-0.0,2026-05-06 16:03:37.775
1684,134383,3,-90.0,0.0,-90.0,0.0,2026-05-06 16:03:37.775
1685,134588,1,-50.77,0.0,-50.77,0.0,2026-05-06 16:03:37.775
1686,134649,2,50.77,0.0,50.77,-0.0,2026-05-06 16:03:37.775
1687,134709,3,-90.0,0.0,-89.99,0.0,2026-05-06 16:03:37.775
1688,134816,1,-50.77,0.0,-50.77,0.0,2026-05-06 16:03:37.775
1689,134877,2,50.77,0.0,50.77,-0.0,2026-05-06 16:03:37.775
1690,134985,1,-50.77,0.0,-50.77,0.0,2026-05-06 16:03:37.775
1691,135046,2,50.77,0.0,50.77,0.0,2026-05-06 16:03:37.775
1692,135105,3,-90.0,0.0,-90.0,0.0,2026-05-06 16:03:37.775
1693,135212,1,-50.77,0.0,-50.77,-0.0,2026-05-06 16:03:37.775
1694,135274,2,50.77,0.0,50.77,0.0,2026-05-06 16:03:37.775
1695,135333,3,-90.0,0.0,-90.0,0.0,2026-05-06 16:03:37.775
1696,135453,1,-50.77,0.0,-50.77,-0.0,2026-05-06 16:03:37.775
1697,135515,2,50.77,0.0,50.77,0.0,2026-05-06 16:03:37.775
1698,135574,3,-90.0,0.0,-89.99,-0.0,2026-05-06 16:03:37.775
1699,135682,1,-50.77,0.0,-50.77,0.0,2026-05-06 16:03:37.775
1700,135743,2,50.77,0.0,50.77,0.0,2026-05-06 16:03:37.775
1701,135802,3,-90.0,0.0,-89.99,-0.0,2026-05-06 16:03:37.775
1702,135922,1,-50.77,0.0,-50.77,0.0,2026-05-06 16:03:37.775
1703,135983,2,50.77,0.0,50.77,-0.0,2026-05-06 16:03:37.775
1704,136043,3,-90.0,0.0,-90.0,-0.0,2026-05-06 16:03:37.775
1705,136151,1,-50.77,0.0,-50.77,0.0,2026-05-06 16:03:37.775
1706,136212,2,50.77,0.0,50.77,0.0,2026-05-06 16:03:37.775
1707,136271,3,-90.0,0.0,-89.99,-0.0,2026-05-06 16:03:37.775
1708,136405,1,-50.77,0.0,-50.77,0.0,2026-05-06 16:03:37.775
1709,136466,2,50.77,0.0,50.77,0.0,2026-05-06 16:03:37.775
1710,136525,3,-90.0,0.0,-90.0,-0.0,2026-05-06 16:03:37.775
1711,136633,1,-50.77,0.0,-50.77,0.0,2026-05-06 16:03:37.775
1712,136694,2,50.77,0.0,50.77,0.0,2026-05-06 16:03:37.775
1713,136753,3,-90.0,0.0,-90.0,0.0,2026-05-06 16:03:37.775
1714,136873,1,-50.77,0.0,-50.77,0.0,2026-05-06 16:03:37.775
1715,136934,2,50.77,0.0,50.77,-0.0,2026-05-06 16:03:37.775
1716,136994,3,-90.0,0.0,-89.99,0.0,2026-05-06 16:03:37.775
1717,137101,1,-50.77,0.0,-50.77,0.0,2026-05-06 16:03:37.775
1718,137162,2,50.77,0.0,50.77,-0.0,2026-05-06 16:03:37.775
1719,137222,3,-90.0,0.0,-89.99,0.0,2026-05-06 16:03:37.775
1720,137342,1,-50.77,0.0,-50.77,0.0,2026-05-06 16:03:37.775
1721,137403,2,50.77,0.0,50.77,-0.0,2026-05-06 16:03:37.775
1722,137463,3,-90.0,0.0,-90.0,0.0,2026-05-06 16:03:37.775
1723,137570,1,-50.77,0.0,-50.77,0.0,2026-05-06 16:03:37.775
1724,137631,2,50.77,0.0,50.77,0.0,2026-05-06 16:03:37.775
1725,137690,3,-90.0,0.0,-90.0,0.0,2026-05-06 16:03:37.775
1726,137810,1,-50.77,0.0,-50.77,-0.0,2026-05-06 16:03:37.775
1727,137872,2,50.77,0.0,50.77,-0.0,2026-05-06 16:03:37.775
1728,137932,3,-90.0,0.0,-90.0,-0.0,2026-05-06 16:03:37.775
1729,138040,1,-50.77,0.0,-50.77,-0.0,2026-05-06 16:03:37.775
1730,138102,2,50.77,0.0,50.77,0.0,2026-05-06 16:03:37.775
1731,138161,3,-90.0,0.0,-89.99,0.0,2026-05-06 16:03:37.775
1732,138326,1,0.0,0.0,-50.75,0.0,2026-05-06 16:03:37.775
1733,138385,2,0.0,0.0,50.77,0.0,2026-05-06 16:03:37.775
1734,138443,3,0.0,0.0,-89.99,0.0,2026-05-06 16:03:37.775
1735,138548,1,0.0,0.0,-50.75,0.0,2026-05-06 16:03:37.775
1736,138607,2,0.0,0.0,50.77,0.0,2026-05-06 16:03:37.775
1737,138665,3,0.0,0.0,-89.99,0.0,2026-05-06 16:03:37.775
1738,138787,1,0.0,0.0,-47.98,0.0,2026-05-06 16:03:37.775
1739,138846,2,0.0,0.0,48.2,0.0,2026-05-06 16:03:37.775
1740,138904,3,0.0,0.0,-87.56,0.0,2026-05-06 16:03:37.775
1741,139009,1,0.0,0.0,-47.98,0.0,2026-05-06 16:03:37.775
1742,139068,2,0.0,0.0,48.2,0.0,2026-05-06 16:03:37.775
1743,139126,3,0.0,0.0,-87.56,0.0,2026-05-06 16:03:37.775
1744,139249,1,0.0,0.0,-40.93,-0.001,2026-05-06 16:03:37.775
1745,139309,2,0.0,0.0,41.17,-0.0,2026-05-06 16:03:37.775
1746,139368,3,0.0,0.0,-80.95,0.001,2026-05-06 16:03:37.775
1747,139473,1,0.0,0.0,-40.93,-0.001,2026-05-06 16:03:37.775
1748,139533,2,0.0,0.0,41.17,-0.0,2026-05-06 16:03:37.775
1749,139592,3,0.0,0.0,-80.95,0.001,2026-05-06 16:03:37.775
1750,139713,1,0.0,0.0,-28.75,-0.003,2026-05-06 16:03:37.775
1751,139773,2,0.0,0.0,29.11,-0.001,2026-05-06 16:03:37.775
1752,139832,3,0.0,0.0,-69.16,0.007,2026-05-06 16:03:37.775
1753,139981,1,0.0,0.0,-28.75,-0.003,2026-05-06 16:03:37.775
1754,140041,2,0.0,0.0,29.11,-0.001,2026-05-06 16:03:37.775
1755,140195,1,0.0,0.0,-17.23,-0.004,2026-05-06 16:03:37.775
1756,140255,2,0.0,0.0,17.41,-0.002,2026-05-06 16:03:37.775
1757,140314,3,0.0,0.0,-56.33,0.008,2026-05-06 16:03:37.775
1758,140482,2,0.0,0.0,17.41,-0.002,2026-05-06 16:03:37.775
1759,140541,3,0.0,0.0,-56.33,0.008,2026-05-06 16:03:37.775
1760,140662,1,0.0,0.0,-6.91,-0.002,2026-05-06 16:03:37.775
1761,140721,2,0.0,0.0,6.97,-0.0,2026-05-06 16:03:37.775
1762,140779,3,0.0,0.0,-36.74,0.009,2026-05-06 16:03:37.775
1763,140884,1,0.0,0.0,-6.91,-0.002,2026-05-06 16:03:37.775
1764,140943,2,0.0,0.0,6.97,-0.0,2026-05-06 16:03:37.775
1765,141001,3,0.0,0.0,-36.74,0.009,2026-05-06 16:03:37.775
1766,141123,1,0.0,0.082,-1.42,-0.001,2026-05-06 16:03:37.775
1767,141182,2,0.0,0.082,1.48,0.0,2026-05-06 16:03:37.775
1768,141239,3,0.0,0.082,-21.98,0.008,2026-05-06 16:03:37.775
1769,141344,1,0.0,0.086,-1.42,-0.001,2026-05-06 16:03:37.775
1770,141403,2,0.0,0.086,1.48,0.0,2026-05-06 16:03:37.775
1771,141460,3,0.0,0.086,-21.98,0.008,2026-05-06 16:03:37.775
1772,141563,3,0.0,0.112,-12.3,0.005,2026-05-06 16:03:37.775
1773,141668,1,0.0,0.116,0.01,0.001,2026-05-06 16:03:38.508
1774,141725,2,0.0,0.116,0.09,0.001,2026-05-06 16:03:38.508
1775,141782,3,0.0,0.116,-12.3,0.005,2026-05-06 16:03:38.508
1776,141887,1,0.0,0.121,0.11,0.066,2026-05-06 16:03:38.508
1777,141944,2,0.0,0.121,-0.09,0.053,2026-05-06 16:03:38.508
1778,142095,1,0.0,0.152,0.13,0.054,2026-05-06 16:03:38.508
1779,142152,2,0.0,0.152,-0.08,0.06,2026-05-06 16:03:38.508
1780,142210,3,0.0,0.152,-4.3,0.064,2026-05-06 16:03:38.508
1781,142314,1,0.0,0.152,0.13,0.054,2026-05-06 16:03:38.508
1782,142371,2,0.0,0.152,-0.08,0.06,2026-05-06 16:03:38.508
1783,142429,3,0.0,0.152,-4.3,0.064,2026-05-06 16:03:38.508
1784,142579,1,0.0,0.196,0.11,0.092,2026-05-06 16:03:38.508
1785,142636,2,0.0,0.196,-0.07,0.1,2026-05-06 16:03:38.508
1786,142694,3,0.0,0.196,-0.76,0.094,2026-05-06 16:03:38.508
1787,142798,1,0.0,0.196,0.11,0.092,2026-05-06 16:03:38.508
1788,142855,2,0.0,0.196,-0.07,0.1,2026-05-06 16:03:38.508
1789,142913,3,0.0,0.196,-0.76,0.094,2026-05-06 16:03:38.508
1790,143064,1,0.0,0.232,0.04,0.138,2026-05-06 16:03:38.508
1791,143121,2,0.0,0.232,-0.04,0.146,2026-05-06 16:03:38.508
1792,143179,3,0.0,0.232,0.25,0.138,2026-05-06 16:03:38.508
1793,143282,1,0.0,0.237,0.02,0.157,2026-05-06 16:03:38.508
1794,143339,2,0.0,0.237,-0.03,0.16,2026-05-06 16:03:38.508
1795,143397,3,0.0,0.237,0.24,0.156,2026-05-06 16:03:38.508
1796,143547,1,0.0,0.264,0.01,0.174,2026-05-06 16:03:38.508
1797,143604,2,0.0,0.264,-0.02,0.179,2026-05-06 16:03:38.508
1798,143662,3,0.0,0.264,0.22,0.175,2026-05-06 16:03:38.508
1799,143765,1,0.0,0.268,0.0,0.216,2026-05-06 16:03:38.508
1800,143822,2,0.0,0.268,-0.01,0.22,2026-05-06 16:03:38.508
1801,143880,3,0.0,0.268,0.14,0.214,2026-05-06 16:03:38.508
1802,144030,1,0.0,0.292,-0.0,0.246,2026-05-06 16:03:38.508
1803,144088,2,0.0,0.292,-0.01,0.254,2026-05-06 16:03:38.508
1804,144146,3,0.0,0.292,0.01,0.245,2026-05-06 16:03:38.508
1805,144249,1,0.0,0.292,-0.0,0.246,2026-05-06 16:03:38.508
1806,144307,2,0.0,0.292,-0.01,0.254,2026-05-06 16:03:38.508
1807,144365,3,0.0,0.292,0.01,0.245,2026-05-06 16:03:38.508
1808,144514,1,0.0,0.311,-0.0,0.277,2026-05-06 16:03:38.508
1809,144572,2,0.0,0.311,-0.01,0.287,2026-05-06 16:03:38.508
1810,144630,3,0.0,0.311,0.0,0.281,2026-05-06 16:03:38.508
1811,144733,1,0.0,0.313,-0.0,0.277,2026-05-06 16:03:38.508
1812,144791,2,0.0,0.313,-0.01,0.287,2026-05-06 16:03:38.508
1813,144849,3,0.0,0.313,0.0,0.281,2026-05-06 16:03:38.508
1814,144999,1,0.0,0.326,0.0,0.31,2026-05-06 16:03:38.508
1815,145056,2,0.0,0.326,0.0,0.32,2026-05-06 16:03:38.508
1816,145113,3,0.0,0.326,0.0,0.31,2026-05-06 16:03:38.508
1817,145216,1,0.0,0.328,0.0,0.31,2026-05-06 16:03:38.508
1818,145273,2,0.0,0.328,0.0,0.32,2026-05-06 16:03:38.508
1819,145484,1,0.0,0.336,0.01,0.322,2026-05-06 16:03:38.508
1820,145541,2,0.0,0.336,0.01,0.332,2026-05-06 16:03:38.508
1821,145598,3,0.0,0.336,0.0,0.323,2026-05-06 16:03:38.508
1822,145701,1,0.0,0.336,0.01,0.322,2026-05-06 16:03:38.508
1823,145758,2,0.0,0.336,0.01,0.332,2026-05-06 16:03:38.508
1824,145815,3,0.0,0.336,0.0,0.323,2026-05-06 16:03:38.508
1825,145966,1,0.0,0.343,0.0,0.341,2026-05-06 16:03:38.508
1826,146023,2,0.0,0.343,0.0,0.352,2026-05-06 16:03:38.508
1827,146080,3,0.0,0.343,0.0,0.344,2026-05-06 16:03:38.508
1828,146183,1,0.0,0.343,0.0,0.341,2026-05-06 16:03:38.508
1829,146240,2,0.0,0.343,0.0,0.352,2026-05-06 16:03:38.508
1830,146297,3,0.0,0.343,0.0,0.344,2026-05-06 16:03:38.508
1831,146448,1,0.0,0.348,0.0,0.349,2026-05-06 16:03:38.508
1832,146505,2,0.0,0.348,0.0,0.36,2026-05-06 16:03:38.508
1833,146562,3,0.0,0.348,0.0,0.351,2026-05-06 16:03:38.508
1834,146665,1,0.0,0.349,0.0,0.349,2026-05-06 16:03:38.508
1835,146722,2,0.0,0.349,0.0,0.36,2026-05-06 16:03:38.508
1836,146779,3,0.0,0.349,0.0,0.351,2026-05-06 16:03:38.508
1837,146930,1,0.0,0.35,-0.0,0.354,2026-05-06 16:03:38.508
1838,146988,2,0.0,0.35,0.0,0.362,2026-05-06 16:03:38.508
1839,147045,3,0.0,0.35,0.0,0.358,2026-05-06 16:03:38.508
1840,147148,1,0.0,0.35,-0.0,0.354,2026-05-06 16:03:38.508
1841,147206,2,0.0,0.35,0.0,0.362,2026-05-06 16:03:38.508
1842,147263,3,0.0,0.35,0.0,0.358,2026-05-06 16:03:38.508
1843,147413,1,0.0,0.35,-0.0,0.358,2026-05-06 16:03:38.508
1844,147471,2,0.0,0.35,0.0,0.365,2026-05-06 16:03:38.508
1845,147528,3,0.0,0.35,0.0,0.361,2026-05-06 16:03:38.508
1846,147631,1,0.0,0.35,-0.0,0.357,2026-05-06 16:03:38.508
1847,147689,2,0.0,0.35,0.0,0.365,2026-05-06 16:03:38.508
1848,147746,3,0.0,0.35,0.0,0.36,2026-05-06 16:03:38.508
1849,147896,1,0.0,0.35,-0.0,0.357,2026-05-06 16:03:38.508
1850,147954,2,0.0,0.35,0.0,0.367,2026-05-06 16:03:38.508
1851,148011,3,0.0,0.35,-0.0,0.362,2026-05-06 16:03:38.508
1852,148115,1,0.0,0.35,-0.01,0.357,2026-05-06 16:03:38.508
1853,148173,2,0.0,0.35,0.0,0.367,2026-05-06 16:03:38.508
1854,148230,3,0.0,0.35,-0.0,0.362,2026-05-06 16:03:38.508
1855,148333,2,0.0,0.35,-0.0,0.366,2026-05-06 16:03:38.508
1856,148391,3,0.0,0.35,0.01,0.361,2026-05-06 16:03:38.508
1857,148494,1,0.0,0.35,-0.0,0.359,2026-05-06 16:03:38.508
1858,148552,2,0.0,0.35,-0.0,0.366,2026-05-06 16:03:38.508
1859,148610,3,0.0,0.35,0.01,0.361,2026-05-06 16:03:38.508
1860,148713,1,0.0,0.35,-0.0,0.357,2026-05-06 16:03:38.508
1861,148838,1,0.0,0.35,-0.0,0.354,2026-05-06 16:03:38.508
1862,148896,2,0.0,0.35,-0.0,0.364,2026-05-06 16:03:38.508
1863,148954,3,0.0,0.35,-0.0,0.358,2026-05-06 16:03:38.508
1864,149058,1,0.0,0.35,-0.0,0.354,2026-05-06 16:03:38.508
1865,149116,2,0.0,0.35,-0.0,0.364,2026-05-06 16:03:38.508
1866,149174,3,0.0,0.35,-0.0,0.358,2026-05-06 16:03:38.508
1867,149324,1,0.0,0.35,0.0,0.355,2026-05-06 16:03:38.508
1868,149381,2,0.0,0.35,0.0,0.363,2026-05-06 16:03:38.508
1869,149438,3,0.0,0.35,-0.0,0.358,2026-05-06 16:03:38.508
1870,149542,1,0.0,0.35,0.0,0.355,2026-05-06 16:03:38.508
1871,149599,2,0.0,0.35,0.0,0.363,2026-05-06 16:03:38.508
1872,149656,3,0.0,0.35,-0.0,0.358,2026-05-06 16:03:38.996
1873,149807,1,0.0,0.35,0.01,0.356,2026-05-06 16:03:38.996
1874,149864,2,0.0,0.35,0.0,0.364,2026-05-06 16:03:38.996
1875,149921,3,0.0,0.35,0.0,0.358,2026-05-06 16:03:38.996
1876,150024,1,0.0,0.35,0.0,0.353,2026-05-06 16:03:38.996
1877,150081,2,0.0,0.35,0.0,0.364,2026-05-06 16:03:38.996
1878,150138,3,0.0,0.35,-0.0,0.359,2026-05-06 16:03:38.996
1879,150243,3,0.0,0.35,-0.0,0.356,2026-05-06 16:03:38.996
1880,150347,1,0.0,0.35,0.0,0.351,2026-05-06 16:03:38.996
1881,150404,2,0.0,0.35,0.0,0.361,2026-05-06 16:03:38.996
1882,150461,3,0.0,0.35,-0.0,0.356,2026-05-06 16:03:38.996
1883,150565,1,0.0,0.35,0.0,0.351,2026-05-06 16:03:38.996
1884,150622,2,0.0,0.35,0.0,0.361,2026-05-06 16:03:38.996
1885,150772,1,0.0,0.35,-0.0,0.345,2026-05-06 16:03:38.996
1886,150830,2,0.0,0.35,0.0,0.356,2026-05-06 16:03:38.996
1887,150887,3,0.0,0.35,-0.0,0.352,2026-05-06 16:03:38.996
1888,150991,1,0.0,0.35,-0.0,0.345,2026-05-06 16:03:38.996
1889,151049,2,0.0,0.35,0.0,0.356,2026-05-06 16:03:38.996
1890,151106,3,0.0,0.35,-0.0,0.352,2026-05-06 16:03:38.996
1891,151257,1,0.0,0.35,-0.0,0.349,2026-05-06 16:03:38.996
1892,151315,2,0.0,0.35,0.0,0.357,2026-05-06 16:03:38.996
1893,151372,3,0.0,0.35,0.01,0.351,2026-05-06 16:03:38.996
1894,151475,1,0.0,0.35,-0.0,0.348,2026-05-06 16:03:38.996
1895,151533,2,0.0,0.35,0.0,0.359,2026-05-06 16:03:38.996
1896,151590,3,0.0,0.35,0.0,0.351,2026-05-06 16:03:38.996
1897,151693,2,0.0,0.35,-0.0,0.359,2026-05-06 16:03:38.996
1898,151751,3,0.0,0.35,0.0,0.354,2026-05-06 16:03:38.996
1899,151854,1,0.0,0.35,-0.0,0.35,2026-05-06 16:03:38.996
1900,151912,2,0.0,0.35,-0.0,0.359,2026-05-06 16:03:38.996
1901,151970,3,0.0,0.35,0.0,0.354,2026-05-06 16:03:38.996
1902,152073,1,0.0,0.35,-0.0,0.35,2026-05-06 16:03:38.996
1903,152198,1,0.0,0.35,-0.0,0.348,2026-05-06 16:03:38.996
1904,152256,2,0.0,0.35,-0.0,0.358,2026-05-06 16:03:38.996
1905,152314,3,0.0,0.35,-0.0,0.351,2026-05-06 16:03:38.996
1906,152418,1,0.0,0.35,-0.0,0.348,2026-05-06 16:03:38.996
1907,152476,2,0.0,0.35,-0.0,0.358,2026-05-06 16:03:38.996
1908,152534,3,0.0,0.35,-0.0,0.351,2026-05-06 16:03:38.996
1909,152683,1,0.0,0.35,0.0,0.348,2026-05-06 16:03:38.996
1910,152740,2,0.0,0.35,-0.0,0.357,2026-05-06 16:03:38.996
1911,152798,3,0.0,0.35,0.0,0.351,2026-05-06 16:03:38.996
1912,152901,1,0.0,0.35,0.0,0.348,2026-05-06 16:03:38.996
1913,152958,2,0.0,0.35,-0.0,0.357,2026-05-06 16:03:38.996
1914,153169,1,0.0,0.35,0.0,0.347,2026-05-06 16:03:38.996
1915,153226,2,0.0,0.35,-0.0,0.357,2026-05-06 16:03:38.996
1916,153284,3,0.0,0.35,0.01,0.352,2026-05-06 16:03:38.996
1917,153387,1,0.0,0.35,0.0,0.347,2026-05-06 16:03:38.996
1918,153444,2,0.0,0.35,-0.0,0.357,2026-05-06 16:03:38.996
1919,153502,3,0.0,0.35,0.01,0.352,2026-05-06 16:03:38.996
1920,153605,1,0.0,0.35,0.0,0.349,2026-05-06 16:03:38.996
1921,153662,2,0.0,0.35,0.0,0.356,2026-05-06 16:03:38.996
1922,153719,3,0.0,0.35,-0.0,0.351,2026-05-06 16:03:38.996
1923,153823,1,0.0,0.35,0.0,0.349,2026-05-06 16:03:38.996
1924,153880,2,0.0,0.35,0.0,0.356,2026-05-06 16:03:38.996
1925,153937,3,0.0,0.35,-0.0,0.351,2026-05-06 16:03:38.996
1926,154109,1,0.0,0.35,0.0,0.35,2026-05-06 16:03:38.996
1927,154166,2,0.0,0.35,-0.0,0.357,2026-05-06 16:03:38.996
1928,154224,3,0.0,0.35,0.0,0.352,2026-05-06 16:03:38.996
1929,154327,1,0.0,0.35,0.0,0.35,2026-05-06 16:03:38.996
1930,154384,2,0.0,0.35,-0.0,0.357,2026-05-06 16:03:38.996
1931,154442,3,0.0,0.35,0.0,0.352,2026-05-06 16:03:38.996
1932,154592,1,0.0,0.35,0.0,0.346,2026-05-06 16:03:38.996
1933,154649,2,0.0,0.35,0.0,0.356,2026-05-06 16:03:38.996
1934,154706,3,0.0,0.35,0.0,0.348,2026-05-06 16:03:38.996
1935,154809,1,0.0,0.35,0.0,0.345,2026-05-06 16:03:39.675
1936,154866,2,0.0,0.35,0.0,0.355,2026-05-06 16:03:39.675
1937,154923,3,0.0,0.35,0.0,0.348,2026-05-06 16:03:39.675
1938,155027,1,0.0,0.35,0.0,0.348,2026-05-06 16:03:39.675
1939,155084,2,0.0,0.35,-0.0,0.356,2026-05-06 16:03:39.675
1940,155142,3,0.0,0.35,-0.0,0.349,2026-05-06 16:03:39.675
1941,155246,1,0.0,0.35,0.0,0.349,2026-05-06 16:03:39.675
1942,155303,2,0.0,0.35,-0.0,0.356,2026-05-06 16:03:39.675
1943,155361,3,0.0,0.35,0.01,0.35,2026-05-06 16:03:39.675
1944,155532,1,0.0,0.35,0.0,0.35,2026-05-06 16:03:39.675
1945,155589,2,0.0,0.35,-0.0,0.359,2026-05-06 16:03:39.675
1946,155647,3,0.0,0.35,0.0,0.351,2026-05-06 16:03:39.675
1947,155750,1,0.0,0.35,0.0,0.35,2026-05-06 16:03:39.675
1948,155807,2,0.0,0.35,-0.0,0.359,2026-05-06 16:03:39.675
1949,155865,3,0.0,0.35,0.0,0.351,2026-05-06 16:03:39.675
1950,155968,3,0.0,0.35,0.0,0.351,2026-05-06 16:03:39.675
1951,156071,1,0.0,0.349,0.0,0.349,2026-05-06 16:03:39.675
1952,156128,2,0.0,0.349,-0.0,0.356,2026-05-06 16:03:39.675
1953,156186,3,0.0,0.349,0.0,0.35,2026-05-06 16:03:39.675
1954,156289,1,0.0,0.349,0.0,0.349,2026-05-06 16:03:39.675
1955,156346,2,0.0,0.349,-0.0,0.356,2026-05-06 16:03:39.675
1956,156498,1,0.0,0.343,-0.0,0.351,2026-05-06 16:03:39.675
1957,156556,2,0.0,0.343,0.0,0.357,2026-05-06 16:03:39.675
1958,156613,3,0.0,0.343,0.01,0.35,2026-05-06 16:03:39.675
1959,156716,1,0.0,0.342,-0.0,0.351,2026-05-06 16:03:39.675
1960,156774,2,0.0,0.342,0.0,0.357,2026-05-06 16:03:39.675
1961,156831,3,0.0,0.342,0.01,0.35,2026-05-06 16:03:39.675
1962,156981,1,0.0,0.334,-0.0,0.348,2026-05-06 16:03:39.675
1963,157039,2,0.0,0.334,0.0,0.355,2026-05-06 16:03:39.675
1964,157096,3,0.0,0.334,-0.0,0.347,2026-05-06 16:03:39.675
1965,157200,1,0.0,0.334,-0.0,0.348,2026-05-06 16:03:39.675
1966,157258,2,0.0,0.334,0.0,0.355,2026-05-06 16:03:39.675
1967,157315,3,0.0,0.334,-0.0,0.347,2026-05-06 16:03:39.675
1968,157466,1,0.0,0.312,-0.0,0.339,2026-05-06 16:03:39.675
1969,157524,2,0.0,0.312,0.0,0.346,2026-05-06 16:03:39.675
1970,157581,3,0.0,0.312,-0.0,0.342,2026-05-06 16:03:39.675
1971,157685,1,0.0,0.312,-0.0,0.339,2026-05-06 16:03:39.675
1972,157743,2,0.0,0.312,0.0,0.346,2026-05-06 16:03:39.675
1973,157800,3,0.0,0.312,-0.0,0.342,2026-05-06 16:03:39.675
1974,157950,1,0.0,0.277,-0.0,0.334,2026-05-06 16:03:39.675
1975,158008,2,0.0,0.277,0.0,0.339,2026-05-06 16:03:39.675
1976,158065,3,0.0,0.277,0.0,0.334,2026-05-06 16:03:39.675
1977,158168,1,0.0,0.271,0.0,0.325,2026-05-06 16:03:39.675
1978,158225,2,0.0,0.271,0.0,0.332,2026-05-06 16:03:39.675
1979,158282,3,0.0,0.271,0.0,0.327,2026-05-06 16:03:39.675
1980,158433,1,0.0,0.222,-0.0,0.308,2026-05-06 16:03:39.675
1981,158491,2,0.0,0.222,-0.0,0.314,2026-05-06 16:03:39.675
1982,158549,3,0.0,0.222,0.01,0.308,2026-05-06 16:03:39.675
1983,158652,1,0.0,0.212,-0.0,0.308,2026-05-06 16:03:39.675
1984,158710,2,0.0,0.212,-0.0,0.314,2026-05-06 16:03:39.675
1985,158768,3,0.0,0.212,0.01,0.308,2026-05-06 16:03:39.675
1986,158917,1,0.0,0.14,-0.0,0.265,2026-05-06 16:03:39.675
1987,158975,2,0.0,0.14,0.0,0.265,2026-05-06 16:03:39.675
1988,159032,3,0.0,0.14,0.01,0.27,2026-05-06 16:03:39.675
1989,159135,1,0.0,0.14,-0.0,0.253,2026-05-06 16:03:39.675
1990,159193,2,0.0,0.14,0.0,0.265,2026-05-06 16:03:39.675
1991,159250,3,0.0,0.14,0.0,0.26,2026-05-06 16:03:39.675
1992,159400,1,0.0,0.071,-0.0,0.197,2026-05-06 16:03:39.675
1993,159458,2,0.0,0.071,-0.0,0.205,2026-05-06 16:03:39.675
1994,159516,3,0.0,0.071,0.0,0.205,2026-05-06 16:03:39.675
1995,159619,1,0.0,0.071,-0.0,0.197,2026-05-06 16:03:39.675
1996,159677,2,0.0,0.071,-0.0,0.205,2026-05-06 16:03:39.675
1997,159735,3,0.0,0.071,0.0,0.205,2026-05-06 16:03:39.675
1998,159885,1,0.0,0.035,-0.0,0.138,2026-05-06 16:03:39.675
1999,159943,2,0.0,0.035,-0.0,0.141,2026-05-06 16:03:39.675
2000,160001,3,0.0,0.035,-0.0,0.138,2026-05-06 16:03:39.675
2001,160105,1,0.0,0.032,-0.0,0.138,2026-05-06 16:03:39.675
2002,160163,2,0.0,0.032,-0.0,0.141,2026-05-06 16:03:39.675
2003,160221,3,0.0,0.032,-0.0,0.138,2026-05-06 16:03:39.675
2004,160370,1,0.0,0.016,-0.0,0.07,2026-05-06 16:03:39.675
2005,160428,2,0.0,0.016,-0.0,0.074,2026-05-06 16:03:39.675
2006,160486,3,0.0,0.016,-0.0,0.071,2026-05-06 16:03:39.675
2007,160590,1,0.0,0.016,-0.0,0.07,2026-05-06 16:03:39.675
2008,160648,2,0.0,0.016,-0.0,0.074,2026-05-06 16:03:39.675
2009,160859,1,0.0,0.004,-0.0,0.02,2026-05-06 16:03:39.675
2010,160917,2,0.0,0.004,-0.0,0.019,2026-05-06 16:03:39.675
2011,160975,3,0.0,0.004,-0.0,0.018,2026-05-06 16:03:39.675
2012,161079,1,0.0,0.004,-0.0,0.02,2026-05-06 16:03:39.675
2013,161137,2,0.0,0.004,-0.0,0.019,2026-05-06 16:03:39.675
2014,161195,3,0.0,0.004,-0.0,0.018,2026-05-06 16:03:39.675
2015,161388,1,0.0,0.0,0.0,-0.002,2026-05-06 16:03:39.675
2016,161446,2,0.0,0.0,0.0,-0.008,2026-05-06 16:03:39.675
2017,161504,3,0.0,0.0,0.0,-0.009,2026-05-06 16:03:39.675
2018,161608,1,0.0,0.0,0.0,-0.007,2026-05-06 16:03:39.675
2019,161666,2,0.0,0.0,0.0,-0.011,2026-05-06 16:03:39.675
2020,161724,3,0.0,0.0,0.0,-0.012,2026-05-06 16:03:39.675
2021,161829,1,0.0,0.0,0.01,-0.014,2026-05-06 16:03:39.675
2022,161887,2,0.0,0.0,0.0,-0.017,2026-05-06 16:03:39.675
2023,161945,3,0.0,0.0,-0.0,-0.015,2026-05-06 16:03:39.675
2024,162050,1,0.0,0.0,0.01,-0.014,2026-05-06 16:03:39.675
2025,162108,2,0.0,0.0,0.0,-0.016,2026-05-06 16:03:39.675
2026,162166,3,0.0,0.0,-0.0,-0.013,2026-05-06 16:03:39.675
2027,162316,1,0.0,0.0,0.01,-0.014,2026-05-06 16:03:39.675
2028,162374,2,0.0,0.0,0.0,-0.015,2026-05-06 16:03:39.675
2029,162432,3,0.0,0.0,-0.0,-0.013,2026-05-06 16:03:39.675
2030,162537,1,0.0,0.0,0.01,-0.013,2026-05-06 16:03:39.675
2031,162595,2,0.0,0.0,0.0,-0.015,2026-05-06 16:03:39.675
2032,162653,3,0.0,0.0,-0.0,-0.014,2026-05-06 16:03:39.675
2033,162774,1,0.0,0.0,0.01,-0.01,2026-05-06 16:03:39.675
2034,162832,2,0.0,0.0,0.0,-0.011,2026-05-06 16:03:39.675
2035,162890,3,0.0,0.0,0.01,-0.011,2026-05-06 16:03:40.381
2036,162994,1,0.0,0.0,0.01,-0.009,2026-05-06 16:03:40.381
2037,163052,2,0.0,0.0,0.0,-0.01,2026-05-06 16:03:40.381
2038,163110,3,0.0,0.0,-0.01,-0.01,2026-05-06 16:03:40.381
2039,163216,1,0.0,0.0,0.0,-0.008,2026-05-06 16:03:40.381
2040,163274,2,0.0,0.0,0.0,-0.01,2026-05-06 16:03:40.381
2041,163332,3,0.0,0.0,0.01,-0.009,2026-05-06 16:03:40.381
2042,163436,1,0.0,0.0,0.0,-0.008,2026-05-06 16:03:40.381
2043,163494,2,0.0,0.0,0.0,-0.009,2026-05-06 16:03:40.381
2044,163552,3,0.0,0.0,0.01,-0.009,2026-05-06 16:03:40.381
2045,163672,1,0.0,0.0,0.0,-0.006,2026-05-06 16:03:40.381
2046,163730,2,0.0,0.0,0.0,-0.007,2026-05-06 16:03:40.381
2047,163788,3,0.0,0.0,-0.0,-0.007,2026-05-06 16:03:40.381
2048,163893,1,0.0,0.0,0.0,-0.005,2026-05-06 16:03:40.381
2049,163951,2,0.0,0.0,0.0,-0.007,2026-05-06 16:03:40.381
2050,164009,3,0.0,0.0,0.0,-0.007,2026-05-06 16:03:40.381
2051,164129,1,0.0,0.0,0.0,-0.005,2026-05-06 16:03:40.381
2052,164187,2,0.0,0.0,0.0,-0.005,2026-05-06 16:03:40.381
2053,164245,3,0.0,0.0,0.0,-0.005,2026-05-06 16:03:40.381
2054,164349,1,0.0,0.0,0.0,-0.005,2026-05-06 16:03:40.381
2055,164407,2,0.0,0.0,0.0,-0.005,2026-05-06 16:03:40.381
2056,164465,3,0.0,0.0,0.0,-0.005,2026-05-06 16:03:40.381
2057,164569,1,0.0,0.0,0.0,-0.005,2026-05-06 16:03:40.381
2058,164628,1,0.0,0.0,0.0,-0.004,2026-05-06 16:03:40.381
2059,164686,2,0.0,0.0,0.0,-0.004,2026-05-06 16:03:40.381
2060,164744,3,0.0,0.0,-0.0,-0.004,2026-05-06 16:03:40.381
2061,164849,1,0.0,0.0,0.0,-0.004,2026-05-06 16:03:40.381
2062,164907,2,0.0,0.0,0.0,-0.005,2026-05-06 16:03:40.381
2063,164965,3,0.0,0.0,0.01,-0.005,2026-05-06 16:03:40.381
2064,165134,1,0.0,0.0,0.0,-0.003,2026-05-06 16:03:40.381
2065,165192,2,0.0,0.0,0.0,-0.004,2026-05-06 16:03:40.381
2066,165250,3,0.0,0.0,0.0,-0.003,2026-05-06 16:03:40.381
2067,165354,1,0.0,0.0,0.0,-0.003,2026-05-06 16:03:40.381
2068,165412,2,0.0,0.0,0.0,-0.003,2026-05-06 16:03:40.381
2069,165470,3,0.0,0.0,0.01,-0.003,2026-05-06 16:03:40.381
2070,165619,1,0.0,0.0,0.0,-0.002,2026-05-06 16:03:40.381
2071,165677,2,0.0,0.0,-0.0,-0.002,2026-05-06 16:03:40.381
2072,165736,3,0.0,0.0,0.0,-0.002,2026-05-06 16:03:40.381
2073,165840,1,0.0,0.0,0.0,-0.002,2026-05-06 16:03:40.381
2074,165898,2,0.0,0.0,0.0,-0.001,2026-05-06 16:03:40.381
2075,165956,3,0.0,0.0,0.0,-0.001,2026-05-06 16:03:40.381
2076,166105,1,0.0,0.0,0.0,-0.001,2026-05-06 16:03:40.381
2077,166163,2,0.0,0.0,0.0,-0.001,2026-05-06 16:03:40.381
2078,166221,3,0.0,0.0,-0.01,-0.001,2026-05-06 16:03:40.381
2079,166326,1,0.0,0.0,0.0,-0.001,2026-05-06 16:03:40.381
2080,166384,2,0.0,0.0,0.0,-0.001,2026-05-06 16:03:40.381
2081,166442,3,0.0,0.0,-0.0,-0.001,2026-05-06 16:03:40.381
2082,166592,1,0.0,0.0,0.0,-0.001,2026-05-06 16:03:40.381
2083,166650,2,0.0,0.0,0.0,-0.001,2026-05-06 16:03:40.381
2084,166708,3,0.0,0.0,0.0,-0.001,2026-05-06 16:03:40.381
2085,166935,1,0.0,0.0,-0.0,-0.001,2026-05-06 16:03:40.381
2086,167055,1,0.0,0.0,0.0,-0.001,2026-05-06 16:03:40.381
2087,167113,2,0.0,0.0,0.0,-0.001,2026-05-06 16:03:40.381
2088,167171,3,0.0,0.0,0.0,-0.001,2026-05-06 16:03:40.381
2089,167275,1,0.0,0.0,0.0,-0.001,2026-05-06 16:03:40.381
2090,167333,2,0.0,0.0,-0.0,-0.0,2026-05-06 16:03:40.381
2091,167392,3,0.0,0.0,0.01,-0.001,2026-05-06 16:03:40.381
2092,167494,1,0.0,0.0,0.0,-0.001,2026-05-06 16:03:40.381
2093,167552,2,0.0,0.0,0.0,-0.001,2026-05-06 16:03:40.381
2094,167610,3,0.0,0.0,0.01,-0.001,2026-05-06 16:03:40.381
2095,167714,1,0.0,0.0,0.0,-0.001,2026-05-06 16:03:40.381
2096,167772,2,0.0,0.0,0.0,-0.001,2026-05-06 16:03:40.381
2097,167830,3,0.0,0.0,0.0,-0.001,2026-05-06 16:03:40.381
2098,167950,1,0.0,0.0,0.0,-0.001,2026-05-06 16:03:40.381
2099,168008,2,0.0,0.0,0.0,-0.001,2026-05-06 16:03:40.381
2100,168066,3,0.0,0.0,0.0,-0.0,2026-05-06 16:03:40.381
2101,168170,1,0.0,0.0,0.0,-0.0,2026-05-06 16:03:40.381
2102,168228,2,0.0,0.0,0.0,-0.001,2026-05-06 16:03:40.381
2103,168286,3,0.0,0.0,-0.0,-0.0,2026-05-06 16:03:40.381
2104,168454,1,0.0,0.0,0.0,0.0,2026-05-06 16:03:40.381
2105,168511,2,0.0,0.0,0.0,-0.0,2026-05-06 16:03:40.381
2106,168569,3,0.0,0.0,-0.0,-0.0,2026-05-06 16:03:40.381
2107,168674,1,0.0,0.0,0.0,-0.0,2026-05-06 16:03:40.381
2108,168732,2,0.0,0.0,0.0,-0.0,2026-05-06 16:03:40.381
2109,168790,3,0.0,0.0,0.0,-0.0,2026-05-06 16:03:40.381
2110,168949,1,0.0,0.0,-0.0,-0.0,2026-05-06 16:03:40.381
2111,169008,2,0.0,0.0,0.0,0.0,2026-05-06 16:03:40.381
2112,169065,3,0.0,0.0,0.0,-0.0,2026-05-06 16:03:40.381
2113,169169,1,0.0,0.0,0.0,-0.0,2026-05-06 16:03:40.381
2114,169227,2,0.0,0.0,0.0,-0.0,2026-05-06 16:03:40.381
2115,169285,3,0.0,0.0,0.0,-0.0,2026-05-06 16:03:40.381
2116,169388,1,0.0,0.0,0.0,-0.0,2026-05-06 16:03:40.381
2117,169446,2,0.0,0.0,-0.0,-0.0,2026-05-06 16:03:40.381
2118,169505,3,0.0,0.0,0.0,-0.0,2026-05-06 16:03:40.381
2119,169609,1,0.0,0.0,0.0,-0.0,2026-05-06 16:03:40.381
2120,169667,2,0.0,0.0,0.0,-0.0,2026-05-06 16:03:40.381
2121,169725,3,0.0,0.0,-0.0,-0.0,2026-05-06 16:03:40.381
2122,169848,3,0.0,0.0,0.0,-0.001,2026-05-06 16:03:40.381
2123,169952,1,0.0,0.0,-0.0,-0.0,2026-05-06 16:03:40.381
2124,170011,2,0.0,0.0,0.0,-0.001,2026-05-06 16:03:40.381
2125,170069,3,0.0,0.0,-0.0,-0.0,2026-05-06 16:03:40.381
2126,170174,1,0.0,0.0,0.0,-0.0,2026-05-06 16:03:40.381
2127,170232,2,0.0,0.0,0.0,-0.0,2026-05-06 16:03:40.381
2128,170346,1,0.0,0.0,0.0,-0.0,2026-05-06 16:03:40.381
2129,170404,2,0.0,0.0,-0.0,-0.0,2026-05-06 16:03:40.381
2130,170463,3,0.0,0.0,0.01,-0.0,2026-05-06 16:03:40.381
2131,170567,1,0.0,0.0,0.0,-0.0,2026-05-06 16:03:40.381
2132,170625,2,0.0,0.0,0.0,-0.0,2026-05-06 16:03:40.381
2133,170683,3,0.0,0.0,0.01,-0.0,2026-05-06 16:03:40.381
2134,170842,1,0.0,0.0,-0.0,-0.0,2026-05-06 16:03:40.381
2135,170901,2,0.0,0.0,0.0,0.0,2026-05-06 16:03:40.381
2136,170958,3,0.0,0.0,0.0,0.0,2026-05-06 16:03:41.104
2137,171061,1,0.0,0.0,0.0,0.0,2026-05-06 16:03:41.104
2138,171118,2,0.0,0.0,0.0,0.0,2026-05-06 16:03:41.104
2139,171175,3,0.0,0.0,-0.01,0.0,2026-05-06 16:03:41.104
2140,171280,1,0.0,0.0,0.0,0.0,2026-05-06 16:03:41.104
2141,171337,2,0.0,0.0,0.0,-0.0,2026-05-06 16:03:41.104
2142,171395,3,0.0,0.0,0.0,-0.0,2026-05-06 16:03:41.104
2143,171499,1,0.0,0.0,0.0,0.0,2026-05-06 16:03:41.104
2144,171556,2,0.0,0.0,0.0,0.0,2026-05-06 16:03:41.104
2145,171613,3,0.0,0.0,0.0,0.0,2026-05-06 16:03:41.104
2146,171783,1,0.0,0.0,0.0,-0.0,2026-05-06 16:03:41.104
2147,171841,2,0.0,0.0,-0.0,0.0,2026-05-06 16:03:41.104
2148,171899,3,0.0,0.0,0.0,-0.0,2026-05-06 16:03:41.104
2149,172047,1,0.0,0.0,0.0,-0.0,2026-05-06 16:03:41.104
2150,172105,2,0.0,0.0,0.0,-0.0,2026-05-06 16:03:41.104
2151,172163,3,0.0,0.0,-0.0,-0.0,2026-05-06 16:03:41.104
2152,172269,1,0.0,0.0,0.0,0.0,2026-05-06 16:03:41.104
2153,172326,2,0.0,0.0,0.0,-0.0,2026-05-06 16:03:41.104
2154,172384,3,0.0,0.0,0.0,-0.0,2026-05-06 16:03:41.104
2155,172488,1,0.0,0.0,0.0,-0.0,2026-05-06 16:03:41.104
2156,172546,2,0.0,0.0,0.0,-0.0,2026-05-06 16:03:41.104
2157,172604,3,0.0,0.0,0.0,-0.0,2026-05-06 16:03:41.104
2158,172707,1,0.0,0.0,0.0,-0.0,2026-05-06 16:03:41.104
2159,172765,2,0.0,0.0,0.0,-0.0,2026-05-06 16:03:41.104
2160,172823,3,0.0,0.0,-0.0,-0.0,2026-05-06 16:03:41.104
2161,172928,1,0.0,0.0,0.0,-0.0,2026-05-06 16:03:41.104
2162,172986,2,0.0,0.0,0.0,-0.0,2026-05-06 16:03:41.104
2163,173044,3,0.0,0.0,0.0,-0.0,2026-05-06 16:03:41.104
2164,173164,1,0.0,0.0,0.0,-0.0,2026-05-06 16:03:41.104
2165,173222,2,0.0,0.0,0.0,0.0,2026-05-06 16:03:41.104
2166,173279,3,0.0,0.0,0.0,0.0,2026-05-06 16:03:41.104
2167,173382,1,0.0,0.0,0.0,-0.0,2026-05-06 16:03:41.104
2168,173440,2,0.0,0.0,-0.0,0.0,2026-05-06 16:03:41.104
2169,173498,3,0.0,0.0,0.0,0.0,2026-05-06 16:03:41.104
2170,173601,1,0.0,0.0,-0.0,-0.0,2026-05-06 16:03:41.104
2171,173659,1,0.0,0.0,0.0,-0.0,2026-05-06 16:03:41.104
2172,173717,2,0.0,0.0,0.0,0.0,2026-05-06 16:03:41.104
2173,173774,3,0.0,0.0,0.0,0.0,2026-05-06 16:03:41.104
2174,173877,1,0.0,0.0,0.0,-0.0,2026-05-06 16:03:41.104
2175,173935,2,0.0,0.0,0.0,0.0,2026-05-06 16:03:41.104
2176,173992,3,0.0,0.0,0.0,0.0,2026-05-06 16:03:41.104
2177,174155,1,0.0,0.0,0.0,0.0,2026-05-06 16:03:41.104
2178,174212,2,0.0,0.0,0.0,0.0,2026-05-06 16:03:41.104
2179,174269,3,0.0,0.0,0.0,0.0,2026-05-06 16:03:41.104
2180,174372,1,0.0,0.0,0.0,0.0,2026-05-06 16:03:41.104
2181,174429,2,0.0,0.0,0.0,-0.0,2026-05-06 16:03:41.104
2182,174487,3,0.0,0.0,-0.0,-0.0,2026-05-06 16:03:41.104
2183,174646,1,0.0,0.0,0.0,-0.0,2026-05-06 16:03:41.104
2184,174704,2,0.0,0.0,0.0,-0.0,2026-05-06 16:03:41.104
2185,174762,3,0.0,0.0,0.01,-0.0,2026-05-06 16:03:41.104
2186,174866,1,0.0,0.0,0.0,-0.0,2026-05-06 16:03:41.104
2187,174924,2,0.0,0.0,0.0,-0.0,2026-05-06 16:03:41.104
2188,174982,3,0.0,0.0,0.0,-0.0,2026-05-06 16:03:41.104
2189,175131,1,0.0,0.0,0.0,-0.0,2026-05-06 16:03:41.104
2190,175189,2,0.0,0.0,0.0,-0.0,2026-05-06 16:03:41.104
2191,175247,3,0.0,0.0,0.01,-0.0,2026-05-06 16:03:41.104
2192,175351,1,0.0,0.0,0.0,-0.0,2026-05-06 16:03:41.104
2193,175409,2,0.0,0.0,0.0,-0.0,2026-05-06 16:03:41.104
2194,175467,3,0.0,0.0,0.0,0.0,2026-05-06 16:03:41.104
2195,175570,1,0.0,0.0,0.0,-0.0,2026-05-06 16:03:41.104
2196,175628,2,0.0,0.0,0.0,-0.0,2026-05-06 16:03:41.104
2197,175686,3,0.0,0.0,-0.0,-0.0,2026-05-06 16:03:41.104
2198,175791,1,0.0,0.0,0.0,0.0,2026-05-06 16:03:41.104
2199,175848,2,0.0,0.0,0.0,0.0,2026-05-06 16:03:41.104
2200,175905,3,0.0,0.0,0.0,-0.0,2026-05-06 16:03:41.104
2201,176072,1,0.0,0.0,0.0,0.0,2026-05-06 16:03:41.104
2202,176129,2,0.0,0.0,0.0,0.0,2026-05-06 16:03:41.104
2203,176186,3,0.0,0.0,-0.0,0.0,2026-05-06 16:03:41.104
2204,176290,1,0.0,0.0,0.0,0.0,2026-05-06 16:03:41.104
2205,176347,2,0.0,0.0,0.0,0.0,2026-05-06 16:03:41.104
2206,176404,3,0.0,0.0,0.0,0.0,2026-05-06 16:03:41.104
2207,176560,1,0.0,0.0,0.0,0.0,2026-05-06 16:03:41.104
2208,176617,2,0.0,0.0,0.0,0.0,2026-05-06 16:03:41.104
2209,176674,3,0.0,0.0,0.01,0.0,2026-05-06 16:03:41.104
2210,176777,1,0.0,0.0,0.0,0.0,2026-05-06 16:03:41.104
2211,176834,2,0.0,0.0,0.0,0.0,2026-05-06 16:03:41.104
2212,176891,3,0.0,0.0,0.0,0.0,2026-05-06 16:03:41.104
2213,177042,1,0.0,0.0,0.0,0.0,2026-05-06 16:03:41.104
2214,177099,2,0.0,0.0,0.0,0.0,2026-05-06 16:03:41.104
2215,177156,3,0.0,0.0,0.0,0.0,2026-05-06 16:03:41.104
2216,177259,1,0.0,0.0,0.0,0.0,2026-05-06 16:03:41.104
2217,177316,2,0.0,0.0,0.0,-0.0,2026-05-06 16:03:41.104
2218,177374,3,0.0,0.0,0.0,-0.0,2026-05-06 16:03:41.104
2219,177525,1,0.0,0.0,0.0,0.0,2026-05-06 16:03:41.104
2220,177582,2,0.0,0.0,0.0,-0.0,2026-05-06 16:03:41.104
2221,177640,3,0.0,0.0,0.0,-0.0,2026-05-06 16:03:41.104
2222,177744,1,0.0,0.0,0.0,0.0,2026-05-06 16:03:41.104
2223,177801,2,0.0,0.0,0.0,-0.0,2026-05-06 16:03:41.104
2224,177859,3,0.0,0.0,0.0,-0.0,2026-05-06 16:03:41.104
2225,178010,1,0.0,0.0,0.0,0.0,2026-05-06 16:03:41.104
2226,178067,2,0.0,0.0,0.0,-0.0,2026-05-06 16:03:41.104
2227,178125,3,0.0,0.0,0.01,0.0,2026-05-06 16:03:41.104
2228,178228,1,0.0,0.0,0.0,0.0,2026-05-06 16:03:41.104
2229,178285,2,0.0,0.0,-0.0,0.0,2026-05-06 16:03:41.104
2230,178343,3,0.0,0.0,0.0,-0.0,2026-05-06 16:03:41.104
2231,178448,1,0.0,0.0,0.0,0.0,2026-05-06 16:03:41.104
2232,178505,2,0.0,0.0,0.0,0.0,2026-05-06 16:03:41.104
2233,178562,3,0.0,0.0,0.01,0.0,2026-05-06 16:03:41.104
2234,178665,1,0.0,0.0,-0.0,-0.0,2026-05-06 16:03:41.104
2235,178724,2,0.0,0.0,0.0,-0.0,2026-05-06 16:03:41.104
2236,178782,3,0.0,0.0,0.0,-0.0,2026-05-06 16:03:41.104
2237,178902,1,0.0,0.0,0.0,0.0,2026-05-06 16:03:41.104
2238,178959,2,0.0,0.0,0.0,0.0,2026-05-06 16:03:41.104
2239,179016,3,0.0,0.0,-0.0,0.0,2026-05-06 16:03:41.815
2240,179120,1,0.0,0.0,0.0,0.0,2026-05-06 16:03:41.815
2241,179177,2,0.0,0.0,0.0,0.0,2026-05-06 16:03:41.815
2242,179234,3,0.0,0.0,0.0,0.0,2026-05-06 16:03:41.815
2243,179337,1,0.0,0.0,0.0,0.0,2026-05-06 16:03:41.815
2244,179394,2,0.0,0.0,0.0,0.0,2026-05-06 16:03:41.815
2245,179451,3,0.0,0.0,0.0,0.0,2026-05-06 16:03:41.815
2246,179554,1,0.0,0.0,0.0,-0.0,2026-05-06 16:03:41.815
2247,179612,2,0.0,0.0,0.0,0.0,2026-05-06 16:03:41.815
2248,179669,3,0.0,0.0,0.0,0.0,2026-05-06 16:03:41.815
2249,179772,1,0.0,0.0,0.0,0.0,2026-05-06 16:03:41.815
2250,179887,1,0.0,0.0,0.0,0.0,2026-05-06 16:03:41.815
2251,179944,2,0.0,0.0,-0.0,0.0,2026-05-06 16:03:41.815
2252,180002,3,0.0,0.0,-0.0,0.0,2026-05-06 16:03:41.815
2253,180106,1,0.0,0.0,0.0,0.0,2026-05-06 16:03:41.815
2254,180163,2,0.0,0.0,0.0,0.0,2026-05-06 16:03:41.815
2255,180220,3,0.0,0.0,-0.0,-0.0,2026-05-06 16:03:41.815
2256,180382,1,0.0,0.0,0.0,0.0,2026-05-06 16:03:41.815
2257,180439,2,0.0,0.0,0.0,-0.0,2026-05-06 16:03:41.815
2258,180497,3,0.0,0.0,0.0,0.0,2026-05-06 16:03:41.815
2259,180600,1,0.0,0.0,0.0,-0.0,2026-05-06 16:03:41.815
2260,180658,2,0.0,0.0,0.0,-0.0,2026-05-06 16:03:41.815
2261,180716,3,0.0,0.0,0.0,0.0,2026-05-06 16:03:41.815
2262,180820,1,0.0,0.0,0.0,-0.0,2026-05-06 16:03:41.815
2263,180878,2,0.0,0.0,0.0,0.0,2026-05-06 16:03:41.815
2264,180935,3,0.0,0.0,-0.0,0.0,2026-05-06 16:03:41.815
2265,181039,1,0.0,0.0,0.0,0.0,2026-05-06 16:03:41.815
2266,181096,2,0.0,0.0,0.0,0.0,2026-05-06 16:03:41.815
2267,181153,3,0.0,0.0,0.0,0.0,2026-05-06 16:03:41.815
2268,181323,1,0.0,0.0,0.0,0.0,2026-05-06 16:03:41.815
2269,181380,2,0.0,0.0,0.0,0.0,2026-05-06 16:03:41.815
2270,181437,3,0.0,0.0,0.0,0.0,2026-05-06 16:03:41.815
2271,181540,1,0.0,0.0,0.0,0.0,2026-05-06 16:03:41.815
2272,181597,2,0.0,0.0,0.0,0.0,2026-05-06 16:03:41.815
2273,181654,3,0.0,0.0,0.0,0.0,2026-05-06 16:03:41.815
2274,181805,1,0.0,0.0,0.0,0.0,2026-05-06 16:03:41.815
2275,181862,2,0.0,0.0,0.0,0.0,2026-05-06 16:03:41.815
2276,181919,3,0.0,0.0,0.0,0.0,2026-05-06 16:03:41.815
2277,182022,1,0.0,0.0,0.0,0.0,2026-05-06 16:03:41.815
2278,182079,2,0.0,0.0,0.0,0.0,2026-05-06 16:03:41.815
2279,182136,3,0.0,0.0,-0.0,0.0,2026-05-06 16:03:41.815
2280,182241,1,0.0,0.0,0.0,0.0,2026-05-06 16:03:41.815
2281,182298,2,0.0,0.0,0.0,0.0,2026-05-06 16:03:41.815
2282,182355,3,0.0,0.0,-0.0,0.0,2026-05-06 16:03:41.815
2283,182459,1,0.0,0.0,0.0,0.0,2026-05-06 16:03:41.815
2284,182516,2,0.0,0.0,0.0,0.0,2026-05-06 16:03:41.815
2285,182573,3,0.0,0.0,-0.01,0.0,2026-05-06 16:03:41.815
2286,182697,1,0.0,0.0,0.0,0.0,2026-05-06 16:03:41.815
2287,182754,2,0.0,0.0,0.0,0.0,2026-05-06 16:03:41.815
2288,182811,3,0.0,0.0,0.0,-0.0,2026-05-06 16:03:41.815
2289,182915,1,0.0,0.0,0.0,0.0,2026-05-06 16:03:41.815
2290,182972,2,0.0,0.0,0.0,-0.0,2026-05-06 16:03:41.815
2291,183030,3,0.0,0.0,0.0,-0.0,2026-05-06 16:03:41.815
2292,183134,1,0.0,0.0,0.0,0.0,2026-05-06 16:03:41.815
2293,183190,1,0.0,0.0,0.0,0.0,2026-05-06 16:03:41.815
2294,183247,2,0.0,0.0,0.0,0.0,2026-05-06 16:03:41.815
2295,183304,3,0.0,0.0,-0.0,0.0,2026-05-06 16:03:41.815
2296,183408,1,0.0,0.0,0.0,0.0,2026-05-06 16:03:41.815
2297,183465,2,0.0,0.0,0.0,0.0,2026-05-06 16:03:41.815
2298,183522,3,0.0,0.0,0.0,0.0,2026-05-06 16:03:41.815
2299,183688,1,0.0,0.0,0.0,0.0,2026-05-06 16:03:41.815
2300,183745,2,0.0,0.0,0.0,0.0,2026-05-06 16:03:41.815
2301,183802,3,0.0,0.0,-0.0,0.0,2026-05-06 16:03:41.815
2302,183906,1,0.0,0.0,0.0,0.0,2026-05-06 16:03:41.815
2303,183963,2,0.0,0.0,0.0,0.0,2026-05-06 16:03:41.815
2304,184020,3,0.0,0.0,-0.0,0.0,2026-05-06 16:03:41.815
2305,184179,1,0.0,0.0,0.0,0.0,2026-05-06 16:03:41.815
2306,184236,2,0.0,0.0,0.0,0.0,2026-05-06 16:03:41.815
2307,184293,3,0.0,0.0,-0.0,0.0,2026-05-06 16:03:41.815
2308,184397,1,0.0,0.0,0.0,0.0,2026-05-06 16:03:41.815
2309,184454,2,0.0,0.0,0.0,0.0,2026-05-06 16:03:41.815
2310,184511,3,0.0,0.0,0.0,0.0,2026-05-06 16:03:41.815
2311,184615,1,0.0,0.0,-0.0,0.0,2026-05-06 16:03:41.815
2312,184673,2,0.0,0.0,0.0,0.0,2026-05-06 16:03:41.815
2313,184730,3,0.0,0.0,-0.0,0.0,2026-05-06 16:03:41.815
2314,184834,1,0.0,0.0,0.0,0.0,2026-05-06 16:03:41.815
2315,184891,2,0.0,0.0,0.0,0.0,2026-05-06 16:03:41.815
2316,184948,3,0.0,0.0,-0.0,0.0,2026-05-06 16:03:41.815
2317,185068,1,0.0,0.0,0.0,0.0,2026-05-06 16:03:41.815
2318,185125,2,0.0,0.0,0.0,-0.0,2026-05-06 16:03:41.815
2319,185183,3,0.0,0.0,0.0,0.0,2026-05-06 16:03:41.815
2320,185286,1,0.0,0.0,0.0,0.0,2026-05-06 16:03:41.815
2321,185343,2,0.0,0.0,0.0,-0.0,2026-05-06 16:03:41.815
2322,185401,3,0.0,0.0,0.0,0.0,2026-05-06 16:03:41.815
2323,185504,1,0.0,0.0,0.0,0.0,2026-05-06 16:03:41.815
2324,185608,1,0.0,0.0,0.0,0.0,2026-05-06 16:03:41.815
2325,185665,2,0.0,0.0,0.0,0.0,2026-05-06 16:03:41.815
2326,185722,3,0.0,0.0,0.0,-0.0,2026-05-06 16:03:41.815
2327,185826,1,0.0,0.0,0.0,0.0,2026-05-06 16:03:41.815
2328,185883,2,0.0,0.0,0.0,0.0,2026-05-06 16:03:41.815
2329,185940,3,0.0,0.0,0.0,0.0,2026-05-06 16:03:41.815
2330,186091,1,0.0,0.0,0.0,0.0,2026-05-06 16:03:41.815
2331,186148,2,0.0,0.0,0.0,0.0,2026-05-06 16:03:41.815
2332,186205,3,0.0,0.0,-0.0,0.0,2026-05-06 16:03:41.815
2333,186309,1,0.0,0.0,0.0,0.0,2026-05-06 16:03:41.815
2334,186366,2,0.0,0.0,0.0,0.0,2026-05-06 16:03:41.815
2335,186423,3,0.0,0.0,0.0,0.0,2026-05-06 16:03:41.815
2336,186527,1,0.0,0.0,0.0,0.0,2026-05-06 16:03:41.815
2337,186584,2,0.0,0.0,0.0,0.0,2026-05-06 16:03:41.815
2338,186641,3,0.0,0.0,-0.0,0.0,2026-05-06 16:03:41.815
2339,186745,1,0.0,0.0,0.0,0.0,2026-05-06 16:03:41.815
2340,186802,2,0.0,0.0,0.0,0.0,2026-05-06 16:03:41.815
2341,186859,3,0.0,0.0,-0.0,0.0,2026-05-06 16:03:41.815
2342,186983,3,0.0,0.0,-0.0,0.0,2026-05-06 16:03:41.815
2343,187087,1,0.0,0.0,0.0,0.0,2026-05-06 16:03:42.542
2344,187144,2,0.0,0.0,0.0,0.0,2026-05-06 16:03:42.542
2345,187201,3,0.0,0.0,0.01,0.0,2026-05-06 16:03:42.542
2346,187304,1,0.0,0.0,0.0,0.0,2026-05-06 16:03:42.542
2347,187361,2,0.0,0.0,0.0,0.0,2026-05-06 16:03:42.542
2348,187513,1,0.0,0.0,0.0,0.0,2026-05-06 16:03:42.542
2349,187570,2,0.0,0.0,0.0,0.0,2026-05-06 16:03:42.542
2350,187627,3,0.0,0.0,0.0,0.0,2026-05-06 16:03:42.542
2351,187730,1,0.0,0.0,0.0,0.0,2026-05-06 16:03:42.542
2352,187787,2,0.0,0.0,0.0,0.0,2026-05-06 16:03:42.542
2353,187844,3,0.0,0.0,0.0,0.0,2026-05-06 16:03:42.542
2354,187995,1,0.0,0.0,0.0,0.0,2026-05-06 16:03:42.542
2355,188052,2,0.0,0.0,0.0,0.0,2026-05-06 16:03:42.542
2356,188109,3,0.0,0.0,0.0,0.0,2026-05-06 16:03:42.542
2357,188212,1,0.0,0.0,0.0,-0.0,2026-05-06 16:03:42.542
2358,188270,2,0.0,0.0,0.0,0.0,2026-05-06 16:03:42.542
2359,188327,3,0.0,0.0,0.0,0.0,2026-05-06 16:03:42.542
2360,188431,1,0.0,0.0,0.0,-0.0,2026-05-06 16:03:42.542
2361,188489,2,0.0,0.0,0.0,-0.0,2026-05-06 16:03:42.542
2362,188547,3,0.0,0.0,0.0,0.0,2026-05-06 16:03:42.542
2363,188650,1,0.0,0.0,0.0,0.0,2026-05-06 16:03:42.542
2364,188707,2,0.0,0.0,0.0,0.0,2026-05-06 16:03:42.542
2365,188764,3,0.0,0.0,0.0,0.0,2026-05-06 16:03:42.542
2366,188934,1,0.0,0.0,0.0,0.0,2026-05-06 16:03:42.542
2367,188991,2,0.0,0.0,0.0,0.0,2026-05-06 16:03:42.542
2368,189048,3,0.0,0.0,0.0,0.0,2026-05-06 16:03:42.542
2369,189151,1,0.0,0.0,0.0,0.0,2026-05-06 16:03:42.542
2370,189208,2,0.0,0.0,0.0,0.0,2026-05-06 16:03:42.542
2371,189265,3,0.0,0.0,-0.0,0.0,2026-05-06 16:03:42.542
2372,189416,1,0.0,0.0,0.0,0.0,2026-05-06 16:03:42.542
2373,189473,2,0.0,0.0,0.0,0.0,2026-05-06 16:03:42.542
2374,189530,3,0.0,0.0,-0.0,0.0,2026-05-06 16:03:42.542
2375,189634,1,0.0,0.0,0.0,0.0,2026-05-06 16:03:42.542
2376,189691,2,0.0,0.0,0.0,0.0,2026-05-06 16:03:42.542
2377,189748,3,0.0,0.0,-0.0,0.0,2026-05-06 16:03:42.542
2378,189899,1,0.0,0.0,0.0,0.0,2026-05-06 16:03:42.542
2379,189956,2,0.0,0.0,0.0,0.0,2026-05-06 16:03:42.542
2380,190013,3,0.0,0.0,0.01,-0.0,2026-05-06 16:03:42.542
2381,190117,1,0.0,0.0,0.0,-0.0,2026-05-06 16:03:42.542
2382,190175,2,0.0,0.0,0.0,0.0,2026-05-06 16:03:42.542
2383,190232,3,0.0,0.0,0.0,0.0,2026-05-06 16:03:42.542
2384,190336,1,0.0,0.0,-0.0,0.0,2026-05-06 16:03:42.542
2385,190394,2,0.0,0.0,-0.0,0.0,2026-05-06 16:03:42.542
2386,190452,3,0.0,0.0,0.01,0.0,2026-05-06 16:03:42.542
2387,190555,1,0.0,0.0,-0.0,0.0,2026-05-06 16:03:42.542
2388,190613,2,0.0,0.0,0.0,0.0,2026-05-06 16:03:42.542
2389,190670,3,0.0,0.0,0.0,-0.0,2026-05-06 16:03:42.542
2390,190790,1,0.0,0.0,0.0,0.0,2026-05-06 16:03:42.542
2391,190847,2,0.0,0.0,0.0,-0.0,2026-05-06 16:03:42.542
2392,190905,3,0.0,0.0,-0.0,0.0,2026-05-06 16:03:42.542
2393,191009,1,0.0,0.0,0.0,0.0,2026-05-06 16:03:42.542
2394,191066,2,0.0,0.0,0.0,0.0,2026-05-06 16:03:42.542
2395,191123,3,0.0,0.0,0.01,-0.0,2026-05-06 16:03:42.542
2396,191230,1,0.0,0.0,0.0,0.0,2026-05-06 16:03:42.542
2397,191334,1,0.0,0.0,0.0,0.0,2026-05-06 16:03:42.542
2398,191391,2,0.0,0.0,0.0,-0.0,2026-05-06 16:03:42.542
2399,191449,3,0.0,0.0,0.0,0.0,2026-05-06 16:03:42.542
2400,191552,1,0.0,0.0,0.0,0.0,2026-05-06 16:03:42.542
2401,191609,2,0.0,0.0,0.0,0.0,2026-05-06 16:03:42.542
2402,191666,3,0.0,0.0,-0.01,0.0,2026-05-06 16:03:42.542
2403,191817,1,0.0,0.0,0.0,0.0,2026-05-06 16:03:42.542
2404,191874,2,0.0,0.0,0.0,0.0,2026-05-06 16:03:42.542
2405,191931,3,0.0,0.0,0.0,0.0,2026-05-06 16:03:42.542
2406,192034,1,0.0,0.0,0.0,0.0,2026-05-06 16:03:42.542
2407,192091,2,0.0,0.0,0.0,0.0,2026-05-06 16:03:42.542
2408,192148,3,0.0,0.0,-0.0,0.0,2026-05-06 16:03:42.542
2409,192253,1,0.0,0.0,0.0,0.0,2026-05-06 16:03:42.542
2410,192310,2,0.0,0.0,0.0,0.0,2026-05-06 16:03:42.542
2411,192367,3,0.0,0.0,-0.0,-0.0,2026-05-06 16:03:42.542
2412,192472,1,0.0,0.0,0.0,0.0,2026-05-06 16:03:42.542
2413,192529,2,0.0,0.0,0.0,-0.0,2026-05-06 16:03:42.542
2414,192587,3,0.0,0.0,0.0,0.0,2026-05-06 16:03:42.542
2415,192706,1,0.0,0.0,0.0,0.0,2026-05-06 16:03:42.542
2416,192763,2,0.0,0.0,0.0,0.0,2026-05-06 16:03:42.542
2417,192820,3,0.0,0.0,-0.0,-0.0,2026-05-06 16:03:42.542
2418,192925,1,0.0,0.0,0.0,0.0,2026-05-06 16:03:42.542
2419,192982,2,0.0,0.0,0.0,0.0,2026-05-06 16:03:42.542
2420,193039,3,0.0,0.0,-0.0,0.0,2026-05-06 16:03:42.542
2421,193143,1,0.0,0.0,0.0,-0.0,2026-05-06 16:03:42.542
2422,193248,1,0.0,0.0,-0.0,0.0,2026-05-06 16:03:42.542
2423,193306,2,0.0,0.0,0.0,0.0,2026-05-06 16:03:42.542
2424,193363,3,0.0,0.0,-0.0,-0.0,2026-05-06 16:03:42.542
2425,193468,1,0.0,0.0,0.0,0.0,2026-05-06 16:03:42.542
2426,193525,2,0.0,0.0,0.0,-0.0,2026-05-06 16:03:42.542
2427,193583,3,0.0,0.0,0.0,0.0,2026-05-06 16:03:42.542
2428,193732,1,0.0,0.0,0.0,0.0,2026-05-06 16:03:42.542
2429,193789,2,0.0,0.0,-0.0,0.0,2026-05-06 16:03:42.542
2430,193847,3,0.0,0.0,-0.0,0.0,2026-05-06 16:03:42.542
2431,193951,1,0.0,0.0,0.0,0.0,2026-05-06 16:03:42.542
2432,194008,2,0.0,0.0,0.0,-0.0,2026-05-06 16:03:42.542
2433,194066,3,0.0,0.0,0.0,0.0,2026-05-06 16:03:42.542
2434,194170,1,0.0,0.0,0.0,0.0,2026-05-06 16:03:42.542
2435,194227,2,0.0,0.0,0.0,0.0,2026-05-06 16:03:42.542
2436,194284,3,0.0,0.0,-0.0,0.0,2026-05-06 16:03:42.542
2437,194388,1,0.0,0.0,0.0,0.0,2026-05-06 16:03:42.542
2438,194445,2,0.0,0.0,0.0,0.0,2026-05-06 16:03:42.542
2439,194502,3,0.0,0.0,0.0,0.0,2026-05-06 16:03:42.542
2440,194672,1,0.0,0.0,0.0,0.0,2026-05-06 16:03:42.542
2441,194729,2,0.0,0.0,0.0,0.0,2026-05-06 16:03:42.542
2442,194786,3,0.0,0.0,0.0,0.0,2026-05-06 16:03:42.542
2443,194889,1,0.0,0.0,0.0,0.0,2026-05-06 16:03:42.542
2444,194946,2,0.0,0.0,0.0,0.0,2026-05-06 16:03:42.542
2445,195003,3,0.0,0.0,0.01,0.0,2026-05-06 16:03:42.542
2446,195154,1,0.0,0.0,0.0,0.0,2026-05-06 16:03:43.269
2447,195211,2,0.0,0.0,0.0,0.0,2026-05-06 16:03:43.269
2448,195268,3,0.0,0.0,0.0,0.0,2026-05-06 16:03:43.269
2449,195371,1,0.0,0.0,0.0,0.0,2026-05-06 16:03:43.269
2450,195428,2,0.0,0.0,0.0,0.0,2026-05-06 16:03:43.269
2451,195485,3,0.0,0.0,-0.0,0.0,2026-05-06 16:03:43.269
2452,195636,1,0.0,0.0,0.0,0.0,2026-05-06 16:03:43.269
2453,195693,2,0.0,0.0,0.0,-0.0,2026-05-06 16:03:43.269
2454,195751,3,0.0,0.0,0.01,-0.0,2026-05-06 16:03:43.269
2455,195855,1,0.0,0.0,0.0,0.0,2026-05-06 16:03:43.269
2456,195912,2,0.0,0.0,-0.0,0.0,2026-05-06 16:03:43.269
2457,195970,3,0.0,0.0,-0.0,0.0,2026-05-06 16:03:43.269
2458,196075,1,0.0,0.0,0.0,0.0,2026-05-06 16:03:43.269
2459,196132,2,0.0,0.0,0.0,0.0,2026-05-06 16:03:43.269
2460,196189,3,0.0,0.0,0.0,0.0,2026-05-06 16:03:43.269
2461,196292,1,0.0,0.0,0.0,0.0,2026-05-06 16:03:43.269
2462,196349,2,0.0,0.0,0.0,0.0,2026-05-06 16:03:43.269
2463,196406,3,0.0,0.0,0.0,0.0,2026-05-06 16:03:43.269
2464,196525,1,0.0,0.0,0.0,0.0,2026-05-06 16:03:43.269
2465,196582,2,0.0,0.0,0.0,0.0,2026-05-06 16:03:43.269
2466,196639,3,0.0,0.0,-0.0,0.0,2026-05-06 16:03:43.269
2467,196743,1,0.0,0.0,-0.0,0.0,2026-05-06 16:03:43.269
2468,196801,2,0.0,0.0,-0.0,0.0,2026-05-06 16:03:43.269
2469,196859,3,0.0,0.0,0.0,-0.0,2026-05-06 16:03:43.269
2470,196963,1,0.0,0.0,0.0,0.0,2026-05-06 16:03:43.269
2471,197067,1,0.0,0.0,0.0,0.0,2026-05-06 16:03:43.269
2472,197124,2,0.0,0.0,0.0,0.0,2026-05-06 16:03:43.269
2473,197181,3,0.0,0.0,-0.0,-0.0,2026-05-06 16:03:43.269
2474,197286,1,0.0,0.0,0.0,0.0,2026-05-06 16:03:43.269
2475,197343,2,0.0,0.0,-0.0,0.0,2026-05-06 16:03:43.269
2476,197401,3,0.0,0.0,-0.01,0.0,2026-05-06 16:03:43.269
2477,197552,1,0.0,0.0,0.0,0.0,2026-05-06 16:03:43.269
2478,197609,2,0.0,0.0,0.0,0.0,2026-05-06 16:03:43.269
2479,197666,3,0.0,0.0,0.0,0.0,2026-05-06 16:03:43.269
2480,197769,1,0.0,0.0,0.0,0.0,2026-05-06 16:03:43.269
2481,197826,2,0.0,0.0,0.0,0.0,2026-05-06 16:03:43.269
2482,197883,3,0.0,0.0,0.0,0.0,2026-05-06 16:03:43.269
2483,197988,1,0.0,0.0,0.0,0.0,2026-05-06 16:03:43.269
2484,198045,2,0.0,0.0,0.0,0.0,2026-05-06 16:03:43.269
2485,198102,3,0.0,0.0,0.0,0.0,2026-05-06 16:03:43.269
2486,198205,1,0.0,0.0,0.0,0.0,2026-05-06 16:03:43.269
2487,198262,2,0.0,0.0,0.0,0.0,2026-05-06 16:03:43.269
2488,198319,3,0.0,0.0,-0.0,0.0,2026-05-06 16:03:43.269
2489,198439,1,0.0,0.0,0.0,0.0,2026-05-06 16:03:43.269
2490,198496,2,0.0,0.0,0.0,-0.0,2026-05-06 16:03:43.269
2491,198554,3,0.0,0.0,-0.0,0.0,2026-05-06 16:03:43.269
2492,198658,1,0.0,0.0,0.0,-0.0,2026-05-06 16:03:43.269
2493,198716,2,0.0,0.0,0.0,0.0,2026-05-06 16:03:43.269
2494,198773,3,0.0,0.0,0.0,0.0,2026-05-06 16:03:43.269
2495,198879,1,0.0,0.0,0.0,-0.0,2026-05-06 16:03:43.269
2496,198984,1,0.0,0.0,0.0,0.0,2026-05-06 16:03:43.269
2497,199041,2,0.0,0.0,0.0,0.0,2026-05-06 16:03:43.269
2498,199098,3,0.0,0.0,0.01,0.0,2026-05-06 16:03:43.269
2499,199201,1,0.0,0.0,0.0,0.0,2026-05-06 16:03:43.269
2500,199258,2,0.0,0.0,0.0,0.0,2026-05-06 16:03:43.269
2501,199315,3,0.0,0.0,0.0,-0.0,2026-05-06 16:03:43.269
2502,199420,1,0.0,0.0,0.0,0.0,2026-05-06 16:03:43.269
2503,199477,2,0.0,0.0,0.0,0.0,2026-05-06 16:03:43.269
2504,199534,3,0.0,0.0,0.0,0.0,2026-05-06 16:03:43.269
2505,199637,1,0.0,0.0,0.0,0.0,2026-05-06 16:03:43.269
2506,199694,2,0.0,0.0,0.0,0.0,2026-05-06 16:03:43.269
2507,199751,3,0.0,0.0,0.0,0.0,2026-05-06 16:03:43.269
2508,199870,1,0.0,0.0,0.0,0.0,2026-05-06 16:03:43.269
2509,199927,2,0.0,0.0,0.0,0.0,2026-05-06 16:03:43.269
2510,199984,3,0.0,0.0,-0.01,0.0,2026-05-06 16:03:43.269
2511,200088,1,0.0,0.0,0.0,0.0,2026-05-06 16:03:43.269
2512,200145,2,0.0,0.0,0.0,0.0,2026-05-06 16:03:43.269
2513,200202,3,0.0,0.0,0.0,0.0,2026-05-06 16:03:43.269
2514,200305,1,0.0,0.0,0.0,0.0,2026-05-06 16:03:43.269
2515,200411,1,0.0,0.0,0.0,0.0,2026-05-06 16:03:43.269
2516,200468,2,0.0,0.0,0.0,0.0,2026-05-06 16:03:43.269
2517,200525,3,0.0,0.0,0.0,0.0,2026-05-06 16:03:43.269
2518,200628,1,0.0,0.0,0.0,0.0,2026-05-06 16:03:43.269
2519,200685,2,0.0,0.0,0.0,-0.0,2026-05-06 16:03:43.269
2520,200743,3,0.0,0.0,0.0,0.0,2026-05-06 16:03:43.269
2521,200893,1,0.0,0.0,0.0,0.0,2026-05-06 16:03:43.269
2522,200950,2,0.0,0.0,0.0,0.0,2026-05-06 16:03:43.269
2523,201007,3,0.0,0.0,0.0,0.0,2026-05-06 16:03:43.269
2524,201110,1,0.0,0.0,-0.0,0.0,2026-05-06 16:03:43.269
2525,201168,2,0.0,0.0,0.0,0.0,2026-05-06 16:03:43.269
2526,201225,3,0.0,0.0,-0.01,0.0,2026-05-06 16:03:43.269
2527,201376,1,0.0,0.0,0.0,0.0,2026-05-06 16:03:43.269
2528,201433,2,0.0,0.0,0.0,0.0,2026-05-06 16:03:43.269
2529,201490,3,0.0,0.0,0.0,0.0,2026-05-06 16:03:43.269
2530,201593,1,0.0,0.0,0.0,0.0,2026-05-06 16:03:43.269
2531,201650,2,0.0,0.0,0.0,0.0,2026-05-06 16:03:43.269
2532,201707,3,0.0,0.0,-0.0,0.0,2026-05-06 16:03:43.269
2533,201859,1,0.0,0.0,0.0,0.0,2026-05-06 16:03:43.269
2534,201916,2,0.0,0.0,0.0,0.0,2026-05-06 16:03:43.269
2535,201973,3,0.0,0.0,-0.0,0.0,2026-05-06 16:03:43.269
2536,202077,1,0.0,0.0,0.0,0.0,2026-05-06 16:03:43.269
2537,202134,2,0.0,0.0,0.0,0.0,2026-05-06 16:03:43.269
2538,202191,3,0.0,0.0,0.0,0.0,2026-05-06 16:03:43.269
2539,202295,1,0.0,0.0,-0.0,-0.0,2026-05-06 16:03:43.269
2540,202354,2,0.0,0.0,0.0,0.0,2026-05-06 16:03:43.269
2541,202411,3,0.0,0.0,0.0,0.0,2026-05-06 16:03:43.269
2542,202514,1,0.0,0.0,0.0,0.0,2026-05-06 16:03:43.269
2543,202571,2,0.0,0.0,0.0,0.0,2026-05-06 16:03:43.269
2544,202628,3,0.0,0.0,0.0,0.0,2026-05-06 16:03:43.269
2545,202751,3,0.0,0.0,-0.0,0.0,2026-05-06 16:03:43.269
2546,202855,1,0.0,0.0,0.0,0.0,2026-05-06 16:03:43.269
2547,202912,2,0.0,0.0,0.0,0.0,2026-05-06 16:03:43.269
2548,202969,3,0.0,0.0,0.0,0.0,2026-05-06 16:03:43.269
2549,203072,1,0.0,0.0,0.0,0.0,2026-05-06 16:03:43.269
2550,203129,2,0.0,0.0,0.0,0.0,2026-05-06 16:03:43.269
2551,203281,1,0.0,0.0,0.0,0.0,2026-05-06 16:03:43.992
2552,203338,2,0.0,0.0,0.0,0.0,2026-05-06 16:03:43.992
2553,203395,3,0.0,0.0,-0.0,0.0,2026-05-06 16:03:43.992
2554,203499,1,0.0,0.0,0.0,0.0,2026-05-06 16:03:43.992
2555,203556,2,0.0,0.0,0.0,0.0,2026-05-06 16:03:43.992
2556,203613,3,0.0,0.0,0.01,0.0,2026-05-06 16:03:43.992
2557,203763,1,0.0,0.0,0.0,0.0,2026-05-06 16:03:43.992
2558,203820,2,0.0,0.0,0.0,0.0,2026-05-06 16:03:43.992
2559,203877,3,0.0,0.0,0.0,0.0,2026-05-06 16:03:43.992
2560,203980,1,0.0,0.0,0.0,0.0,2026-05-06 16:03:43.992
2561,204037,2,0.0,0.0,0.0,0.0,2026-05-06 16:03:43.992
2562,204094,3,0.0,0.0,-0.0,0.0,2026-05-06 16:03:43.992
2563,204200,1,0.0,0.0,0.0,0.0,2026-05-06 16:03:43.992
2564,204257,2,0.0,0.0,0.0,0.0,2026-05-06 16:03:43.992
2565,204314,3,0.0,0.0,0.0,-0.0,2026-05-06 16:03:43.992
2566,204418,1,0.0,0.0,0.0,0.0,2026-05-06 16:03:43.992
2567,204475,2,0.0,0.0,0.0,0.0,2026-05-06 16:03:43.992
2568,204532,3,0.0,0.0,-0.0,0.0,2026-05-06 16:03:43.992
2569,204655,3,0.0,0.0,0.0,-0.0,2026-05-06 16:03:43.992
2570,204759,1,0.0,0.0,0.0,0.0,2026-05-06 16:03:43.992
2571,204816,2,0.0,0.0,-0.0,0.0,2026-05-06 16:03:43.992
2572,204874,3,0.0,0.0,-0.0,0.0,2026-05-06 16:03:43.992
2573,204978,1,0.0,0.0,0.0,0.0,2026-05-06 16:03:43.992
2574,205035,2,0.0,0.0,0.0,0.0,2026-05-06 16:03:43.992
2575,205187,1,0.0,0.0,0.0,0.0,2026-05-06 16:03:43.992
2576,205244,2,0.0,0.0,0.0,0.0,2026-05-06 16:03:43.992
2577,205301,3,0.0,0.0,-0.0,-0.0,2026-05-06 16:03:43.992
2578,205406,1,0.0,0.0,-0.0,0.0,2026-05-06 16:03:43.992
2579,205464,2,0.0,0.0,0.0,0.0,2026-05-06 16:03:43.992
2580,205521,3,0.0,0.0,-0.0,0.0,2026-05-06 16:03:43.992
2581,205671,1,0.0,0.0,-0.0,0.0,2026-05-06 16:03:43.992
2582,205729,2,0.0,0.0,0.0,0.0,2026-05-06 16:03:43.992
2583,205786,3,0.0,0.0,0.0,-0.0,2026-05-06 16:03:43.992
2584,205890,1,0.0,0.0,0.0,0.0,2026-05-06 16:03:43.992
2585,205947,2,0.0,0.0,0.0,0.0,2026-05-06 16:03:43.992
2586,206004,3,0.0,0.0,-0.0,0.0,2026-05-06 16:03:43.992
2587,206109,1,0.0,0.0,0.0,0.0,2026-05-06 16:03:43.992
2588,206166,2,0.0,0.0,0.0,-0.0,2026-05-06 16:03:43.992
2589,206224,3,0.0,0.0,0.0,0.0,2026-05-06 16:03:43.992
2590,206327,1,0.0,0.0,0.0,0.0,2026-05-06 16:03:43.992
2591,206384,2,0.0,0.0,0.0,0.0,2026-05-06 16:03:43.992
2592,206441,3,0.0,0.0,-0.0,0.0,2026-05-06 16:03:43.992
2593,206564,1,0.0,0.0,-0.0,0.0,2026-05-06 16:03:43.992
2594,206622,2,0.0,0.0,0.0,-0.0,2026-05-06 16:03:43.992
2595,206680,3,0.0,0.0,-0.0,0.0,2026-05-06 16:03:43.992
2596,206784,1,0.0,0.0,0.0,0.0,2026-05-06 16:03:43.992
2597,206841,2,0.0,0.0,0.0,0.0,2026-05-06 16:03:43.992
2598,206898,3,0.0,0.0,0.0,0.0,2026-05-06 16:03:43.992
2599,207001,1,0.0,0.0,0.0,0.0,2026-05-06 16:03:43.992
2600,207105,1,0.0,0.0,0.0,0.0,2026-05-06 16:03:43.992
2601,207162,2,0.0,0.0,0.0,0.0,2026-05-06 16:03:43.992
2602,207219,3,0.0,0.0,0.0,0.0,2026-05-06 16:03:43.992
2603,207322,1,0.0,0.0,0.0,0.0,2026-05-06 16:03:43.992
2604,207379,2,0.0,0.0,0.0,0.0,2026-05-06 16:03:43.992
2605,207436,3,0.0,0.0,-0.0,-0.0,2026-05-06 16:03:43.992
2606,207588,1,0.0,0.0,0.0,0.0,2026-05-06 16:03:43.992
2607,207645,2,0.0,0.0,0.0,0.0,2026-05-06 16:03:43.992
2608,207702,3,0.0,0.0,0.0,0.0,2026-05-06 16:03:43.992
2609,207805,1,0.0,0.0,0.0,0.0,2026-05-06 16:03:43.992
2610,207862,2,0.0,0.0,0.0,0.0,2026-05-06 16:03:43.992
2611,207919,3,0.0,0.0,-0.0,0.0,2026-05-06 16:03:43.992
2612,208024,1,0.0,0.0,0.0,0.0,2026-05-06 16:03:43.992
2613,208081,2,0.0,0.0,0.0,0.0,2026-05-06 16:03:43.992
2614,208138,3,0.0,0.0,0.0,-0.0,2026-05-06 16:03:43.992
2615,208242,1,0.0,0.0,0.0,0.0,2026-05-06 16:03:43.992
2616,208299,2,0.0,0.0,0.0,0.0,2026-05-06 16:03:43.992
2617,208356,3,0.0,0.0,0.01,0.0,2026-05-06 16:03:43.992
2618,208475,1,0.0,0.0,0.0,0.0,2026-05-06 16:03:43.992
2619,208532,2,0.0,0.0,-0.0,0.0,2026-05-06 16:03:43.992
2620,208590,3,0.0,0.0,0.0,0.0,2026-05-06 16:03:43.992
2621,208693,1,0.0,0.0,0.0,0.0,2026-05-06 16:03:43.992
2622,208750,2,0.0,0.0,0.0,0.0,2026-05-06 16:03:43.992
2623,208807,3,0.0,0.0,0.0,-0.0,2026-05-06 16:03:43.992
2624,208911,1,0.0,0.0,0.0,0.0,2026-05-06 16:03:43.992
2625,209016,1,0.0,0.0,0.0,0.0,2026-05-06 16:03:43.992
2626,209073,2,0.0,0.0,0.0,-0.0,2026-05-06 16:03:43.992
2627,209131,3,0.0,0.0,0.0,0.0,2026-05-06 16:03:43.992
2628,209234,1,0.0,0.0,0.0,0.0,2026-05-06 16:03:43.992
2629,209291,2,0.0,0.0,0.0,0.0,2026-05-06 16:03:43.992
2630,209348,3,0.0,0.0,0.0,0.0,2026-05-06 16:03:43.992
2631,209453,1,0.0,0.0,0.0,0.0,2026-05-06 16:03:43.992
2632,209510,2,0.0,0.0,0.0,0.0,2026-05-06 16:03:43.992
2633,209567,3,0.0,0.0,0.0,-0.0,2026-05-06 16:03:43.992
2634,209671,1,0.0,0.0,0.0,0.0,2026-05-06 16:03:43.992
2635,209728,2,0.0,0.0,0.0,0.0,2026-05-06 16:03:43.992
2636,209785,3,0.0,0.0,0.0,-0.0,2026-05-06 16:03:43.992
2637,209905,1,0.0,0.0,0.0,0.0,2026-05-06 16:03:43.992
2638,209962,2,0.0,0.0,0.0,0.0,2026-05-06 16:03:43.992
2639,210019,3,0.0,0.0,-0.0,0.0,2026-05-06 16:03:43.992
2640,210123,1,0.0,0.0,0.0,0.0,2026-05-06 16:03:43.992
2641,210180,2,0.0,0.0,0.0,0.0,2026-05-06 16:03:43.992
2642,210237,3,0.0,0.0,0.0,0.0,2026-05-06 16:03:43.992
2643,210340,1,0.0,0.0,0.0,0.0,2026-05-06 16:03:43.992
2644,210445,1,0.0,0.0,0.0,0.0,2026-05-06 16:03:43.992
2645,210502,2,0.0,0.0,0.0,-0.0,2026-05-06 16:03:43.992
2646,210560,3,0.0,0.0,0.0,0.0,2026-05-06 16:03:43.992
2647,210663,1,0.0,0.0,0.0,0.0,2026-05-06 16:03:43.992
2648,210720,2,0.0,0.0,0.0,0.0,2026-05-06 16:03:43.992
2649,210777,3,0.0,0.0,0.01,0.0,2026-05-06 16:03:43.992
2650,210927,1,0.0,0.0,0.0,0.0,2026-05-06 16:03:43.992
2651,210984,2,0.0,0.0,-0.0,0.0,2026-05-06 16:03:43.992
2652,211042,3,0.0,0.0,0.0,-0.0,2026-05-06 16:03:43.992
2653,211146,1,0.0,0.0,0.0,0.0,2026-05-06 16:03:43.992
2654,211203,2,0.0,0.0,0.0,0.0,2026-05-06 16:03:43.992
2655,211260,3,0.0,0.0,-0.0,0.0,2026-05-06 16:03:44.713
2656,211411,1,0.0,0.0,0.0,0.0,2026-05-06 16:03:44.713
2657,211468,2,0.0,0.0,0.0,0.0,2026-05-06 16:03:44.713
2658,211525,3,0.0,0.0,0.0,0.0,2026-05-06 16:03:44.713
2659,211628,1,0.0,0.0,0.0,-0.0,2026-05-06 16:03:44.713
2660,211686,2,0.0,0.0,0.0,-0.0,2026-05-06 16:03:44.713
2661,211744,3,0.0,0.0,-0.0,0.0,2026-05-06 16:03:44.713
2662,211849,1,0.0,0.0,0.0,0.0,2026-05-06 16:03:44.713
2663,211906,2,0.0,0.0,0.0,0.0,2026-05-06 16:03:44.713
2664,211963,3,0.0,0.0,-0.0,0.0,2026-05-06 16:03:44.713
2665,212067,1,0.0,0.0,0.0,0.0,2026-05-06 16:03:44.713
2666,212124,2,0.0,0.0,0.0,0.0,2026-05-06 16:03:44.713
2667,212181,3,0.0,0.0,0.0,0.0,2026-05-06 16:03:44.713
2668,212302,2,0.0,0.0,0.0,0.0,2026-05-06 16:03:44.713
2669,212359,3,0.0,0.0,0.0,0.0,2026-05-06 16:03:44.713
2670,212462,1,0.0,0.0,0.0,0.0,2026-05-06 16:03:44.713
2671,212519,2,0.0,0.0,0.0,0.0,2026-05-06 16:03:44.713
2672,212576,3,0.0,0.0,0.0,0.0,2026-05-06 16:03:44.713
2673,212679,1,0.0,0.0,-0.0,0.0,2026-05-06 16:03:44.713
2674,212737,2,0.0,0.0,0.0,0.0,2026-05-06 16:03:44.713
2675,212840,1,0.0,0.0,0.0,0.0,2026-05-06 16:03:44.713
2676,212897,2,0.0,0.0,0.0,0.0,2026-05-06 16:03:44.713
2677,212954,3,0.0,0.0,0.0,0.0,2026-05-06 16:03:44.713
2678,213057,1,0.0,0.0,0.0,-0.0,2026-05-06 16:03:44.713
2679,213115,2,0.0,0.0,0.0,0.0,2026-05-06 16:03:44.713
2680,213172,3,0.0,0.0,-0.0,0.0,2026-05-06 16:03:44.713
2681,213323,1,0.0,0.0,0.0,0.0,2026-05-06 16:03:44.713
2682,213380,2,0.0,0.0,0.0,0.0,2026-05-06 16:03:44.713
2683,213437,3,0.0,0.0,0.0,0.0,2026-05-06 16:03:44.713
2684,213540,1,0.0,0.0,0.0,0.0,2026-05-06 16:03:44.713
2685,213597,2,0.0,0.0,0.0,0.0,2026-05-06 16:03:44.713
2686,213654,3,0.0,0.0,-0.0,-0.0,2026-05-06 16:03:44.713
2687,213760,1,0.0,0.0,0.0,0.0,2026-05-06 16:03:44.713
2688,213817,2,0.0,0.0,0.0,0.0,2026-05-06 16:03:44.713
2689,213874,3,0.0,0.0,0.0,0.0,2026-05-06 16:03:44.713
2690,213977,1,0.0,0.0,0.0,0.0,2026-05-06 16:03:44.713
2691,214034,2,0.0,0.0,0.0,0.0,2026-05-06 16:03:44.713
2692,214091,3,0.0,0.0,0.0,-0.0,2026-05-06 16:03:44.713
2693,214214,1,0.0,0.0,0.0,0.0,2026-05-06 16:03:44.713
2694,214271,2,0.0,0.0,0.0,0.0,2026-05-06 16:03:44.713
2695,214328,3,0.0,0.0,0.01,0.0,2026-05-06 16:03:44.713
2696,214475,1,0.0,0.0,0.0,0.0,2026-05-06 16:03:44.713
2697,214532,2,0.0,0.0,0.0,0.0,2026-05-06 16:03:44.713
2698,214589,3,0.0,0.0,0.0,0.0,2026-05-06 16:03:44.713
2699,214747,1,0.0,0.0,0.0,-0.0,2026-05-06 16:03:44.713
2700,214805,2,0.0,0.0,0.0,0.0,2026-05-06 16:03:44.713
2701,214862,3,0.0,0.0,0.0,0.0,2026-05-06 16:03:44.713
2702,214965,1,0.0,0.0,0.0,-0.0,2026-05-06 16:03:44.713
2703,215023,2,0.0,0.0,0.0,0.0,2026-05-06 16:03:44.713
2704,215080,3,0.0,0.0,0.0,0.0,2026-05-06 16:03:44.713
2705,215230,1,0.0,0.0,0.0,0.0,2026-05-06 16:03:44.713
2706,215287,2,0.0,0.0,0.0,-0.0,2026-05-06 16:03:44.713
2707,215345,3,0.0,0.0,-0.0,0.0,2026-05-06 16:03:44.713
2708,215449,1,0.0,0.0,0.0,0.0,2026-05-06 16:03:44.713
2709,215506,2,0.0,0.0,-0.0,0.0,2026-05-06 16:03:44.713
2710,215564,3,0.0,0.0,0.0,0.0,2026-05-06 16:03:44.713
2711,215714,1,0.0,0.0,-0.0,0.0,2026-05-06 16:03:44.713
2712,215772,2,0.0,0.0,-0.0,0.0,2026-05-06 16:03:44.713
2713,215830,3,0.0,0.0,0.0,0.0,2026-05-06 16:03:44.713
2714,215933,1,0.0,0.0,-0.0,0.0,2026-05-06 16:03:44.713
2715,215991,2,0.0,0.0,-0.0,0.0,2026-05-06 16:03:44.713
2716,216049,3,0.0,0.0,0.0,0.0,2026-05-06 16:03:44.713
2717,216198,1,0.0,0.0,0.0,0.0,2026-05-06 16:03:44.713
2718,216255,2,0.0,0.0,0.0,0.0,2026-05-06 16:03:44.713
2719,216312,3,0.0,0.0,0.0,0.0,2026-05-06 16:03:44.713
2720,216415,1,0.0,0.0,0.0,0.0,2026-05-06 16:03:44.713
2721,216472,2,0.0,0.0,0.0,0.0,2026-05-06 16:03:44.713
2722,216529,3,0.0,0.0,0.0,0.0,2026-05-06 16:03:44.713
2723,216680,1,0.0,0.0,0.0,0.0,2026-05-06 16:03:44.713
2724,216737,2,0.0,0.0,-0.0,0.0,2026-05-06 16:03:44.713
2725,216795,3,0.0,0.0,0.0,0.0,2026-05-06 16:03:44.713
2726,216898,1,0.0,0.0,0.0,0.0,2026-05-06 16:03:44.713
2727,216955,2,0.0,0.0,0.0,0.0,2026-05-06 16:03:44.713
2728,217012,3,0.0,0.0,0.0,0.0,2026-05-06 16:03:44.713
2729,217163,1,0.0,0.0,0.0,0.0,2026-05-06 16:03:44.713
2730,217220,2,0.0,0.0,0.0,0.0,2026-05-06 16:03:44.713
2731,217277,3,0.0,0.0,0.0,0.0,2026-05-06 16:03:44.713
2732,217380,1,0.0,0.0,0.0,0.0,2026-05-06 16:03:44.713
2733,217437,2,0.0,0.0,0.0,0.0,2026-05-06 16:03:44.713
2734,217494,3,0.0,0.0,0.0,0.0,2026-05-06 16:03:44.713
2735,217645,1,0.0,0.0,0.0,0.0,2026-05-06 16:03:44.713
2736,217702,2,0.0,0.0,0.0,-0.0,2026-05-06 16:03:44.713
2737,217760,3,0.0,0.0,0.0,0.0,2026-05-06 16:03:44.713
2738,217863,1,0.0,0.0,-0.0,0.0,2026-05-06 16:03:44.713
2739,217921,2,0.0,0.0,-0.0,0.0,2026-05-06 16:03:44.713
2740,217979,3,0.0,0.0,0.01,0.0,2026-05-06 16:03:44.713
2741,218129,1,0.0,0.0,0.0,0.0,2026-05-06 16:03:44.713
2742,218186,2,0.0,0.0,0.0,0.0,2026-05-06 16:03:44.713
2743,218243,3,0.0,0.0,0.0,0.0,2026-05-06 16:03:44.713
2744,218346,1,0.0,0.0,0.0,0.0,2026-05-06 16:03:44.713
2745,218403,2,0.0,0.0,0.0,-0.0,2026-05-06 16:03:44.713
2746,218461,3,0.0,0.0,0.0,0.0,2026-05-06 16:03:44.713
2747,218611,1,0.0,0.0,0.0,0.0,2026-05-06 16:03:44.713
2748,218668,2,0.0,0.0,0.0,0.0,2026-05-06 16:03:44.713
2749,218725,3,0.0,0.0,0.0,0.0,2026-05-06 16:03:44.713
2750,218828,1,0.0,0.0,0.0,0.0,2026-05-06 16:03:44.713
2751,218885,2,0.0,0.0,0.0,0.0,2026-05-06 16:03:44.713
2752,218942,3,0.0,0.0,0.0,0.0,2026-05-06 16:03:44.713
2753,219093,1,0.0,0.0,0.0,0.0,2026-05-06 16:03:44.713
2754,219150,2,0.0,0.0,0.0,0.0,2026-05-06 16:03:44.713
2755,219207,3,0.0,0.0,0.0,0.0,2026-05-06 16:03:44.713
2756,219310,1,0.0,0.0,0.0,0.0,2026-05-06 16:03:45.425
2757,219367,2,0.0,0.0,0.0,0.0,2026-05-06 16:03:45.425
2758,219424,3,0.0,0.0,-0.0,0.0,2026-05-06 16:03:45.425
2759,219576,1,0.0,0.0,-0.0,0.0,2026-05-06 16:03:45.425
2760,219634,2,0.0,0.0,0.0,-0.0,2026-05-06 16:03:45.425
2761,219692,3,0.0,0.0,-0.0,0.0,2026-05-06 16:03:45.425
2762,219796,1,0.0,0.0,0.0,0.0,2026-05-06 16:03:45.425
2763,219853,2,0.0,0.0,0.0,0.0,2026-05-06 16:03:45.425
2764,219910,3,0.0,0.0,0.01,0.0,2026-05-06 16:03:45.425
2765,220060,1,0.0,0.0,0.0,0.0,2026-05-06 16:03:45.425
2766,220117,2,0.0,0.0,0.0,0.0,2026-05-06 16:03:45.425
2767,220174,3,0.0,0.0,0.0,0.0,2026-05-06 16:03:45.425
2768,220277,1,0.0,0.0,0.0,0.0,2026-05-06 16:03:45.425
2769,220334,2,0.0,0.0,0.0,0.0,2026-05-06 16:03:45.425
2770,220391,3,0.0,0.0,-0.0,0.0,2026-05-06 16:03:45.425
2771,220542,1,0.0,0.0,0.0,0.0,2026-05-06 16:03:45.425
2772,220599,2,0.0,0.0,0.0,-0.0,2026-05-06 16:03:45.425
2773,220657,3,0.0,0.0,0.0,0.0,2026-05-06 16:03:45.425
2774,220760,1,0.0,0.0,0.0,0.0,2026-05-06 16:03:45.425
2775,220817,2,0.0,0.0,0.0,0.0,2026-05-06 16:03:45.425
2776,220874,3,0.0,0.0,0.0,0.0,2026-05-06 16:03:45.425
2777,221025,1,0.0,0.0,0.0,0.0,2026-05-06 16:03:45.425
2778,221082,2,0.0,0.0,0.0,0.0,2026-05-06 16:03:45.425
2779,221139,3,0.0,0.0,-0.0,0.0,2026-05-06 16:03:45.425
2780,221243,1,0.0,0.0,0.0,0.0,2026-05-06 16:03:45.425
2781,221300,2,0.0,0.0,0.0,0.0,2026-05-06 16:03:45.425
2782,221357,3,0.0,0.0,0.0,0.0,2026-05-06 16:03:45.425
2783,221507,1,0.0,0.0,0.0,0.0,2026-05-06 16:03:45.425
2784,221564,2,0.0,0.0,0.0,0.0,2026-05-06 16:03:45.425
2785,221621,3,0.0,0.0,0.01,0.0,2026-05-06 16:03:45.425
2786,221724,1,0.0,0.0,0.0,0.0,2026-05-06 16:03:45.425
2787,221781,2,0.0,0.0,0.0,0.0,2026-05-06 16:03:45.425
2788,221992,1,0.0,0.0,0.0,0.0,2026-05-06 16:03:45.425
2789,222049,2,0.0,0.0,0.0,0.0,2026-05-06 16:03:45.425
2790,222106,3,0.0,0.0,-0.0,0.0,2026-05-06 16:03:45.425
2791,222210,1,0.0,0.0,0.0,0.0,2026-05-06 16:03:45.425
2792,222267,2,0.0,0.0,0.0,0.0,2026-05-06 16:03:45.425
2793,222324,3,0.0,0.0,-0.0,0.0,2026-05-06 16:03:45.425
2794,222475,1,0.0,0.0,0.0,0.0,2026-05-06 16:03:45.425
2795,222532,2,0.0,0.0,0.0,0.0,2026-05-06 16:03:45.425
2796,222589,3,0.0,0.0,-0.0,-0.0,2026-05-06 16:03:45.425
2797,222694,1,0.0,0.0,0.0,0.0,2026-05-06 16:03:45.425
2798,222751,2,0.0,0.0,0.0,0.0,2026-05-06 16:03:45.425
2799,222808,3,0.0,0.0,-0.0,-0.0,2026-05-06 16:03:45.425
2800,222960,1,0.0,0.0,0.0,0.0,2026-05-06 16:03:45.425
2801,223017,2,0.0,0.0,0.0,0.0,2026-05-06 16:03:45.425
2802,223074,3,0.0,0.0,-0.0,0.0,2026-05-06 16:03:45.425
2803,223178,1,0.0,0.0,0.0,0.0,2026-05-06 16:03:45.425
2804,223235,2,0.0,0.0,0.0,0.0,2026-05-06 16:03:45.425
2805,223292,3,0.0,0.0,-0.0,0.0,2026-05-06 16:03:45.425
2806,223443,1,0.0,0.0,0.0,0.0,2026-05-06 16:03:45.425
2807,223500,2,0.0,0.0,0.0,0.0,2026-05-06 16:03:45.425
2808,223557,3,0.0,0.0,-0.0,0.0,2026-05-06 16:03:45.425
2809,223661,1,0.0,0.0,0.0,0.0,2026-05-06 16:03:45.425
2810,223718,2,0.0,0.0,0.0,0.0,2026-05-06 16:03:45.425
2811,223775,3,0.0,0.0,-0.01,0.0,2026-05-06 16:03:45.425
2812,223926,1,0.0,0.0,0.0,0.0,2026-05-06 16:03:45.425
2813,223983,2,0.0,0.0,0.0,0.0,2026-05-06 16:03:45.425
2814,224040,3,0.0,0.0,0.0,0.0,2026-05-06 16:03:45.425
2815,224143,1,0.0,0.0,0.0,0.0,2026-05-06 16:03:45.425
2816,224200,2,0.0,0.0,0.0,0.0,2026-05-06 16:03:45.425
2817,224257,3,0.0,0.0,0.0,0.0,2026-05-06 16:03:45.425
2818,224408,1,0.0,0.0,0.0,0.0,2026-05-06 16:03:45.425
2819,224465,2,0.0,0.0,0.0,-0.0,2026-05-06 16:03:45.425
2820,224523,3,0.0,0.0,-0.0,0.0,2026-05-06 16:03:45.425
2821,224627,1,0.0,0.0,0.0,0.0,2026-05-06 16:03:45.425
2822,224684,2,0.0,0.0,0.0,-0.0,2026-05-06 16:03:45.425
2823,224742,3,0.0,0.0,0.0,0.0,2026-05-06 16:03:45.425
2824,224892,1,0.0,0.0,0.0,0.0,2026-05-06 16:03:45.425
2825,224949,2,0.0,0.0,0.0,0.0,2026-05-06 16:03:45.425
2826,225006,3,0.0,0.0,0.0,0.0,2026-05-06 16:03:45.425
2827,225109,1,0.0,0.0,0.0,0.0,2026-05-06 16:03:45.425
2828,225166,2,0.0,0.0,0.0,0.0,2026-05-06 16:03:45.425
2829,225223,3,0.0,0.0,-0.0,-0.0,2026-05-06 16:03:45.425
2830,225375,1,0.0,0.0,0.0,-0.0,2026-05-06 16:03:45.425
2831,225433,2,0.0,0.0,0.0,0.0,2026-05-06 16:03:45.425
2832,225490,3,0.0,0.0,-0.01,0.0,2026-05-06 16:03:45.425
2833,225594,1,0.0,0.0,0.0,-0.0,2026-05-06 16:03:45.425
2834,225652,2,0.0,0.0,0.0,0.0,2026-05-06 16:03:45.425
2835,225709,3,0.0,0.0,-0.01,0.0,2026-05-06 16:03:45.425
2836,225859,1,0.0,0.0,0.0,0.0,2026-05-06 16:03:45.425
2837,225916,2,0.0,0.0,0.0,0.0,2026-05-06 16:03:45.425
2838,225973,3,0.0,0.0,0.0,0.0,2026-05-06 16:03:45.425
2839,226076,1,0.0,0.0,0.0,0.0,2026-05-06 16:03:45.425
2840,226133,2,0.0,0.0,0.0,0.0,2026-05-06 16:03:45.425
2841,226190,3,0.0,0.0,0.0,0.0,2026-05-06 16:03:45.425
2842,226341,1,0.0,0.0,-0.0,0.0,2026-05-06 16:03:45.425
2843,226399,2,0.0,0.0,0.0,0.0,2026-05-06 16:03:45.425
2844,226456,3,0.0,0.0,0.0,0.0,2026-05-06 16:03:45.425
2845,226559,1,0.0,0.0,-0.0,-0.0,2026-05-06 16:03:45.425
2846,226618,2,0.0,0.0,0.0,0.0,2026-05-06 16:03:45.425
2847,226675,3,0.0,0.0,0.0,0.0,2026-05-06 16:03:45.425
2848,226825,1,0.0,0.0,0.0,0.0,2026-05-06 16:03:45.425
2849,226882,2,0.0,0.0,0.0,-0.0,2026-05-06 16:03:45.425
2850,226940,3,0.0,0.0,-0.0,0.0,2026-05-06 16:03:45.425
2851,227044,1,0.0,0.0,0.0,0.0,2026-05-06 16:03:45.425
2852,227101,2,0.0,0.0,0.0,0.0,2026-05-06 16:03:45.425
2853,227158,3,0.0,0.0,-0.0,0.0,2026-05-06 16:03:45.425
2854,227309,1,0.0,0.0,0.0,0.0,2026-05-06 16:03:45.425
2855,227366,2,0.0,0.0,0.0,0.0,2026-05-06 16:03:46.137
2856,227423,3,0.0,0.0,0.0,0.0,2026-05-06 16:03:46.137
2857,227526,1,0.0,0.0,0.0,0.0,2026-05-06 16:03:46.137
2858,227583,2,0.0,0.0,0.0,0.0,2026-05-06 16:03:46.137
2859,227640,3,0.0,0.0,0.0,0.0,2026-05-06 16:03:46.137
2860,227791,1,0.0,0.0,0.0,0.0,2026-05-06 16:03:46.137
2861,227848,2,0.0,0.0,0.0,0.0,2026-05-06 16:03:46.137
2862,227905,3,0.0,0.0,-0.01,0.0,2026-05-06 16:03:46.137
2863,228009,1,0.0,0.0,0.0,0.0,2026-05-06 16:03:46.137
2864,228066,2,0.0,0.0,0.0,0.0,2026-05-06 16:03:46.137
2865,228123,3,0.0,0.0,0.0,0.0,2026-05-06 16:03:46.137
2866,228273,1,0.0,0.0,0.0,-0.0,2026-05-06 16:03:46.137
2867,228331,2,0.0,0.0,0.0,0.0,2026-05-06 16:03:46.137
2868,228388,3,0.0,0.0,-0.0,0.0,2026-05-06 16:03:46.137
2869,228492,1,0.0,0.0,0.0,-0.0,2026-05-06 16:03:46.137
2870,228550,2,0.0,0.0,0.0,0.0,2026-05-06 16:03:46.137
2871,228607,3,0.0,0.0,-0.0,0.0,2026-05-06 16:03:46.137
2872,228758,1,0.0,0.0,0.0,-0.0,2026-05-06 16:03:46.137
2873,228816,2,0.0,0.0,0.0,0.0,2026-05-06 16:03:46.137
2874,228873,3,0.0,0.0,0.0,0.0,2026-05-06 16:03:46.137
2875,228976,1,0.0,0.0,0.0,0.0,2026-05-06 16:03:46.137
2876,229033,2,0.0,0.0,0.0,0.0,2026-05-06 16:03:46.137
2877,229090,3,0.0,0.0,0.0,0.0,2026-05-06 16:03:46.137
2878,229240,1,0.0,0.0,0.0,0.0,2026-05-06 16:03:46.137
2879,229297,2,0.0,0.0,-0.0,0.0,2026-05-06 16:03:46.137
2880,229355,3,0.0,0.0,0.0,0.0,2026-05-06 16:03:46.137
2881,229458,1,0.0,0.0,0.0,0.0,2026-05-06 16:03:46.137
2882,229515,2,0.0,0.0,-0.0,0.0,2026-05-06 16:03:46.137
2883,229727,1,0.0,0.0,0.0,0.0,2026-05-06 16:03:46.137
2884,229784,2,0.0,0.0,0.0,0.0,2026-05-06 16:03:46.137
2885,229841,3,0.0,0.0,0.0,0.0,2026-05-06 16:03:46.137
2886,229944,1,0.0,0.0,0.0,0.0,2026-05-06 16:03:46.137
2887,230001,2,0.0,0.0,0.0,-0.0,2026-05-06 16:03:46.137
2888,230059,3,0.0,0.0,0.0,0.0,2026-05-06 16:03:46.137
2889,230209,1,0.0,0.0,0.0,0.0,2026-05-06 16:03:46.137
2890,230266,2,0.0,0.0,0.0,0.0,2026-05-06 16:03:46.137
2891,230323,3,0.0,0.0,-0.0,0.0,2026-05-06 16:03:46.137
2892,230427,1,0.0,0.0,-0.0,0.0,2026-05-06 16:03:46.137
2893,230485,2,0.0,0.0,-0.0,0.0,2026-05-06 16:03:46.137
2894,230543,3,0.0,0.0,-0.01,0.0,2026-05-06 16:03:46.137
2895,230694,1,0.0,0.0,-0.0,0.0,2026-05-06 16:03:46.137
2896,230752,2,0.0,0.0,0.0,0.0,2026-05-06 16:03:46.137
2897,230809,3,0.0,0.0,0.0,0.0,2026-05-06 16:03:46.137
2898,230912,1,0.0,0.0,-0.0,0.0,2026-05-06 16:03:46.137
2899,230970,2,0.0,0.0,0.0,0.0,2026-05-06 16:03:46.137
2900,231027,3,0.0,0.0,0.0,0.0,2026-05-06 16:03:46.137
2901,231177,1,0.0,0.0,0.0,0.0,2026-05-06 16:03:46.137
2902,231234,2,0.0,0.0,-0.0,-0.0,2026-05-06 16:03:46.137
2903,231293,3,0.0,0.0,0.0,0.0,2026-05-06 16:03:46.137
2904,231396,1,0.0,0.0,0.0,0.0,2026-05-06 16:03:46.137
2905,231453,2,0.0,0.0,-0.0,-0.0,2026-05-06 16:03:46.137
2906,231512,3,0.0,0.0,0.0,0.0,2026-05-06 16:03:46.137
2907,231661,1,0.0,0.0,0.0,0.0,2026-05-06 16:03:46.137
2908,231718,2,0.0,0.0,0.0,0.0,2026-05-06 16:03:46.137
2909,231775,3,0.0,0.0,0.0,0.0,2026-05-06 16:03:46.137
2910,231878,1,0.0,0.0,0.0,0.0,2026-05-06 16:03:46.137
2911,231935,2,0.0,0.0,0.0,0.0,2026-05-06 16:03:46.137
2912,231992,3,0.0,0.0,0.0,0.0,2026-05-06 16:03:46.137
2913,232143,1,0.0,0.0,0.0,0.0,2026-05-06 16:03:46.137
2914,232200,2,0.0,0.0,0.0,0.0,2026-05-06 16:03:46.137
2915,232257,3,0.0,0.0,0.0,0.0,2026-05-06 16:03:46.137
2916,232360,1,0.0,0.0,0.0,0.0,2026-05-06 16:03:46.137
2917,232417,2,0.0,0.0,0.0,0.0,2026-05-06 16:03:46.137
2918,232474,3,0.0,0.0,-0.0,0.0,2026-05-06 16:03:46.137
2919,232626,1,0.0,0.0,0.0,0.0,2026-05-06 16:03:46.137
2920,232683,2,0.0,0.0,0.0,0.0,2026-05-06 16:03:46.137
2921,232740,3,0.0,0.0,-0.0,0.0,2026-05-06 16:03:46.137
2922,232844,1,0.0,0.0,0.0,0.0,2026-05-06 16:03:46.137
2923,232901,2,0.0,0.0,0.0,-0.0,2026-05-06 16:03:46.137
2924,232959,3,0.0,0.0,-0.0,0.0,2026-05-06 16:03:46.137
2925,233110,1,0.0,0.0,0.0,0.0,2026-05-06 16:03:46.137
2926,233167,2,0.0,0.0,0.0,0.0,2026-05-06 16:03:46.137
2927,233224,3,0.0,0.0,-0.0,0.0,2026-05-06 16:03:46.137
2928,233328,1,0.0,0.0,0.0,0.0,2026-05-06 16:03:46.137
2929,233385,2,0.0,0.0,0.0,0.0,2026-05-06 16:03:46.137
2930,233442,3,0.0,0.0,-0.0,0.0,2026-05-06 16:03:46.137
2931,233593,1,0.0,0.0,0.0,0.0,2026-05-06 16:03:46.137
2932,233650,2,0.0,0.0,0.0,0.0,2026-05-06 16:03:46.137
2933,233707,3,0.0,0.0,0.01,0.0,2026-05-06 16:03:46.137
2934,233810,1,0.0,0.0,0.0,-0.0,2026-05-06 16:03:46.137
2935,233868,2,0.0,0.0,0.0,0.0,2026-05-06 16:03:46.137
2936,233925,3,0.0,0.0,-0.0,0.0,2026-05-06 16:03:46.137
2937,234076,1,0.0,0.0,0.0,0.0,2026-05-06 16:03:46.137
2938,234133,2,0.0,0.0,0.0,0.0,2026-05-06 16:03:46.137
2939,234190,3,0.0,0.0,0.0,0.0,2026-05-06 16:03:46.137
2940,234293,1,0.0,0.0,0.0,0.0,2026-05-06 16:03:46.137
2941,234350,2,0.0,0.0,0.0,0.0,2026-05-06 16:03:46.137
2942,234407,3,0.0,0.0,0.0,0.0,2026-05-06 16:03:46.137
2943,234558,1,0.0,0.0,0.01,0.0,2026-05-06 16:03:46.137
2944,234615,2,0.0,0.0,0.0,0.0,2026-05-06 16:03:46.137
2945,234672,3,0.0,0.0,0.0,0.0,2026-05-06 16:03:46.137
2946,234775,1,0.0,0.0,0.0,0.0,2026-05-06 16:03:46.137
2947,234832,2,0.0,0.0,0.0,0.0,2026-05-06 16:03:46.137
2948,234889,3,0.0,0.0,-0.0,0.0,2026-05-06 16:03:46.137
2949,235040,1,0.0,0.0,0.0,0.0,2026-05-06 16:03:46.137
2950,235097,2,0.0,0.0,0.0,0.0,2026-05-06 16:03:46.137
2951,235154,3,0.0,0.0,0.0,0.0,2026-05-06 16:03:46.137
2952,235257,1,0.0,0.0,0.0,0.0,2026-05-06 16:03:46.137
2953,235314,2,0.0,0.0,0.0,0.0,2026-05-06 16:03:46.137
2954,235371,3,0.0,0.0,0.0,0.0,2026-05-06 16:03:46.137
2955,235522,1,0.0,0.0,0.0,0.0,2026-05-06 16:03:46.848
2956,235579,2,0.0,0.0,0.0,0.0,2026-05-06 16:03:46.848
2957,235636,3,0.0,0.0,0.0,0.0,2026-05-06 16:03:46.848
2958,235739,1,0.0,0.0,0.0,0.0,2026-05-06 16:03:46.848
2959,235796,2,0.0,0.0,0.0,0.0,2026-05-06 16:03:46.848
2960,235853,3,0.0,0.0,-0.0,0.0,2026-05-06 16:03:46.848
2961,236049,1,0.0,0.0,0.0,0.0,2026-05-06 16:03:46.848
2962,236106,2,0.0,0.0,0.0,0.0,2026-05-06 16:03:46.848
2963,236163,3,0.0,0.0,0.0,0.0,2026-05-06 16:03:46.848
2964,236266,1,0.0,0.0,0.0,0.0,2026-05-06 16:03:46.848
2965,236323,2,0.0,0.0,0.0,0.0,2026-05-06 16:03:46.848
2966,236380,3,0.0,0.0,0.0,0.0,2026-05-06 16:03:46.848
2967,236486,1,0.0,0.0,0.0,0.0,2026-05-06 16:03:46.848
2968,236543,2,0.0,0.0,0.0,0.0,2026-05-06 16:03:46.848
2969,236600,3,0.0,0.0,0.0,0.0,2026-05-06 16:03:46.848
2970,236703,1,0.0,0.0,0.0,0.0,2026-05-06 16:03:46.848
2971,236760,2,0.0,0.0,0.0,0.0,2026-05-06 16:03:46.848
2972,236817,3,0.0,0.0,0.0,0.0,2026-05-06 16:03:46.848
2973,236968,1,0.0,0.0,0.0,0.0,2026-05-06 16:03:46.848
2974,237025,2,0.0,0.0,0.0,0.0,2026-05-06 16:03:46.848
2975,237082,3,0.0,0.0,0.0,0.0,2026-05-06 16:03:46.848
2976,237185,1,0.0,0.0,0.0,0.0,2026-05-06 16:03:46.848
2977,237242,2,0.0,0.0,0.0,0.0,2026-05-06 16:03:46.848
2978,237453,1,0.0,0.0,0.0,0.0,2026-05-06 16:03:46.848
2979,237510,2,0.0,0.0,0.0,0.0,2026-05-06 16:03:46.848
2980,237567,3,0.0,0.0,0.0,0.0,2026-05-06 16:03:46.848
2981,237670,1,0.0,0.0,0.0,0.0,2026-05-06 16:03:46.848
2982,237727,2,0.0,0.0,0.0,0.0,2026-05-06 16:03:46.848
2983,237784,3,0.0,0.0,0.0,0.0,2026-05-06 16:03:46.848
2984,237935,1,0.0,0.0,0.0,0.0,2026-05-06 16:03:46.848
2985,237992,2,0.0,0.0,0.0,0.0,2026-05-06 16:03:46.848
2986,238049,3,0.0,0.0,-0.0,0.0,2026-05-06 16:03:46.848
2987,238153,1,0.0,0.0,0.0,0.0,2026-05-06 16:03:46.848
2988,238210,2,0.0,0.0,0.0,0.0,2026-05-06 16:03:46.848
2989,238267,3,0.0,0.0,0.0,0.0,2026-05-06 16:03:46.848
2990,238418,1,0.0,0.0,0.0,0.0,2026-05-06 16:03:46.848
2991,238475,2,0.0,0.0,0.0,0.0,2026-05-06 16:03:46.848
2992,238532,3,0.0,0.0,0.0,-0.0,2026-05-06 16:03:46.848
2993,238636,1,0.0,0.0,0.0,0.0,2026-05-06 16:03:46.848
2994,238693,2,0.0,0.0,0.0,0.0,2026-05-06 16:03:46.848
2995,238750,3,0.0,0.0,0.0,-0.0,2026-05-06 16:03:46.848
2996,238901,1,0.0,0.0,0.0,0.0,2026-05-06 16:03:46.848
2997,238958,2,0.0,0.0,0.0,0.0,2026-05-06 16:03:46.848
2998,239015,3,0.0,0.0,-0.0,0.0,2026-05-06 16:03:46.848
2999,239119,1,0.0,0.0,0.0,0.0,2026-05-06 16:03:46.848
3000,239176,2,0.0,0.0,0.0,0.0,2026-05-06 16:03:46.848
3001,239233,3,0.0,0.0,-0.0,0.0,2026-05-06 16:03:46.848
3002,239384,1,0.0,0.0,0.0,0.0,2026-05-06 16:03:46.848
3003,239441,2,0.0,0.0,0.0,0.0,2026-05-06 16:03:46.848
3004,239498,3,0.0,0.0,0.0,0.0,2026-05-06 16:03:46.848
3005,239601,1,0.0,0.0,0.0,0.0,2026-05-06 16:03:46.848
3006,239658,2,0.0,0.0,0.0,0.0,2026-05-06 16:03:46.848
3007,239715,3,0.0,0.0,0.0,0.0,2026-05-06 16:03:46.848
3008,239866,1,0.0,0.0,0.0,0.0,2026-05-06 16:03:46.848
3009,239923,2,0.0,0.0,0.0,0.0,2026-05-06 16:03:46.848
3010,239980,3,0.0,0.0,0.0,0.0,2026-05-06 16:03:46.848
3011,240083,1,0.0,0.0,0.0,0.0,2026-05-06 16:03:46.848
3012,240140,2,0.0,0.0,0.0,0.0,2026-05-06 16:03:46.848
3013,240197,3,0.0,0.0,0.0,0.0,2026-05-06 16:03:46.848
3014,240348,1,0.0,0.0,0.0,0.0,2026-05-06 16:03:46.848
3015,240405,2,0.0,0.0,0.0,0.0,2026-05-06 16:03:46.848
3016,240462,3,0.0,0.0,0.01,0.0,2026-05-06 16:03:46.848
3017,240565,1,0.0,0.0,-0.0,0.0,2026-05-06 16:03:46.848
3018,240623,2,0.0,0.0,0.0,0.0,2026-05-06 16:03:46.848
3019,240680,3,0.0,0.0,-0.0,0.0,2026-05-06 16:03:46.848
3020,240831,1,0.0,0.0,-0.0,0.0,2026-05-06 16:03:46.848
3021,240889,2,0.0,0.0,0.0,0.0,2026-05-06 16:03:46.848
3022,240946,3,0.0,0.0,0.0,0.0,2026-05-06 16:03:46.848
3023,241049,1,0.0,0.0,0.0,0.0,2026-05-06 16:03:46.848
3024,241106,2,0.0,0.0,0.0,0.0,2026-05-06 16:03:46.848
3025,241163,3,0.0,0.0,0.0,0.0,2026-05-06 16:03:46.848
3026,241313,1,0.0,0.0,0.0,0.0,2026-05-06 16:03:46.848
3027,241370,2,0.0,0.0,0.0,0.0,2026-05-06 16:03:46.848
3028,241427,3,0.0,0.0,0.0,-0.0,2026-05-06 16:03:46.848
3029,241531,1,0.0,0.0,0.0,-0.0,2026-05-06 16:03:46.848
3030,241589,2,0.0,0.0,0.0,0.0,2026-05-06 16:03:46.848
3031,241646,3,0.0,0.0,-0.0,0.0,2026-05-06 16:03:46.848
3032,241797,1,0.0,0.0,0.0,0.0,2026-05-06 16:03:46.848
3033,241854,2,0.0,0.0,0.0,0.0,2026-05-06 16:03:46.848
3034,241911,3,0.0,0.0,0.0,0.0,2026-05-06 16:03:46.848
3035,242014,1,0.0,0.0,0.0,0.0,2026-05-06 16:03:46.848
3036,242071,2,0.0,0.0,0.0,0.0,2026-05-06 16:03:46.848
3037,242128,3,0.0,0.0,0.0,0.0,2026-05-06 16:03:46.848
3038,242279,1,0.0,0.0,0.0,0.0,2026-05-06 16:03:46.848
3039,242336,2,0.0,0.0,0.0,0.0,2026-05-06 16:03:46.848
3040,242393,3,0.0,0.0,-0.0,0.0,2026-05-06 16:03:46.848
3041,242497,1,0.0,0.0,0.0,0.0,2026-05-06 16:03:46.848
3042,242554,2,0.0,0.0,0.0,0.0,2026-05-06 16:03:46.848
3043,242611,3,0.0,0.0,-0.0,0.0,2026-05-06 16:03:46.848
3044,242762,1,0.0,0.0,0.0,0.0,2026-05-06 16:03:46.848
3045,242819,2,0.0,0.0,0.0,0.0,2026-05-06 16:03:46.848
3046,242876,3,0.0,0.0,-0.0,0.0,2026-05-06 16:03:46.848
3047,242980,1,0.0,0.0,0.0,0.0,2026-05-06 16:03:46.848
3048,243037,2,0.0,0.0,0.0,0.0,2026-05-06 16:03:46.848
3049,243094,3,0.0,0.0,-0.0,0.0,2026-05-06 16:03:46.848
3050,243245,1,0.0,0.0,0.0,0.0,2026-05-06 16:03:46.848
3051,243302,2,0.0,0.0,0.0,0.0,2026-05-06 16:03:46.848
3052,243359,3,0.0,0.0,0.0,0.0,2026-05-06 16:03:46.848
3053,243462,1,0.0,0.0,0.0,0.0,2026-05-06 16:03:46.848
3054,243519,2,0.0,0.0,0.0,0.0,2026-05-06 16:03:47.571
3055,243576,3,0.0,0.0,0.0,0.0,2026-05-06 16:03:47.571
3056,243727,1,0.0,0.0,0.0,0.0,2026-05-06 16:03:47.571
3057,243784,2,0.0,0.0,-0.0,0.0,2026-05-06 16:03:47.571
3058,243842,3,0.0,0.0,0.0,0.0,2026-05-06 16:03:47.571
3059,243945,1,0.0,0.0,0.0,0.0,2026-05-06 16:03:47.571
3060,244002,2,0.0,0.0,-0.0,0.0,2026-05-06 16:03:47.571
3061,244060,3,0.0,0.0,0.0,0.0,2026-05-06 16:03:47.571
3062,244210,1,0.0,0.0,0.0,0.0,2026-05-06 16:03:47.571
3063,244267,2,0.0,0.0,0.0,0.0,2026-05-06 16:03:47.571
3064,244324,3,0.0,0.0,0.0,0.0,2026-05-06 16:03:47.571
3065,244427,1,0.0,0.0,0.0,0.0,2026-05-06 16:03:47.571
3066,244484,2,0.0,0.0,0.0,0.0,2026-05-06 16:03:47.571
3067,244541,3,0.0,0.0,0.0,0.0,2026-05-06 16:03:47.571
3068,244692,1,0.0,0.0,0.0,0.0,2026-05-06 16:03:47.571
3069,244749,2,0.0,0.0,0.0,0.0,2026-05-06 16:03:47.571
3070,244806,3,0.0,0.0,-0.0,0.0,2026-05-06 16:03:47.571
3071,244910,1,0.0,0.0,0.0,0.0,2026-05-06 16:03:47.571
3072,244967,2,0.0,0.0,0.0,0.0,2026-05-06 16:03:47.571
3073,245178,1,0.0,0.0,0.0,-0.0,2026-05-06 16:03:47.571
3074,245236,2,0.0,0.0,0.0,0.0,2026-05-06 16:03:47.571
3075,245293,3,0.0,0.0,-0.0,0.0,2026-05-06 16:03:47.571
3076,245397,1,0.0,0.0,0.0,0.0,2026-05-06 16:03:47.571
3077,245454,2,0.0,0.0,0.0,0.0,2026-05-06 16:03:47.571
3078,245511,3,0.0,0.0,-0.0,0.0,2026-05-06 16:03:47.571
3079,245662,1,0.0,0.0,0.0,0.0,2026-05-06 16:03:47.571
3080,245719,2,0.0,0.0,0.0,0.0,2026-05-06 16:03:47.571
3081,245776,3,0.0,0.0,-0.0,0.0,2026-05-06 16:03:47.571
3082,245880,1,0.0,0.0,0.0,0.0,2026-05-06 16:03:47.571
3083,245937,2,0.0,0.0,0.0,0.0,2026-05-06 16:03:47.571
3084,245994,3,0.0,0.0,-0.0,0.0,2026-05-06 16:03:47.571
3085,246145,1,0.0,0.0,0.0,0.0,2026-05-06 16:03:47.571
3086,246202,2,0.0,0.0,0.0,0.0,2026-05-06 16:03:47.571
3087,246259,3,0.0,0.0,-0.0,0.0,2026-05-06 16:03:47.571
3088,246363,1,0.0,0.0,0.0,0.0,2026-05-06 16:03:47.571
3089,246420,2,0.0,0.0,0.0,0.0,2026-05-06 16:03:47.571
3090,246477,3,0.0,0.0,-0.0,-0.0,2026-05-06 16:03:47.571
3091,246629,1,0.0,0.0,0.0,0.0,2026-05-06 16:03:47.571
3092,246686,2,0.0,0.0,0.0,0.0,2026-05-06 16:03:47.571
3093,246743,3,0.0,0.0,0.0,0.0,2026-05-06 16:03:47.571
3094,246846,1,0.0,0.0,0.0,0.0,2026-05-06 16:03:47.571
3095,246903,2,0.0,0.0,0.0,0.0,2026-05-06 16:03:47.571
3096,246960,3,0.0,0.0,0.0,0.0,2026-05-06 16:03:47.571
3097,247111,1,0.0,0.0,0.0,0.0,2026-05-06 16:03:47.571
3098,247168,2,0.0,0.0,0.0,0.0,2026-05-06 16:03:47.571
3099,247225,3,0.0,0.0,0.0,0.0,2026-05-06 16:03:47.571
3100,247328,1,0.0,0.0,0.0,0.0,2026-05-06 16:03:47.571
3101,247385,2,0.0,0.0,0.0,0.0,2026-05-06 16:03:47.571
3102,247442,3,0.0,0.0,0.0,0.0,2026-05-06 16:03:47.571
3103,247593,1,0.0,0.0,-0.0,0.0,2026-05-06 16:03:47.571
3104,247651,2,0.0,0.0,0.0,0.0,2026-05-06 16:03:47.571
3105,247708,3,0.0,0.0,-0.0,0.0,2026-05-06 16:03:47.571
3106,247812,1,0.0,0.0,-0.0,0.0,2026-05-06 16:03:47.571
3107,247870,2,0.0,0.0,0.0,0.0,2026-05-06 16:03:47.571
3108,247927,3,0.0,0.0,-0.0,0.0,2026-05-06 16:03:47.571
3109,248077,1,0.0,0.0,0.0,0.0,2026-05-06 16:03:47.571
3110,248134,2,0.0,0.0,0.0,0.0,2026-05-06 16:03:47.571
3111,248191,3,0.0,0.0,-0.0,-0.0,2026-05-06 16:03:47.571
3112,248296,1,0.0,0.0,0.0,0.0,2026-05-06 16:03:47.571
3113,248353,2,0.0,0.0,0.0,0.0,2026-05-06 16:03:47.571
3114,248410,3,0.0,0.0,-0.0,0.0,2026-05-06 16:03:47.571
3115,248561,1,0.0,0.0,0.0,0.0,2026-05-06 16:03:47.571
3116,248618,2,0.0,0.0,0.0,0.0,2026-05-06 16:03:47.571
3117,248675,3,0.0,0.0,0.0,0.0,2026-05-06 16:03:47.571
3118,248778,1,0.0,0.0,0.0,0.0,2026-05-06 16:03:47.571
3119,248835,2,0.0,0.0,0.0,0.0,2026-05-06 16:03:47.571
3120,248892,3,0.0,0.0,0.0,0.0,2026-05-06 16:03:47.571
3121,249043,1,0.0,0.0,0.0,0.0,2026-05-06 16:03:47.571
3122,249100,2,0.0,0.0,0.0,-0.0,2026-05-06 16:03:47.571
3123,249158,3,0.0,0.0,0.0,0.0,2026-05-06 16:03:47.571
3124,249261,1,0.0,0.0,0.0,0.0,2026-05-06 16:03:47.571
3125,249318,2,0.0,0.0,0.0,-0.0,2026-05-06 16:03:47.571
3126,249376,3,0.0,0.0,0.0,0.0,2026-05-06 16:03:47.571
3127,249526,1,0.0,0.0,0.0,0.0,2026-05-06 16:03:47.571
3128,249583,2,0.0,0.0,0.0,0.0,2026-05-06 16:03:47.571
3129,249640,3,0.0,0.0,0.0,0.0,2026-05-06 16:03:47.571
3130,249743,1,0.0,0.0,0.0,-0.0,2026-05-06 16:03:47.571
3131,249801,2,0.0,0.0,0.0,0.0,2026-05-06 16:03:47.571
3132,249858,3,0.0,0.0,0.0,0.0,2026-05-06 16:03:47.571
3133,250008,1,0.0,0.0,0.0,0.0,2026-05-06 16:03:47.571
3134,250065,2,0.0,0.0,0.0,0.0,2026-05-06 16:03:47.571
3135,250122,3,0.0,0.0,-0.0,0.0,2026-05-06 16:03:47.571
3136,250226,1,0.0,0.0,0.0,0.0,2026-05-06 16:03:47.571
3137,250283,2,0.0,0.0,0.0,0.0,2026-05-06 16:03:47.571
3138,250340,3,0.0,0.0,-0.0,0.0,2026-05-06 16:03:47.571
3139,250491,1,0.0,0.0,0.0,0.0,2026-05-06 16:03:47.571
3140,250548,2,0.0,0.0,0.0,0.0,2026-05-06 16:03:47.571
3141,250605,3,0.0,0.0,-0.0,0.0,2026-05-06 16:03:47.571
3142,250709,1,0.0,0.0,0.0,0.0,2026-05-06 16:03:47.571
3143,250766,2,0.0,0.0,0.0,0.0,2026-05-06 16:03:47.571
3144,250823,3,0.0,0.0,-0.0,0.0,2026-05-06 16:03:47.571
3145,250974,1,0.0,0.0,0.0,0.0,2026-05-06 16:03:47.571
3146,251031,2,0.0,0.0,0.0,0.0,2026-05-06 16:03:47.571
3147,251088,3,0.0,0.0,0.0,0.0,2026-05-06 16:03:47.571
3148,251191,1,0.0,0.0,0.0,0.0,2026-05-06 16:03:47.571
3149,251248,2,0.0,0.0,0.0,0.0,2026-05-06 16:03:47.571
3150,251305,3,0.0,0.0,0.0,0.0,2026-05-06 16:03:47.571
3151,251456,1,0.0,0.0,0.0,0.0,2026-05-06 16:03:47.571
3152,251513,2,0.0,0.0,0.0,0.0,2026-05-06 16:03:47.571
3153,251570,3,0.0,0.0,0.0,0.0,2026-05-06 16:03:47.571
3154,251673,1,0.0,0.0,0.0,0.0,2026-05-06 16:03:48.277
3155,251730,2,0.0,0.0,0.0,0.0,2026-05-06 16:03:48.277
3156,251787,3,0.0,0.0,0.0,0.0,2026-05-06 16:03:48.277
3157,251938,1,0.0,0.0,0.0,0.0,2026-05-06 16:03:48.277
3158,251995,2,0.0,0.0,0.0,0.0,2026-05-06 16:03:48.277
3159,252052,3,0.0,0.0,0.0,0.0,2026-05-06 16:03:48.277
3160,252155,1,0.0,0.0,0.0,0.0,2026-05-06 16:03:48.277
3161,252212,2,0.0,0.0,0.0,0.0,2026-05-06 16:03:48.277
3162,252269,3,0.0,0.0,0.0,0.0,2026-05-06 16:03:48.277
3163,252420,1,0.0,0.0,0.0,0.0,2026-05-06 16:03:48.277
3164,252477,2,0.0,0.0,0.0,0.0,2026-05-06 16:03:48.277
3165,252534,3,0.0,0.0,0.0,0.0,2026-05-06 16:03:48.277
3166,252637,1,0.0,0.0,0.0,0.0,2026-05-06 16:03:48.277
3167,252694,2,0.0,0.0,0.0,0.0,2026-05-06 16:03:48.277
3168,252905,1,0.0,0.0,0.0,0.0,2026-05-06 16:03:48.277
3169,252962,2,0.0,0.0,0.0,0.0,2026-05-06 16:03:48.277
3170,253019,3,0.0,0.0,-0.0,0.0,2026-05-06 16:03:48.277
3171,253123,1,0.0,0.0,0.0,0.0,2026-05-06 16:03:48.277
3172,253180,2,0.0,0.0,0.0,0.0,2026-05-06 16:03:48.277
3173,253237,3,0.0,0.0,0.0,0.0,2026-05-06 16:03:48.277
3174,253388,1,0.0,0.0,0.0,0.0,2026-05-06 16:03:48.277
3175,253445,2,0.0,0.0,0.0,0.0,2026-05-06 16:03:48.277
3176,253502,3,0.0,0.0,0.0,0.0,2026-05-06 16:03:48.277
3177,253605,1,0.0,0.0,0.0,0.0,2026-05-06 16:03:48.277
3178,253662,2,0.0,0.0,0.0,0.0,2026-05-06 16:03:48.277
3179,253719,3,0.0,0.0,0.01,0.0,2026-05-06 16:03:48.277
3180,253870,1,0.0,0.0,0.0,-0.0,2026-05-06 16:03:48.277
3181,253928,2,0.0,0.0,0.0,-0.0,2026-05-06 16:03:48.277
3182,253986,3,0.0,0.0,0.0,0.0,2026-05-06 16:03:48.277
3183,254089,1,0.0,0.0,0.0,-0.0,2026-05-06 16:03:48.277
3184,254147,2,0.0,0.0,0.0,0.0,2026-05-06 16:03:48.277
3185,254204,3,0.0,0.0,0.0,0.0,2026-05-06 16:03:48.277
3186,254355,1,-50.77,0.0,0.0,0.0,2026-05-06 16:03:48.277
3187,254414,2,50.77,0.0,0.0,0.0,2026-05-06 16:03:48.277
3188,254472,3,90.0,0.0,0.0,0.0,2026-05-06 16:03:48.277
3189,254576,1,0.0,0.0,0.0,0.0,2026-05-06 16:03:48.277
3190,254633,2,0.0,0.0,0.0,0.0,2026-05-06 16:03:48.277
3191,254690,3,0.0,0.0,0.0,0.0,2026-05-06 16:03:48.277
3192,254840,1,-50.77,0.0,0.0,0.0,2026-05-06 16:03:48.277
3193,254899,2,50.77,0.0,0.0,0.0,2026-05-06 16:03:48.277
3194,254957,3,-90.0,0.0,-0.0,0.0,2026-05-06 16:03:48.277
3195,255064,1,-50.77,0.0,0.0,0.0,2026-05-06 16:03:48.277
3196,255123,2,50.77,0.0,-0.0,0.0,2026-05-06 16:03:48.277
3197,255182,3,-90.0,0.0,-0.0,0.0,2026-05-06 16:03:48.277
3198,255305,1,-50.77,0.0,-0.43,0.0,2026-05-06 16:03:48.277
3199,255365,2,50.77,0.0,0.32,0.0,2026-05-06 16:03:48.277
3200,255423,3,90.0,0.0,0.52,0.0,2026-05-06 16:03:48.277
3201,255528,1,-50.77,0.0,-0.43,0.0,2026-05-06 16:03:48.277
3202,255588,2,50.77,0.0,0.32,0.0,2026-05-06 16:03:48.277
3203,255646,3,90.0,0.0,0.52,0.0,2026-05-06 16:03:48.277
3204,255720,3,90.0,0.0,1.83,0.0,2026-05-06 16:03:48.277
3205,255825,1,-50.77,0.0,-4.58,0.0,2026-05-06 16:03:48.277
3206,255885,2,50.77,0.0,4.35,-0.004,2026-05-06 16:03:48.277
3207,255944,3,90.0,0.0,1.83,0.0,2026-05-06 16:03:48.277
3208,256049,1,-50.77,0.0,-6.08,0.0,2026-05-06 16:03:48.277
3209,256109,2,50.77,0.0,5.83,-0.004,2026-05-06 16:03:48.277
3210,256232,1,-50.77,0.0,-14.02,0.0,2026-05-06 16:03:48.277
3211,256293,2,50.77,0.0,13.57,-0.007,2026-05-06 16:03:48.277
3212,256353,3,90.0,0.0,3.85,-0.0,2026-05-06 16:03:48.277
3213,256459,1,-50.77,0.0,-14.02,0.0,2026-05-06 16:03:48.277
3214,256520,2,50.77,0.0,13.57,-0.007,2026-05-06 16:03:48.277
3215,256580,3,90.0,0.0,3.85,-0.0,2026-05-06 16:03:48.277
3216,256651,1,-50.77,0.0,-25.79,0.001,2026-05-06 16:03:48.277
3217,256712,2,50.77,0.0,25.09,-0.011,2026-05-06 16:03:48.277
3218,256772,3,90.0,0.0,9.57,0.0,2026-05-06 16:03:48.277
3219,256877,1,-50.77,0.0,-25.79,0.001,2026-05-06 16:03:48.277
3220,256938,2,50.77,0.0,25.09,-0.011,2026-05-06 16:03:48.277
3221,256998,3,90.0,0.0,9.57,0.0,2026-05-06 16:03:48.277
3222,257166,1,-50.77,0.0,-37.55,0.002,2026-05-06 16:03:48.277
3223,257227,2,50.77,0.0,37.03,-0.012,2026-05-06 16:03:48.277
3224,257287,3,90.0,0.0,19.43,0.0,2026-05-06 16:03:48.277
3225,257393,1,-50.77,0.0,-39.13,0.002,2026-05-06 16:03:48.277
3226,257454,2,50.77,0.0,38.6,-0.012,2026-05-06 16:03:48.277
3227,257514,3,90.0,0.0,21.35,0.0,2026-05-06 16:03:48.277
3228,257633,1,-50.77,0.0,-45.73,0.004,2026-05-06 16:03:48.277
3229,257694,2,50.77,0.0,45.42,-0.012,2026-05-06 16:03:48.277
3230,257754,3,90.0,0.0,32.86,-0.0,2026-05-06 16:03:48.277
3231,257905,1,-50.77,0.0,-46.44,0.004,2026-05-06 16:03:48.277
3232,257966,2,50.77,0.0,46.1,-0.011,2026-05-06 16:03:48.277
3233,258093,1,-50.77,0.0,-50.19,0.007,2026-05-06 16:03:48.277
3234,258154,2,50.77,0.0,49.97,-0.01,2026-05-06 16:03:48.277
3235,258214,3,90.0,0.0,52.37,-0.0,2026-05-06 16:03:48.277
3236,258321,1,-50.77,0.0,-50.19,0.007,2026-05-06 16:03:48.277
3237,258382,2,50.77,0.0,50.15,-0.01,2026-05-06 16:03:48.277
3238,258442,3,90.0,0.0,52.37,-0.0,2026-05-06 16:03:48.277
3239,258562,1,-50.77,0.0,-50.85,0.006,2026-05-06 16:03:48.277
3240,258623,2,50.77,0.0,50.9,-0.008,2026-05-06 16:03:48.277
3241,258683,3,90.0,0.0,67.09,0.0,2026-05-06 16:03:48.277
3242,258789,1,-50.77,0.0,-50.85,0.006,2026-05-06 16:03:48.277
3243,258850,2,50.77,0.0,50.9,-0.008,2026-05-06 16:03:48.277
3244,258910,3,90.0,0.0,67.09,0.0,2026-05-06 16:03:48.277
3245,258981,3,90.0,0.0,77.45,0.0,2026-05-06 16:03:48.277
3246,259087,1,-50.77,0.0,-50.8,0.006,2026-05-06 16:03:48.277
3247,259148,2,50.77,0.0,50.84,-0.008,2026-05-06 16:03:48.277
3248,259208,3,90.0,0.0,78.83,0.001,2026-05-06 16:03:48.277
3249,259314,1,-50.77,0.0,-50.79,0.007,2026-05-06 16:03:48.277
3250,259375,2,50.77,0.0,50.82,-0.007,2026-05-06 16:03:48.277
3251,259449,3,90.0,0.0,85.82,0.0,2026-05-06 16:03:48.277
3252,259555,1,-50.77,0.0,-50.78,0.005,2026-05-06 16:03:48.277
3253,259616,2,50.77,0.0,50.8,-0.006,2026-05-06 16:03:48.277
3254,259676,3,90.0,0.0,85.82,0.0,2026-05-06 16:03:48.990
3255,259782,1,-50.77,0.0,-50.78,0.004,2026-05-06 16:03:48.990
3256,259843,2,50.77,0.0,50.79,-0.006,2026-05-06 16:03:48.990
3257,259965,1,-50.77,0.063,-50.77,0.004,2026-05-06 16:03:48.990
3258,260026,2,50.77,-0.063,50.78,-0.004,2026-05-06 16:03:48.990
3259,260087,3,90.0,0.049,88.97,-0.0,2026-05-06 16:03:48.990
3260,260194,1,-50.77,0.063,-50.77,0.004,2026-05-06 16:03:48.990
3261,260255,2,50.77,-0.063,50.78,-0.004,2026-05-06 16:03:48.990
3262,260438,1,-50.77,0.063,-50.77,0.047,2026-05-06 16:03:48.990
3263,260499,2,50.77,-0.063,50.77,-0.047,2026-05-06 16:03:48.990
3264,260560,3,90.0,0.049,90.11,0.029,2026-05-06 16:03:48.990
3265,260666,1,-50.77,0.063,-50.77,0.047,2026-05-06 16:03:48.990
3266,260727,2,50.77,-0.063,50.77,-0.047,2026-05-06 16:03:48.990
3267,260788,3,90.0,0.049,90.11,0.029,2026-05-06 16:03:48.990
3268,260907,1,-50.77,0.063,-50.78,0.05,2026-05-06 16:03:48.990
3269,260968,2,50.77,-0.063,50.85,-0.048,2026-05-06 16:03:48.990
3270,261029,3,90.0,0.049,90.09,0.043,2026-05-06 16:03:48.990
3271,261135,1,-50.77,0.063,-50.78,0.053,2026-05-06 16:03:48.990
3272,261196,2,50.77,-0.063,50.85,-0.052,2026-05-06 16:03:48.990
3273,261257,3,90.0,0.049,90.09,0.044,2026-05-06 16:03:48.990
3274,261328,3,90.0,0.049,90.1,0.06,2026-05-06 16:03:48.990
3275,261434,1,-50.77,0.063,-50.79,0.068,2026-05-06 16:03:48.990
3276,261495,2,50.77,-0.063,50.86,-0.069,2026-05-06 16:03:48.990
3277,261556,3,90.0,0.049,90.1,0.06,2026-05-06 16:03:48.990
3278,261662,1,-50.77,0.063,-50.79,0.07,2026-05-06 16:03:48.990
3279,261723,2,50.77,-0.063,50.86,-0.069,2026-05-06 16:03:48.990
3280,261845,1,-50.77,0.063,-50.79,0.068,2026-05-06 16:03:48.990
3281,261906,2,50.77,-0.063,50.86,-0.063,2026-05-06 16:03:48.990
3282,261967,3,90.0,0.049,90.04,0.046,2026-05-06 16:03:48.990
3283,262073,1,-50.77,0.063,-50.8,0.066,2026-05-06 16:03:48.990
3284,262134,2,50.77,-0.063,50.85,-0.063,2026-05-06 16:03:48.990
3285,262195,3,90.0,0.049,90.04,0.045,2026-05-06 16:03:48.990
3286,262314,1,-50.77,0.063,-50.79,0.065,2026-05-06 16:03:48.990
3287,262375,2,50.77,-0.063,50.81,-0.066,2026-05-06 16:03:48.990
3288,262436,3,90.0,0.049,90.05,0.044,2026-05-06 16:03:48.990
3289,262542,1,-50.77,0.063,-50.79,0.067,2026-05-06 16:03:48.990
3290,262603,2,50.77,-0.063,50.81,-0.066,2026-05-06 16:03:48.990
3291,262664,3,90.0,0.049,90.05,0.046,2026-05-06 16:03:48.990
3292,262783,1,-50.77,0.063,-50.79,0.067,2026-05-06 16:03:48.990
3293,262844,2,50.77,-0.063,50.79,-0.064,2026-05-06 16:03:48.990
3294,262905,3,90.0,0.049,90.04,0.053,2026-05-06 16:03:48.990
3295,263011,1,-50.77,0.063,-50.79,0.067,2026-05-06 16:03:48.990
3296,263072,2,50.77,-0.063,50.79,-0.064,2026-05-06 16:03:48.990
3297,263133,3,90.0,0.049,90.04,0.053,2026-05-06 16:03:48.990
3298,263252,1,-50.77,0.063,-50.77,0.063,2026-05-06 16:03:48.990
3299,263313,2,50.77,-0.063,50.77,-0.062,2026-05-06 16:03:48.990
3300,263374,3,90.0,0.049,90.02,0.051,2026-05-06 16:03:48.990
3301,263480,1,-50.77,0.063,-50.77,0.063,2026-05-06 16:03:48.990
3302,263541,2,50.77,-0.063,50.77,-0.063,2026-05-06 16:03:48.990
3303,263602,3,90.0,0.049,90.02,0.049,2026-05-06 16:03:48.990
3304,263673,3,90.0,0.049,90.01,0.05,2026-05-06 16:03:48.990
3305,263779,1,-50.77,0.063,-50.76,0.063,2026-05-06 16:03:48.990
3306,263840,2,50.77,-0.063,50.77,-0.061,2026-05-06 16:03:48.990
3307,263901,3,90.0,0.049,90.01,0.05,2026-05-06 16:03:48.990
3308,264007,1,-50.77,0.063,-50.76,0.063,2026-05-06 16:03:48.990
3309,264068,2,50.77,-0.063,50.77,-0.06,2026-05-06 16:03:48.990
3310,264142,1,-50.77,0.063,-50.76,0.061,2026-05-06 16:03:48.990
3311,264203,2,50.77,-0.063,50.76,-0.06,2026-05-06 16:03:48.990
3312,264264,3,90.0,0.049,90.0,0.048,2026-05-06 16:03:48.990
3313,264370,1,-50.77,0.063,-50.76,0.061,2026-05-06 16:03:48.990
3314,264431,2,50.77,-0.063,50.76,-0.06,2026-05-06 16:03:48.990
3315,264492,3,90.0,0.049,90.0,0.048,2026-05-06 16:03:48.990
3316,264659,1,-50.77,0.063,-50.77,0.064,2026-05-06 16:03:48.990
3317,264720,2,50.77,-0.063,50.76,-0.062,2026-05-06 16:03:48.990
3318,264781,3,90.0,0.049,90.0,0.046,2026-05-06 16:03:48.990
3319,264887,1,-50.77,0.063,-50.77,0.064,2026-05-06 16:03:48.990
3320,264948,2,50.77,-0.063,50.76,-0.064,2026-05-06 16:03:48.990
3321,265009,3,90.0,0.049,90.0,0.046,2026-05-06 16:03:48.990
3322,265128,1,-50.77,0.063,-50.77,0.066,2026-05-06 16:03:48.990
3323,265189,2,50.77,-0.063,50.77,-0.064,2026-05-06 16:03:48.990
3324,265250,3,90.0,0.049,90.0,0.048,2026-05-06 16:03:48.990
3325,265356,1,-50.77,0.063,-50.78,0.066,2026-05-06 16:03:48.990
3326,265417,2,50.77,-0.063,50.77,-0.063,2026-05-06 16:03:48.990
3327,265478,3,90.0,0.049,90.0,0.048,2026-05-06 16:03:48.990
3328,265597,1,-50.77,0.063,-50.78,0.065,2026-05-06 16:03:48.990
3329,265658,2,50.77,-0.063,50.77,-0.063,2026-05-06 16:03:48.990
3330,265719,3,90.0,0.049,90.0,0.049,2026-05-06 16:03:48.990
3331,265825,1,-50.77,0.063,-50.78,0.064,2026-05-06 16:03:48.990
3332,265886,2,50.77,-0.063,50.77,-0.063,2026-05-06 16:03:48.990
3333,265947,3,90.0,0.049,90.0,0.049,2026-05-06 16:03:48.990
3334,266066,1,-50.77,0.063,-50.78,0.064,2026-05-06 16:03:48.990
3335,266127,2,50.77,-0.063,50.77,-0.063,2026-05-06 16:03:48.990
3336,266188,3,90.0,0.049,90.0,0.049,2026-05-06 16:03:48.990
3337,266294,1,-50.77,0.063,-50.78,0.064,2026-05-06 16:03:48.990
3338,266355,2,50.77,-0.063,50.77,-0.063,2026-05-06 16:03:48.990
3339,266416,3,90.0,0.049,90.0,0.049,2026-05-06 16:03:48.990
3340,266535,1,-50.77,0.063,-50.78,0.063,2026-05-06 16:03:48.990
3341,266596,2,50.77,-0.063,50.77,-0.061,2026-05-06 16:03:48.990
3342,266657,3,90.0,0.049,90.0,0.049,2026-05-06 16:03:48.990
3343,266763,1,-50.77,0.063,-50.78,0.063,2026-05-06 16:03:48.990
3344,266824,2,50.77,-0.063,50.77,-0.06,2026-05-06 16:03:48.990
3345,266885,3,90.0,0.049,90.0,0.048,2026-05-06 16:03:48.990
3346,266956,1,-50.77,0.063,-50.77,0.062,2026-05-06 16:03:48.990
3347,267017,2,50.77,-0.063,50.77,-0.061,2026-05-06 16:03:48.990
3348,267078,3,90.0,0.049,90.0,0.048,2026-05-06 16:03:48.990
3349,267184,1,-50.77,0.063,-50.77,0.063,2026-05-06 16:03:48.990
3350,267245,2,50.77,-0.063,50.77,-0.062,2026-05-06 16:03:48.990
3351,267306,3,90.0,0.049,90.0,0.048,2026-05-06 16:03:48.990
3352,267473,1,-50.77,0.063,-50.77,0.064,2026-05-06 16:03:48.990
3353,267534,2,50.77,-0.063,50.77,-0.063,2026-05-06 16:03:48.990
3354,267595,3,90.0,0.049,90.0,0.048,2026-05-06 16:03:48.990
3355,267701,1,-50.77,0.063,-50.77,0.064,2026-05-06 16:03:48.990
3356,267762,2,50.77,-0.063,50.77,-0.063,2026-05-06 16:03:48.990
3357,267945,1,-50.77,0.063,-50.78,0.064,2026-05-06 16:03:49.700
3358,268006,2,50.77,-0.063,50.77,-0.062,2026-05-06 16:03:49.700
3359,268067,3,90.0,0.049,90.0,0.048,2026-05-06 16:03:49.700
3360,268173,1,-50.77,0.063,-50.78,0.065,2026-05-06 16:03:49.700
3361,268234,2,50.77,-0.063,50.77,-0.062,2026-05-06 16:03:49.700
3362,268295,3,90.0,0.049,90.0,0.049,2026-05-06 16:03:49.700
3363,268414,1,-50.77,0.063,-50.78,0.065,2026-05-06 16:03:49.700
3364,268475,2,50.77,-0.063,50.77,-0.063,2026-05-06 16:03:49.700
3365,268536,3,90.0,0.049,90.0,0.049,2026-05-06 16:03:49.700
3366,268642,1,-50.77,0.063,-50.78,0.064,2026-05-06 16:03:49.700
3367,268703,2,50.77,-0.063,50.77,-0.063,2026-05-06 16:03:49.700
3368,268764,3,90.0,0.049,90.0,0.049,2026-05-06 16:03:49.700
3369,268836,3,90.0,0.049,90.0,0.049,2026-05-06 16:03:49.700
3370,268942,1,-50.77,0.063,-50.78,0.063,2026-05-06 16:03:49.700
3371,269003,2,50.77,-0.063,50.77,-0.063,2026-05-06 16:03:49.700
3372,269064,3,90.0,0.049,90.0,0.05,2026-05-06 16:03:49.700
3373,269170,1,-50.77,0.063,-50.78,0.063,2026-05-06 16:03:49.700
3374,269231,2,50.77,-0.063,50.77,-0.063,2026-05-06 16:03:49.700
3375,269352,1,-50.77,0.063,-50.77,0.063,2026-05-06 16:03:49.700
3376,269413,2,50.77,-0.063,50.77,-0.061,2026-05-06 16:03:49.700
3377,269474,3,90.0,0.049,90.0,0.049,2026-05-06 16:03:49.700
3378,269580,1,-50.77,0.063,-50.77,0.063,2026-05-06 16:03:49.700
3379,269641,2,50.77,-0.063,50.77,-0.061,2026-05-06 16:03:49.700
3380,269702,3,90.0,0.049,90.0,0.049,2026-05-06 16:03:49.700
3381,269821,1,-50.77,0.063,-50.77,0.063,2026-05-06 16:03:49.700
3382,269882,2,50.77,-0.063,50.77,-0.062,2026-05-06 16:03:49.700
3383,269943,3,90.0,0.049,90.0,0.048,2026-05-06 16:03:49.700
3384,270049,1,-50.77,0.063,-50.77,0.064,2026-05-06 16:03:49.700
3385,270110,2,50.77,-0.063,50.77,-0.063,2026-05-06 16:03:49.700
3386,270171,3,90.0,0.049,90.0,0.048,2026-05-06 16:03:49.700
3387,270290,1,-50.77,0.063,-50.77,0.064,2026-05-06 16:03:49.700
3388,270351,2,50.77,-0.063,50.77,-0.063,2026-05-06 16:03:49.700
3389,270412,3,90.0,0.049,90.0,0.048,2026-05-06 16:03:49.700
3390,270518,1,-50.77,0.063,-50.77,0.064,2026-05-06 16:03:49.700
3391,270579,2,50.77,-0.063,50.77,-0.062,2026-05-06 16:03:49.700
3392,270640,3,90.0,0.049,90.0,0.048,2026-05-06 16:03:49.700
3393,270759,1,-50.77,0.063,-50.77,0.064,2026-05-06 16:03:49.700
3394,270820,2,50.77,-0.063,50.77,-0.063,2026-05-06 16:03:49.700
3395,270881,3,90.0,0.049,90.0,0.048,2026-05-06 16:03:49.700
3396,270987,1,-50.77,0.063,-50.77,0.064,2026-05-06 16:03:49.700
3397,271048,2,50.77,-0.063,50.77,-0.063,2026-05-06 16:03:49.700
3398,271109,3,90.0,0.049,90.0,0.048,2026-05-06 16:03:49.700
3399,271228,1,-50.77,0.063,-50.78,0.064,2026-05-06 16:03:49.700
3400,271289,2,50.77,-0.063,50.77,-0.063,2026-05-06 16:03:49.700
3401,271350,3,90.0,0.049,90.0,0.049,2026-05-06 16:03:49.700
3402,271456,1,-50.77,0.063,-50.78,0.063,2026-05-06 16:03:49.700
3403,271517,2,50.77,-0.063,50.77,-0.062,2026-05-06 16:03:49.700
3404,271578,3,90.0,0.049,90.0,0.048,2026-05-06 16:03:49.700
3405,271649,2,50.77,-0.063,50.77,-0.062,2026-05-06 16:03:49.700
3406,271710,3,90.0,0.049,90.0,0.049,2026-05-06 16:03:49.700
3407,271816,1,-50.77,0.063,-50.77,0.063,2026-05-06 16:03:49.700
3408,271877,2,50.77,-0.063,50.77,-0.062,2026-05-06 16:03:49.700
3409,271938,3,90.0,0.049,90.0,0.049,2026-05-06 16:03:49.700
3410,272044,1,-50.77,0.063,-50.77,0.063,2026-05-06 16:03:49.700
3411,272166,1,-50.77,0.063,-50.77,0.063,2026-05-06 16:03:49.700
3412,272227,2,50.77,-0.063,50.77,-0.062,2026-05-06 16:03:49.700
3413,272288,3,90.0,0.049,90.0,0.048,2026-05-06 16:03:49.700
3414,272394,1,-50.77,0.063,-50.77,0.063,2026-05-06 16:03:49.700
3415,272455,2,50.77,-0.063,50.77,-0.062,2026-05-06 16:03:49.700
3416,272516,3,90.0,0.049,90.0,0.048,2026-05-06 16:03:49.700
3417,272635,1,-50.77,0.063,-50.77,0.063,2026-05-06 16:03:49.700
3418,272696,2,50.77,-0.063,50.77,-0.063,2026-05-06 16:03:49.700
3419,272757,3,90.0,0.049,90.0,0.048,2026-05-06 16:03:49.700
3420,272863,1,-50.77,0.063,-50.77,0.063,2026-05-06 16:03:49.700
3421,272924,2,50.77,-0.063,50.77,-0.062,2026-05-06 16:03:49.700
3422,272985,3,90.0,0.049,90.0,0.048,2026-05-06 16:03:49.700
3423,273056,2,50.77,-0.063,50.77,-0.062,2026-05-06 16:03:49.700
3424,273117,3,90.0,0.049,90.0,0.048,2026-05-06 16:03:49.700
3425,273223,1,-50.77,0.063,-50.77,0.065,2026-05-06 16:03:49.700
3426,273284,2,50.77,-0.063,50.77,-0.062,2026-05-06 16:03:49.700
3427,273345,3,90.0,0.049,90.0,0.048,2026-05-06 16:03:49.700
3428,273451,1,-50.77,0.063,-50.77,0.065,2026-05-06 16:03:49.700
3429,273573,1,-50.77,0.063,-50.77,0.064,2026-05-06 16:03:49.700
3430,273634,2,50.77,-0.063,50.77,-0.063,2026-05-06 16:03:49.700
3431,273695,3,90.0,0.049,90.0,0.049,2026-05-06 16:03:49.700
3432,273801,1,-50.77,0.063,-50.77,0.064,2026-05-06 16:03:49.700
3433,273862,2,50.77,-0.063,50.77,-0.063,2026-05-06 16:03:49.700
3434,273923,3,90.0,0.049,90.0,0.049,2026-05-06 16:03:49.700
3435,274042,1,-50.77,0.063,-50.77,0.064,2026-05-06 16:03:49.700
3436,274103,2,50.77,-0.063,50.77,-0.064,2026-05-06 16:03:49.700
3437,274164,3,90.0,0.049,90.0,0.048,2026-05-06 16:03:49.700
3438,274270,1,-50.77,0.063,-50.77,0.064,2026-05-06 16:03:49.700
3439,274331,2,50.77,-0.063,50.77,-0.063,2026-05-06 16:03:49.700
3440,274392,3,90.0,0.049,90.0,0.049,2026-05-06 16:03:49.700
3441,274463,1,-50.77,0.063,-50.77,0.064,2026-05-06 16:03:49.700
3442,274524,2,50.77,-0.063,50.77,-0.062,2026-05-06 16:03:49.700
3443,274585,3,90.0,0.049,90.0,0.049,2026-05-06 16:03:49.700
3444,274691,1,-50.77,0.063,-50.77,0.064,2026-05-06 16:03:49.700
3445,274752,2,50.77,-0.063,50.77,-0.062,2026-05-06 16:03:49.700
3446,274813,3,90.0,0.049,90.0,0.049,2026-05-06 16:03:49.700
3447,274980,1,-50.77,0.063,-50.77,0.063,2026-05-06 16:03:49.700
3448,275041,2,50.77,-0.063,50.77,-0.062,2026-05-06 16:03:49.700
3449,275102,3,90.0,0.049,90.0,0.048,2026-05-06 16:03:49.700
3450,275208,1,-50.77,0.063,-50.77,0.063,2026-05-06 16:03:49.700
3451,275269,2,50.77,-0.063,50.77,-0.063,2026-05-06 16:03:49.700
3452,275452,1,-50.77,0.063,-50.77,0.064,2026-05-06 16:03:49.700
3453,275513,2,50.77,-0.063,50.77,-0.062,2026-05-06 16:03:49.700
3454,275574,3,90.0,0.049,90.0,0.047,2026-05-06 16:03:49.700
3455,275680,1,-50.77,0.063,-50.77,0.064,2026-05-06 16:03:49.700
3456,275741,2,50.77,-0.063,50.77,-0.062,2026-05-06 16:03:49.700
3457,275802,3,90.0,0.049,90.0,0.047,2026-05-06 16:03:50.409
3458,275921,1,-50.77,0.063,-50.77,0.065,2026-05-06 16:03:50.409
3459,275982,2,50.77,-0.063,50.77,-0.062,2026-05-06 16:03:50.409
3460,276043,3,90.0,0.049,90.0,0.049,2026-05-06 16:03:50.409
3461,276149,1,-50.77,0.063,-50.77,0.065,2026-05-06 16:03:50.409
3462,276210,2,50.77,-0.063,50.77,-0.062,2026-05-06 16:03:50.409
3463,276271,3,90.0,0.049,90.0,0.049,2026-05-06 16:03:50.409
3464,276390,1,-50.77,0.063,-50.77,0.064,2026-05-06 16:03:50.409
3465,276451,2,50.77,-0.063,50.77,-0.064,2026-05-06 16:03:50.409
3466,276512,3,90.0,0.049,90.0,0.049,2026-05-06 16:03:50.409
3467,276618,1,-50.77,0.063,-50.77,0.064,2026-05-06 16:03:50.409
3468,276679,2,50.77,-0.063,50.77,-0.064,2026-05-06 16:03:50.409
3469,276740,3,90.0,0.049,90.0,0.049,2026-05-06 16:03:50.409
3470,276859,1,-50.77,0.063,-50.78,0.063,2026-05-06 16:03:50.409
3471,276920,2,50.77,-0.063,50.77,-0.063,2026-05-06 16:03:50.409
3472,276981,3,90.0,0.049,90.0,0.049,2026-05-06 16:03:50.409
3473,277087,1,-50.77,0.063,-50.78,0.063,2026-05-06 16:03:50.409
3474,277148,2,50.77,-0.063,50.77,-0.063,2026-05-06 16:03:50.409
3475,277209,3,90.0,0.049,90.0,0.049,2026-05-06 16:03:50.409
3476,277280,3,90.0,0.049,90.0,0.049,2026-05-06 16:03:50.409
3477,277386,1,-50.77,0.063,-50.77,0.063,2026-05-06 16:03:50.409
3478,277447,2,50.77,-0.063,50.77,-0.062,2026-05-06 16:03:50.409
3479,277508,3,90.0,0.049,90.0,0.049,2026-05-06 16:03:50.409
3480,277614,1,-50.77,0.063,-50.77,0.063,2026-05-06 16:03:50.409
3481,277675,2,50.77,-0.063,50.77,-0.062,2026-05-06 16:03:50.409
3482,277797,1,-50.77,0.063,-50.77,0.062,2026-05-06 16:03:50.409
3483,277858,2,50.77,-0.063,50.78,-0.063,2026-05-06 16:03:50.409
3484,277919,3,90.0,0.049,90.0,0.048,2026-05-06 16:03:50.409
3485,278025,1,-50.77,0.063,-50.77,0.062,2026-05-06 16:03:50.409
3486,278086,2,50.77,-0.063,50.78,-0.063,2026-05-06 16:03:50.409
3487,278147,3,90.0,0.049,90.0,0.048,2026-05-06 16:03:50.409
3488,278219,3,90.0,0.049,90.0,0.047,2026-05-06 16:03:50.409
3489,278325,1,-50.77,0.063,-50.77,0.063,2026-05-06 16:03:50.409
3490,278386,2,50.77,-0.063,50.78,-0.061,2026-05-06 16:03:50.409
3491,278447,3,90.0,0.049,90.0,0.047,2026-05-06 16:03:50.409
3492,278553,1,-50.77,0.063,-50.77,0.063,2026-05-06 16:03:50.409
3493,278614,2,50.77,-0.063,50.78,-0.061,2026-05-06 16:03:50.409
3494,278687,2,50.77,-0.063,50.77,-0.062,2026-05-06 16:03:50.409
3495,278748,3,90.0,0.049,90.0,0.048,2026-05-06 16:03:50.409
3496,278854,1,-50.77,0.063,-50.77,0.064,2026-05-06 16:03:50.409
3497,278915,2,50.77,-0.063,50.77,-0.062,2026-05-06 16:03:50.409
3498,278976,3,90.0,0.049,90.0,0.048,2026-05-06 16:03:50.409
3499,279082,1,-50.77,0.063,-50.77,0.063,2026-05-06 16:03:50.409
3500,279204,1,-50.77,0.063,-50.77,0.063,2026-05-06 16:03:50.409
3501,279265,2,50.77,-0.063,50.77,-0.062,2026-05-06 16:03:50.409
3502,279326,3,90.0,0.049,90.0,0.048,2026-05-06 16:03:50.409
3503,279432,1,-50.77,0.063,-50.77,0.063,2026-05-06 16:03:50.409
3504,279493,2,50.77,-0.063,50.77,-0.063,2026-05-06 16:03:50.409
3505,279554,3,90.0,0.049,90.0,0.048,2026-05-06 16:03:50.409
3506,279673,1,-50.77,0.063,-50.77,0.063,2026-05-06 16:03:50.409
3507,279734,2,50.77,-0.063,50.77,-0.062,2026-05-06 16:03:50.409
3508,279795,3,90.0,0.049,90.0,0.049,2026-05-06 16:03:50.409
3509,279901,1,-50.77,0.063,-50.77,0.063,2026-05-06 16:03:50.409
3510,279962,2,50.77,-0.063,50.77,-0.062,2026-05-06 16:03:50.409
3511,280023,3,90.0,0.049,90.0,0.049,2026-05-06 16:03:50.409
3512,280142,1,-50.77,0.063,-50.77,0.064,2026-05-06 16:03:50.409
3513,280203,2,50.77,-0.063,50.77,-0.063,2026-05-06 16:03:50.409
3514,280264,3,90.0,0.049,90.0,0.049,2026-05-06 16:03:50.409
3515,280370,1,-50.77,0.063,-50.77,0.063,2026-05-06 16:03:50.409
3516,280431,2,50.77,-0.063,50.77,-0.064,2026-05-06 16:03:50.409
3517,280492,3,90.0,0.049,90.0,0.048,2026-05-06 16:03:50.409
3518,280611,1,-50.77,0.063,-50.77,0.064,2026-05-06 16:03:50.409
3519,280672,2,50.77,-0.063,50.77,-0.063,2026-05-06 16:03:50.409
3520,280733,3,90.0,0.049,90.0,0.049,2026-05-06 16:03:50.409
3521,280839,1,-50.77,0.063,-50.77,0.064,2026-05-06 16:03:50.409
3522,280900,2,50.77,-0.063,50.77,-0.062,2026-05-06 16:03:50.409
3523,280961,3,90.0,0.049,90.0,0.048,2026-05-06 16:03:50.409
3524,281080,1,-50.77,0.063,-50.77,0.063,2026-05-06 16:03:50.409
3525,281141,2,50.77,-0.063,50.77,-0.062,2026-05-06 16:03:50.409
3526,281202,3,90.0,0.049,90.0,0.049,2026-05-06 16:03:50.409
3527,281308,1,-50.77,0.063,-50.77,0.063,2026-05-06 16:03:50.409
3528,281369,2,50.77,-0.063,50.77,-0.063,2026-05-06 16:03:50.409
3529,281430,3,90.0,0.049,90.0,0.049,2026-05-06 16:03:50.409
3530,281501,1,-50.77,0.063,-50.77,0.064,2026-05-06 16:03:50.409
3531,281562,2,50.77,-0.063,50.77,-0.064,2026-05-06 16:03:50.409
3532,281623,3,90.0,0.049,90.0,0.048,2026-05-06 16:03:50.409
3533,281729,1,-50.77,0.063,-50.77,0.064,2026-05-06 16:03:50.409
3534,281790,2,50.77,-0.063,50.77,-0.064,2026-05-06 16:03:50.409
3535,281851,3,90.0,0.049,90.0,0.048,2026-05-06 16:03:50.409
3536,282018,1,-50.77,0.063,-50.77,0.064,2026-05-06 16:03:50.409
3537,282079,2,50.77,-0.063,50.77,-0.063,2026-05-06 16:03:50.409
3538,282140,3,90.0,0.049,90.0,0.048,2026-05-06 16:03:50.409
3539,282246,1,-50.77,0.063,-50.77,0.064,2026-05-06 16:03:50.409
3540,282307,2,50.77,-0.063,50.77,-0.063,2026-05-06 16:03:50.409
3541,282368,3,90.0,0.049,90.0,0.049,2026-05-06 16:03:50.409
3542,282487,1,-50.77,0.063,-50.77,0.064,2026-05-06 16:03:50.409
3543,282548,2,50.77,-0.063,50.77,-0.064,2026-05-06 16:03:50.409
3544,282609,3,90.0,0.049,90.0,0.049,2026-05-06 16:03:50.409
3545,282715,1,-50.77,0.063,-50.77,0.064,2026-05-06 16:03:50.409
3546,282776,2,50.77,-0.063,50.77,-0.064,2026-05-06 16:03:50.409
3547,282959,1,-50.77,0.063,-50.77,0.064,2026-05-06 16:03:50.409
3548,283020,2,50.77,-0.063,50.77,-0.064,2026-05-06 16:03:50.409
3549,283081,3,90.0,0.049,90.0,0.049,2026-05-06 16:03:50.409
3550,283187,1,-50.77,0.063,-50.77,0.065,2026-05-06 16:03:50.409
3551,283248,2,50.77,-0.063,50.77,-0.063,2026-05-06 16:03:50.409
3552,283309,3,90.0,0.049,90.0,0.05,2026-05-06 16:03:50.409
3553,283428,1,-50.77,0.063,-50.77,0.065,2026-05-06 16:03:50.409
3554,283489,2,50.77,-0.063,50.77,-0.063,2026-05-06 16:03:50.409
3555,283550,3,90.0,0.049,90.0,0.049,2026-05-06 16:03:50.409
3556,283656,1,-50.77,0.063,-50.77,0.065,2026-05-06 16:03:50.409
3557,283717,2,50.77,-0.063,50.77,-0.063,2026-05-06 16:03:50.409
3558,283778,3,90.0,0.049,90.0,0.049,2026-05-06 16:03:50.409
3559,283897,1,-50.77,0.063,-50.77,0.064,2026-05-06 16:03:51.134
3560,283958,2,50.77,-0.063,50.77,-0.063,2026-05-06 16:03:51.134
3561,284019,3,90.0,0.049,90.0,0.049,2026-05-06 16:03:51.134
3562,284125,1,-50.77,0.063,-50.77,0.064,2026-05-06 16:03:51.134
3563,284186,2,50.77,-0.063,50.77,-0.063,2026-05-06 16:03:51.134
3564,284247,3,90.0,0.049,90.0,0.049,2026-05-06 16:03:51.134
3565,284366,1,-50.77,0.063,-50.77,0.064,2026-05-06 16:03:51.134
3566,284427,2,50.77,-0.063,50.77,-0.062,2026-05-06 16:03:51.134
3567,284488,3,90.0,0.049,90.0,0.049,2026-05-06 16:03:51.134
3568,284594,1,-50.77,0.063,-50.77,0.064,2026-05-06 16:03:51.134
3569,284655,2,50.77,-0.063,50.77,-0.062,2026-05-06 16:03:51.134
3570,284716,3,90.0,0.049,90.0,0.048,2026-05-06 16:03:51.134
3571,284788,3,90.0,0.049,90.0,0.048,2026-05-06 16:03:51.134
3572,284894,1,-50.77,0.063,-50.77,0.064,2026-05-06 16:03:51.134
3573,284955,2,50.77,-0.063,50.77,-0.063,2026-05-06 16:03:51.134
3574,285016,3,90.0,0.049,90.0,0.048,2026-05-06 16:03:51.134
3575,285122,1,-50.77,0.063,-50.78,0.064,2026-05-06 16:03:51.134
3576,285183,2,50.77,-0.063,50.77,-0.063,2026-05-06 16:03:51.134
3577,285304,1,-50.77,0.063,-50.78,0.064,2026-05-06 16:03:51.134
3578,285365,2,50.77,-0.063,50.77,-0.063,2026-05-06 16:03:51.134
3579,285426,3,90.0,0.049,90.0,0.048,2026-05-06 16:03:51.134
3580,285532,1,-50.77,0.063,-50.77,0.064,2026-05-06 16:03:51.134
3581,285593,2,50.77,-0.063,50.77,-0.063,2026-05-06 16:03:51.134
3582,285654,3,90.0,0.049,90.0,0.048,2026-05-06 16:03:51.134
3583,285773,1,-50.77,0.063,-50.77,0.063,2026-05-06 16:03:51.134
3584,285834,2,50.77,-0.063,50.77,-0.063,2026-05-06 16:03:51.134
3585,285895,3,90.0,0.049,90.0,0.049,2026-05-06 16:03:51.134
3586,286001,1,-50.77,0.063,-50.77,0.063,2026-05-06 16:03:51.134
3587,286062,2,50.77,-0.063,50.77,-0.063,2026-05-06 16:03:51.134
3588,286123,3,90.0,0.049,90.0,0.049,2026-05-06 16:03:51.134
3589,286242,1,-50.77,0.063,-50.77,0.064,2026-05-06 16:03:51.134
3590,286303,2,50.77,-0.063,50.77,-0.063,2026-05-06 16:03:51.134
3591,286364,3,90.0,0.049,90.0,0.049,2026-05-06 16:03:51.134
3592,286470,1,-50.77,0.063,-50.77,0.064,2026-05-06 16:03:51.134
3593,286531,2,50.77,-0.063,50.77,-0.063,2026-05-06 16:03:51.134
3594,286592,3,90.0,0.049,90.0,0.048,2026-05-06 16:03:51.134
3595,286711,1,-50.77,0.063,-50.77,0.064,2026-05-06 16:03:51.134
3596,286772,2,50.77,-0.063,50.77,-0.063,2026-05-06 16:03:51.134
3597,286833,3,90.0,0.049,90.0,0.049,2026-05-06 16:03:51.134
3598,286939,1,-50.77,0.063,-50.77,0.064,2026-05-06 16:03:51.134
3599,287000,2,50.77,-0.063,50.77,-0.062,2026-05-06 16:03:51.134
3600,287061,3,90.0,0.049,90.0,0.048,2026-05-06 16:03:51.134
3601,287180,1,-50.77,0.063,-50.77,0.064,2026-05-06 16:03:51.134
3602,287241,2,50.77,-0.063,50.77,-0.062,2026-05-06 16:03:51.134
3603,287302,3,90.0,0.049,90.0,0.049,2026-05-06 16:03:51.134
3604,287408,1,-50.77,0.063,-50.77,0.063,2026-05-06 16:03:51.134
3605,287469,2,50.77,-0.063,50.77,-0.062,2026-05-06 16:03:51.134
3606,287530,3,90.0,0.049,90.0,0.048,2026-05-06 16:03:51.134
3607,287649,1,-50.77,0.063,-50.77,0.064,2026-05-06 16:03:51.134
3608,287710,2,50.77,-0.063,50.77,-0.062,2026-05-06 16:03:51.134
3609,287771,3,90.0,0.049,90.0,0.049,2026-05-06 16:03:51.134
3610,287877,1,-50.77,0.063,-50.77,0.065,2026-05-06 16:03:51.134
3611,287938,2,50.77,-0.063,50.77,-0.063,2026-05-06 16:03:51.134
3612,287999,3,90.0,0.049,90.0,0.049,2026-05-06 16:03:51.134
3613,288118,1,-50.77,0.063,-50.77,0.063,2026-05-06 16:03:51.134
3614,288179,2,50.77,-0.063,50.77,-0.063,2026-05-06 16:03:51.134
3615,288240,3,90.0,0.049,90.0,0.048,2026-05-06 16:03:51.134
3616,288346,1,-50.77,0.063,-50.77,0.063,2026-05-06 16:03:51.134
3617,288407,2,50.77,-0.063,50.77,-0.062,2026-05-06 16:03:51.134
3618,288468,3,90.0,0.049,90.0,0.049,2026-05-06 16:03:51.134
3619,288540,3,90.0,0.049,90.0,0.048,2026-05-06 16:03:51.134
3620,288646,1,-50.77,0.063,-50.77,0.064,2026-05-06 16:03:51.134
3621,288707,2,50.77,-0.063,50.77,-0.061,2026-05-06 16:03:51.134
3622,288768,3,90.0,0.049,90.0,0.048,2026-05-06 16:03:51.134
3623,288874,1,-50.77,0.063,-50.77,0.064,2026-05-06 16:03:51.134
3624,288935,2,50.77,-0.063,50.77,-0.061,2026-05-06 16:03:51.134
3625,289056,1,-50.77,0.063,-50.77,0.065,2026-05-06 16:03:51.134
3626,289117,2,50.77,-0.063,50.77,-0.063,2026-05-06 16:03:51.134
3627,289178,3,90.0,0.049,90.0,0.049,2026-05-06 16:03:51.134
3628,289284,1,-50.77,0.063,-50.77,0.065,2026-05-06 16:03:51.134
3629,289345,2,50.77,-0.063,50.77,-0.063,2026-05-06 16:03:51.134
3630,289406,3,90.0,0.049,90.0,0.049,2026-05-06 16:03:51.134
3631,289525,1,-50.77,0.063,-50.77,0.064,2026-05-06 16:03:51.134
3632,289586,2,50.77,-0.063,50.77,-0.064,2026-05-06 16:03:51.134
3633,289647,3,90.0,0.049,90.0,0.049,2026-05-06 16:03:51.134
3634,289753,1,-50.77,0.063,-50.77,0.064,2026-05-06 16:03:51.134
3635,289814,2,50.77,-0.063,50.77,-0.063,2026-05-06 16:03:51.134
3636,289875,3,90.0,0.049,90.0,0.05,2026-05-06 16:03:51.134
3637,289993,1,-50.77,0.063,-50.77,0.063,2026-05-06 16:03:51.134
3638,290054,2,50.77,-0.063,50.77,-0.063,2026-05-06 16:03:51.134
3639,290115,3,90.0,0.049,90.0,0.049,2026-05-06 16:03:51.134
3640,290221,1,-50.77,0.063,-50.77,0.063,2026-05-06 16:03:51.134
3641,290282,2,50.77,-0.063,50.77,-0.063,2026-05-06 16:03:51.134
3642,290466,1,-50.77,0.063,-50.77,0.064,2026-05-06 16:03:51.134
3643,290527,2,50.77,-0.063,50.77,-0.063,2026-05-06 16:03:51.134
3644,290588,3,90.0,0.049,90.0,0.049,2026-05-06 16:03:51.134
3645,290694,1,-50.77,0.063,-50.77,0.064,2026-05-06 16:03:51.134
3646,290755,2,50.77,-0.063,50.77,-0.063,2026-05-06 16:03:51.134
3647,290816,3,90.0,0.049,90.0,0.049,2026-05-06 16:03:51.134
3648,290935,1,-50.77,0.063,-50.77,0.063,2026-05-06 16:03:51.134
3649,290996,2,50.77,-0.063,50.77,-0.061,2026-05-06 16:03:51.134
3650,291057,3,90.0,0.049,90.0,0.048,2026-05-06 16:03:51.134
3651,291163,1,-50.77,0.063,-50.77,0.063,2026-05-06 16:03:51.134
3652,291224,2,50.77,-0.063,50.77,-0.061,2026-05-06 16:03:51.134
3653,291285,3,90.0,0.049,90.0,0.049,2026-05-06 16:03:51.134
3654,291404,1,-50.77,0.063,-50.77,0.064,2026-05-06 16:03:51.134
3655,291465,2,50.77,-0.063,50.77,-0.062,2026-05-06 16:03:51.134
3656,291526,3,90.0,0.049,90.0,0.048,2026-05-06 16:03:51.134
3657,291632,1,-50.77,0.063,-50.77,0.064,2026-05-06 16:03:51.134
3658,291693,2,50.77,-0.063,50.77,-0.063,2026-05-06 16:03:51.134
3659,291754,3,90.0,0.049,90.0,0.048,2026-05-06 16:03:51.134
3660,291873,1,-50.77,0.062,-50.77,0.064,2026-05-06 16:03:51.842
3661,291934,2,50.77,-0.062,50.77,-0.063,2026-05-06 16:03:51.842
3662,291995,3,90.0,0.048,90.0,0.049,2026-05-06 16:03:51.842
3663,292101,1,-50.77,0.062,-50.77,0.063,2026-05-06 16:03:51.842
3664,292162,2,50.77,-0.062,50.77,-0.062,2026-05-06 16:03:51.842
3665,292223,3,90.0,0.048,90.0,0.049,2026-05-06 16:03:51.842
3666,292294,2,50.77,-0.058,50.77,-0.062,2026-05-06 16:03:51.842
3667,292355,3,90.0,0.045,90.0,0.049,2026-05-06 16:03:51.842
3668,292461,1,-50.77,0.058,-50.77,0.062,2026-05-06 16:03:51.842
3669,292522,2,50.77,-0.058,50.77,-0.062,2026-05-06 16:03:51.842
3670,292583,3,90.0,0.045,90.0,0.049,2026-05-06 16:03:51.842
3671,292689,1,-50.77,0.058,-50.77,0.062,2026-05-06 16:03:51.842
3672,292811,1,-50.77,0.046,-50.77,0.062,2026-05-06 16:03:51.842
3673,292872,2,50.77,-0.046,50.77,-0.061,2026-05-06 16:03:51.842
3674,292933,3,90.0,0.036,90.0,0.048,2026-05-06 16:03:51.842
3675,293039,1,-50.77,0.046,-50.77,0.061,2026-05-06 16:03:51.842
3676,293100,2,50.77,-0.046,50.77,-0.061,2026-05-06 16:03:51.842
3677,293161,3,90.0,0.036,90.0,0.047,2026-05-06 16:03:51.842
3678,293280,1,-50.77,0.025,-50.77,0.055,2026-05-06 16:03:51.842
3679,293341,2,50.77,-0.025,50.77,-0.056,2026-05-06 16:03:51.842
3680,293402,3,90.0,0.019,90.0,0.044,2026-05-06 16:03:51.842
3681,293508,1,-50.77,0.022,-50.77,0.053,2026-05-06 16:03:51.842
3682,293569,2,50.77,-0.022,50.78,-0.053,2026-05-06 16:03:51.842
3683,293630,3,90.0,0.017,90.0,0.043,2026-05-06 16:03:51.842
3684,293749,1,-50.77,0.008,-50.78,0.038,2026-05-06 16:03:51.842
3685,293810,2,50.77,-0.008,50.78,-0.038,2026-05-06 16:03:51.842
3686,293871,3,90.0,0.006,90.0,0.031,2026-05-06 16:03:51.842
3687,293977,1,-50.77,0.008,-50.78,0.038,2026-05-06 16:03:51.842
3688,294038,2,50.77,-0.008,50.78,-0.038,2026-05-06 16:03:51.842
3689,294099,3,90.0,0.006,90.0,0.031,2026-05-06 16:03:51.842
3690,294218,1,-50.77,0.001,-50.78,0.02,2026-05-06 16:03:51.842
3691,294279,2,50.77,-0.001,50.78,-0.02,2026-05-06 16:03:51.842
3692,294340,3,90.0,0.001,90.0,0.015,2026-05-06 16:03:51.842
3693,294446,1,-50.77,0.001,-50.78,0.018,2026-05-06 16:03:51.842
3694,294507,2,50.77,-0.001,50.77,-0.017,2026-05-06 16:03:51.842
3695,294568,3,90.0,0.001,90.0,0.013,2026-05-06 16:03:51.842
3696,294686,1,-50.78,0.0,-50.78,0.004,2026-05-06 16:03:51.842
3697,294747,2,50.77,0.0,50.78,-0.004,2026-05-06 16:03:51.842
3698,294807,3,90.0,0.0,90.0,0.001,2026-05-06 16:03:51.842
3699,294912,1,-50.78,0.0,-50.78,0.0,2026-05-06 16:03:51.842
3700,294973,2,50.77,0.0,50.78,-0.001,2026-05-06 16:03:51.842
3701,295033,3,90.0,0.0,90.0,-0.0,2026-05-06 16:03:51.842
3702,295149,1,-50.78,0.0,-50.78,-0.0,2026-05-06 16:03:51.842
3703,295211,2,50.77,0.0,50.78,0.0,2026-05-06 16:03:51.842
3704,295270,3,90.0,0.0,90.0,-0.0,2026-05-06 16:03:51.842
3705,295376,1,-50.78,0.0,-50.78,-0.001,2026-05-06 16:03:51.842
3706,295438,2,50.77,0.0,50.78,0.0,2026-05-06 16:03:51.842
3707,295497,3,90.0,0.0,90.0,0.0,2026-05-06 16:03:51.842
3708,295618,1,-50.78,0.0,-50.78,-0.0,2026-05-06 16:03:51.842
3709,295680,2,50.77,0.0,50.77,0.0,2026-05-06 16:03:51.842
3710,295739,3,90.0,0.0,90.0,0.0,2026-05-06 16:03:51.842
3711,295844,1,-50.78,0.0,-50.78,-0.0,2026-05-06 16:03:51.842
3712,295906,2,50.77,0.0,50.78,0.0,2026-05-06 16:03:51.842
3713,295965,3,90.0,0.0,90.0,0.0,2026-05-06 16:03:51.842
3714,296086,1,-50.78,0.0,-50.78,0.0,2026-05-06 16:03:51.842
3715,296147,2,50.77,0.0,50.77,-0.0,2026-05-06 16:03:51.842
3716,296207,3,90.0,0.0,90.0,0.0,2026-05-06 16:03:51.842
3717,296312,1,-50.78,0.0,-50.78,0.0,2026-05-06 16:03:51.842
3718,296373,2,50.77,0.0,50.77,0.0,2026-05-06 16:03:51.842
3719,296432,3,90.0,0.0,90.0,-0.0,2026-05-06 16:03:51.842
3720,296553,1,-50.78,0.0,-50.78,0.0,2026-05-06 16:03:51.842
3721,296614,2,50.77,0.0,50.77,0.0,2026-05-06 16:03:51.842
3722,296673,3,90.0,0.0,90.0,0.0,2026-05-06 16:03:51.842
3723,296778,1,-50.78,0.0,-50.78,-0.0,2026-05-06 16:03:51.842
3724,296840,2,50.77,0.0,50.77,0.0,2026-05-06 16:03:51.842
3725,296899,3,90.0,0.0,90.0,-0.0,2026-05-06 16:03:51.842
3726,297019,1,-50.78,0.0,-50.78,-0.0,2026-05-06 16:03:51.842
3727,297081,2,50.77,0.0,50.77,-0.0,2026-05-06 16:03:51.842
3728,297141,3,90.0,0.0,90.0,-0.0,2026-05-06 16:03:51.842
3729,297247,1,-50.78,0.0,-50.78,-0.0,2026-05-06 16:03:51.842
3730,297309,2,50.77,0.0,50.77,-0.0,2026-05-06 16:03:51.842
3731,297369,3,90.0,0.0,90.0,0.0,2026-05-06 16:03:51.842
3732,297487,1,-50.78,0.0,-50.78,0.0,2026-05-06 16:03:51.842
3733,297548,2,50.77,0.0,50.77,0.0,2026-05-06 16:03:51.842
3734,297607,3,90.0,0.0,90.0,0.0,2026-05-06 16:03:51.842
3735,297712,1,-50.78,0.0,-50.78,0.0,2026-05-06 16:03:51.842
3736,297773,2,50.77,0.0,50.77,0.0,2026-05-06 16:03:51.842
3737,297957,1,0.0,0.0,-50.76,0.0,2026-05-06 16:03:51.842
3738,298016,2,0.0,0.0,50.77,0.0,2026-05-06 16:03:51.842
3739,298074,3,0.0,0.0,89.99,0.0,2026-05-06 16:03:51.842
3740,298179,1,0.0,0.0,-50.6,-0.0,2026-05-06 16:03:51.842
3741,298239,2,0.0,0.0,50.68,-0.0,2026-05-06 16:03:51.842
3742,298298,3,0.0,0.0,89.91,0.0,2026-05-06 16:03:51.842
3743,298372,3,0.0,0.0,87.81,0.0,2026-05-06 16:03:51.842
3744,298477,1,0.0,0.0,-48.74,-0.001,2026-05-06 16:03:51.842
3745,298537,2,0.0,0.0,46.98,0.001,2026-05-06 16:03:51.842
3746,298595,3,0.0,0.0,87.81,0.0,2026-05-06 16:03:51.842
3747,298700,1,0.0,0.0,-47.14,0.0,2026-05-06 16:03:51.842
3748,298759,2,0.0,0.0,46.98,0.0,2026-05-06 16:03:51.842
3749,298882,1,0.0,0.0,-39.13,0.0,2026-05-06 16:03:51.842
3750,298941,2,0.0,0.0,39.38,-0.0,2026-05-06 16:03:51.842
3751,299000,3,0.0,0.0,78.6,-0.0,2026-05-06 16:03:51.842
3752,299106,1,0.0,0.0,-39.13,0.0,2026-05-06 16:03:51.842
3753,299165,2,0.0,0.0,39.38,-0.0,2026-05-06 16:03:51.842
3754,299224,3,0.0,0.0,78.6,-0.0,2026-05-06 16:03:51.842
3755,299346,1,0.0,0.0,-29.05,-0.001,2026-05-06 16:03:51.842
3756,299406,2,0.0,0.0,29.64,0.0,2026-05-06 16:03:51.842
3757,299464,3,0.0,0.0,68.79,0.0,2026-05-06 16:03:51.842
3758,299569,1,0.0,0.0,-29.05,-0.001,2026-05-06 16:03:51.842
3759,299629,2,0.0,0.0,29.64,0.0,2026-05-06 16:03:51.842
3760,299687,3,0.0,0.0,68.79,0.0,2026-05-06 16:03:51.842
3761,299809,1,0.0,0.0,-15.61,-0.0,2026-05-06 16:03:52.551
3762,299869,2,0.0,0.0,16.1,-0.0,2026-05-06 16:03:52.551
3763,299928,3,0.0,0.0,53.77,-0.0,2026-05-06 16:03:52.551
3764,300034,1,0.0,0.0,-14.37,-0.001,2026-05-06 16:03:52.551
3765,300094,2,0.0,0.0,14.75,-0.0,2026-05-06 16:03:52.551
3766,300153,3,0.0,0.0,50.95,0.0,2026-05-06 16:03:52.551
3767,300273,1,0.0,0.0,-6.18,-0.005,2026-05-06 16:03:52.551
3768,300332,2,0.0,0.0,6.5,-0.002,2026-05-06 16:03:52.551
3769,300390,3,0.0,0.0,34.63,0.0,2026-05-06 16:03:52.551
3770,300495,1,0.0,0.0,-5.33,-0.005,2026-05-06 16:03:52.551
3771,300554,2,0.0,0.0,5.53,-0.002,2026-05-06 16:03:52.551
3772,300612,3,0.0,0.0,32.15,0.001,2026-05-06 16:03:52.551
3773,300735,1,0.0,0.0,-1.71,-0.005,2026-05-06 16:03:52.551
3774,300794,2,0.0,0.0,2.06,-0.003,2026-05-06 16:03:52.551
3775,300852,3,0.0,0.0,22.79,0.001,2026-05-06 16:03:52.551
3776,300957,1,0.0,0.0,-1.71,-0.005,2026-05-06 16:03:52.551
3777,301016,2,0.0,0.0,2.06,-0.003,2026-05-06 16:03:52.551
3778,301074,3,0.0,0.0,22.79,0.001,2026-05-06 16:03:52.551
3779,301196,1,0.0,0.0,0.1,-0.004,2026-05-06 16:03:52.551
3780,301254,2,0.0,0.0,-0.07,-0.004,2026-05-06 16:03:52.551
3781,301313,3,0.0,0.0,9.38,0.0,2026-05-06 16:03:52.551
3782,301417,1,0.0,0.0,0.1,-0.004,2026-05-06 16:03:52.551
3783,301475,2,0.0,0.0,-0.07,-0.004,2026-05-06 16:03:52.551
3784,301534,3,0.0,0.0,9.38,0.0,2026-05-06 16:03:52.551
3785,301657,1,0.0,0.0,0.05,-0.003,2026-05-06 16:03:52.551
3786,301715,2,0.0,0.0,-0.03,-0.002,2026-05-06 16:03:52.551
3787,301774,3,0.0,0.0,2.45,-0.001,2026-05-06 16:03:52.551
3788,301956,1,0.0,-0.163,0.05,-0.003,2026-05-06 16:03:52.551
3789,302015,2,0.0,-0.163,-0.03,-0.002,2026-05-06 16:03:52.551
3790,302130,1,0.0,-0.201,0.01,-0.001,2026-05-06 16:03:52.551
3791,302189,2,0.0,-0.201,-0.01,-0.0,2026-05-06 16:03:52.551
3792,302249,3,0.0,-0.201,0.27,-0.0,2026-05-06 16:03:52.551
3793,302355,1,0.0,-0.206,0.01,-0.001,2026-05-06 16:03:52.551
3794,302414,2,0.0,-0.206,-0.01,-0.0,2026-05-06 16:03:52.551
3795,302474,3,0.0,-0.206,0.27,-0.0,2026-05-06 16:03:52.551
3796,302548,1,0.0,-0.237,0.12,-0.081,2026-05-06 16:03:52.551
3797,302607,2,0.0,-0.237,-0.16,-0.074,2026-05-06 16:03:52.551
3798,302667,3,0.0,-0.237,-0.4,-0.097,2026-05-06 16:03:52.551
3799,302774,1,0.0,-0.237,0.12,-0.09,2026-05-06 16:03:52.551
3800,302833,2,0.0,-0.237,-0.16,-0.089,2026-05-06 16:03:52.551
3801,302893,3,0.0,-0.237,-0.44,-0.103,2026-05-06 16:03:52.551
3802,303061,1,-0.08,-0.272,0.1,-0.162,2026-05-06 16:03:52.551
3803,303121,2,-0.08,-0.271,-0.08,-0.165,2026-05-06 16:03:52.551
3804,303182,3,0.08,-0.272,-0.03,-0.176,2026-05-06 16:03:52.551
3805,303289,1,-0.08,-0.272,0.1,-0.162,2026-05-06 16:03:52.551
3806,303349,2,-0.08,-0.271,-0.08,-0.165,2026-05-06 16:03:52.551
3807,303410,3,0.08,-0.272,-0.03,-0.176,2026-05-06 16:03:52.551
3808,303530,1,0.0,-0.295,0.02,-0.214,2026-05-06 16:03:52.551
3809,303589,2,0.0,-0.295,-0.01,-0.223,2026-05-06 16:03:52.551
3810,303649,3,0.0,-0.295,-0.02,-0.221,2026-05-06 16:03:52.551
3811,303756,1,0.0,-0.298,0.01,-0.226,2026-05-06 16:03:52.551
3812,303815,2,0.0,-0.298,-0.01,-0.233,2026-05-06 16:03:52.551
3813,303875,3,0.0,-0.298,-0.02,-0.232,2026-05-06 16:03:52.551
3814,303996,1,-0.1,-0.313,-0.08,-0.294,2026-05-06 16:03:52.551
3815,304057,2,-0.1,-0.312,-0.03,-0.301,2026-05-06 16:03:52.551
3816,304118,3,0.1,-0.313,0.04,-0.294,2026-05-06 16:03:52.551
3817,304224,1,-0.13,-0.316,-0.08,-0.294,2026-05-06 16:03:52.551
3818,304285,2,-0.13,-0.314,-0.03,-0.301,2026-05-06 16:03:52.551
3819,304346,3,0.13,-0.315,0.04,-0.294,2026-05-06 16:03:52.551
3820,304465,1,-0.4,-0.329,-0.04,-0.323,2026-05-06 16:03:52.551
3821,304526,2,-0.41,-0.326,-0.02,-0.335,2026-05-06 16:03:52.551
3822,304587,3,0.4,-0.328,0.03,-0.326,2026-05-06 16:03:52.551
3823,304693,1,-0.4,-0.329,-0.04,-0.327,2026-05-06 16:03:52.551
3824,304754,2,-0.41,-0.326,-0.03,-0.338,2026-05-06 16:03:52.551
3825,304815,3,0.4,-0.328,0.03,-0.33,2026-05-06 16:03:52.551
3826,304886,2,-0.86,-0.333,-0.18,-0.345,2026-05-06 16:03:52.551
3827,304947,3,0.85,-0.337,0.03,-0.334,2026-05-06 16:03:52.551
3828,305053,1,-0.92,-0.342,-0.28,-0.332,2026-05-06 16:03:52.551
3829,305114,2,-0.94,-0.333,-0.27,-0.345,2026-05-06 16:03:52.551
3830,305175,3,0.93,-0.338,0.03,-0.337,2026-05-06 16:03:52.551
3831,305358,1,-1.53,-0.351,-0.7,-0.348,2026-05-06 16:03:52.551
3832,305419,2,-1.6,-0.336,-0.6,-0.357,2026-05-06 16:03:52.551
3833,305480,3,1.57,-0.344,0.03,-0.349,2026-05-06 16:03:52.551
3834,305586,1,-1.66,-0.353,-0.7,-0.348,2026-05-06 16:03:52.551
3835,305647,2,-1.74,-0.336,-0.6,-0.357,2026-05-06 16:03:52.551
3836,305708,3,1.7,-0.344,0.03,-0.349,2026-05-06 16:03:52.551
3837,305875,1,-2.74,-0.364,-1.39,-0.369,2026-05-06 16:03:52.551
3838,305936,2,-2.98,-0.335,-1.3,-0.368,2026-05-06 16:03:52.551
3839,305997,3,2.85,-0.349,0.02,-0.363,2026-05-06 16:03:52.551
3840,306103,1,-2.74,-0.364,-1.39,-0.369,2026-05-06 16:03:52.551
3841,306164,2,-2.98,-0.335,-1.3,-0.368,2026-05-06 16:03:52.551
3842,306225,3,2.85,-0.349,0.02,-0.363,2026-05-06 16:03:52.551
3843,306343,1,-2.91,-0.366,-2.15,-0.371,2026-05-06 16:03:52.551
3844,306404,2,-3.18,-0.335,-1.87,-0.371,2026-05-06 16:03:52.551
3845,306465,3,3.04,-0.35,0.02,-0.367,2026-05-06 16:03:52.551
3846,306571,1,-2.82,-0.365,-2.15,-0.373,2026-05-06 16:03:52.551
3847,306632,2,-3.06,-0.336,-1.87,-0.368,2026-05-06 16:03:52.551
3848,306693,3,2.94,-0.35,0.02,-0.366,2026-05-06 16:03:52.551
3849,306813,1,-1.19,-0.356,-3.2,-0.37,2026-05-06 16:03:52.551
3850,306874,2,-1.23,-0.344,-3.45,-0.363,2026-05-06 16:03:52.551
3851,306935,3,1.21,-0.35,0.03,-0.361,2026-05-06 16:03:52.551
3852,307041,1,-0.81,-0.354,-3.2,-0.37,2026-05-06 16:03:52.551
3853,307102,2,-0.83,-0.346,-3.45,-0.363,2026-05-06 16:03:52.551
3854,307163,3,0.82,-0.35,0.03,-0.361,2026-05-06 16:03:52.551
3855,307282,1,0.0,-0.35,-2.59,-0.365,2026-05-06 16:03:52.551
3856,307342,2,0.0,-0.35,-2.99,-0.359,2026-05-06 16:03:52.551
3857,307402,3,0.0,-0.35,0.09,-0.359,2026-05-06 16:03:52.551
3858,307508,1,0.0,-0.35,-2.59,-0.365,2026-05-06 16:03:52.551
3859,307568,2,0.0,-0.35,-2.99,-0.359,2026-05-06 16:03:52.551
3860,307628,3,0.0,-0.35,0.09,-0.359,2026-05-06 16:03:52.551
3861,307700,1,-0.18,-0.351,-0.79,-0.359,2026-05-06 16:03:52.551
3862,307761,2,-0.18,-0.349,-1.13,-0.364,2026-05-06 16:03:52.551
3863,307822,3,0.18,-0.35,2.3,-0.358,2026-05-06 16:03:53.261
3864,307928,1,-0.21,-0.351,-0.07,-0.359,2026-05-06 16:03:53.261
3865,307989,2,-0.21,-0.349,-0.27,-0.362,2026-05-06 16:03:53.261
3866,308050,3,0.21,-0.35,2.64,-0.358,2026-05-06 16:03:53.261
3867,308216,1,-0.48,-0.352,0.03,-0.362,2026-05-06 16:03:53.261
3868,308276,2,-0.48,-0.348,-0.03,-0.363,2026-05-06 16:03:53.261
3869,308337,3,0.48,-0.35,1.78,-0.359,2026-05-06 16:03:53.261
3870,308443,1,-0.53,-0.353,0.03,-0.362,2026-05-06 16:03:53.261
3871,308503,2,-0.54,-0.347,-0.03,-0.363,2026-05-06 16:03:53.261
3872,308564,3,0.54,-0.35,1.78,-0.359,2026-05-06 16:03:53.261
3873,308685,1,-1.07,-0.355,-0.36,-0.362,2026-05-06 16:03:53.261
3874,308746,2,-1.1,-0.345,-0.31,-0.367,2026-05-06 16:03:53.261
3875,308807,3,1.08,-0.35,-0.02,-0.363,2026-05-06 16:03:53.261
3876,308914,1,-1.07,-0.355,-0.36,-0.362,2026-05-06 16:03:53.261
3877,308975,2,-1.1,-0.345,-0.31,-0.367,2026-05-06 16:03:53.261
3878,309036,3,1.08,-0.35,-0.02,-0.363,2026-05-06 16:03:53.261
3879,309155,1,-2.06,-0.361,-0.83,-0.361,2026-05-06 16:03:53.261
3880,309216,2,-2.19,-0.34,-0.74,-0.368,2026-05-06 16:03:53.261
3881,309277,3,2.12,-0.35,-0.03,-0.361,2026-05-06 16:03:53.261
3882,309384,1,-2.06,-0.361,-0.93,-0.363,2026-05-06 16:03:53.261
3883,309445,2,-2.19,-0.34,-0.77,-0.368,2026-05-06 16:03:53.261
3884,309506,3,2.12,-0.35,-0.03,-0.361,2026-05-06 16:03:53.261
3885,309577,2,-3.41,-0.334,-1.61,-0.362,2026-05-06 16:03:53.261
3886,309638,3,3.25,-0.351,0.03,-0.358,2026-05-06 16:03:53.261
3887,309744,1,-3.3,-0.368,-1.58,-0.358,2026-05-06 16:03:53.261
3888,309805,2,-3.64,-0.333,-1.61,-0.362,2026-05-06 16:03:53.261
3889,309866,3,3.46,-0.351,0.03,-0.358,2026-05-06 16:03:53.261
3890,309972,1,-3.49,-0.369,-1.68,-0.359,2026-05-06 16:03:53.261
3891,310094,1,-4.65,-0.376,-2.47,-0.362,2026-05-06 16:03:53.261
3892,310155,2,-5.36,-0.327,-2.44,-0.35,2026-05-06 16:03:53.261
3893,310216,3,4.98,-0.351,1.6,-0.352,2026-05-06 16:03:53.261
3894,310322,1,-4.65,-0.376,-2.79,-0.362,2026-05-06 16:03:53.261
3895,310383,2,-5.36,-0.327,-2.97,-0.35,2026-05-06 16:03:53.261
3896,310444,3,4.98,-0.351,1.64,-0.352,2026-05-06 16:03:53.261
3897,310565,1,-5.73,-0.383,-4.04,-0.369,2026-05-06 16:03:53.261
3898,310626,2,-6.85,-0.321,-4.07,-0.345,2026-05-06 16:03:53.261
3899,310687,3,6.24,-0.352,1.56,-0.353,2026-05-06 16:03:53.261
3900,310793,1,-5.86,-0.384,-4.29,-0.369,2026-05-06 16:03:53.261
3901,310854,2,-7.02,-0.32,-4.37,-0.342,2026-05-06 16:03:53.261
3902,310915,3,6.39,-0.352,1.56,-0.352,2026-05-06 16:03:53.261
3903,311034,1,-6.43,-0.388,-5.5,-0.372,2026-05-06 16:03:53.261
3904,311095,2,-7.87,-0.318,-6.24,-0.343,2026-05-06 16:03:53.261
3905,311156,3,7.08,-0.353,2.11,-0.352,2026-05-06 16:03:53.261
3906,311262,1,-6.51,-0.388,-5.5,-0.372,2026-05-06 16:03:53.261
3907,311323,2,-7.98,-0.317,-6.24,-0.343,2026-05-06 16:03:53.261
3908,311384,3,7.17,-0.353,2.11,-0.352,2026-05-06 16:03:53.261
3909,311503,1,-6.88,-0.391,-6.39,-0.384,2026-05-06 16:03:53.261
3910,311564,2,-8.55,-0.315,-7.59,-0.334,2026-05-06 16:03:53.261
3911,311625,3,7.62,-0.353,6.15,-0.351,2026-05-06 16:03:53.261
3912,311731,1,-6.88,-0.391,-6.43,-0.383,2026-05-06 16:03:53.261
3913,311792,2,-8.55,-0.315,-7.69,-0.334,2026-05-06 16:03:53.261
3914,311853,3,7.62,-0.353,6.31,-0.353,2026-05-06 16:03:53.261
3915,311924,1,-7.07,-0.392,-6.81,-0.391,2026-05-06 16:03:53.261
3916,311985,2,-8.84,-0.314,-8.38,-0.329,2026-05-06 16:03:53.261
3917,312046,3,7.86,-0.353,7.24,-0.353,2026-05-06 16:03:53.261
3918,312152,1,-7.09,-0.393,-6.81,-0.391,2026-05-06 16:03:53.261
3919,312213,2,-8.87,-0.314,-8.38,-0.329,2026-05-06 16:03:53.261
3920,312274,3,7.88,-0.353,7.24,-0.353,2026-05-06 16:03:53.261
3921,312441,1,-7.16,-0.393,-7.03,-0.397,2026-05-06 16:03:53.261
3922,312502,2,-8.98,-0.314,-8.7,-0.328,2026-05-06 16:03:53.261
3923,312563,3,7.97,-0.353,7.72,-0.355,2026-05-06 16:03:53.261
3924,312669,1,-7.16,-0.393,-7.06,-0.397,2026-05-06 16:03:53.261
3925,312730,2,-8.98,-0.314,-8.73,-0.329,2026-05-06 16:03:53.261
3926,312865,3,7.97,-0.353,7.6,-0.355,2026-05-06 16:03:53.261
3927,312971,1,-7.16,-0.393,-7.2,-0.394,2026-05-06 16:03:53.261
3928,313032,2,-8.98,-0.314,-8.98,-0.325,2026-05-06 16:03:53.261
3929,313093,3,7.97,-0.353,7.59,-0.354,2026-05-06 16:03:53.261
3930,313199,1,-7.16,-0.393,-7.2,-0.395,2026-05-06 16:03:53.261
3931,313260,2,-8.98,-0.314,-8.99,-0.324,2026-05-06 16:03:53.261
3932,313382,1,-7.16,-0.393,-7.18,-0.392,2026-05-06 16:03:53.261
3933,313443,2,-8.98,-0.314,-8.99,-0.323,2026-05-06 16:03:53.261
3934,313504,3,7.97,-0.353,7.56,-0.354,2026-05-06 16:03:53.261
3935,313610,1,-7.16,-0.393,-7.17,-0.392,2026-05-06 16:03:53.261
3936,313671,2,-8.98,-0.314,-8.99,-0.324,2026-05-06 16:03:53.261
3937,313732,3,7.97,-0.353,7.56,-0.354,2026-05-06 16:03:53.261
3938,313851,1,-7.16,-0.393,-7.16,-0.394,2026-05-06 16:03:53.261
3939,313912,2,-8.98,-0.314,-8.99,-0.322,2026-05-06 16:03:53.261
3940,313973,3,7.97,-0.353,7.57,-0.353,2026-05-06 16:03:53.261
3941,314079,1,-7.16,-0.393,-7.16,-0.394,2026-05-06 16:03:53.261
3942,314140,2,-8.98,-0.314,-8.99,-0.322,2026-05-06 16:03:53.261
3943,314201,3,7.97,-0.353,7.57,-0.353,2026-05-06 16:03:53.261
3944,314320,1,-7.16,-0.393,-7.16,-0.39,2026-05-06 16:03:53.261
3945,314381,2,-8.98,-0.314,-8.99,-0.321,2026-05-06 16:03:53.261
3946,314442,3,7.97,-0.353,7.94,-0.349,2026-05-06 16:03:53.261
3947,314548,1,-7.15,-0.393,-7.16,-0.39,2026-05-06 16:03:53.261
3948,314609,2,-8.96,-0.314,-8.99,-0.321,2026-05-06 16:03:53.261
3949,314670,3,7.95,-0.353,8.09,-0.349,2026-05-06 16:03:53.261
3950,314742,1,-6.98,-0.392,-7.15,-0.39,2026-05-06 16:03:53.261
3951,314803,2,-8.7,-0.315,-8.99,-0.319,2026-05-06 16:03:53.261
3952,314864,3,7.75,-0.353,7.99,-0.35,2026-05-06 16:03:53.261
3953,314970,1,-6.98,-0.392,-7.15,-0.39,2026-05-06 16:03:53.261
3954,315031,2,-8.7,-0.315,-8.99,-0.319,2026-05-06 16:03:53.261
3955,315092,3,7.75,-0.353,7.99,-0.35,2026-05-06 16:03:53.261
3956,315258,1,-6.35,-0.387,-7.08,-0.391,2026-05-06 16:03:53.261
3957,315319,2,-7.75,-0.318,-8.94,-0.319,2026-05-06 16:03:53.261
3958,315380,3,6.98,-0.353,7.97,-0.35,2026-05-06 16:03:53.261
3959,315486,1,-6.35,-0.387,-7.04,-0.391,2026-05-06 16:03:53.261
3960,315547,2,-7.75,-0.318,-8.85,-0.32,2026-05-06 16:03:53.261
3961,315608,3,6.98,-0.353,7.97,-0.349,2026-05-06 16:03:53.261
3962,315679,2,-6.01,-0.324,-8.56,-0.318,2026-05-06 16:03:53.261
3963,315740,3,5.54,-0.352,7.73,-0.348,2026-05-06 16:03:53.261
3964,315846,1,-4.84,-0.377,-6.72,-0.388,2026-05-06 16:03:53.971
3965,315907,2,-5.61,-0.326,-8.56,-0.318,2026-05-06 16:03:53.971
3966,315968,3,5.19,-0.351,7.73,-0.348,2026-05-06 16:03:53.971
3967,316074,1,-4.51,-0.375,-6.72,-0.388,2026-05-06 16:03:53.971
3968,316148,2,-2.49,-0.338,-7.56,-0.32,2026-05-06 16:03:53.971
3969,316209,3,2.4,-0.35,7.54,-0.348,2026-05-06 16:03:53.971
3970,316315,1,-2.32,-0.362,-5.97,-0.381,2026-05-06 16:03:53.971
3971,316376,2,-2.49,-0.338,-7.56,-0.32,2026-05-06 16:03:53.971
3972,316437,3,2.4,-0.35,7.54,-0.348,2026-05-06 16:03:53.971
3973,316543,1,-2.0,-0.36,-5.97,-0.381,2026-05-06 16:03:53.971
3974,316665,1,-0.57,-0.353,-3.68,-0.38,2026-05-06 16:03:53.971
3975,316726,2,-0.58,-0.347,-4.61,-0.325,2026-05-06 16:03:53.971
3976,316787,3,0.57,-0.35,7.56,-0.352,2026-05-06 16:03:53.971
3977,316893,1,-0.57,-0.353,-3.26,-0.377,2026-05-06 16:03:53.971
3978,316954,2,-0.58,-0.347,-3.99,-0.327,2026-05-06 16:03:53.971
3979,317015,3,0.57,-0.35,7.56,-0.352,2026-05-06 16:03:53.971
3980,317134,1,-0.08,-0.35,-1.33,-0.37,2026-05-06 16:03:53.971
3981,317195,2,-0.08,-0.35,-1.81,-0.333,2026-05-06 16:03:53.971
3982,317256,3,0.08,-0.35,7.55,-0.351,2026-05-06 16:03:53.971
3983,317362,1,-0.05,-0.35,-1.09,-0.37,2026-05-06 16:03:53.971
3984,317423,2,-0.05,-0.35,-1.46,-0.334,2026-05-06 16:03:53.971
3985,317484,3,0.05,-0.35,7.55,-0.352,2026-05-06 16:03:53.971
3986,317603,1,0.0,-0.35,-0.13,-0.364,2026-05-06 16:03:53.971
3987,317663,2,0.0,-0.35,-0.27,-0.338,2026-05-06 16:03:53.971
3988,317723,3,0.0,-0.35,7.56,-0.349,2026-05-06 16:03:53.971
3989,317829,1,0.0,-0.35,-0.05,-0.361,2026-05-06 16:03:53.971
3990,317889,2,0.0,-0.35,-0.11,-0.338,2026-05-06 16:03:53.971
3991,317949,3,0.0,-0.35,7.56,-0.348,2026-05-06 16:03:53.971
3992,318079,1,0.0,-0.35,0.06,-0.359,2026-05-06 16:03:53.971
3993,318138,2,0.0,-0.35,0.06,-0.339,2026-05-06 16:03:53.971
3994,318197,3,0.0,-0.35,7.55,-0.347,2026-05-06 16:03:53.971
3995,318303,1,0.0,-0.35,0.06,-0.359,2026-05-06 16:03:53.971
3996,318362,2,0.0,-0.35,0.06,-0.337,2026-05-06 16:03:53.971
3997,318421,3,0.0,-0.35,7.55,-0.348,2026-05-06 16:03:53.971
3998,318543,1,0.0,-0.348,0.02,-0.359,2026-05-06 16:03:53.971
3999,318602,2,0.0,-0.348,0.01,-0.339,2026-05-06 16:03:53.971
4000,318661,3,0.0,-0.348,7.56,-0.346,2026-05-06 16:03:53.971
4001,318767,1,0.0,-0.348,0.02,-0.36,2026-05-06 16:03:53.971
4002,318826,2,0.0,-0.348,0.01,-0.338,2026-05-06 16:03:53.971
4003,318885,3,0.0,-0.348,7.56,-0.347,2026-05-06 16:03:53.971
4004,319007,1,0.0,-0.341,0.0,-0.355,2026-05-06 16:03:53.971
4005,319066,2,0.0,-0.341,0.0,-0.335,2026-05-06 16:03:53.971
4006,319125,3,0.0,-0.341,7.56,-0.343,2026-05-06 16:03:53.971
4007,319231,1,0.0,-0.34,0.0,-0.352,2026-05-06 16:03:53.971
4008,319290,2,0.0,-0.34,-0.0,-0.332,2026-05-06 16:03:53.971
4009,319350,3,0.0,-0.34,7.55,-0.342,2026-05-06 16:03:53.971
4010,319472,1,0.0,-0.329,0.0,-0.352,2026-05-06 16:03:53.971
4011,319531,2,0.0,-0.329,-0.0,-0.332,2026-05-06 16:03:53.971
4012,319591,3,0.0,-0.329,7.55,-0.34,2026-05-06 16:03:53.971
4013,319697,1,0.0,-0.327,-0.0,-0.35,2026-05-06 16:03:53.971
4014,319757,2,0.0,-0.327,-0.0,-0.33,2026-05-06 16:03:53.971
4015,319817,3,0.0,-0.327,7.55,-0.339,2026-05-06 16:03:53.971
4016,319938,1,0.0,-0.304,-0.0,-0.347,2026-05-06 16:03:53.971
4017,319998,2,0.0,-0.304,-0.0,-0.325,2026-05-06 16:03:53.971
4018,320058,3,0.0,-0.304,6.52,-0.337,2026-05-06 16:03:53.971
4019,320164,1,0.0,-0.304,-0.0,-0.343,2026-05-06 16:03:53.971
4020,320224,2,0.0,-0.304,-0.0,-0.325,2026-05-06 16:03:53.971
4021,320360,1,0.0,-0.264,-0.0,-0.334,2026-05-06 16:03:53.971
4022,320420,2,0.0,-0.264,0.0,-0.321,2026-05-06 16:03:53.971
4023,320479,3,0.0,-0.264,1.35,-0.321,2026-05-06 16:03:53.971
4024,320585,1,0.0,-0.256,-0.0,-0.33,2026-05-06 16:03:53.971
4025,320645,2,0.0,-0.256,-0.0,-0.321,2026-05-06 16:03:53.971
4026,320705,3,0.0,-0.256,0.99,-0.322,2026-05-06 16:03:53.971
4027,320825,3,0.0,-0.202,-0.24,-0.297,2026-05-06 16:03:53.971
4028,320932,1,0.0,-0.192,0.0,-0.293,2026-05-06 16:03:53.971
4029,320991,2,0.0,-0.192,0.0,-0.303,2026-05-06 16:03:53.971
4030,321050,3,0.0,-0.192,-0.24,-0.297,2026-05-06 16:03:53.971
4031,321157,1,0.0,-0.182,0.01,-0.282,2026-05-06 16:03:53.971
4032,321216,2,0.0,-0.182,0.0,-0.292,2026-05-06 16:03:53.971
4033,321338,1,0.0,-0.12,0.01,-0.249,2026-05-06 16:03:53.971
4034,321397,2,0.0,-0.12,0.0,-0.261,2026-05-06 16:03:53.971
4035,321456,3,0.0,-0.12,-0.12,-0.257,2026-05-06 16:03:53.971
4036,321563,1,0.0,-0.12,0.01,-0.249,2026-05-06 16:03:53.971
4037,321622,2,0.0,-0.12,0.0,-0.261,2026-05-06 16:03:53.971
4038,321681,3,0.0,-0.12,-0.12,-0.257,2026-05-06 16:03:53.971
4039,321803,1,0.0,-0.059,0.01,-0.183,2026-05-06 16:03:53.971
4040,321862,2,0.0,-0.059,-0.0,-0.194,2026-05-06 16:03:53.971
4041,321922,3,0.0,-0.059,-0.01,-0.195,2026-05-06 16:03:53.971
4042,322029,1,0.0,-0.059,0.01,-0.172,2026-05-06 16:03:53.971
4043,322088,2,0.0,-0.059,-0.0,-0.177,2026-05-06 16:03:53.971
4044,322148,3,0.0,-0.059,-0.01,-0.178,2026-05-06 16:03:53.971
4045,322270,1,0.0,-0.028,0.0,-0.119,2026-05-06 16:03:53.971
4046,322329,2,0.0,-0.028,-0.01,-0.126,2026-05-06 16:03:53.971
4047,322389,3,0.0,-0.028,0.0,-0.123,2026-05-06 16:03:53.971
4048,322495,1,0.0,-0.025,0.0,-0.119,2026-05-06 16:03:53.971
4049,322554,2,0.0,-0.025,-0.01,-0.126,2026-05-06 16:03:53.971
4050,322614,3,0.0,-0.025,0.0,-0.123,2026-05-06 16:03:53.971
4051,322687,3,0.0,-0.012,-0.0,-0.06,2026-05-06 16:03:53.971
4052,322794,1,0.0,-0.012,0.0,-0.059,2026-05-06 16:03:53.971
4053,322853,2,0.0,-0.012,-0.0,-0.066,2026-05-06 16:03:53.971
4054,322913,3,0.0,-0.012,-0.0,-0.06,2026-05-06 16:03:53.971
4055,323020,1,0.0,-0.01,0.0,-0.059,2026-05-06 16:03:53.971
4056,323079,2,0.0,-0.01,-0.0,-0.066,2026-05-06 16:03:53.971
4057,323201,1,0.0,-0.003,-0.0,-0.016,2026-05-06 16:03:53.971
4058,323261,2,0.0,-0.003,0.0,-0.015,2026-05-06 16:03:53.971
4059,323320,3,0.0,-0.003,-0.0,-0.015,2026-05-06 16:03:53.971
4060,323427,1,0.0,-0.003,-0.0,-0.016,2026-05-06 16:03:53.971
4061,323487,2,0.0,-0.003,0.0,-0.015,2026-05-06 16:03:53.971
4062,323546,3,0.0,-0.003,-0.0,-0.015,2026-05-06 16:03:53.971
4063,323667,1,-0.0,0.0,-0.0,0.01,2026-05-06 16:03:53.971
4064,323726,2,0.01,0.0,0.0,0.012,2026-05-06 16:03:53.971
4065,323783,3,-0.01,0.0,0.01,0.009,2026-05-06 16:03:54.682
4066,323887,1,-0.0,0.0,-0.0,0.014,2026-05-06 16:03:54.682
4067,323946,2,0.01,0.0,0.0,0.015,2026-05-06 16:03:54.682
4068,324003,3,-0.01,0.0,0.01,0.012,2026-05-06 16:03:54.682
4069,324152,1,-0.0,0.0,-0.0,0.017,2026-05-06 16:03:54.682
4070,324211,2,0.01,0.0,0.0,0.017,2026-05-06 16:03:54.682
4071,324268,3,-0.01,0.0,0.01,0.016,2026-05-06 16:03:54.682
4072,324372,1,-0.0,0.0,-0.0,0.018,2026-05-06 16:03:54.682
4073,324431,2,0.01,0.0,0.0,0.017,2026-05-06 16:03:54.682
4074,324488,3,-0.01,0.0,-0.0,0.017,2026-05-06 16:03:54.682
4075,324638,1,-0.0,0.0,-0.0,0.016,2026-05-06 16:03:54.682
4076,324697,2,0.01,0.0,0.0,0.017,2026-05-06 16:03:54.682
4077,324754,3,-0.01,0.0,0.0,0.016,2026-05-06 16:03:54.682
4078,324858,1,-0.0,0.0,-0.0,0.013,2026-05-06 16:03:54.682
4079,324917,2,0.01,0.0,0.0,0.015,2026-05-06 16:03:54.682
4080,324974,3,-0.01,0.0,-0.01,0.014,2026-05-06 16:03:54.682
4081,325124,1,-0.0,0.0,-0.0,0.01,2026-05-06 16:03:54.682
4082,325183,2,0.01,0.0,0.0,0.011,2026-05-06 16:03:54.682
4083,325240,3,-0.01,0.0,0.0,0.011,2026-05-06 16:03:54.682
4084,325344,1,-0.0,0.0,-0.0,0.009,2026-05-06 16:03:54.682
4085,325403,2,0.01,0.0,0.0,0.01,2026-05-06 16:03:54.682
4086,325460,3,-0.01,0.0,-0.01,0.01,2026-05-06 16:03:54.682
4087,325610,1,-0.0,0.0,-0.0,0.009,2026-05-06 16:03:54.682
4088,325669,2,0.01,0.0,0.0,0.008,2026-05-06 16:03:54.682
4089,325726,3,-0.01,0.0,-0.0,0.008,2026-05-06 16:03:54.682
4090,325831,1,-0.0,0.0,-0.0,0.009,2026-05-06 16:03:54.682
4091,325890,2,0.01,0.0,0.01,0.007,2026-05-06 16:03:54.682
4092,325947,3,-0.01,0.0,-0.0,0.008,2026-05-06 16:03:54.682
4093,326097,1,-0.0,0.0,-0.0,0.006,2026-05-06 16:03:54.682
4094,326156,2,0.01,0.0,0.0,0.007,2026-05-06 16:03:54.682
4095,326213,3,-0.01,0.0,-0.01,0.007,2026-05-06 16:03:54.682
4096,326318,1,-0.0,0.0,-0.0,0.005,2026-05-06 16:03:54.682
4097,326377,2,0.01,0.0,0.01,0.006,2026-05-06 16:03:54.682
4098,326434,3,-0.01,0.0,0.0,0.006,2026-05-06 16:03:54.682
4099,326583,1,-0.0,0.0,-0.0,0.004,2026-05-06 16:03:54.682
4100,326642,2,0.01,0.0,0.0,0.005,2026-05-06 16:03:54.682
4101,326699,3,-0.01,0.0,0.0,0.005,2026-05-06 16:03:54.682
4102,326803,1,-0.0,0.0,-0.0,0.004,2026-05-06 16:03:54.682
4103,326862,2,0.01,0.0,0.01,0.005,2026-05-06 16:03:54.682
4104,326919,3,-0.01,0.0,-0.01,0.005,2026-05-06 16:03:54.682
4105,327069,1,-0.0,0.0,-0.0,0.004,2026-05-06 16:03:54.682
4106,327128,2,0.01,0.0,0.01,0.004,2026-05-06 16:03:54.682
4107,327185,3,-0.01,0.0,-0.0,0.004,2026-05-06 16:03:54.682
4108,327290,1,-0.0,0.0,-0.0,0.004,2026-05-06 16:03:54.682
4109,327349,2,0.01,0.0,0.01,0.003,2026-05-06 16:03:54.682
4110,327406,3,-0.01,0.0,-0.01,0.004,2026-05-06 16:03:54.682
4111,327527,1,-0.0,0.0,-0.0,0.003,2026-05-06 16:03:54.682
4112,327586,2,0.01,0.0,0.01,0.003,2026-05-06 16:03:54.682
4113,327643,3,-0.01,0.0,-0.0,0.003,2026-05-06 16:03:54.682
4114,327748,1,-0.0,0.0,0.0,0.002,2026-05-06 16:03:54.682
4115,327806,2,0.01,0.0,0.0,0.003,2026-05-06 16:03:54.682
4116,327972,1,-0.0,0.0,-0.0,0.001,2026-05-06 16:03:54.682
4117,328031,2,0.01,0.0,0.01,0.002,2026-05-06 16:03:54.682
4118,328088,3,-0.01,0.0,-0.01,0.002,2026-05-06 16:03:54.682
4119,328193,1,-0.0,0.0,-0.0,0.001,2026-05-06 16:03:54.682
4120,328252,2,0.01,0.0,0.01,0.002,2026-05-06 16:03:54.682
4121,328309,3,-0.01,0.0,-0.01,0.001,2026-05-06 16:03:54.682
4122,328474,1,-0.0,0.0,-0.0,0.001,2026-05-06 16:03:54.682
4123,328533,2,0.01,0.0,0.0,0.001,2026-05-06 16:03:54.682
4124,328590,3,-0.01,0.0,-0.01,0.001,2026-05-06 16:03:54.682
4125,328695,1,-0.0,0.0,-0.0,0.001,2026-05-06 16:03:54.682
4126,328754,2,0.01,0.0,0.01,0.0,2026-05-06 16:03:54.682
4127,328811,3,-0.01,0.0,-0.01,0.001,2026-05-06 16:03:54.682
4128,328965,1,-0.0,0.0,0.0,0.0,2026-05-06 16:03:54.682
4129,329023,2,0.01,0.0,0.0,0.0,2026-05-06 16:03:54.682
4130,329080,3,-0.01,0.0,-0.01,0.0,2026-05-06 16:03:54.682
4131,329185,1,-0.0,0.0,-0.0,0.0,2026-05-06 16:03:54.682
4132,329244,2,0.01,0.0,0.01,0.0,2026-05-06 16:03:54.682
4133,329301,3,-0.01,0.0,-0.01,0.001,2026-05-06 16:03:54.682
4134,329451,1,-0.0,0.0,-0.0,-0.0,2026-05-06 16:03:54.682
4135,329511,2,0.01,0.0,0.0,0.0,2026-05-06 16:03:54.682
4136,329568,3,-0.01,0.0,-0.0,0.0,2026-05-06 16:03:54.682
4137,329673,1,-0.0,0.0,-0.0,-0.0,2026-05-06 16:03:54.682
4138,329733,2,0.01,0.0,0.01,0.0,2026-05-06 16:03:54.682
4139,329790,3,-0.01,0.0,-0.0,0.0,2026-05-06 16:03:54.682
4140,329859,1,-0.0,0.0,-0.0,0.0,2026-05-06 16:03:54.682
4141,329918,2,0.01,0.0,0.0,0.0,2026-05-06 16:03:54.682
4142,329975,3,-0.01,0.0,-0.01,0.0,2026-05-06 16:03:54.682
4143,330080,1,-0.0,0.0,-0.0,0.0,2026-05-06 16:03:54.682
4144,330139,2,0.01,0.0,0.0,0.0,2026-05-06 16:03:54.682
4145,330196,3,-0.01,0.0,-0.01,0.0,2026-05-06 16:03:54.682
4146,330301,1,-0.0,0.0,-0.0,0.0,2026-05-06 16:03:54.682
4147,330361,1,-0.0,0.0,-0.0,0.001,2026-05-06 16:03:54.682
4148,330420,2,0.01,0.0,0.0,0.0,2026-05-06 16:03:54.682
4149,330477,3,-0.01,0.0,-0.01,0.0,2026-05-06 16:03:54.682
4150,330582,1,-0.0,0.0,-0.0,0.0,2026-05-06 16:03:54.682
4151,330641,2,0.01,0.0,0.0,-0.0,2026-05-06 16:03:54.682
4152,330699,3,-0.01,0.0,0.0,0.0,2026-05-06 16:03:54.682
4153,330819,1,-0.0,0.0,-0.0,-0.0,2026-05-06 16:03:54.682
4154,330879,2,0.01,0.0,0.01,0.0,2026-05-06 16:03:54.682
4155,330936,3,-0.01,0.0,-0.0,-0.0,2026-05-06 16:03:54.682
4156,331042,1,-0.0,0.0,-0.0,0.0,2026-05-06 16:03:54.682
4157,331101,2,0.01,0.0,0.01,0.0,2026-05-06 16:03:54.682
4158,331158,3,-0.01,0.0,0.0,0.0,2026-05-06 16:03:54.682
4159,331326,1,-0.0,0.0,-0.0,0.0,2026-05-06 16:03:54.682
4160,331385,2,0.01,0.0,0.01,0.0,2026-05-06 16:03:54.682
4161,331442,3,-0.01,0.0,-0.01,0.0,2026-05-06 16:03:54.682
4162,331547,1,-0.0,0.0,-0.0,0.0,2026-05-06 16:03:54.682
4163,331606,2,0.01,0.0,0.01,0.0,2026-05-06 16:03:54.682
4164,331663,3,-0.01,0.0,-0.0,0.0,2026-05-06 16:03:54.682
4165,331817,1,-0.0,0.0,-0.0,0.0,2026-05-06 16:03:55.408
4166,331876,2,0.01,0.0,0.0,0.0,2026-05-06 16:03:55.408
4167,331933,3,-0.01,0.0,-0.0,0.0,2026-05-06 16:03:55.408
4168,332038,1,-0.0,0.0,0.0,0.0,2026-05-06 16:03:55.408
4169,332096,2,0.01,0.0,0.01,0.0,2026-05-06 16:03:55.408
4170,332153,3,-0.01,0.0,-0.0,0.0,2026-05-06 16:03:55.408
4171,332303,1,-0.0,0.0,-0.0,-0.0,2026-05-06 16:03:55.408
4172,332363,2,0.01,0.0,0.01,0.001,2026-05-06 16:03:55.408
4173,332420,3,-0.01,0.0,-0.0,0.0,2026-05-06 16:03:55.408
4174,332525,1,-0.0,0.0,-0.0,0.0,2026-05-06 16:03:55.408
4175,332584,2,0.01,0.0,0.01,0.0,2026-05-06 16:03:55.408
4176,332641,3,-0.01,0.0,-0.01,0.0,2026-05-06 16:03:55.408
4177,332762,1,-0.0,0.0,-0.0,-0.0,2026-05-06 16:03:55.408
4178,332822,2,0.01,0.0,0.0,0.0,2026-05-06 16:03:55.408
4179,332879,3,-0.01,0.0,0.0,0.0,2026-05-06 16:03:55.408
4180,332983,1,-0.0,0.0,-0.0,-0.0,2026-05-06 16:03:55.408
4181,333043,2,0.01,0.0,0.0,0.0,2026-05-06 16:03:55.408
4182,333100,3,-0.01,0.0,-0.0,-0.0,2026-05-06 16:03:55.408
4183,333206,1,-0.0,0.0,-0.0,0.0,2026-05-06 16:03:55.408
4184,333265,2,0.01,0.0,0.01,0.0,2026-05-06 16:03:55.408
4185,333322,3,-0.01,0.0,-0.0,0.0,2026-05-06 16:03:55.408
4186,333427,1,-0.0,0.0,-0.0,0.0,2026-05-06 16:03:55.408
4187,333486,2,0.01,0.0,0.01,0.0,2026-05-06 16:03:55.408
4188,333543,3,-0.01,0.0,-0.01,0.0,2026-05-06 16:03:55.408
4189,333749,1,-0.0,0.0,-0.0,0.0,2026-05-06 16:03:55.408
4190,333808,2,0.01,0.0,0.01,-0.0,2026-05-06 16:03:55.408
4191,333866,3,-0.01,0.0,0.0,0.0,2026-05-06 16:03:55.408
4192,333970,1,-0.0,0.0,-0.0,0.0,2026-05-06 16:03:55.408
4193,334029,2,0.01,0.0,0.0,-0.0,2026-05-06 16:03:55.408
4194,334087,3,-0.01,0.0,0.0,0.0,2026-05-06 16:03:55.408
4195,334149,1,-0.0,0.0,-0.0,0.0,2026-05-06 16:03:55.408
4196,334208,2,0.01,0.0,0.01,0.0,2026-05-06 16:03:55.408
4197,334265,3,-0.01,0.0,-0.01,-0.0,2026-05-06 16:03:55.408
4198,334371,1,-0.0,0.0,-0.0,0.0,2026-05-06 16:03:55.408
4199,334430,2,0.01,0.0,0.01,0.0,2026-05-06 16:03:55.408
4200,334487,3,-0.01,0.0,-0.0,0.0,2026-05-06 16:03:55.408
4201,334609,2,0.01,0.0,0.01,-0.0,2026-05-06 16:03:55.408
4202,334667,3,-0.01,0.0,-0.01,0.0,2026-05-06 16:03:55.408
4203,334772,1,-0.0,0.0,-0.0,-0.0,2026-05-06 16:03:55.408
4204,334832,2,0.01,0.0,0.0,-0.0,2026-05-06 16:03:55.408
4205,334890,3,-0.01,0.0,-0.0,0.0,2026-05-06 16:03:55.408
4206,334995,1,-0.0,0.0,-0.0,0.0,2026-05-06 16:03:55.408
4207,335112,1,-0.0,0.0,-0.0,0.0,2026-05-06 16:03:55.408
4208,335171,2,0.01,0.0,0.0,0.0,2026-05-06 16:03:55.408
4209,335228,3,-0.01,0.0,-0.0,-0.0,2026-05-06 16:03:55.408
4210,335334,1,-0.0,0.0,-0.0,0.0,2026-05-06 16:03:55.408
4211,335393,2,0.01,0.0,0.01,0.0,2026-05-06 16:03:55.408
4212,335450,3,-0.01,0.0,-0.01,0.0,2026-05-06 16:03:55.408
4213,335609,1,-0.0,0.0,-0.0,0.0,2026-05-06 16:03:55.408
4214,335668,2,0.01,0.0,0.01,0.0,2026-05-06 16:03:55.408
4215,335725,3,-0.01,0.0,-0.01,-0.0,2026-05-06 16:03:55.408
4216,335831,1,-0.0,0.0,-0.0,0.0,2026-05-06 16:03:55.408
4217,335890,2,0.01,0.0,0.01,0.0,2026-05-06 16:03:55.408
4218,335947,3,-0.01,0.0,-0.0,0.0,2026-05-06 16:03:55.408
4219,336071,1,-90.0,0.0,-0.09,0.0,2026-05-06 16:03:55.408
4220,336131,2,90.0,0.0,0.04,-0.0,2026-05-06 16:03:55.408
4221,336190,3,-90.0,0.0,-0.07,0.0,2026-05-06 16:03:55.408
4222,336297,1,-90.0,0.0,-0.25,0.0,2026-05-06 16:03:55.408
4223,336357,2,90.0,0.0,0.12,0.0,2026-05-06 16:03:55.408
4224,336415,3,-90.0,0.0,-0.13,0.0,2026-05-06 16:03:55.408
4225,336537,1,-90.0,0.0,-2.56,-0.0,2026-05-06 16:03:55.408
4226,336598,2,90.0,0.0,2.5,-0.0,2026-05-06 16:03:55.408
4227,336657,3,-90.0,0.0,-2.51,0.0,2026-05-06 16:03:55.408
4228,336764,1,-90.0,0.0,-2.56,-0.0,2026-05-06 16:03:55.408
4229,336825,2,90.0,0.0,2.5,-0.0,2026-05-06 16:03:55.408
4230,336884,3,-90.0,0.0,-2.51,0.0,2026-05-06 16:03:55.408
4231,337004,1,-90.0,0.0,-11.09,0.0,2026-05-06 16:03:55.408
4232,337065,2,90.0,0.0,10.82,0.0,2026-05-06 16:03:55.408
4233,337124,3,-90.0,0.0,-10.91,0.004,2026-05-06 16:03:55.408
4234,337232,1,-90.0,0.0,-11.09,0.0,2026-05-06 16:03:55.408
4235,337293,2,90.0,0.0,10.82,0.0,2026-05-06 16:03:55.408
4236,337352,3,-90.0,0.0,-10.91,0.004,2026-05-06 16:03:55.408
4237,337473,1,-90.0,0.0,-18.32,0.0,2026-05-06 16:03:55.408
4238,337534,2,90.0,0.0,18.02,0.0,2026-05-06 16:03:55.408
4239,337593,3,-90.0,0.0,-18.02,0.005,2026-05-06 16:03:55.408
4240,337701,1,-90.0,0.0,-22.07,-0.0,2026-05-06 16:03:55.408
4241,337763,2,90.0,0.0,21.65,0.0,2026-05-06 16:03:55.408
4242,337822,3,-90.0,0.0,-21.77,0.005,2026-05-06 16:03:55.408
4243,337942,1,-90.0,0.0,-35.15,0.0,2026-05-06 16:03:55.408
4244,338003,2,90.0,0.0,34.76,0.0,2026-05-06 16:03:55.408
4245,338062,3,-90.0,0.0,-34.74,0.005,2026-05-06 16:03:55.408
4246,338170,1,-90.0,0.0,-35.15,0.0,2026-05-06 16:03:55.408
4247,338231,2,90.0,0.0,34.76,0.0,2026-05-06 16:03:55.408
4248,338290,3,-90.0,0.0,-34.74,0.005,2026-05-06 16:03:55.408
4249,338411,1,-90.0,0.0,-53.91,-0.0,2026-05-06 16:03:55.408
4250,338473,2,90.0,0.0,53.54,0.004,2026-05-06 16:03:55.408
4251,338532,3,-90.0,0.0,-53.53,0.005,2026-05-06 16:03:55.408
4252,338640,1,-90.0,0.0,-53.91,-0.0,2026-05-06 16:03:55.408
4253,338702,2,90.0,0.0,53.54,0.004,2026-05-06 16:03:55.408
4254,338761,3,-90.0,0.0,-53.53,0.005,2026-05-06 16:03:55.408
4255,338881,1,-90.0,0.0,-65.93,0.0,2026-05-06 16:03:55.408
4256,338942,2,90.0,0.0,65.68,0.005,2026-05-06 16:03:55.408
4257,339001,3,-90.0,0.0,-65.61,0.004,2026-05-06 16:03:55.408
4258,339109,1,-90.0,0.0,-70.39,-0.0,2026-05-06 16:03:55.408
4259,339171,2,90.0,0.0,70.13,0.007,2026-05-06 16:03:55.408
4260,339230,3,-90.0,0.0,-70.08,0.003,2026-05-06 16:03:55.408
4261,339302,2,90.0,0.0,78.25,0.007,2026-05-06 16:03:55.408
4262,339361,3,-90.0,0.0,-78.19,0.002,2026-05-06 16:03:55.408
4263,339469,1,-90.0,0.0,-78.63,-0.0,2026-05-06 16:03:55.408
4264,339531,2,90.0,0.0,78.25,0.007,2026-05-06 16:03:55.408
4265,339590,3,-90.0,0.0,-78.19,0.002,2026-05-06 16:03:55.408
4266,339698,1,-90.0,0.0,-81.12,0.0,2026-05-06 16:03:55.408
4267,339820,1,-90.0,0.0,-86.3,0.0,2026-05-06 16:03:56.123
4268,339881,2,90.0,0.0,86.23,0.007,2026-05-06 16:03:56.123
4269,339940,3,-90.0,0.0,-86.18,0.001,2026-05-06 16:03:56.123
4270,340048,1,-90.0,0.0,-86.3,0.0,2026-05-06 16:03:56.123
4271,340109,2,90.0,0.0,86.23,0.007,2026-05-06 16:03:56.123
4272,340168,3,-90.0,0.0,-86.18,0.001,2026-05-06 16:03:56.123
4273,340289,1,-90.0,0.1,-89.69,-0.001,2026-05-06 16:03:56.123
4274,340351,2,90.0,-0.1,89.69,0.004,2026-05-06 16:03:56.123
4275,340411,3,-90.0,0.1,-89.66,0.0,2026-05-06 16:03:56.123
4276,340519,1,-90.0,0.1,-89.69,-0.001,2026-05-06 16:03:56.123
4277,340581,2,90.0,-0.1,89.69,0.004,2026-05-06 16:03:56.123
4278,340641,3,-90.0,0.1,-89.66,0.0,2026-05-06 16:03:56.123
4279,340760,1,-90.0,0.1,-90.14,0.045,2026-05-06 16:03:56.123
4280,340821,2,90.0,-0.1,90.17,-0.047,2026-05-06 16:03:56.123
4281,340882,3,-90.0,0.1,-90.19,0.035,2026-05-06 16:03:56.123
4282,340990,1,-90.0,0.1,-90.14,0.045,2026-05-06 16:03:56.123
4283,341051,2,90.0,-0.1,90.17,-0.047,2026-05-06 16:03:56.123
4284,341112,3,-90.0,0.1,-90.19,0.035,2026-05-06 16:03:56.123
4285,341183,1,-90.0,0.1,-90.1,0.065,2026-05-06 16:03:56.123
4286,341244,2,90.0,-0.1,90.15,-0.064,2026-05-06 16:03:56.123
4287,341305,3,-90.0,0.1,-90.1,0.072,2026-05-06 16:03:56.123
4288,341413,1,-90.0,0.1,-90.1,0.065,2026-05-06 16:03:56.123
4289,341474,2,90.0,-0.1,90.15,-0.064,2026-05-06 16:03:56.123
4290,341535,3,-90.0,0.1,-90.1,0.072,2026-05-06 16:03:56.123
4291,341702,1,-90.0,0.1,-90.07,0.08,2026-05-06 16:03:56.123
4292,341763,2,90.0,-0.1,90.02,-0.081,2026-05-06 16:03:56.123
4293,341824,3,-90.0,0.1,-90.08,0.079,2026-05-06 16:03:56.123
4294,341932,1,-90.0,0.1,-90.07,0.08,2026-05-06 16:03:56.123
4295,341993,2,90.0,-0.1,90.02,-0.081,2026-05-06 16:03:56.123
4296,342054,3,-90.0,0.1,-90.08,0.079,2026-05-06 16:03:56.123
4297,342175,1,-90.0,0.1,-90.04,0.104,2026-05-06 16:03:56.123
4298,342236,2,90.0,-0.1,89.99,-0.103,2026-05-06 16:03:56.123
4299,342297,3,-90.0,0.1,-90.01,0.095,2026-05-06 16:03:56.123
4300,342405,1,-90.0,0.1,-90.04,0.104,2026-05-06 16:03:56.123
4301,342466,2,90.0,-0.1,89.99,-0.103,2026-05-06 16:03:56.123
4302,342527,3,-90.0,0.1,-90.01,0.095,2026-05-06 16:03:56.123
4303,342646,1,-90.0,0.1,-90.01,0.119,2026-05-06 16:03:56.123
4304,342707,2,90.0,-0.1,89.99,-0.119,2026-05-06 16:03:56.123
4305,342768,3,-90.0,0.1,-89.99,0.105,2026-05-06 16:03:56.123
4306,342876,1,-90.0,0.1,-90.01,0.121,2026-05-06 16:03:56.123
4307,342937,2,90.0,-0.1,89.99,-0.12,2026-05-06 16:03:56.123
4308,343120,1,-90.0,0.1,-90.0,0.115,2026-05-06 16:03:56.123
4309,343181,2,90.0,-0.1,89.99,-0.115,2026-05-06 16:03:56.123
4310,343242,3,-90.0,0.1,-89.99,0.117,2026-05-06 16:03:56.123
4311,343350,1,-90.0,0.1,-90.0,0.115,2026-05-06 16:03:56.123
4312,343411,2,90.0,-0.1,89.99,-0.115,2026-05-06 16:03:56.123
4313,343472,3,-90.0,0.1,-89.99,0.117,2026-05-06 16:03:56.123
4314,343543,2,90.0,-0.1,89.99,-0.105,2026-05-06 16:03:56.123
4315,343604,3,-90.0,0.1,-90.0,0.111,2026-05-06 16:03:56.123
4316,343712,1,-90.0,0.1,-90.0,0.106,2026-05-06 16:03:56.123
4317,343773,2,90.0,-0.1,89.99,-0.105,2026-05-06 16:03:56.123
4318,343834,3,-90.0,0.1,-89.99,0.111,2026-05-06 16:03:56.123
4319,343942,1,-90.0,0.1,-90.0,0.106,2026-05-06 16:03:56.123
4320,344063,1,-90.0,0.1,-90.01,0.102,2026-05-06 16:03:56.123
4321,344124,2,90.0,-0.1,89.99,-0.103,2026-05-06 16:03:56.123
4322,344185,3,-90.0,0.1,-90.0,0.094,2026-05-06 16:03:56.123
4323,344293,1,-90.0,0.1,-90.01,0.103,2026-05-06 16:03:56.123
4324,344354,2,90.0,-0.1,89.99,-0.103,2026-05-06 16:03:56.123
4325,344415,3,-90.0,0.1,-90.0,0.094,2026-05-06 16:03:56.123
4326,344534,1,-90.0,0.1,-90.0,0.1,2026-05-06 16:03:56.123
4327,344595,2,90.0,-0.1,89.99,-0.1,2026-05-06 16:03:56.123
4328,344656,3,-90.0,0.1,-90.0,0.094,2026-05-06 16:03:56.123
4329,344764,1,-90.0,0.1,-90.0,0.1,2026-05-06 16:03:56.123
4330,344825,2,90.0,-0.1,89.99,-0.1,2026-05-06 16:03:56.123
4331,344886,3,-90.0,0.1,-90.0,0.094,2026-05-06 16:03:56.123
4332,345005,1,-90.0,0.1,-90.0,0.102,2026-05-06 16:03:56.123
4333,345066,2,90.0,-0.1,90.0,-0.103,2026-05-06 16:03:56.123
4334,345127,3,-90.0,0.1,-90.0,0.101,2026-05-06 16:03:56.123
4335,345235,1,-90.0,0.1,-90.0,0.102,2026-05-06 16:03:56.123
4336,345296,2,90.0,-0.1,90.0,-0.103,2026-05-06 16:03:56.123
4337,345357,3,-90.0,0.1,-90.0,0.101,2026-05-06 16:03:56.123
4338,345476,1,-90.0,0.1,-90.0,0.105,2026-05-06 16:03:56.123
4339,345537,2,90.0,-0.1,90.0,-0.104,2026-05-06 16:03:56.123
4340,345598,3,-90.0,0.1,-89.99,0.102,2026-05-06 16:03:56.123
4341,345706,1,-90.0,0.1,-90.0,0.105,2026-05-06 16:03:56.123
4342,345767,2,90.0,-0.1,90.0,-0.104,2026-05-06 16:03:56.123
4343,345828,3,-90.0,0.1,-89.99,0.102,2026-05-06 16:03:56.123
4344,345947,1,-90.0,0.1,-90.0,0.103,2026-05-06 16:03:56.123
4345,346008,2,90.0,-0.1,90.0,-0.102,2026-05-06 16:03:56.123
4346,346069,3,-90.0,0.1,-90.0,0.102,2026-05-06 16:03:56.123
4347,346177,1,-90.0,0.1,-90.0,0.103,2026-05-06 16:03:56.123
4348,346238,2,90.0,-0.1,90.0,-0.102,2026-05-06 16:03:56.123
4349,346299,3,-90.0,0.1,-90.0,0.101,2026-05-06 16:03:56.123
4350,346418,1,-90.0,0.1,-90.0,0.101,2026-05-06 16:03:56.123
4351,346479,2,90.0,-0.1,90.0,-0.1,2026-05-06 16:03:56.123
4352,346540,3,-90.0,0.1,-90.0,0.099,2026-05-06 16:03:56.123
4353,346648,1,-90.0,0.1,-90.0,0.101,2026-05-06 16:03:56.123
4354,346709,2,90.0,-0.1,90.0,-0.1,2026-05-06 16:03:56.123
4355,346770,3,-90.0,0.1,-90.0,0.099,2026-05-06 16:03:56.123
4356,346841,2,90.0,-0.1,90.0,-0.1,2026-05-06 16:03:56.123
4357,346902,3,-90.0,0.1,-90.0,0.097,2026-05-06 16:03:56.123
4358,347010,1,-90.0,0.1,-90.0,0.099,2026-05-06 16:03:56.123
4359,347071,2,90.0,-0.1,90.0,-0.1,2026-05-06 16:03:56.123
4360,347132,3,-90.0,0.1,-90.0,0.097,2026-05-06 16:03:56.123
4361,347240,1,-90.0,0.1,-90.0,0.099,2026-05-06 16:03:56.123
4362,347360,1,-90.0,0.1,-90.0,0.1,2026-05-06 16:03:56.123
4363,347421,2,90.0,-0.1,90.0,-0.099,2026-05-06 16:03:56.123
4364,347482,3,-90.0,0.1,-90.0,0.097,2026-05-06 16:03:56.123
4365,347590,1,-90.0,0.1,-90.0,0.1,2026-05-06 16:03:56.123
4366,347651,2,90.0,-0.1,90.0,-0.099,2026-05-06 16:03:56.123
4367,347712,3,-90.0,0.1,-90.0,0.097,2026-05-06 16:03:56.123
4368,347831,1,-90.0,0.1,-90.0,0.1,2026-05-06 16:03:56.851
4369,347892,2,90.0,-0.1,90.0,-0.101,2026-05-06 16:03:56.851
4370,347953,3,-90.0,0.1,-90.0,0.099,2026-05-06 16:03:56.851
4371,348061,1,-90.0,0.1,-90.0,0.1,2026-05-06 16:03:56.851
4372,348122,2,90.0,-0.1,90.0,-0.101,2026-05-06 16:03:56.851
4373,348183,3,-90.0,0.1,-90.0,0.099,2026-05-06 16:03:56.851
4374,348302,1,-90.0,0.1,-90.0,0.102,2026-05-06 16:03:56.851
4375,348363,2,90.0,-0.1,90.0,-0.101,2026-05-06 16:03:56.851
4376,348424,3,-90.0,0.1,-90.0,0.101,2026-05-06 16:03:56.851
4377,348532,1,-90.0,0.1,-90.0,0.102,2026-05-06 16:03:56.851
4378,348593,2,90.0,-0.1,90.0,-0.101,2026-05-06 16:03:56.851
4379,348654,3,-90.0,0.1,-90.0,0.101,2026-05-06 16:03:56.851
4380,348773,1,-90.0,0.1,-90.0,0.1,2026-05-06 16:03:56.851
4381,348834,2,90.0,-0.1,90.0,-0.1,2026-05-06 16:03:56.851
4382,348895,3,-90.0,0.1,-90.0,0.099,2026-05-06 16:03:56.851
4383,349003,1,-90.0,0.1,-90.0,0.1,2026-05-06 16:03:56.851
4384,349064,2,90.0,-0.1,90.0,-0.1,2026-05-06 16:03:56.851
4385,349125,3,-90.0,0.1,-90.0,0.099,2026-05-06 16:03:56.851
4386,349244,1,-90.0,0.1,-90.0,0.1,2026-05-06 16:03:56.851
4387,349305,2,90.0,-0.1,90.0,-0.099,2026-05-06 16:03:56.851
4388,349366,3,-90.0,0.1,-90.0,0.098,2026-05-06 16:03:56.851
4389,349474,1,-90.0,0.1,-90.0,0.099,2026-05-06 16:03:56.851
4390,349535,2,90.0,-0.1,90.0,-0.099,2026-05-06 16:03:56.851
4391,349596,3,-90.0,0.1,-90.0,0.099,2026-05-06 16:03:56.851
4392,349715,1,-90.0,0.1,-90.0,0.1,2026-05-06 16:03:56.851
4393,349776,2,90.0,-0.1,90.0,-0.1,2026-05-06 16:03:56.851
4394,349837,3,-90.0,0.1,-90.0,0.099,2026-05-06 16:03:56.851
4395,349945,1,-90.0,0.1,-90.0,0.1,2026-05-06 16:03:56.851
4396,350006,2,90.0,-0.1,90.0,-0.1,2026-05-06 16:03:56.851
4397,350067,3,-90.0,0.1,-90.0,0.099,2026-05-06 16:03:56.851
4398,350185,1,-90.0,0.1,-90.0,0.101,2026-05-06 16:03:56.851
4399,350246,2,90.0,-0.1,90.0,-0.101,2026-05-06 16:03:56.851
4400,350307,3,-90.0,0.1,-90.0,0.101,2026-05-06 16:03:56.851
4401,350415,1,-90.0,0.1,-90.0,0.101,2026-05-06 16:03:56.851
4402,350476,2,90.0,-0.1,90.0,-0.101,2026-05-06 16:03:56.851
4403,350613,3,-90.0,0.1,-90.0,0.101,2026-05-06 16:03:56.851
4404,350721,1,-90.0,0.1,-90.0,0.103,2026-05-06 16:03:56.851
4405,350782,2,90.0,-0.1,90.0,-0.102,2026-05-06 16:03:56.851
4406,350843,3,-90.0,0.1,-90.0,0.099,2026-05-06 16:03:56.851
4407,350951,1,-90.0,0.1,-90.0,0.103,2026-05-06 16:03:56.851
4408,351012,2,90.0,-0.1,90.0,-0.102,2026-05-06 16:03:56.851
4409,351132,1,-90.0,0.1,-90.0,0.102,2026-05-06 16:03:56.851
4410,351193,2,90.0,-0.1,90.0,-0.101,2026-05-06 16:03:56.851
4411,351254,3,-90.0,0.1,-90.0,0.101,2026-05-06 16:03:56.851
4412,351362,1,-90.0,0.1,-90.0,0.102,2026-05-06 16:03:56.851
4413,351423,2,90.0,-0.1,90.0,-0.101,2026-05-06 16:03:56.851
4414,351484,3,-90.0,0.1,-90.0,0.101,2026-05-06 16:03:56.851
4415,351603,1,-90.0,0.1,-90.0,0.102,2026-05-06 16:03:56.851
4416,351664,2,90.0,-0.1,90.0,-0.102,2026-05-06 16:03:56.851
4417,351725,3,-90.0,0.1,-90.0,0.1,2026-05-06 16:03:56.851
4418,351833,1,-90.0,0.1,-90.0,0.102,2026-05-06 16:03:56.851
4419,351894,2,90.0,-0.1,90.0,-0.102,2026-05-06 16:03:56.851
4420,351955,3,-90.0,0.1,-90.0,0.1,2026-05-06 16:03:56.851
4421,352074,1,-90.0,0.1,-90.0,0.101,2026-05-06 16:03:56.851
4422,352135,2,90.0,-0.1,90.0,-0.1,2026-05-06 16:03:56.851
4423,352196,3,-90.0,0.1,-90.0,0.101,2026-05-06 16:03:56.851
4424,352304,1,-90.0,0.1,-90.0,0.101,2026-05-06 16:03:56.851
4425,352365,2,90.0,-0.1,90.0,-0.1,2026-05-06 16:03:56.851
4426,352426,3,-90.0,0.1,-90.0,0.101,2026-05-06 16:03:56.851
4427,352497,3,-90.0,0.1,-90.0,0.099,2026-05-06 16:03:56.851
4428,352605,1,-90.0,0.1,-90.0,0.101,2026-05-06 16:03:56.851
4429,352666,2,90.0,-0.1,90.0,-0.102,2026-05-06 16:03:56.851
4430,352727,3,-90.0,0.1,-90.0,0.099,2026-05-06 16:03:56.851
4431,352835,1,-90.0,0.1,-90.0,0.102,2026-05-06 16:03:56.851
4432,352896,2,90.0,-0.1,90.0,-0.101,2026-05-06 16:03:56.851
4433,353017,1,-90.0,0.1,-90.0,0.102,2026-05-06 16:03:56.851
4434,353078,2,90.0,-0.1,90.0,-0.101,2026-05-06 16:03:56.851
4435,353139,3,-90.0,0.1,-90.0,0.1,2026-05-06 16:03:56.851
4436,353247,1,-90.0,0.1,-90.0,0.102,2026-05-06 16:03:56.851
4437,353308,2,90.0,-0.1,90.0,-0.101,2026-05-06 16:03:56.851
4438,353369,3,-90.0,0.1,-90.0,0.1,2026-05-06 16:03:56.851
4439,353488,1,-90.0,0.1,-90.0,0.101,2026-05-06 16:03:56.851
4440,353549,2,90.0,-0.1,90.0,-0.101,2026-05-06 16:03:56.851
4441,353610,3,-90.0,0.1,-90.0,0.1,2026-05-06 16:03:56.851
4442,353718,1,-90.0,0.1,-90.0,0.101,2026-05-06 16:03:56.851
4443,353779,2,90.0,-0.1,90.0,-0.101,2026-05-06 16:03:56.851
4444,353840,3,-90.0,0.1,-90.0,0.1,2026-05-06 16:03:56.851
4445,353959,1,-90.0,0.1,-90.0,0.101,2026-05-06 16:03:56.851
4446,354020,2,90.0,-0.1,90.0,-0.101,2026-05-06 16:03:56.851
4447,354081,3,-90.0,0.1,-90.0,0.1,2026-05-06 16:03:56.851
4448,354189,1,-90.0,0.1,-90.0,0.101,2026-05-06 16:03:56.851
4449,354250,2,90.0,-0.1,90.0,-0.101,2026-05-06 16:03:56.851
4450,354311,3,-90.0,0.1,-90.0,0.1,2026-05-06 16:03:56.851
4451,354430,1,-90.0,0.1,-90.0,0.1,2026-05-06 16:03:56.851
4452,354491,2,90.0,-0.1,90.0,-0.102,2026-05-06 16:03:56.851
4453,354552,3,-90.0,0.1,-90.0,0.099,2026-05-06 16:03:56.851
4454,354660,1,-90.0,0.1,-90.0,0.1,2026-05-06 16:03:56.851
4455,354721,2,90.0,-0.1,90.0,-0.102,2026-05-06 16:03:56.851
4456,354782,3,-90.0,0.1,-90.0,0.099,2026-05-06 16:03:56.851
4457,354901,1,-90.0,0.1,-90.0,0.099,2026-05-06 16:03:56.851
4458,354962,2,90.0,-0.1,90.0,-0.097,2026-05-06 16:03:56.851
4459,355023,3,-90.0,0.1,-90.0,0.099,2026-05-06 16:03:56.851
4460,355379,1,-90.0,0.1,-90.0,0.101,2026-05-06 16:03:56.851
4461,355440,2,90.0,-0.1,90.0,-0.101,2026-05-06 16:03:56.851
4462,355501,3,-90.0,0.1,-90.01,0.098,2026-05-06 16:03:56.851
4463,355609,1,-90.0,0.1,-90.0,0.101,2026-05-06 16:03:56.851
4464,355670,2,90.0,-0.1,90.0,-0.101,2026-05-06 16:03:56.851
4465,355731,3,-90.0,0.1,-90.01,0.098,2026-05-06 16:03:56.851
4466,355802,1,-90.0,0.1,-90.0,0.101,2026-05-06 16:03:56.851
4467,355863,2,90.0,-0.1,90.0,-0.101,2026-05-06 16:03:56.851
4468,355924,3,-90.0,0.1,-90.0,0.1,2026-05-06 16:03:57.555
4469,356032,1,-90.0,0.1,-90.0,0.101,2026-05-06 16:03:57.555
4470,356093,2,90.0,-0.1,90.0,-0.101,2026-05-06 16:03:57.555
4471,356154,3,-90.0,0.1,-90.0,0.1,2026-05-06 16:03:57.555
4472,356321,1,-90.0,0.1,-90.0,0.099,2026-05-06 16:03:57.555
4473,356382,2,90.0,-0.1,90.0,-0.099,2026-05-06 16:03:57.555
4474,356443,3,-90.0,0.1,-90.0,0.098,2026-05-06 16:03:57.555
4475,356551,1,-90.0,0.1,-90.0,0.099,2026-05-06 16:03:57.555
4476,356612,2,90.0,-0.1,90.0,-0.099,2026-05-06 16:03:57.555
4477,356673,3,-90.0,0.1,-90.0,0.098,2026-05-06 16:03:57.555
4478,356792,1,-90.0,0.1,-90.0,0.096,2026-05-06 16:03:57.555
4479,356853,2,90.0,-0.1,90.0,-0.096,2026-05-06 16:03:57.555
4480,356914,3,-90.0,0.1,-90.01,0.095,2026-05-06 16:03:57.555
4481,357022,1,-90.0,0.1,-90.0,0.096,2026-05-06 16:03:57.555
4482,357083,2,90.0,-0.1,90.0,-0.096,2026-05-06 16:03:57.555
4483,357144,3,-90.0,0.1,-90.01,0.095,2026-05-06 16:03:57.555
4484,357263,1,-90.0,0.1,-90.0,0.099,2026-05-06 16:03:57.555
4485,357324,2,90.0,-0.1,90.0,-0.099,2026-05-06 16:03:57.555
4486,357385,3,-90.0,0.1,-90.0,0.095,2026-05-06 16:03:57.555
4487,357493,1,-90.0,0.1,-90.0,0.098,2026-05-06 16:03:57.555
4488,357554,2,90.0,-0.1,90.0,-0.098,2026-05-06 16:03:57.555
4489,357615,3,-90.0,0.1,-90.0,0.094,2026-05-06 16:03:57.555
4490,357734,1,-90.0,0.1,-90.0,0.098,2026-05-06 16:03:57.555
4491,357795,2,90.0,-0.1,90.0,-0.099,2026-05-06 16:03:57.555
4492,357856,3,-90.0,0.1,-90.0,0.096,2026-05-06 16:03:57.555
4493,357964,1,-90.0,0.1,-90.0,0.098,2026-05-06 16:03:57.555
4494,358025,2,90.0,-0.1,90.0,-0.099,2026-05-06 16:03:57.555
4495,358160,3,-90.0,0.1,-90.0,0.098,2026-05-06 16:03:57.555
4496,358268,1,-90.0,0.1,-90.0,0.099,2026-05-06 16:03:57.555
4497,358329,2,90.0,-0.1,90.0,-0.099,2026-05-06 16:03:57.555
4498,358390,3,-90.0,0.1,-90.0,0.098,2026-05-06 16:03:57.555
4499,358498,1,-90.0,0.1,-90.0,0.099,2026-05-06 16:03:57.555
4500,358559,2,90.0,-0.1,90.0,-0.099,2026-05-06 16:03:57.555
4501,358680,1,-90.0,0.1,-90.0,0.099,2026-05-06 16:03:57.555
4502,358741,2,90.0,-0.1,90.0,-0.1,2026-05-06 16:03:57.555
4503,358802,3,-90.0,0.1,-90.01,0.096,2026-05-06 16:03:57.555
4504,358910,1,-90.0,0.1,-90.0,0.099,2026-05-06 16:03:57.555
4505,358971,2,90.0,-0.1,90.0,-0.1,2026-05-06 16:03:57.555
4506,359032,3,-90.0,0.1,-90.01,0.096,2026-05-06 16:03:57.555
4507,359151,1,-90.0,0.1,-90.0,0.098,2026-05-06 16:03:57.555
4508,359212,2,90.0,-0.1,90.0,-0.097,2026-05-06 16:03:57.555
4509,359273,3,-90.0,0.1,-90.01,0.094,2026-05-06 16:03:57.555
4510,359381,1,-90.0,0.1,-90.0,0.098,2026-05-06 16:03:57.555
4511,359442,2,90.0,-0.1,90.0,-0.097,2026-05-06 16:03:57.555
4512,359503,3,-90.0,0.1,-90.01,0.094,2026-05-06 16:03:57.555
4513,359622,1,-90.0,0.1,-90.0,0.098,2026-05-06 16:03:57.555
4514,359683,2,90.0,-0.1,90.0,-0.098,2026-05-06 16:03:57.555
4515,359744,3,-90.0,0.1,-90.01,0.094,2026-05-06 16:03:57.555
4516,359852,1,-90.0,0.1,-90.0,0.098,2026-05-06 16:03:57.555
4517,359913,2,90.0,-0.1,90.0,-0.098,2026-05-06 16:03:57.555
4518,359974,3,-90.0,0.1,-90.01,0.094,2026-05-06 16:03:57.555
4519,360093,1,-90.0,0.1,-90.0,0.098,2026-05-06 16:03:57.555
4520,360154,2,90.0,-0.1,90.0,-0.098,2026-05-06 16:03:57.555
4521,360215,3,-90.0,0.1,-90.0,0.096,2026-05-06 16:03:57.555
4522,360323,1,-90.0,0.1,-90.0,0.098,2026-05-06 16:03:57.555
4523,360384,2,90.0,-0.1,90.0,-0.098,2026-05-06 16:03:57.555
4524,360445,3,-90.0,0.1,-90.0,0.096,2026-05-06 16:03:57.555
4525,360564,1,-90.0,0.1,-90.0,0.098,2026-05-06 16:03:57.555
4526,360625,2,90.0,-0.1,90.0,-0.099,2026-05-06 16:03:57.555
4527,360686,3,-90.0,0.1,-90.0,0.097,2026-05-06 16:03:57.555
4528,360794,1,-90.0,0.1,-90.0,0.098,2026-05-06 16:03:57.555
4529,360855,2,90.0,-0.1,90.0,-0.098,2026-05-06 16:03:57.555
4530,360916,3,-90.0,0.1,-90.0,0.096,2026-05-06 16:03:57.555
4531,361035,1,-90.0,0.1,-90.0,0.098,2026-05-06 16:03:57.555
4532,361096,2,90.0,-0.1,90.0,-0.098,2026-05-06 16:03:57.555
4533,361157,3,-90.0,0.1,-90.0,0.097,2026-05-06 16:03:57.555
4534,361265,1,-90.0,0.1,-90.0,0.098,2026-05-06 16:03:57.555
4535,361326,2,90.0,-0.1,90.0,-0.098,2026-05-06 16:03:57.555
4536,361387,3,-90.0,0.1,-90.0,0.097,2026-05-06 16:03:57.555
4537,361458,2,90.0,-0.1,90.0,-0.099,2026-05-06 16:03:57.555
4538,361519,3,-90.0,0.1,-90.0,0.097,2026-05-06 16:03:57.555
4539,361627,1,-90.0,0.1,-90.0,0.098,2026-05-06 16:03:57.555
4540,361688,2,90.0,-0.1,90.0,-0.099,2026-05-06 16:03:57.555
4541,361749,3,-90.0,0.1,-90.0,0.097,2026-05-06 16:03:57.555
4542,361857,1,-90.0,0.1,-90.0,0.098,2026-05-06 16:03:57.555
4543,361977,1,-90.0,0.1,-90.0,0.1,2026-05-06 16:03:57.555
4544,362038,2,90.0,-0.1,90.0,-0.101,2026-05-06 16:03:57.555
4545,362099,3,-90.0,0.1,-89.99,0.098,2026-05-06 16:03:57.555
4546,362207,1,-90.0,0.1,-90.0,0.1,2026-05-06 16:03:57.555
4547,362268,2,90.0,-0.1,90.0,-0.101,2026-05-06 16:03:57.555
4548,362329,3,-90.0,0.1,-89.99,0.098,2026-05-06 16:03:57.555
4549,362448,1,-90.0,0.1,-90.0,0.101,2026-05-06 16:03:57.555
4550,362509,2,90.0,-0.1,90.0,-0.1,2026-05-06 16:03:57.555
4551,362570,3,-90.0,0.1,-89.99,0.1,2026-05-06 16:03:57.555
4552,362678,1,-90.0,0.1,-90.0,0.101,2026-05-06 16:03:57.555
4553,362739,2,90.0,-0.1,90.0,-0.1,2026-05-06 16:03:57.555
4554,362800,3,-90.0,0.1,-89.99,0.1,2026-05-06 16:03:57.555
4555,362963,1,-90.0,0.1,-90.0,0.102,2026-05-06 16:03:57.555
4556,363024,2,90.0,-0.1,90.0,-0.102,2026-05-06 16:03:57.555
4557,363085,3,-90.0,0.1,-89.99,0.099,2026-05-06 16:03:57.555
4558,363193,1,-90.0,0.1,-90.0,0.102,2026-05-06 16:03:57.555
4559,363254,2,90.0,-0.1,90.0,-0.102,2026-05-06 16:03:57.555
4560,363381,1,-90.0,0.1,-90.0,0.102,2026-05-06 16:03:57.555
4561,363442,2,90.0,-0.1,90.0,-0.1,2026-05-06 16:03:57.555
4562,363503,3,-90.0,0.1,-90.0,0.101,2026-05-06 16:03:57.555
4563,363611,1,-90.0,0.1,-90.0,0.102,2026-05-06 16:03:57.555
4564,363672,2,90.0,-0.1,90.0,-0.1,2026-05-06 16:03:57.555
4565,363733,3,-90.0,0.1,-90.0,0.101,2026-05-06 16:03:57.555
4566,363852,1,-90.0,0.093,-90.0,0.1,2026-05-06 16:03:57.555
4567,363913,2,90.0,-0.093,90.0,-0.101,2026-05-06 16:03:58.280
4568,363974,3,-90.0,0.093,-89.99,0.1,2026-05-06 16:03:58.280
4569,364082,1,-90.0,0.091,-90.0,0.102,2026-05-06 16:03:58.280
4570,364143,2,90.0,-0.091,90.0,-0.102,2026-05-06 16:03:58.280
4571,364204,3,-90.0,0.091,-90.0,0.099,2026-05-06 16:03:58.280
4572,364323,1,-90.0,0.042,-90.0,0.101,2026-05-06 16:03:58.280
4573,364384,2,90.0,-0.042,90.0,-0.099,2026-05-06 16:03:58.280
4574,364445,3,-90.0,0.042,-90.0,0.1,2026-05-06 16:03:58.280
4575,364553,1,-90.0,0.042,-90.0,0.101,2026-05-06 16:03:58.280
4576,364614,2,90.0,-0.042,90.0,-0.099,2026-05-06 16:03:58.280
4577,364675,3,-90.0,0.042,-90.0,0.1,2026-05-06 16:03:58.280
4578,364793,1,-90.0,0.002,-90.0,0.084,2026-05-06 16:03:58.280
4579,364854,2,90.0,-0.002,90.0,-0.077,2026-05-06 16:03:58.280
4580,364915,3,-90.0,0.002,-90.0,0.072,2026-05-06 16:03:58.280
4581,365023,1,-90.0,0.001,-90.0,0.072,2026-05-06 16:03:58.280
4582,365084,2,90.0,-0.001,90.0,-0.077,2026-05-06 16:03:58.280
4583,365145,3,-90.0,0.001,-89.99,0.072,2026-05-06 16:03:58.280
4584,365264,1,-0.0,0.0,-90.0,0.039,2026-05-06 16:03:58.280
4585,365324,2,0.01,0.0,90.0,-0.042,2026-05-06 16:03:58.280
4586,365383,3,-0.01,0.0,-89.99,0.048,2026-05-06 16:03:58.280
4587,365489,1,-0.0,0.0,-90.0,0.032,2026-05-06 16:03:58.280
4588,365549,2,0.01,0.0,90.0,-0.033,2026-05-06 16:03:58.280
4589,365732,1,-0.0,0.0,-89.81,0.017,2026-05-06 16:03:58.280
4590,365792,2,0.01,0.0,89.95,-0.017,2026-05-06 16:03:58.280
4591,365851,3,-0.01,0.0,-90.0,0.014,2026-05-06 16:03:58.280
4592,365957,1,-0.0,0.0,-89.44,0.014,2026-05-06 16:03:58.280
4593,366017,2,0.01,0.0,89.58,-0.015,2026-05-06 16:03:58.280
4594,366076,3,-0.01,0.0,-89.97,0.011,2026-05-06 16:03:58.280
4595,366197,1,-0.0,0.0,-85.74,0.007,2026-05-06 16:03:58.280
4596,366257,2,0.01,0.0,86.15,-0.003,2026-05-06 16:03:58.280
4597,366316,3,-0.01,0.0,-87.64,0.005,2026-05-06 16:03:58.280
4598,366422,1,-0.0,0.0,-84.54,0.005,2026-05-06 16:03:58.280
4599,366482,2,0.01,0.0,84.7,-0.0,2026-05-06 16:03:58.280
4600,366541,3,-0.01,0.0,-86.65,0.003,2026-05-06 16:03:58.280
4601,366662,1,-0.0,0.0,-78.75,-0.003,2026-05-06 16:03:58.280
4602,366723,2,0.01,0.0,79.08,0.008,2026-05-06 16:03:58.280
4603,366781,3,-0.01,0.0,-81.72,-0.002,2026-05-06 16:03:58.280
4604,366888,1,-0.0,0.0,-76.34,-0.001,2026-05-06 16:03:58.280
4605,366949,2,0.01,0.0,76.69,0.01,2026-05-06 16:03:58.280
4606,367007,3,-0.01,0.0,-79.63,-0.002,2026-05-06 16:03:58.280
4607,367129,1,-0.0,0.0,-64.54,-0.011,2026-05-06 16:03:58.280
4608,367190,2,0.01,0.0,65.31,0.015,2026-05-06 16:03:58.280
4609,367248,3,-0.01,0.0,-69.18,-0.002,2026-05-06 16:03:58.280
4610,367355,1,-0.0,0.0,-61.62,-0.009,2026-05-06 16:03:58.280
4611,367416,2,0.01,0.0,58.89,0.013,2026-05-06 16:03:58.280
4612,367474,3,-0.01,0.0,-66.52,-0.0,2026-05-06 16:03:58.280
4613,367545,1,-0.0,0.0,-49.75,-0.003,2026-05-06 16:03:58.280
4614,367606,2,0.01,0.0,51.06,0.008,2026-05-06 16:03:58.280
4615,367664,3,-0.01,0.0,-55.62,0.001,2026-05-06 16:03:58.280
4616,367770,1,-0.0,0.0,-44.78,-0.002,2026-05-06 16:03:58.280
4617,367831,2,0.01,0.0,45.48,0.006,2026-05-06 16:03:58.280
4618,367889,3,-0.01,0.0,-50.61,0.001,2026-05-06 16:03:58.280
4619,368011,1,-0.0,0.0,-33.85,0.001,2026-05-06 16:03:58.280
4620,368071,2,0.01,0.0,34.54,0.001,2026-05-06 16:03:58.280
4621,368129,3,-0.01,0.0,-39.7,0.004,2026-05-06 16:03:58.280
4622,368235,1,-0.0,0.0,-30.19,0.0,2026-05-06 16:03:58.280
4623,368295,2,0.01,0.0,30.95,0.002,2026-05-06 16:03:58.280
4624,368353,3,-0.01,0.0,-35.27,0.007,2026-05-06 16:03:58.280
4625,368475,1,-0.0,0.0,-19.67,0.003,2026-05-06 16:03:58.280
4626,368535,2,0.01,0.0,20.14,-0.001,2026-05-06 16:03:58.280
4627,368594,3,-0.01,0.0,-24.39,0.009,2026-05-06 16:03:58.280
4628,368701,1,0.0,0.0,-16.57,0.005,2026-05-06 16:03:58.280
4629,368760,2,0.0,0.0,16.92,0.0,2026-05-06 16:03:58.280
4630,368818,3,0.0,0.0,-20.78,0.009,2026-05-06 16:03:58.280
4631,368990,1,0.0,0.0,-7.75,0.004,2026-05-06 16:03:58.280
4632,369048,2,0.0,0.0,7.99,-0.0,2026-05-06 16:03:58.280
4633,369106,3,0.0,0.0,-10.87,0.005,2026-05-06 16:03:58.280
4634,369212,1,0.0,0.0,-7.75,0.004,2026-05-06 16:03:58.280
4635,369270,2,0.0,0.0,7.99,-0.0,2026-05-06 16:03:58.280
4636,369328,3,0.0,0.0,-10.87,0.005,2026-05-06 16:03:58.280
4637,369451,1,0.0,0.0,-1.82,0.003,2026-05-06 16:03:58.280
4638,369509,2,0.0,0.0,1.94,-0.0,2026-05-06 16:03:58.280
4639,369567,3,0.0,0.0,-3.51,0.003,2026-05-06 16:03:58.280
4640,369672,1,0.0,0.0,-1.82,0.003,2026-05-06 16:03:58.280
4641,369730,2,0.0,0.0,1.94,-0.0,2026-05-06 16:03:58.280
4642,369788,3,0.0,0.0,-3.51,0.003,2026-05-06 16:03:58.280
4643,369912,1,0.0,-0.018,-0.06,0.001,2026-05-06 16:03:58.280
4644,369971,2,0.0,-0.018,0.18,0.0,2026-05-06 16:03:58.280
4645,370029,3,0.0,-0.018,-0.52,0.002,2026-05-06 16:03:58.280
4646,370135,1,0.0,-0.019,-0.06,0.001,2026-05-06 16:03:58.280
4647,370194,2,0.0,-0.019,0.18,0.0,2026-05-06 16:03:58.280
4648,370252,3,0.0,-0.019,-0.52,0.002,2026-05-06 16:03:58.280
4649,370327,2,0.0,-0.029,-0.06,-0.005,2026-05-06 16:03:58.280
4650,370387,3,0.0,-0.029,0.06,-0.003,2026-05-06 16:03:58.280
4651,370493,1,0.0,-0.029,0.07,-0.004,2026-05-06 16:03:58.280
4652,370552,2,0.0,-0.029,-0.06,-0.005,2026-05-06 16:03:58.280
4653,370612,3,0.0,-0.029,0.06,-0.003,2026-05-06 16:03:58.280
4654,370718,1,0.0,-0.03,0.07,-0.004,2026-05-06 16:03:58.280
4655,370840,1,0.0,-0.045,0.03,-0.013,2026-05-06 16:03:58.280
4656,370899,2,0.0,-0.045,-0.02,-0.015,2026-05-06 16:03:58.280
4657,370959,3,0.0,-0.045,0.03,-0.012,2026-05-06 16:03:58.280
4658,371188,1,0.0,-0.045,0.03,-0.013,2026-05-06 16:03:58.280
4659,371307,1,0.0,-0.065,0.02,-0.021,2026-05-06 16:03:58.280
4660,371366,2,0.0,-0.065,-0.01,-0.023,2026-05-06 16:03:58.280
4661,371426,3,0.0,-0.065,0.02,-0.022,2026-05-06 16:03:58.280
4662,371532,1,0.0,-0.068,0.02,-0.026,2026-05-06 16:03:58.280
4663,371591,2,0.0,-0.068,-0.01,-0.027,2026-05-06 16:03:58.280
4664,371651,3,0.0,-0.068,0.02,-0.026,2026-05-06 16:03:58.280
4665,371724,1,0.0,-0.09,0.02,-0.035,2026-05-06 16:03:58.280
4666,371783,2,0.0,-0.09,-0.01,-0.035,2026-05-06 16:03:58.280
4667,371843,3,0.0,-0.09,0.03,-0.033,2026-05-06 16:03:58.280
4668,371949,1,0.0,-0.094,0.02,-0.035,2026-05-06 16:03:58.990
4669,372008,2,0.0,-0.094,-0.01,-0.035,2026-05-06 16:03:58.990
4670,372068,3,0.0,-0.094,0.03,-0.033,2026-05-06 16:03:58.990
4671,372237,1,0.0,-0.126,0.03,-0.064,2026-05-06 16:03:58.990
4672,372296,2,0.0,-0.126,-0.04,-0.068,2026-05-06 16:03:58.990
4673,372356,3,0.0,-0.126,0.07,-0.064,2026-05-06 16:03:58.990
4674,372462,1,0.0,-0.126,0.03,-0.064,2026-05-06 16:03:58.990
4675,372521,2,0.0,-0.126,-0.04,-0.068,2026-05-06 16:03:58.990
4676,372581,3,0.0,-0.126,0.07,-0.064,2026-05-06 16:03:58.990
4677,372654,3,0.0,-0.163,0.08,-0.089,2026-05-06 16:03:58.990
4678,372760,1,0.0,-0.168,0.04,-0.097,2026-05-06 16:03:58.990
4679,372819,2,0.0,-0.168,-0.05,-0.099,2026-05-06 16:03:58.990
4680,372879,3,0.0,-0.168,0.08,-0.098,2026-05-06 16:03:58.990
4681,372985,1,0.0,-0.168,0.04,-0.097,2026-05-06 16:03:58.990
4682,373171,1,0.0,-0.206,0.04,-0.116,2026-05-06 16:03:58.990
4683,373230,2,0.0,-0.206,-0.05,-0.121,2026-05-06 16:03:58.990
4684,373290,3,0.0,-0.206,0.04,-0.118,2026-05-06 16:03:58.990
4685,373396,1,0.0,-0.212,0.04,-0.116,2026-05-06 16:03:58.990
4686,373455,2,0.0,-0.212,-0.05,-0.121,2026-05-06 16:03:58.990
4687,373515,3,0.0,-0.212,0.04,-0.118,2026-05-06 16:03:58.990
4688,373636,1,0.0,-0.242,0.01,-0.169,2026-05-06 16:03:58.990
4689,373695,2,0.0,-0.242,-0.01,-0.173,2026-05-06 16:03:58.990
4690,373755,3,0.0,-0.242,0.0,-0.169,2026-05-06 16:03:58.990
4691,373861,1,0.0,-0.242,0.01,-0.169,2026-05-06 16:03:58.990
4692,373920,2,0.0,-0.242,-0.01,-0.173,2026-05-06 16:03:58.990
4693,373980,3,0.0,-0.242,0.0,-0.169,2026-05-06 16:03:58.990
4694,374101,1,0.0,-0.275,-0.02,-0.218,2026-05-06 16:03:58.990
4695,374161,2,0.0,-0.275,0.0,-0.219,2026-05-06 16:03:58.990
4696,374220,3,0.0,-0.275,-0.0,-0.217,2026-05-06 16:03:58.990
4697,374327,1,0.0,-0.275,-0.02,-0.218,2026-05-06 16:03:58.990
4698,374387,2,0.0,-0.275,0.0,-0.219,2026-05-06 16:03:58.990
4699,374446,3,0.0,-0.275,-0.0,-0.217,2026-05-06 16:03:58.990
4700,374567,1,0.0,-0.298,-0.02,-0.23,2026-05-06 16:03:58.990
4701,374627,2,0.0,-0.298,0.0,-0.264,2026-05-06 16:03:58.990
4702,374686,3,0.0,-0.298,0.0,-0.261,2026-05-06 16:03:58.990
4703,374792,1,0.0,-0.301,-0.01,-0.259,2026-05-06 16:03:58.990
4704,374852,2,0.0,-0.301,0.0,-0.264,2026-05-06 16:03:58.990
4705,374911,3,0.0,-0.301,-0.0,-0.261,2026-05-06 16:03:58.990
4706,375033,1,0.0,-0.315,-0.01,-0.29,2026-05-06 16:03:58.990
4707,375093,2,0.0,-0.315,0.0,-0.296,2026-05-06 16:03:58.990
4708,375152,3,0.0,-0.315,0.0,-0.292,2026-05-06 16:03:58.990
4709,375258,1,0.0,-0.317,-0.01,-0.29,2026-05-06 16:03:58.990
4710,375318,2,0.0,-0.317,0.0,-0.296,2026-05-06 16:03:58.990
4711,375377,3,0.0,-0.317,0.0,-0.292,2026-05-06 16:03:58.990
4712,375498,1,0.0,-0.329,0.0,-0.314,2026-05-06 16:03:58.990
4713,375557,2,0.0,-0.329,0.0,-0.319,2026-05-06 16:03:58.990
4714,375616,3,0.0,-0.329,-0.0,-0.313,2026-05-06 16:03:58.990
4715,375723,1,0.0,-0.329,0.0,-0.314,2026-05-06 16:03:58.990
4716,375782,2,0.0,-0.329,0.0,-0.319,2026-05-06 16:03:58.990
4717,375841,3,0.0,-0.329,-0.0,-0.313,2026-05-06 16:03:58.990
4718,375963,1,0.0,-0.339,0.0,-0.334,2026-05-06 16:03:58.990
4719,376022,2,0.0,-0.339,0.0,-0.339,2026-05-06 16:03:58.990
4720,376081,3,0.0,-0.339,0.0,-0.337,2026-05-06 16:03:58.990
4721,376187,1,0.0,-0.339,0.0,-0.334,2026-05-06 16:03:58.990
4722,376246,2,0.0,-0.339,0.0,-0.339,2026-05-06 16:03:58.990
4723,376305,3,0.0,-0.339,0.0,-0.337,2026-05-06 16:03:58.990
4724,376427,1,0.0,-0.345,0.0,-0.345,2026-05-06 16:03:58.990
4725,376486,2,0.0,-0.345,0.0,-0.352,2026-05-06 16:03:58.990
4726,376545,3,0.0,-0.345,0.0,-0.347,2026-05-06 16:03:58.990
4727,376651,1,0.0,-0.346,0.0,-0.347,2026-05-06 16:03:58.990
4728,376710,2,0.0,-0.346,0.0,-0.354,2026-05-06 16:03:58.990
4729,376769,3,0.0,-0.346,0.0,-0.349,2026-05-06 16:03:58.990
4730,376891,1,0.0,-0.345,0.01,-0.35,2026-05-06 16:03:58.990
4731,376950,2,0.0,-0.345,0.0,-0.358,2026-05-06 16:03:58.990
4732,377009,3,0.0,-0.345,0.0,-0.352,2026-05-06 16:03:58.990
4733,377115,1,0.0,-0.345,0.01,-0.35,2026-05-06 16:03:58.990
4734,377174,2,0.0,-0.345,0.0,-0.358,2026-05-06 16:03:58.990
4735,377233,3,0.0,-0.345,0.0,-0.352,2026-05-06 16:03:58.990
4736,377355,1,0.0,-0.337,0.01,-0.353,2026-05-06 16:03:58.990
4737,377414,2,0.0,-0.337,0.0,-0.361,2026-05-06 16:03:58.990
4738,377473,3,0.0,-0.337,0.0,-0.355,2026-05-06 16:03:58.990
4739,377579,1,0.0,-0.337,0.01,-0.353,2026-05-06 16:03:58.990
4740,377638,2,0.0,-0.337,0.0,-0.361,2026-05-06 16:03:58.990
4741,377697,3,0.0,-0.337,0.0,-0.355,2026-05-06 16:03:58.990
4742,377819,1,0.0,-0.324,0.01,-0.351,2026-05-06 16:03:58.990
4743,377878,2,0.0,-0.324,0.0,-0.361,2026-05-06 16:03:58.990
4744,377937,3,0.0,-0.324,0.0,-0.353,2026-05-06 16:03:58.990
4745,378043,1,0.0,-0.321,0.01,-0.351,2026-05-06 16:03:58.990
4746,378102,2,0.0,-0.321,0.0,-0.36,2026-05-06 16:03:58.990
4747,378161,3,0.0,-0.321,-0.0,-0.351,2026-05-06 16:03:58.990
4748,378283,1,0.0,-0.301,0.01,-0.345,2026-05-06 16:03:58.990
4749,378342,2,0.0,-0.301,0.0,-0.351,2026-05-06 16:03:58.990
4750,378401,3,0.0,-0.301,-0.0,-0.347,2026-05-06 16:03:58.990
4751,378508,1,0.0,-0.296,0.0,-0.342,2026-05-06 16:03:58.990
4752,378567,2,0.0,-0.296,0.0,-0.349,2026-05-06 16:03:58.990
4753,378626,3,0.0,-0.296,0.0,-0.345,2026-05-06 16:03:58.990
4754,378748,1,0.0,-0.252,0.0,-0.323,2026-05-06 16:03:58.990
4755,378807,2,0.0,-0.252,0.0,-0.331,2026-05-06 16:03:58.990
4756,378866,3,0.0,-0.252,0.0,-0.326,2026-05-06 16:03:58.990
4757,378972,1,0.0,-0.252,0.0,-0.323,2026-05-06 16:03:58.990
4758,379031,2,0.0,-0.252,0.0,-0.331,2026-05-06 16:03:58.990
4759,379090,3,0.0,-0.252,0.0,-0.326,2026-05-06 16:03:58.990
4760,379212,1,0.0,-0.177,0.0,-0.287,2026-05-06 16:03:58.990
4761,379271,2,0.0,-0.177,0.01,-0.296,2026-05-06 16:03:58.990
4762,379330,3,0.0,-0.177,0.01,-0.291,2026-05-06 16:03:58.990
4763,379436,1,0.0,-0.177,0.0,-0.287,2026-05-06 16:03:58.990
4764,379495,2,0.0,-0.177,0.01,-0.296,2026-05-06 16:03:58.990
4765,379554,3,0.0,-0.177,0.01,-0.291,2026-05-06 16:03:58.990
4766,379676,1,0.0,-0.107,0.0,-0.248,2026-05-06 16:03:58.990
4767,379735,2,0.0,-0.107,0.01,-0.256,2026-05-06 16:03:58.990
4768,379794,3,0.0,-0.107,0.01,-0.25,2026-05-06 16:03:58.990
4769,379900,1,0.0,-0.098,0.0,-0.229,2026-05-06 16:03:58.990
4770,379959,2,0.0,-0.098,0.01,-0.24,2026-05-06 16:03:59.706
4771,380018,3,0.0,-0.098,0.01,-0.24,2026-05-06 16:03:59.706
4772,380140,1,0.0,-0.056,0.01,-0.172,2026-05-06 16:03:59.706
4773,380199,2,0.0,-0.056,0.01,-0.178,2026-05-06 16:03:59.706
4774,380258,3,0.0,-0.056,0.01,-0.179,2026-05-06 16:03:59.706
4775,380364,1,0.0,-0.056,0.01,-0.172,2026-05-06 16:03:59.706
4776,380423,2,0.0,-0.056,0.01,-0.178,2026-05-06 16:03:59.706
4777,380607,1,0.0,-0.024,0.0,-0.099,2026-05-06 16:03:59.706
4778,380666,2,0.0,-0.024,0.0,-0.099,2026-05-06 16:03:59.706
4779,380725,3,0.0,-0.024,-0.0,-0.101,2026-05-06 16:03:59.706
4780,380832,1,0.0,-0.024,0.0,-0.099,2026-05-06 16:03:59.706
4781,380891,2,0.0,-0.024,0.0,-0.099,2026-05-06 16:03:59.706
4782,380950,3,0.0,-0.024,-0.0,-0.101,2026-05-06 16:03:59.706
4783,381072,1,0.0,-0.01,-0.0,-0.053,2026-05-06 16:03:59.706
4784,381132,2,0.0,-0.01,0.0,-0.055,2026-05-06 16:03:59.706
4785,381191,3,0.0,-0.01,-0.01,-0.053,2026-05-06 16:03:59.706
4786,381298,1,0.0,-0.008,-0.0,-0.053,2026-05-06 16:03:59.706
4787,381358,2,0.0,-0.008,0.0,-0.055,2026-05-06 16:03:59.706
4788,381417,3,0.0,-0.008,-0.01,-0.053,2026-05-06 16:03:59.706
4789,381538,1,0.0,-0.002,-0.0,-0.029,2026-05-06 16:03:59.706
4790,381598,2,0.0,-0.002,-0.0,-0.029,2026-05-06 16:03:59.706
4791,381658,3,0.0,-0.002,-0.02,-0.029,2026-05-06 16:03:59.706
4792,381765,1,0.0,-0.002,-0.01,-0.005,2026-05-06 16:03:59.706
4793,381825,2,0.0,-0.002,-0.0,-0.003,2026-05-06 16:03:59.706
4794,381885,3,0.0,-0.002,-0.01,-0.004,2026-05-06 16:03:59.706
4795,382005,1,-0.01,0.0,-0.0,0.009,2026-05-06 16:03:59.706
4796,382064,2,-0.0,0.0,-0.0,0.01,2026-05-06 16:03:59.706
4797,382123,3,-0.02,0.0,-0.0,0.011,2026-05-06 16:03:59.706
4798,382228,1,-0.01,0.0,-0.0,0.009,2026-05-06 16:03:59.706
4799,382287,2,-0.0,0.0,-0.0,0.013,2026-05-06 16:03:59.706
4800,382346,3,-0.02,0.0,-0.01,0.011,2026-05-06 16:03:59.706
4801,382468,1,-0.01,0.0,-0.0,0.015,2026-05-06 16:03:59.706
4802,382527,2,-0.0,0.0,-0.01,0.017,2026-05-06 16:03:59.706
4803,382586,3,-0.02,0.0,-0.01,0.016,2026-05-06 16:03:59.706
4804,382691,1,-0.01,0.0,-0.0,0.015,2026-05-06 16:03:59.706
4805,382750,2,-0.0,0.0,-0.01,0.017,2026-05-06 16:03:59.706
4806,382809,3,-0.02,0.0,-0.01,0.016,2026-05-06 16:03:59.706
4807,382930,1,-0.01,0.0,-0.0,0.012,2026-05-06 16:03:59.706
4808,382989,2,-0.0,0.0,-0.01,0.015,2026-05-06 16:03:59.706
4809,383048,3,-0.02,0.0,-0.01,0.013,2026-05-06 16:03:59.706
4810,383153,1,-0.01,0.0,-0.0,0.012,2026-05-06 16:03:59.706
4811,383212,2,-0.0,0.0,-0.01,0.012,2026-05-06 16:03:59.706
4812,383271,3,-0.02,0.0,-0.01,0.012,2026-05-06 16:03:59.706
4813,383384,1,-0.01,0.0,-0.0,0.01,2026-05-06 16:03:59.706
4814,383443,2,-0.0,0.0,-0.01,0.01,2026-05-06 16:03:59.706
4815,383502,3,-0.02,0.0,-0.02,0.01,2026-05-06 16:03:59.706
4816,383607,1,-0.01,0.0,-0.0,0.008,2026-05-06 16:03:59.706
4817,383666,2,-0.0,0.0,-0.01,0.008,2026-05-06 16:03:59.706
4818,383725,3,-0.02,0.0,-0.01,0.009,2026-05-06 16:03:59.706
4819,383883,1,-0.01,0.0,-0.0,0.007,2026-05-06 16:03:59.706
4820,383942,2,-0.0,0.0,-0.01,0.006,2026-05-06 16:03:59.706
4821,384001,3,-0.02,0.0,-0.02,0.007,2026-05-06 16:03:59.706
4822,384106,1,-0.01,0.0,-0.0,0.005,2026-05-06 16:03:59.706
4823,384165,2,-0.0,0.0,-0.01,0.006,2026-05-06 16:03:59.706
4824,384224,3,-0.02,0.0,-0.02,0.005,2026-05-06 16:03:59.706
4825,384345,1,-0.01,0.0,-0.0,0.003,2026-05-06 16:03:59.706
4826,384404,2,-0.0,0.0,-0.01,0.005,2026-05-06 16:03:59.706
4827,384463,3,-0.02,0.0,-0.01,0.004,2026-05-06 16:03:59.706
4828,384568,1,-0.01,0.0,-0.01,0.003,2026-05-06 16:03:59.706
4829,384627,2,-0.0,0.0,-0.0,0.004,2026-05-06 16:03:59.706
4830,384686,3,-0.02,0.0,-0.01,0.004,2026-05-06 16:03:59.706
4831,384755,1,-0.01,0.0,-0.01,0.003,2026-05-06 16:03:59.706
4832,384814,2,-0.0,0.0,-0.0,0.004,2026-05-06 16:03:59.706
4833,384873,3,-0.02,0.0,-0.01,0.004,2026-05-06 16:03:59.706
4834,384978,1,-0.01,0.0,-0.01,0.004,2026-05-06 16:03:59.706
4835,385037,2,-0.0,0.0,-0.0,0.004,2026-05-06 16:03:59.706
4836,385096,3,-0.02,0.0,-0.02,0.004,2026-05-06 16:03:59.706
4837,385201,1,-0.01,0.0,-0.0,0.004,2026-05-06 16:03:59.706
4838,385259,1,-0.01,0.0,-0.0,0.004,2026-05-06 16:03:59.706
4839,385318,2,-0.0,0.0,-0.0,0.004,2026-05-06 16:03:59.706
4840,385377,3,-0.02,0.0,-0.02,0.004,2026-05-06 16:03:59.706
4841,385482,1,-0.01,0.0,-0.01,0.004,2026-05-06 16:03:59.706
4842,385541,2,-0.0,0.0,-0.0,0.003,2026-05-06 16:03:59.706
4843,385600,3,-0.02,0.0,-0.02,0.004,2026-05-06 16:03:59.706
4844,385721,1,-0.01,0.0,-0.01,0.003,2026-05-06 16:03:59.706
4845,385780,2,-0.0,0.0,-0.0,0.003,2026-05-06 16:03:59.706
4846,385839,3,-0.02,0.0,-0.01,0.003,2026-05-06 16:03:59.706
4847,385944,1,-0.01,0.0,-0.0,0.003,2026-05-06 16:03:59.706
4848,386003,2,-0.0,0.0,-0.0,0.003,2026-05-06 16:03:59.706
4849,386062,3,-0.02,0.0,-0.01,0.003,2026-05-06 16:03:59.706
4850,386183,1,-0.01,0.0,-0.0,0.002,2026-05-06 16:03:59.706
4851,386242,2,-0.0,0.0,-0.0,0.002,2026-05-06 16:03:59.706
4852,386301,3,-0.02,0.0,-0.02,0.002,2026-05-06 16:03:59.706
4853,386406,1,-0.01,0.0,-0.0,0.001,2026-05-06 16:03:59.706
4854,386465,2,-0.0,0.0,-0.0,0.002,2026-05-06 16:03:59.706
4855,386524,3,-0.02,0.0,-0.01,0.002,2026-05-06 16:03:59.706
4856,386645,1,-0.01,0.0,-0.01,0.001,2026-05-06 16:03:59.706
4857,386704,2,-0.0,0.0,-0.0,0.0,2026-05-06 16:03:59.706
4858,386763,3,-0.02,0.0,-0.02,0.002,2026-05-06 16:03:59.706
4859,386868,1,-0.01,0.0,-0.01,0.001,2026-05-06 16:03:59.706
4860,386927,2,-0.0,0.0,-0.0,0.0,2026-05-06 16:03:59.706
4861,386986,3,-0.02,0.0,-0.02,0.002,2026-05-06 16:03:59.706
4862,387151,1,-0.01,0.0,-0.0,0.0,2026-05-06 16:03:59.706
4863,387210,2,-0.0,0.0,-0.0,0.001,2026-05-06 16:03:59.706
4864,387269,3,-0.02,0.0,-0.01,0.001,2026-05-06 16:03:59.706
4865,387374,1,-0.01,0.0,-0.01,0.0,2026-05-06 16:03:59.706
4866,387433,2,-0.0,0.0,-0.0,0.001,2026-05-06 16:03:59.706
4867,387492,3,-0.02,0.0,-0.01,0.001,2026-05-06 16:03:59.706
4868,387646,1,-0.01,0.0,-0.0,0.001,2026-05-06 16:03:59.706
4869,387705,2,-0.0,0.0,-0.0,0.001,2026-05-06 16:03:59.706
4870,387764,3,-0.02,0.0,-0.02,0.001,2026-05-06 16:03:59.706
4871,387869,1,-0.01,0.0,-0.01,0.001,2026-05-06 16:03:59.706
4872,387928,2,-0.0,0.0,-0.0,0.001,2026-05-06 16:03:59.706
4873,388111,1,-0.01,0.0,-0.0,0.001,2026-05-06 16:04:00.411
4874,388170,2,-0.0,0.0,-0.0,0.001,2026-05-06 16:04:00.411
4875,388229,3,-0.02,0.0,-0.01,0.001,2026-05-06 16:04:00.411
4876,388334,1,-0.01,0.0,-0.0,0.001,2026-05-06 16:04:00.411
4877,388393,2,-0.0,0.0,-0.0,0.001,2026-05-06 16:04:00.411
4878,388452,3,-0.02,0.0,-0.01,0.001,2026-05-06 16:04:00.411
4879,388573,1,-0.01,0.0,-0.01,0.001,2026-05-06 16:04:00.411
4880,388632,2,-0.0,0.0,-0.0,0.001,2026-05-06 16:04:00.411
4881,388691,3,-0.02,0.0,-0.01,0.001,2026-05-06 16:04:00.411
4882,388796,1,-0.01,0.0,-0.0,0.001,2026-05-06 16:04:00.411
4883,388855,2,-0.0,0.0,-0.0,0.001,2026-05-06 16:04:00.411
4884,388914,3,-0.02,0.0,-0.02,0.0,2026-05-06 16:04:00.411
4885,389035,1,-0.01,0.0,-0.0,-0.0,2026-05-06 16:04:00.411
4886,389095,2,-0.0,0.0,-0.0,0.0,2026-05-06 16:04:00.411
4887,389154,3,-0.02,0.0,-0.01,0.0,2026-05-06 16:04:00.411
4888,389259,1,-0.01,0.0,-0.0,-0.0,2026-05-06 16:04:00.411
4889,389319,2,-0.0,0.0,-0.0,0.0,2026-05-06 16:04:00.411
4890,389378,3,-0.02,0.0,-0.01,-0.0,2026-05-06 16:04:00.411
4891,389500,1,-0.01,0.0,-0.01,0.0,2026-05-06 16:04:00.411
4892,389559,2,-0.0,0.0,-0.0,0.0,2026-05-06 16:04:00.411
4893,389618,3,-0.02,0.0,-0.01,-0.0,2026-05-06 16:04:00.411
4894,389724,1,-0.01,0.0,-0.01,0.0,2026-05-06 16:04:00.411
4895,389783,2,-0.0,0.0,-0.0,0.0,2026-05-06 16:04:00.411
4896,389842,3,-0.02,0.0,-0.01,0.0,2026-05-06 16:04:00.411
4897,389965,1,-50.77,0.0,-0.01,0.0,2026-05-06 16:04:00.411
4898,390025,2,50.77,0.0,-0.0,0.0,2026-05-06 16:04:00.411
4899,390084,3,-90.0,0.0,-0.02,0.0,2026-05-06 16:04:00.411
4900,390190,1,-50.77,0.0,-0.01,0.0,2026-05-06 16:04:00.411
4901,390250,2,50.77,0.0,-0.0,0.0,2026-05-06 16:04:00.411
4902,390309,3,-90.0,0.0,-0.02,0.0,2026-05-06 16:04:00.411
4903,390430,1,-50.77,0.0,-1.09,0.0,2026-05-06 16:04:00.411
4904,390490,2,50.77,0.0,1.0,0.002,2026-05-06 16:04:00.411
4905,390548,3,-90.0,0.0,-0.99,0.0,2026-05-06 16:04:00.411
4906,390654,1,-50.77,0.0,-2.34,-0.0,2026-05-06 16:04:00.411
4907,390715,2,50.77,0.0,2.01,0.004,2026-05-06 16:04:00.411
4908,390773,3,-90.0,0.0,-2.01,0.0,2026-05-06 16:04:00.411
4909,390848,1,-50.77,0.0,-6.31,-0.0,2026-05-06 16:04:00.411
4910,390909,2,50.77,0.0,6.2,0.009,2026-05-06 16:04:00.411
4911,390967,3,-90.0,0.0,-5.95,-0.0,2026-05-06 16:04:00.411
4912,391074,1,-50.77,0.0,-8.85,-0.0,2026-05-06 16:04:00.411
4913,391135,2,50.77,0.0,8.69,0.01,2026-05-06 16:04:00.411
4914,391193,3,-90.0,0.0,-8.49,-0.0,2026-05-06 16:04:00.411
4915,391361,1,-50.77,0.0,-17.68,-0.002,2026-05-06 16:04:00.411
4916,391423,2,50.77,0.0,17.54,0.012,2026-05-06 16:04:00.411
4917,391482,3,-90.0,0.0,-17.21,-0.0,2026-05-06 16:04:00.411
4918,391590,1,-50.77,0.0,-17.68,-0.002,2026-05-06 16:04:00.411
4919,391652,2,50.77,0.0,17.54,0.012,2026-05-06 16:04:00.411
4920,391711,3,-90.0,0.0,-17.21,-0.0,2026-05-06 16:04:00.411
4921,391831,1,-50.77,0.0,-32.19,-0.002,2026-05-06 16:04:00.411
4922,391893,2,50.77,0.0,31.97,0.013,2026-05-06 16:04:00.411
4923,391952,3,-90.0,0.0,-32.15,-0.001,2026-05-06 16:04:00.411
4924,392060,1,-50.77,0.0,-32.19,-0.002,2026-05-06 16:04:00.411
4925,392122,2,50.77,0.0,31.97,0.013,2026-05-06 16:04:00.411
4926,392181,3,-90.0,0.0,-32.15,-0.001,2026-05-06 16:04:00.411
4927,392301,1,-50.77,0.0,-38.0,-0.005,2026-05-06 16:04:00.411
4928,392363,2,50.77,0.0,37.7,0.013,2026-05-06 16:04:00.411
4929,392422,3,-90.0,0.0,-41.85,-0.001,2026-05-06 16:04:00.411
4930,392530,1,-50.77,0.0,-38.0,-0.005,2026-05-06 16:04:00.411
4931,392592,2,50.77,0.0,37.7,0.013,2026-05-06 16:04:00.411
4932,392651,3,-90.0,0.0,-41.85,-0.001,2026-05-06 16:04:00.411
4933,392724,3,-90.0,0.0,-63.29,0.001,2026-05-06 16:04:00.411
4934,392831,1,-50.77,0.0,-47.56,-0.001,2026-05-06 16:04:00.411
4935,392893,2,50.77,0.0,47.32,0.007,2026-05-06 16:04:00.411
4936,392952,3,-90.0,0.0,-63.29,0.001,2026-05-06 16:04:00.411
4937,393059,1,-50.77,0.0,-48.97,-0.002,2026-05-06 16:04:00.411
4938,393121,2,50.77,0.0,48.8,0.006,2026-05-06 16:04:00.411
4939,393240,1,-50.77,0.0,-50.58,-0.002,2026-05-06 16:04:00.411
4940,393302,2,50.77,0.0,50.5,0.004,2026-05-06 16:04:00.411
4941,393361,3,-90.0,0.0,-76.6,-0.0,2026-05-06 16:04:00.411
4942,393469,1,-50.77,0.0,-50.58,-0.002,2026-05-06 16:04:00.411
4943,393531,2,50.77,0.0,50.5,0.004,2026-05-06 16:04:00.411
4944,393590,3,-90.0,0.0,-76.6,-0.0,2026-05-06 16:04:00.411
4945,393710,1,-50.77,0.0,-50.83,-0.003,2026-05-06 16:04:00.411
4946,393772,2,50.77,0.0,50.85,0.004,2026-05-06 16:04:00.411
4947,393831,3,-90.0,0.0,-84.1,-0.0,2026-05-06 16:04:00.411
4948,393939,1,-50.77,0.0,-50.82,-0.003,2026-05-06 16:04:00.411
4949,394001,2,50.77,0.0,50.85,0.004,2026-05-06 16:04:00.411
4950,394060,3,-90.0,0.0,-85.53,0.0,2026-05-06 16:04:00.411
4951,394180,1,-50.77,-0.062,-50.79,-0.005,2026-05-06 16:04:00.411
4952,394243,2,50.77,0.062,50.84,0.004,2026-05-06 16:04:00.411
4953,394302,3,-90.0,0.048,-89.19,0.0,2026-05-06 16:04:00.411
4954,394409,1,-50.77,-0.062,-50.79,-0.005,2026-05-06 16:04:00.411
4955,394472,2,50.77,0.062,50.84,0.004,2026-05-06 16:04:00.411
4956,394531,3,-90.0,0.048,-89.19,0.0,2026-05-06 16:04:00.411
4957,394650,1,-50.77,-0.063,-50.78,-0.036,2026-05-06 16:04:00.411
4958,394713,2,50.77,0.063,50.81,0.032,2026-05-06 16:04:00.411
4959,394772,3,-90.0,0.049,-90.14,0.021,2026-05-06 16:04:00.411
4960,394879,1,-50.77,-0.063,-50.78,-0.036,2026-05-06 16:04:00.411
4961,394942,2,50.77,0.063,50.81,0.032,2026-05-06 16:04:00.411
4962,395001,3,-90.0,0.049,-90.14,0.021,2026-05-06 16:04:00.411
4963,395073,3,-90.0,0.049,-90.1,0.039,2026-05-06 16:04:00.411
4964,395180,1,-50.77,-0.063,-50.84,-0.05,2026-05-06 16:04:00.411
4965,395243,2,50.77,0.063,50.78,0.048,2026-05-06 16:04:00.411
4966,395302,3,-90.0,0.049,-90.1,0.039,2026-05-06 16:04:00.411
4967,395409,1,-50.77,-0.063,-50.84,-0.05,2026-05-06 16:04:00.411
4968,395546,2,50.77,0.063,50.77,0.058,2026-05-06 16:04:00.411
4969,395605,3,-90.0,0.049,-90.1,0.055,2026-05-06 16:04:00.411
4970,395712,1,-50.77,-0.063,-50.88,-0.061,2026-05-06 16:04:00.411
4971,395775,2,50.77,0.063,50.77,0.062,2026-05-06 16:04:00.411
4972,395834,3,-90.0,0.049,-90.11,0.054,2026-05-06 16:04:00.411
4973,395941,1,-50.77,-0.063,-50.88,-0.061,2026-05-06 16:04:00.411
4974,396063,1,-50.77,-0.063,-50.85,-0.067,2026-05-06 16:04:01.124
4975,396126,2,50.77,0.063,50.77,0.066,2026-05-06 16:04:01.124
4976,396185,3,-90.0,0.049,-90.1,0.055,2026-05-06 16:04:01.124
4977,396292,1,-50.77,-0.063,-50.85,-0.067,2026-05-06 16:04:01.124
4978,396355,2,50.77,0.063,50.77,0.066,2026-05-06 16:04:01.124
4979,396414,3,-90.0,0.049,-90.1,0.055,2026-05-06 16:04:01.124
4980,396486,3,-90.0,0.049,-90.02,0.045,2026-05-06 16:04:01.124
4981,396593,1,-50.77,-0.063,-50.83,-0.064,2026-05-06 16:04:01.124
4982,396656,2,50.77,0.063,50.77,0.064,2026-05-06 16:04:01.124
4983,396715,3,-90.0,0.049,-90.02,0.045,2026-05-06 16:04:01.124
4984,396822,1,-50.77,-0.063,-50.83,-0.064,2026-05-06 16:04:01.124
4985,396885,2,50.77,0.063,50.77,0.064,2026-05-06 16:04:01.124
4986,397003,1,-50.77,-0.063,-50.8,-0.067,2026-05-06 16:04:01.124
4987,397066,2,50.77,0.063,50.78,0.068,2026-05-06 16:04:01.124
4988,397125,3,-90.0,0.049,-90.04,0.051,2026-05-06 16:04:01.124
4989,397232,1,-50.77,-0.063,-50.8,-0.067,2026-05-06 16:04:01.124
4990,397295,2,50.77,0.063,50.78,0.068,2026-05-06 16:04:01.124
4991,397354,3,-90.0,0.049,-90.04,0.051,2026-05-06 16:04:01.124
4992,397473,1,-50.77,-0.063,-50.8,-0.063,2026-05-06 16:04:01.124
4993,397536,2,50.77,0.063,50.78,0.061,2026-05-06 16:04:01.124
4994,397595,3,-90.0,0.049,-90.03,0.052,2026-05-06 16:04:01.124
4995,397702,1,-50.77,-0.063,-50.8,-0.063,2026-05-06 16:04:01.124
4996,397765,2,50.77,0.063,50.78,0.061,2026-05-06 16:04:01.124
4997,397824,3,-90.0,0.049,-90.03,0.052,2026-05-06 16:04:01.124
4998,397943,1,-50.77,-0.063,-50.77,-0.063,2026-05-06 16:04:01.124
4999,398006,2,50.77,0.063,50.78,0.06,2026-05-06 16:04:01.124
5000,398065,3,-90.0,0.049,-90.01,0.051,2026-05-06 16:04:01.124
5001,398172,1,-50.77,-0.063,-50.77,-0.063,2026-05-06 16:04:01.124
5002,398235,2,50.77,0.063,50.78,0.06,2026-05-06 16:04:01.124
5003,398294,3,-90.0,0.049,-90.01,0.051,2026-05-06 16:04:01.124
5004,398413,1,-50.77,-0.063,-50.76,-0.06,2026-05-06 16:04:01.124
5005,398476,2,50.77,0.063,50.78,0.059,2026-05-06 16:04:01.124
5006,398535,3,-90.0,0.049,-90.0,0.049,2026-05-06 16:04:01.124
5007,398642,1,-50.77,-0.063,-50.76,-0.06,2026-05-06 16:04:01.124
5008,398705,2,50.77,0.063,50.78,0.059,2026-05-06 16:04:01.124
5009,398764,3,-90.0,0.049,-90.0,0.049,2026-05-06 16:04:01.124
5010,398836,1,-50.77,-0.063,-50.76,-0.062,2026-05-06 16:04:01.124
5011,398899,2,50.77,0.063,50.78,0.059,2026-05-06 16:04:01.124
5012,398958,3,-90.0,0.049,-90.0,0.046,2026-05-06 16:04:01.124
5013,399065,1,-50.77,-0.063,-50.76,-0.062,2026-05-06 16:04:01.124
5014,399128,2,50.77,0.063,50.78,0.059,2026-05-06 16:04:01.124
5015,399187,3,-90.0,0.049,-90.0,0.046,2026-05-06 16:04:01.124
5016,399353,1,-50.77,-0.063,-50.77,-0.063,2026-05-06 16:04:01.124
5017,399416,2,50.77,0.063,50.78,0.064,2026-05-06 16:04:01.124
5018,399475,3,-90.0,0.049,-90.0,0.047,2026-05-06 16:04:01.124
5019,399582,1,-50.77,-0.063,-50.77,-0.063,2026-05-06 16:04:01.124
5020,399645,2,50.77,0.063,50.78,0.064,2026-05-06 16:04:01.124
5021,399704,3,-90.0,0.049,-90.0,0.047,2026-05-06 16:04:01.124
5022,399823,1,-50.77,-0.063,-50.78,-0.065,2026-05-06 16:04:01.124
5023,399886,2,50.77,0.063,50.78,0.063,2026-05-06 16:04:01.124
5024,399945,3,-90.0,0.049,-90.0,0.049,2026-05-06 16:04:01.124
5025,400052,1,-50.77,-0.063,-50.78,-0.065,2026-05-06 16:04:01.124
5026,400115,2,50.77,0.063,50.78,0.063,2026-05-06 16:04:01.124
5027,400174,3,-90.0,0.049,-90.0,0.049,2026-05-06 16:04:01.124
5028,400246,2,50.77,0.063,50.78,0.064,2026-05-06 16:04:01.124
5029,400305,3,-90.0,0.049,-90.0,0.049,2026-05-06 16:04:01.124
5030,400412,1,-50.77,-0.063,-50.78,-0.064,2026-05-06 16:04:01.124
5031,400475,2,50.77,0.063,50.78,0.064,2026-05-06 16:04:01.124
5032,400534,3,-90.0,0.049,-90.0,0.049,2026-05-06 16:04:01.124
5033,400641,1,-50.77,-0.063,-50.78,-0.064,2026-05-06 16:04:01.124
5034,400763,1,-50.77,-0.063,-50.78,-0.062,2026-05-06 16:04:01.124
5035,400826,2,50.77,0.063,50.78,0.062,2026-05-06 16:04:01.124
5036,400885,3,-90.0,0.049,-90.0,0.05,2026-05-06 16:04:01.124
5037,400992,1,-50.77,-0.063,-50.78,-0.062,2026-05-06 16:04:01.124
5038,401055,2,50.77,0.063,50.78,0.062,2026-05-06 16:04:01.124
5039,401114,3,-90.0,0.049,-90.0,0.05,2026-05-06 16:04:01.124
5040,401233,1,-50.77,-0.063,-50.78,-0.061,2026-05-06 16:04:01.124
5041,401296,2,50.77,0.063,50.78,0.06,2026-05-06 16:04:01.124
5042,401355,3,-90.0,0.049,-90.0,0.05,2026-05-06 16:04:01.124
5043,401462,1,-50.77,-0.063,-50.78,-0.061,2026-05-06 16:04:01.124
5044,401525,2,50.77,0.063,50.78,0.06,2026-05-06 16:04:01.124
5045,401584,3,-90.0,0.049,-90.0,0.05,2026-05-06 16:04:01.124
5046,401656,3,-90.0,0.049,-90.0,0.048,2026-05-06 16:04:01.124
5047,401763,1,-50.77,-0.063,-50.77,-0.062,2026-05-06 16:04:01.124
5048,401826,2,50.77,0.063,50.77,0.061,2026-05-06 16:04:01.124
5049,401885,3,-90.0,0.049,-90.0,0.048,2026-05-06 16:04:01.124
5050,401992,1,-50.77,-0.063,-50.77,-0.062,2026-05-06 16:04:01.124
5051,402055,2,50.77,0.063,50.77,0.061,2026-05-06 16:04:01.124
5052,402173,1,-50.77,-0.061,-50.77,-0.062,2026-05-06 16:04:01.124
5053,402236,2,50.77,0.061,50.77,0.062,2026-05-06 16:04:01.124
5054,402295,3,-90.0,0.047,-90.0,0.048,2026-05-06 16:04:01.124
5055,402402,1,-50.77,-0.061,-50.77,-0.062,2026-05-06 16:04:01.124
5056,402465,2,50.77,0.061,50.77,0.062,2026-05-06 16:04:01.124
5057,402524,3,-90.0,0.047,-90.0,0.048,2026-05-06 16:04:01.124
5058,402643,1,-50.77,-0.054,-50.77,-0.062,2026-05-06 16:04:01.124
5059,402706,2,50.77,0.054,50.77,0.061,2026-05-06 16:04:01.124
5060,402765,3,-90.0,0.042,-90.0,0.047,2026-05-06 16:04:01.124
5061,402872,1,-50.77,-0.052,-50.77,-0.062,2026-05-06 16:04:01.124
5062,402935,2,50.77,0.052,50.77,0.061,2026-05-06 16:04:01.124
5063,403116,1,-50.77,-0.038,-50.77,-0.06,2026-05-06 16:04:01.124
5064,403179,2,50.77,0.038,50.77,0.059,2026-05-06 16:04:01.124
5065,403238,3,-90.0,0.03,-90.0,0.046,2026-05-06 16:04:01.124
5066,403345,1,-50.77,-0.035,-50.77,-0.057,2026-05-06 16:04:01.124
5067,403408,2,50.77,0.035,50.77,0.059,2026-05-06 16:04:01.124
5068,403467,3,-90.0,0.027,-90.0,0.045,2026-05-06 16:04:01.124
5069,403586,1,-50.77,-0.014,-50.77,-0.046,2026-05-06 16:04:01.124
5070,403649,2,50.77,0.014,50.77,0.048,2026-05-06 16:04:01.124
5071,403708,3,-90.0,0.011,-90.0,0.038,2026-05-06 16:04:01.124
5072,403815,1,-50.77,-0.014,-50.77,-0.046,2026-05-06 16:04:01.124
5073,403878,2,50.77,0.014,50.77,0.048,2026-05-06 16:04:01.124
5074,403937,3,-90.0,0.011,-90.0,0.038,2026-05-06 16:04:01.832
5075,404009,3,-90.0,0.003,-89.99,0.024,2026-05-06 16:04:01.832
5076,404116,1,-50.77,-0.003,-50.77,-0.029,2026-05-06 16:04:01.832
5077,404179,2,50.77,0.003,50.77,0.03,2026-05-06 16:04:01.832
5078,404238,3,-90.0,0.002,-89.99,0.024,2026-05-06 16:04:01.832
5079,404345,1,-50.77,-0.003,-50.77,-0.029,2026-05-06 16:04:01.832
5080,404408,2,50.77,0.003,50.77,0.03,2026-05-06 16:04:01.832
5081,404526,1,-50.77,-0.0,-50.77,-0.011,2026-05-06 16:04:01.832
5082,404589,2,50.77,0.0,50.78,0.012,2026-05-06 16:04:01.832
5083,404648,3,-90.0,0.0,-89.99,0.007,2026-05-06 16:04:01.832
5084,404755,1,-50.77,0.0,-50.77,-0.011,2026-05-06 16:04:01.832
5085,404817,2,50.78,0.0,50.78,0.012,2026-05-06 16:04:01.832
5086,404876,3,-89.99,0.0,-89.99,0.007,2026-05-06 16:04:01.832
5087,404995,1,-50.77,0.0,-50.77,-0.001,2026-05-06 16:04:01.832
5088,405057,2,50.78,0.0,50.78,0.001,2026-05-06 16:04:01.832
5089,405116,3,-89.99,0.0,-90.0,-0.001,2026-05-06 16:04:01.832
5090,405224,1,-50.77,0.0,-50.77,0.0,2026-05-06 16:04:01.832
5091,405285,2,50.78,0.0,50.78,-0.0,2026-05-06 16:04:01.832
5092,405345,3,-89.99,0.0,-90.0,-0.0,2026-05-06 16:04:01.832
5093,405418,2,50.78,0.0,50.78,-0.0,2026-05-06 16:04:01.832
5094,405478,3,-89.99,0.0,-90.0,0.0,2026-05-06 16:04:01.832
5095,405654,1,-50.77,0.0,-50.77,0.0,2026-05-06 16:04:01.832
5096,405715,2,50.78,0.0,50.78,-0.0,2026-05-06 16:04:01.832
5097,405775,3,-89.99,0.0,-90.0,0.001,2026-05-06 16:04:01.832
5098,405939,1,-50.77,0.0,-50.77,0.0,2026-05-06 16:04:01.832
5099,406000,2,50.78,0.0,50.78,-0.0,2026-05-06 16:04:01.832
5100,406060,3,-89.99,0.0,-89.99,0.0,2026-05-06 16:04:01.832
5101,406167,1,-50.77,0.0,-50.77,-0.0,2026-05-06 16:04:01.832
5102,406229,2,50.78,0.0,50.78,-0.0,2026-05-06 16:04:01.832
5103,406289,3,-89.99,0.0,-89.99,-0.0,2026-05-06 16:04:01.832
5104,406409,1,0.0,0.0,-50.77,0.0,2026-05-06 16:04:01.832
5105,406468,2,0.0,0.0,50.78,-0.0,2026-05-06 16:04:01.832
5106,406527,3,0.0,0.0,-89.99,-0.0,2026-05-06 16:04:01.832
5107,406633,1,0.0,0.0,-50.77,0.0,2026-05-06 16:04:01.832
5108,406692,2,0.0,0.0,50.78,-0.0,2026-05-06 16:04:01.832
5109,406751,3,0.0,0.0,-89.99,-0.0,2026-05-06 16:04:01.832
5110,406873,1,0.0,0.0,-48.98,0.0,2026-05-06 16:04:01.832
5111,406932,2,0.0,0.0,49.21,-0.0,2026-05-06 16:04:01.832
5112,406991,3,0.0,0.0,-88.31,0.0,2026-05-06 16:04:01.832
5113,407096,1,0.0,0.0,-48.17,0.0,2026-05-06 16:04:01.832
5114,407155,2,0.0,0.0,48.46,-0.0,2026-05-06 16:04:01.832
5115,407214,3,0.0,0.0,-87.57,0.0,2026-05-06 16:04:01.832
5116,407336,1,0.0,0.0,-44.03,0.0,2026-05-06 16:04:01.832
5117,407395,2,0.0,0.0,44.15,0.0,2026-05-06 16:04:01.832
5118,407453,3,0.0,0.0,-83.37,0.002,2026-05-06 16:04:01.832
5119,407558,1,0.0,0.0,-44.03,0.0,2026-05-06 16:04:01.832
5120,407617,2,0.0,0.0,44.15,0.0,2026-05-06 16:04:01.832
5121,407675,3,0.0,0.0,-83.37,0.002,2026-05-06 16:04:01.832
5122,407797,1,0.0,0.0,-33.52,0.0,2026-05-06 16:04:01.832
5123,407856,2,0.0,0.0,33.73,0.0,2026-05-06 16:04:01.832
5124,407914,3,0.0,0.0,-73.21,0.006,2026-05-06 16:04:01.832
5125,408019,1,0.0,0.0,-33.52,0.0,2026-05-06 16:04:01.832
5126,408078,2,0.0,0.0,33.73,0.0,2026-05-06 16:04:01.832
5127,408136,3,0.0,0.0,-73.21,0.006,2026-05-06 16:04:01.832
5128,408259,1,0.0,0.0,-22.82,0.0,2026-05-06 16:04:01.832
5129,408318,2,0.0,0.0,23.19,-0.0,2026-05-06 16:04:01.832
5130,408377,3,0.0,0.0,-62.41,0.009,2026-05-06 16:04:01.832
5131,408482,1,0.0,0.0,-22.82,0.0,2026-05-06 16:04:01.832
5132,408541,2,0.0,0.0,23.19,-0.0,2026-05-06 16:04:01.832
5133,408600,3,0.0,0.0,-62.41,0.009,2026-05-06 16:04:01.832
5134,408722,1,0.0,0.0,-9.48,0.002,2026-05-06 16:04:01.832
5135,408780,2,0.0,0.0,9.67,-0.0,2026-05-06 16:04:01.832
5136,408838,3,0.0,0.0,-41.41,0.005,2026-05-06 16:04:01.832
5137,408943,1,0.0,0.0,-8.01,0.001,2026-05-06 16:04:01.832
5138,409001,2,0.0,0.0,8.11,0.0,2026-05-06 16:04:01.832
5139,409058,3,0.0,0.0,-38.37,0.005,2026-05-06 16:04:01.832
5140,409208,1,0.0,0.0,-3.29,0.003,2026-05-06 16:04:01.832
5141,409266,2,0.0,0.0,3.44,0.0,2026-05-06 16:04:01.832
5142,409323,3,0.0,0.0,-26.44,0.004,2026-05-06 16:04:01.832
5143,409428,1,0.0,0.0,-3.29,0.003,2026-05-06 16:04:01.832
5144,409486,2,0.0,0.0,3.44,0.0,2026-05-06 16:04:01.832
5145,409543,3,0.0,0.0,-26.44,0.004,2026-05-06 16:04:01.832
5146,409693,1,0.0,0.0,-0.25,0.003,2026-05-06 16:04:01.832
5147,409751,2,0.0,0.0,0.31,0.001,2026-05-06 16:04:01.832
5148,409808,3,0.0,0.0,-13.96,0.002,2026-05-06 16:04:01.832
5149,409913,1,0.0,0.0,-0.25,0.003,2026-05-06 16:04:01.832
5150,409971,2,0.0,0.0,0.31,0.001,2026-05-06 16:04:01.832
5151,410028,3,0.0,0.0,-13.96,0.002,2026-05-06 16:04:01.832
5152,410179,1,0.0,0.0,0.05,0.001,2026-05-06 16:04:01.832
5153,410236,2,0.0,0.0,-0.07,-0.0,2026-05-06 16:04:01.832
5154,410295,3,0.0,0.0,-4.92,0.0,2026-05-06 16:04:01.832
5155,410399,1,0.0,0.0,0.05,0.001,2026-05-06 16:04:01.832
5156,410456,2,0.0,0.0,-0.07,-0.0,2026-05-06 16:04:01.832
5157,410620,1,0.0,0.206,0.05,0.0,2026-05-06 16:04:01.832
5158,410677,2,0.0,0.206,-0.02,0.0,2026-05-06 16:04:01.832
5159,410735,3,0.0,0.206,-1.2,-0.0,2026-05-06 16:04:01.832
5160,410840,1,0.0,0.212,0.05,0.0,2026-05-06 16:04:01.832
5161,410897,2,0.0,0.212,-0.01,0.0,2026-05-06 16:04:01.832
5162,410955,3,0.0,0.212,-0.74,-0.0,2026-05-06 16:04:01.832
5163,411127,1,0.0,0.246,0.04,0.0,2026-05-06 16:04:01.832
5164,411184,2,0.0,0.246,-0.0,-0.0,2026-05-06 16:04:01.832
5165,411243,3,0.0,0.246,0.11,-0.0,2026-05-06 16:04:01.832
5166,411347,1,0.0,0.251,0.04,0.116,2026-05-06 16:04:01.832
5167,411404,2,0.0,0.251,0.0,0.101,2026-05-06 16:04:01.832
5168,411461,3,0.0,0.251,0.1,0.098,2026-05-06 16:04:01.832
5169,411611,1,0.0,0.275,0.08,0.165,2026-05-06 16:04:01.832
5170,411668,2,0.0,0.275,-0.06,0.175,2026-05-06 16:04:01.832
5171,411726,3,0.0,0.275,0.13,0.145,2026-05-06 16:04:01.832
5172,411829,1,0.0,0.275,0.08,0.165,2026-05-06 16:04:01.832
5173,411886,2,0.0,0.275,-0.06,0.175,2026-05-06 16:04:01.832
5174,411944,3,0.0,0.275,0.13,0.145,2026-05-06 16:04:02.554
5175,412094,1,0.0,0.301,-0.0,0.223,2026-05-06 16:04:02.554
5176,412152,2,0.0,0.301,-0.01,0.225,2026-05-06 16:04:02.554
5177,412210,3,0.0,0.301,0.13,0.205,2026-05-06 16:04:02.554
5178,412313,1,0.0,0.301,-0.0,0.223,2026-05-06 16:04:02.554
5179,412371,2,0.0,0.301,-0.01,0.225,2026-05-06 16:04:02.554
5180,412429,3,0.0,0.301,0.13,0.205,2026-05-06 16:04:02.554
5181,412578,1,0.0,0.317,-0.0,0.275,2026-05-06 16:04:02.554
5182,412636,2,0.0,0.317,-0.01,0.285,2026-05-06 16:04:02.554
5183,412694,3,0.0,0.317,0.01,0.277,2026-05-06 16:04:02.554
5184,412797,1,0.0,0.319,-0.0,0.275,2026-05-06 16:04:02.554
5185,412855,2,0.0,0.319,-0.01,0.285,2026-05-06 16:04:02.554
5186,412913,3,0.0,0.319,0.01,0.277,2026-05-06 16:04:02.554
5187,413063,1,0.0,0.329,-0.01,0.319,2026-05-06 16:04:02.554
5188,413121,2,0.0,0.329,-0.01,0.331,2026-05-06 16:04:02.554
5189,413179,3,0.0,0.329,0.0,0.324,2026-05-06 16:04:02.554
5190,413282,1,0.0,0.33,-0.01,0.319,2026-05-06 16:04:02.554
5191,413340,2,0.0,0.33,-0.02,0.331,2026-05-06 16:04:02.554
5192,413398,3,0.0,0.33,0.0,0.324,2026-05-06 16:04:02.554
5193,413547,1,0.0,0.339,-0.01,0.348,2026-05-06 16:04:02.554
5194,413605,2,0.0,0.339,-0.02,0.355,2026-05-06 16:04:02.554
5195,413663,3,0.0,0.339,-0.0,0.353,2026-05-06 16:04:02.554
5196,413770,1,0.0,0.339,-0.01,0.348,2026-05-06 16:04:02.554
5197,413828,2,0.0,0.339,-0.02,0.355,2026-05-06 16:04:02.554
5198,413886,3,0.0,0.339,-0.0,0.353,2026-05-06 16:04:02.554
5199,414036,1,0.0,0.345,-0.0,0.347,2026-05-06 16:04:02.554
5200,414094,2,0.0,0.345,-0.01,0.356,2026-05-06 16:04:02.554
5201,414152,3,0.0,0.345,0.0,0.351,2026-05-06 16:04:02.554
5202,414255,1,0.0,0.346,-0.0,0.347,2026-05-06 16:04:02.554
5203,414313,2,0.0,0.346,-0.0,0.357,2026-05-06 16:04:02.554
5204,414371,3,0.0,0.346,0.0,0.351,2026-05-06 16:04:02.554
5205,414473,3,0.0,0.349,-0.0,0.355,2026-05-06 16:04:02.554
5206,414577,1,0.0,0.35,0.0,0.351,2026-05-06 16:04:02.554
5207,414634,2,0.0,0.35,-0.0,0.362,2026-05-06 16:04:02.554
5208,414692,3,0.0,0.35,-0.0,0.355,2026-05-06 16:04:02.554
5209,414796,1,0.0,0.35,0.0,0.351,2026-05-06 16:04:02.554
5210,414853,2,0.0,0.35,-0.0,0.362,2026-05-06 16:04:02.554
5211,415005,1,0.0,0.35,-0.0,0.358,2026-05-06 16:04:02.554
5212,415063,2,0.0,0.35,0.0,0.368,2026-05-06 16:04:02.554
5213,415120,3,0.0,0.35,0.01,0.363,2026-05-06 16:04:02.554
5214,415223,1,0.0,0.35,-0.0,0.358,2026-05-06 16:04:02.554
5215,415281,2,0.0,0.35,0.0,0.368,2026-05-06 16:04:02.554
5216,415338,3,0.0,0.35,0.01,0.363,2026-05-06 16:04:02.554
5217,415488,1,0.0,0.35,-0.0,0.36,2026-05-06 16:04:02.554
5218,415546,2,0.0,0.35,0.01,0.373,2026-05-06 16:04:02.554
5219,415603,3,0.0,0.35,0.0,0.365,2026-05-06 16:04:02.554
5220,415706,1,0.0,0.35,-0.0,0.36,2026-05-06 16:04:02.554
5221,415764,2,0.0,0.35,0.01,0.373,2026-05-06 16:04:02.554
5222,415821,3,0.0,0.35,0.0,0.365,2026-05-06 16:04:02.554
5223,415971,1,0.0,0.35,0.0,0.356,2026-05-06 16:04:02.554
5224,416028,2,0.0,0.35,0.0,0.368,2026-05-06 16:04:02.554
5225,416085,3,0.0,0.35,-0.01,0.363,2026-05-06 16:04:02.554
5226,416189,1,0.0,0.35,0.0,0.354,2026-05-06 16:04:02.554
5227,416246,2,0.0,0.35,0.0,0.369,2026-05-06 16:04:02.554
5228,416303,3,0.0,0.35,0.0,0.363,2026-05-06 16:04:02.554
5229,416452,1,0.0,0.35,0.0,0.357,2026-05-06 16:04:02.554
5230,416509,2,0.0,0.35,0.0,0.37,2026-05-06 16:04:02.554
5231,416566,3,0.0,0.35,0.01,0.363,2026-05-06 16:04:02.554
5232,416669,1,0.0,0.35,-0.0,0.357,2026-05-06 16:04:02.554
5233,416727,2,0.0,0.35,0.0,0.37,2026-05-06 16:04:02.554
5234,416784,3,0.0,0.35,0.0,0.362,2026-05-06 16:04:02.554
5235,416936,1,0.0,0.343,0.0,0.354,2026-05-06 16:04:02.554
5236,416993,2,0.0,0.343,0.0,0.367,2026-05-06 16:04:02.554
5237,417050,3,0.0,0.343,-0.0,0.362,2026-05-06 16:04:02.554
5238,417154,1,0.0,0.343,0.0,0.354,2026-05-06 16:04:02.554
5239,417211,2,0.0,0.343,0.0,0.367,2026-05-06 16:04:02.554
5240,417268,3,0.0,0.343,-0.0,0.362,2026-05-06 16:04:02.554
5241,417419,1,0.0,0.334,-0.0,0.353,2026-05-06 16:04:02.554
5242,417477,2,0.0,0.334,-0.0,0.363,2026-05-06 16:04:02.554
5243,417535,3,0.0,0.334,0.0,0.358,2026-05-06 16:04:02.554
5244,417638,1,0.0,0.332,-0.0,0.351,2026-05-06 16:04:02.554
5245,417696,2,0.0,0.332,-0.0,0.359,2026-05-06 16:04:02.554
5246,417754,3,0.0,0.332,-0.0,0.354,2026-05-06 16:04:02.554
5247,417907,1,0.0,0.316,-0.0,0.344,2026-05-06 16:04:02.554
5248,417965,2,0.0,0.316,-0.01,0.356,2026-05-06 16:04:02.554
5249,418023,3,0.0,0.316,-0.0,0.35,2026-05-06 16:04:02.554
5250,418127,1,0.0,0.312,-0.0,0.341,2026-05-06 16:04:02.554
5251,418185,2,0.0,0.312,-0.01,0.352,2026-05-06 16:04:02.554
5252,418243,3,0.0,0.312,0.0,0.345,2026-05-06 16:04:02.554
5253,418392,1,0.0,0.277,-0.0,0.328,2026-05-06 16:04:02.554
5254,418450,2,0.0,0.277,-0.01,0.34,2026-05-06 16:04:02.554
5255,418508,3,0.0,0.277,-0.0,0.334,2026-05-06 16:04:02.554
5256,418612,1,0.0,0.277,-0.0,0.328,2026-05-06 16:04:02.554
5257,418670,2,0.0,0.277,-0.01,0.34,2026-05-06 16:04:02.554
5258,418728,3,0.0,0.277,-0.0,0.334,2026-05-06 16:04:02.554
5259,418877,1,0.0,0.212,-0.01,0.302,2026-05-06 16:04:02.554
5260,418935,2,0.0,0.212,-0.0,0.314,2026-05-06 16:04:02.554
5261,418993,3,0.0,0.212,0.0,0.31,2026-05-06 16:04:02.554
5262,419096,1,0.0,0.212,-0.01,0.302,2026-05-06 16:04:02.554
5263,419154,2,0.0,0.212,-0.0,0.314,2026-05-06 16:04:02.554
5264,419212,3,0.0,0.212,0.0,0.31,2026-05-06 16:04:02.554
5265,419362,1,0.0,0.14,-0.01,0.253,2026-05-06 16:04:02.554
5266,419420,2,0.0,0.14,-0.0,0.267,2026-05-06 16:04:02.554
5267,419478,3,0.0,0.14,0.0,0.269,2026-05-06 16:04:02.554
5268,419581,1,0.0,0.13,-0.01,0.253,2026-05-06 16:04:02.554
5269,419639,2,0.0,0.13,-0.0,0.267,2026-05-06 16:04:02.554
5270,419697,3,0.0,0.13,0.0,0.269,2026-05-06 16:04:02.554
5271,419846,1,0.0,0.078,-0.01,0.203,2026-05-06 16:04:02.554
5272,419904,2,0.0,0.078,-0.0,0.216,2026-05-06 16:04:02.554
5273,419962,3,0.0,0.078,0.01,0.213,2026-05-06 16:04:03.271
5274,420065,1,0.0,0.078,-0.01,0.203,2026-05-06 16:04:03.271
5275,420123,2,0.0,0.078,-0.0,0.216,2026-05-06 16:04:03.271
5276,420181,3,0.0,0.078,0.01,0.213,2026-05-06 16:04:03.271
5277,420331,1,0.0,0.035,-0.01,0.125,2026-05-06 16:04:03.271
5278,420389,2,0.0,0.035,-0.0,0.133,2026-05-06 16:04:03.271
5279,420447,3,0.0,0.035,0.0,0.127,2026-05-06 16:04:03.271
5280,420550,1,0.0,0.035,-0.01,0.125,2026-05-06 16:04:03.271
5281,420608,2,0.0,0.035,-0.0,0.133,2026-05-06 16:04:03.271
5282,420666,3,0.0,0.035,0.0,0.127,2026-05-06 16:04:03.271
5283,420815,1,0.0,0.016,-0.0,0.107,2026-05-06 16:04:03.271
5284,420873,2,0.0,0.016,-0.0,0.113,2026-05-06 16:04:03.271
5285,420931,3,0.0,0.016,-0.0,0.114,2026-05-06 16:04:03.271
5286,421035,1,0.0,0.014,0.0,0.061,2026-05-06 16:04:03.271
5287,421092,2,0.0,0.014,0.0,0.061,2026-05-06 16:04:03.271
5288,421149,3,0.0,0.014,-0.01,0.06,2026-05-06 16:04:03.271
5289,421300,1,0.0,0.005,0.0,0.025,2026-05-06 16:04:03.271
5290,421357,2,0.0,0.005,0.0,0.027,2026-05-06 16:04:03.271
5291,421414,3,0.0,0.005,-0.0,0.027,2026-05-06 16:04:03.271
5292,421518,1,0.0,0.004,0.0,0.015,2026-05-06 16:04:03.271
5293,421575,2,0.0,0.004,0.0,0.017,2026-05-06 16:04:03.271
5294,421632,3,0.0,0.004,0.0,0.016,2026-05-06 16:04:03.271
5295,421782,1,0.0,0.0,0.0,-0.004,2026-05-06 16:04:03.271
5296,421840,2,0.0,0.0,0.0,-0.004,2026-05-06 16:04:03.271
5297,421898,3,-0.0,0.0,0.0,-0.005,2026-05-06 16:04:03.271
5298,422003,1,0.0,0.0,0.0,-0.004,2026-05-06 16:04:03.271
5299,422061,2,0.0,0.0,0.0,-0.004,2026-05-06 16:04:03.271
5300,422119,3,-0.0,0.0,0.0,-0.005,2026-05-06 16:04:03.271
5301,422269,1,0.0,0.0,0.0,-0.012,2026-05-06 16:04:03.271
5302,422327,2,0.0,0.0,0.0,-0.014,2026-05-06 16:04:03.271
5303,422385,3,-0.0,0.0,-0.0,-0.013,2026-05-06 16:04:03.271
5304,422491,1,0.0,0.0,0.0,-0.011,2026-05-06 16:04:03.271
5305,422549,2,0.0,0.0,0.0,-0.015,2026-05-06 16:04:03.271
5306,422607,3,-0.0,0.0,-0.0,-0.015,2026-05-06 16:04:03.271
5307,422729,1,0.0,0.0,0.01,-0.014,2026-05-06 16:04:03.271
5308,422787,2,0.0,0.0,0.0,-0.015,2026-05-06 16:04:03.271
5309,422845,3,-0.0,0.0,-0.01,-0.015,2026-05-06 16:04:03.271
5310,422951,1,0.0,0.0,0.01,-0.013,2026-05-06 16:04:03.271
5311,423009,2,0.0,0.0,0.0,-0.014,2026-05-06 16:04:03.271
5312,423067,3,-0.0,0.0,-0.0,-0.014,2026-05-06 16:04:03.271
5313,423218,1,0.0,0.0,0.01,-0.012,2026-05-06 16:04:03.271
5314,423276,2,0.0,0.0,0.0,-0.013,2026-05-06 16:04:03.271
5315,423334,3,-0.0,0.0,-0.01,-0.012,2026-05-06 16:04:03.271
5316,423440,1,0.0,0.0,0.01,-0.01,2026-05-06 16:04:03.271
5317,423498,2,0.0,0.0,0.0,-0.011,2026-05-06 16:04:03.271
5318,423556,3,-0.0,0.0,0.0,-0.011,2026-05-06 16:04:03.271
5319,423677,1,0.0,0.0,0.01,-0.007,2026-05-06 16:04:03.271
5320,423735,2,0.0,0.0,0.0,-0.009,2026-05-06 16:04:03.271
5321,423793,3,-0.0,0.0,-0.0,-0.008,2026-05-06 16:04:03.271
5322,423899,1,0.0,0.0,0.0,-0.007,2026-05-06 16:04:03.271
5323,423957,2,0.0,0.0,0.0,-0.008,2026-05-06 16:04:03.271
5324,424015,3,-0.0,0.0,-0.0,-0.007,2026-05-06 16:04:03.271
5325,424167,1,0.0,0.0,0.01,-0.006,2026-05-06 16:04:03.271
5326,424225,2,0.0,0.0,0.0,-0.006,2026-05-06 16:04:03.271
5327,424283,3,-0.0,0.0,-0.0,-0.006,2026-05-06 16:04:03.271
5328,424389,1,0.0,0.0,0.0,-0.005,2026-05-06 16:04:03.271
5329,424447,2,0.0,0.0,0.0,-0.005,2026-05-06 16:04:03.271
5330,424505,3,-0.0,0.0,-0.01,-0.006,2026-05-06 16:04:03.271
5331,424577,2,0.0,0.0,0.0,-0.005,2026-05-06 16:04:03.271
5332,424635,3,-0.0,0.0,0.0,-0.005,2026-05-06 16:04:03.271
5333,424740,1,0.0,0.0,0.0,-0.005,2026-05-06 16:04:03.271
5334,424798,2,0.0,0.0,0.0,-0.005,2026-05-06 16:04:03.271
5335,424856,3,-0.0,0.0,0.0,-0.005,2026-05-06 16:04:03.271
5336,424961,1,0.0,0.0,0.0,-0.004,2026-05-06 16:04:03.271
5337,425019,2,0.0,0.0,0.0,-0.004,2026-05-06 16:04:03.271
5338,425123,1,0.0,0.0,0.0,-0.003,2026-05-06 16:04:03.271
5339,425181,2,0.0,0.0,0.0,-0.004,2026-05-06 16:04:03.271
5340,425239,3,-0.0,0.0,-0.01,-0.004,2026-05-06 16:04:03.271
5341,425345,1,0.0,0.0,0.0,-0.003,2026-05-06 16:04:03.271
5342,425403,2,0.0,0.0,0.0,-0.004,2026-05-06 16:04:03.271
5343,425461,3,-0.0,0.0,0.0,-0.003,2026-05-06 16:04:03.271
5344,425587,1,0.0,0.0,0.0,-0.003,2026-05-06 16:04:03.271
5345,425645,2,0.0,0.0,0.0,-0.003,2026-05-06 16:04:03.271
5346,425703,3,-0.0,0.0,-0.0,-0.003,2026-05-06 16:04:03.271
5347,425809,1,0.0,0.0,0.0,-0.003,2026-05-06 16:04:03.271
5348,425867,2,0.0,0.0,0.0,-0.003,2026-05-06 16:04:03.271
5349,425925,3,-0.0,0.0,0.0,-0.003,2026-05-06 16:04:03.271
5350,426029,2,0.0,0.0,0.0,-0.002,2026-05-06 16:04:03.271
5351,426087,3,-0.0,0.0,-0.0,-0.002,2026-05-06 16:04:03.271
5352,426193,1,0.0,0.0,0.0,-0.002,2026-05-06 16:04:03.271
5353,426251,2,0.0,0.0,0.0,-0.002,2026-05-06 16:04:03.271
5354,426309,3,-0.0,0.0,0.0,-0.002,2026-05-06 16:04:03.271
5355,426414,1,0.0,0.0,0.0,-0.002,2026-05-06 16:04:03.271
5356,426534,1,0.0,0.0,0.0,-0.001,2026-05-06 16:04:03.271
5357,426592,2,0.0,0.0,0.0,-0.002,2026-05-06 16:04:03.271
5358,426650,3,-0.0,0.0,-0.0,-0.001,2026-05-06 16:04:03.271
5359,426756,1,0.0,0.0,0.0,-0.001,2026-05-06 16:04:03.271
5360,426814,2,0.0,0.0,0.0,-0.001,2026-05-06 16:04:03.271
5361,426872,3,-0.0,0.0,-0.01,-0.001,2026-05-06 16:04:03.271
5362,427027,1,0.0,0.0,0.0,-0.001,2026-05-06 16:04:03.271
5363,427085,2,0.0,0.0,0.0,-0.001,2026-05-06 16:04:03.271
5364,427143,3,-0.0,0.0,-0.0,-0.001,2026-05-06 16:04:03.271
5365,427249,1,0.0,0.0,0.0,-0.001,2026-05-06 16:04:03.271
5366,427307,2,0.0,0.0,0.0,-0.001,2026-05-06 16:04:03.271
5367,427365,3,-0.0,0.0,0.0,-0.001,2026-05-06 16:04:03.271
5368,427434,1,0.0,0.0,0.0,-0.001,2026-05-06 16:04:03.271
5369,427492,2,0.0,0.0,0.0,-0.001,2026-05-06 16:04:03.271
5370,427550,3,-0.0,0.0,-0.01,-0.001,2026-05-06 16:04:03.271
5371,427656,1,0.0,0.0,0.0,-0.001,2026-05-06 16:04:03.271
5372,427714,2,0.0,0.0,0.0,-0.001,2026-05-06 16:04:03.271
5373,427772,3,-0.0,0.0,-0.0,-0.001,2026-05-06 16:04:03.271
5374,427878,1,0.0,0.0,0.0,-0.001,2026-05-06 16:04:03.271
5375,427983,1,0.0,0.0,0.0,-0.001,2026-05-06 16:04:03.975
5376,428041,2,0.0,0.0,0.0,-0.001,2026-05-06 16:04:03.975
5377,428099,3,-0.0,0.0,-0.0,-0.001,2026-05-06 16:04:03.975
5378,428205,1,0.0,0.0,0.0,-0.001,2026-05-06 16:04:03.975
5379,428263,2,0.0,0.0,0.0,-0.001,2026-05-06 16:04:03.975
5380,428321,3,-0.0,0.0,-0.0,-0.001,2026-05-06 16:04:03.975
5381,428443,1,0.0,0.0,0.0,-0.001,2026-05-06 16:04:03.975
5382,428501,2,0.0,0.0,0.0,-0.001,2026-05-06 16:04:03.975
5383,428559,3,-0.0,0.0,0.0,-0.001,2026-05-06 16:04:03.975
5384,428664,1,0.0,0.0,0.0,-0.001,2026-05-06 16:04:03.975
5385,428722,2,0.0,0.0,0.0,-0.001,2026-05-06 16:04:03.975
5386,428780,3,-0.0,0.0,-0.0,-0.001,2026-05-06 16:04:03.975
5387,428932,1,0.0,0.0,0.0,-0.001,2026-05-06 16:04:03.975
5388,428990,2,0.0,0.0,0.0,-0.0,2026-05-06 16:04:03.975
5389,429048,3,-0.0,0.0,-0.0,-0.001,2026-05-06 16:04:03.975
5390,429154,1,0.0,0.0,0.0,-0.0,2026-05-06 16:04:03.975
5391,429212,2,0.0,0.0,0.0,-0.0,2026-05-06 16:04:03.975
5392,429270,3,-0.0,0.0,-0.0,-0.001,2026-05-06 16:04:03.975
5393,429392,1,0.0,0.0,0.0,-0.0,2026-05-06 16:04:03.975
5394,429450,2,0.0,0.0,0.0,-0.0,2026-05-06 16:04:03.975
5395,429508,3,-0.0,0.0,-0.0,-0.0,2026-05-06 16:04:03.975
5396,429614,1,0.0,0.0,0.0,-0.0,2026-05-06 16:04:03.975
5397,429672,2,0.0,0.0,0.0,-0.0,2026-05-06 16:04:03.975
5398,429730,3,-0.0,0.0,0.0,-0.0,2026-05-06 16:04:03.975
5399,430004,1,0.0,0.0,0.0,-0.0,2026-05-06 16:04:03.975
5400,430062,2,0.0,0.0,0.0,-0.001,2026-05-06 16:04:03.975
5401,430120,3,-0.0,0.0,-0.0,-0.0,2026-05-06 16:04:03.975
5402,430226,1,0.0,0.0,0.0,-0.0,2026-05-06 16:04:03.975
5403,430345,1,0.0,0.0,0.0,-0.0,2026-05-06 16:04:03.975
5404,430403,2,0.0,0.0,0.0,-0.0,2026-05-06 16:04:03.975
5405,430461,3,-0.0,0.0,-0.0,-0.001,2026-05-06 16:04:03.975
5406,430567,1,0.0,0.0,0.0,-0.001,2026-05-06 16:04:03.975
5407,430625,2,0.0,0.0,0.0,-0.0,2026-05-06 16:04:03.975
5408,430683,3,-0.0,0.0,-0.0,-0.0,2026-05-06 16:04:03.975
5409,430805,1,0.0,0.0,0.0,-0.0,2026-05-06 16:04:03.975
5410,430863,2,0.0,0.0,0.0,-0.0,2026-05-06 16:04:03.975
5411,430921,3,-0.0,0.0,-0.0,-0.0,2026-05-06 16:04:03.975
5412,431027,1,0.0,0.0,0.0,-0.0,2026-05-06 16:04:03.975
5413,431085,2,0.0,0.0,0.0,-0.001,2026-05-06 16:04:03.975
5414,431143,3,-0.0,0.0,-0.01,-0.0,2026-05-06 16:04:03.975
5415,431248,1,0.0,0.0,0.0,-0.0,2026-05-06 16:04:03.975
5416,431306,2,0.0,0.0,0.0,-0.0,2026-05-06 16:04:03.975
5417,431364,3,-0.0,0.0,-0.0,-0.0,2026-05-06 16:04:03.975
5418,431470,1,0.0,0.0,0.0,0.0,2026-05-06 16:04:03.975
5419,431527,2,0.0,0.0,0.0,-0.0,2026-05-06 16:04:03.975
5420,431585,3,-0.0,0.0,-0.0,-0.0,2026-05-06 16:04:03.975
5421,431751,1,0.0,0.0,0.0,0.0,2026-05-06 16:04:03.975
5422,431808,2,0.0,0.0,0.0,0.0,2026-05-06 16:04:03.975
5423,431865,3,-0.0,0.0,-0.01,0.0,2026-05-06 16:04:03.975
5424,431970,1,0.0,0.0,0.0,-0.0,2026-05-06 16:04:03.975
5425,432028,2,0.0,0.0,0.0,0.0,2026-05-06 16:04:03.975
5426,432085,3,-0.0,0.0,0.0,0.0,2026-05-06 16:04:03.975
5427,432240,1,0.0,0.0,0.0,-0.0,2026-05-06 16:04:03.975
5428,432298,2,0.0,0.0,0.0,-0.0,2026-05-06 16:04:03.975
5429,432356,3,-0.0,0.0,-0.0,0.0,2026-05-06 16:04:03.975
5430,432461,1,0.0,0.0,0.0,-0.0,2026-05-06 16:04:03.975
5431,432519,2,0.0,0.0,0.0,-0.0,2026-05-06 16:04:03.975
5432,432577,3,-0.0,0.0,-0.0,0.0,2026-05-06 16:04:03.975
5433,432690,1,0.0,0.0,0.0,-0.0,2026-05-06 16:04:03.975
5434,432748,2,0.0,0.0,0.0,-0.0,2026-05-06 16:04:03.975
5435,432806,3,-0.0,0.0,-0.01,-0.0,2026-05-06 16:04:03.975
5436,432912,1,0.0,0.0,0.0,-0.0,2026-05-06 16:04:03.975
5437,432970,2,0.0,0.0,0.0,-0.0,2026-05-06 16:04:03.975
5438,433028,3,-0.0,0.0,-0.01,-0.0,2026-05-06 16:04:03.975
5439,433191,1,0.0,0.0,0.0,-0.0,2026-05-06 16:04:03.975
5440,433249,2,0.0,0.0,0.0,-0.0,2026-05-06 16:04:03.975
5441,433307,3,-0.0,0.0,0.0,-0.0,2026-05-06 16:04:03.975
5442,433412,1,0.0,0.0,0.0,-0.0,2026-05-06 16:04:03.975
5443,433470,2,0.0,0.0,0.0,-0.0,2026-05-06 16:04:03.975
5444,433528,3,-0.0,0.0,-0.0,-0.0,2026-05-06 16:04:03.975
5445,433642,1,0.0,0.0,0.0,-0.0,2026-05-06 16:04:03.975
5446,433700,2,0.0,0.0,0.0,-0.0,2026-05-06 16:04:03.975
5447,433758,3,-0.0,0.0,-0.01,-0.0,2026-05-06 16:04:03.975
5448,433864,1,0.0,0.0,0.0,-0.0,2026-05-06 16:04:03.975
5449,433922,2,0.0,0.0,0.0,-0.0,2026-05-06 16:04:03.975
5450,433980,3,-0.0,0.0,-0.01,0.0,2026-05-06 16:04:03.975
5451,434140,1,0.0,0.0,0.0,-0.0,2026-05-06 16:04:03.975
5452,434198,2,0.0,0.0,0.0,-0.0,2026-05-06 16:04:03.975
5453,434256,3,-0.0,0.0,-0.0,0.0,2026-05-06 16:04:03.975
5454,434361,1,0.0,0.0,0.0,0.0,2026-05-06 16:04:03.975
5455,434418,2,0.0,0.0,0.0,-0.0,2026-05-06 16:04:03.975
5456,434476,3,-0.0,0.0,-0.0,0.0,2026-05-06 16:04:03.975
5457,434626,1,-50.77,0.0,0.0,0.0,2026-05-06 16:04:03.975
5458,434685,2,50.77,0.0,0.0,0.0,2026-05-06 16:04:03.975
5459,434743,3,-90.0,0.0,-0.0,0.0,2026-05-06 16:04:03.975
5460,434849,1,-50.77,0.0,0.0,0.0,2026-05-06 16:04:03.975
5461,434908,2,50.77,0.0,0.0,0.0,2026-05-06 16:04:03.975
5462,434966,3,90.0,0.0,0.0,0.0,2026-05-06 16:04:03.975
5463,435087,1,-50.77,0.0,-2.1,-0.0,2026-05-06 16:04:03.975
5464,435148,2,50.77,0.0,1.87,-0.0,2026-05-06 16:04:03.975
5465,435207,3,-90.0,0.0,-1.09,0.0,2026-05-06 16:04:03.975
5466,435313,1,-50.77,0.0,-2.1,-0.0,2026-05-06 16:04:03.975
5467,435374,2,50.77,0.0,1.87,-0.0,2026-05-06 16:04:03.975
5468,435433,3,-90.0,0.0,-1.09,0.0,2026-05-06 16:04:03.975
5469,435554,1,-50.77,0.0,-7.35,-0.001,2026-05-06 16:04:03.975
5470,435615,2,50.77,0.0,7.08,-0.003,2026-05-06 16:04:03.975
5471,435674,3,-90.0,0.0,-4.94,0.0,2026-05-06 16:04:03.975
5472,435780,1,-50.77,0.0,-9.67,-0.001,2026-05-06 16:04:03.975
5473,435841,2,50.77,0.0,9.25,-0.003,2026-05-06 16:04:03.975
5474,435900,3,-90.0,0.0,-6.7,0.0,2026-05-06 16:04:03.975
5475,436020,1,-50.77,0.0,-18.01,0.0,2026-05-06 16:04:04.303
5476,436081,2,50.77,0.0,17.5,-0.003,2026-05-06 16:04:04.303
5477,436141,3,-90.0,0.0,-13.98,0.0,2026-05-06 16:04:04.303
5478,436248,1,-50.77,0.0,-20.3,-0.0,2026-05-06 16:04:04.303
5479,436310,2,50.77,0.0,19.66,-0.003,2026-05-06 16:04:04.303
5480,436370,3,-90.0,0.0,-15.85,0.0,2026-05-06 16:04:04.303
5481,436443,2,50.77,0.0,30.84,-0.001,2026-05-06 16:04:04.303
5482,436503,3,-90.0,0.0,-26.17,0.0,2026-05-06 16:04:04.303
5483,436610,1,-50.77,0.0,-32.73,0.001,2026-05-06 16:04:04.303
5484,436671,2,50.77,0.0,32.2,-0.0,2026-05-06 16:04:04.303
5485,436731,3,-90.0,0.0,-27.45,0.001,2026-05-06 16:04:04.303
5486,436838,1,-50.77,0.0,-32.73,0.001,2026-05-06 16:04:04.303
5487,437003,1,-50.77,0.0,-41.74,0.002,2026-05-06 16:04:04.303
5488,437064,2,50.77,0.0,41.4,-0.0,2026-05-06 16:04:04.303
5489,437124,3,-90.0,0.0,-42.65,0.0,2026-05-06 16:04:04.303
5490,437231,1,-50.77,0.0,-42.94,0.002,2026-05-06 16:04:04.303
5491,437292,2,50.77,0.0,42.53,-0.0,2026-05-06 16:04:04.303
5492,437418,1,-50.77,0.0,-48.16,0.003,2026-05-06 16:04:04.303
5493,437479,2,50.77,0.0,48.06,-0.001,2026-05-06 16:04:04.303
5494,437539,3,-90.0,0.0,-60.02,-0.0,2026-05-06 16:04:04.303
5495,437647,1,-50.77,0.0,-49.06,0.003,2026-05-06 16:04:04.303
5496,437708,2,50.77,0.0,48.91,-0.0,2026-05-06 16:04:04.303
5497,437768,3,-90.0,0.0,-62.58,0.0,2026-05-06 16:04:04.303
5498,437888,1,-50.77,0.0,-50.56,0.002,2026-05-06 16:04:04.303
5499,437949,2,50.77,0.0,50.65,-0.0,2026-05-06 16:04:04.303
5500,438009,3,-90.0,0.0,-73.1,0.0,2026-05-06 16:04:04.303
5501,438116,1,-50.77,0.0,-50.56,0.002,2026-05-06 16:04:04.303
5502,438177,2,50.77,0.0,50.65,-0.0,2026-05-06 16:04:04.303
5503,438237,3,-90.0,0.0,-73.1,0.0,2026-05-06 16:04:04.303
5504,438357,1,-50.77,0.0,-50.84,0.0,2026-05-06 16:04:04.303
5505,438418,2,50.77,0.0,50.87,0.0,2026-05-06 16:04:04.303
5506,438477,3,-90.0,0.0,-82.8,-0.0,2026-05-06 16:04:04.303
5507,438585,1,-50.77,0.0,-50.83,0.0,2026-05-06 16:04:04.303
5508,438646,2,50.77,0.0,50.85,0.0,2026-05-06 16:04:04.303
5509,438705,3,-90.0,0.0,-83.69,0.0,2026-05-06 16:04:04.303
5510,438825,1,-50.77,-0.062,-50.78,0.001,2026-05-06 16:04:04.303
5511,438887,2,50.77,0.062,50.79,-0.0,2026-05-06 16:04:04.303
5512,438947,3,-90.0,0.048,-88.79,0.0,2026-05-06 16:04:04.303
5513,439054,1,-50.77,-0.062,-50.78,0.001,2026-05-06 16:04:04.303
5514,439116,2,50.77,0.062,50.79,-0.0,2026-05-06 16:04:04.303
5515,439176,3,-90.0,0.048,-88.79,0.0,2026-05-06 16:04:04.303
5516,439295,1,-50.77,-0.063,-50.78,0.001,2026-05-06 16:04:04.303
5517,439357,2,50.77,0.063,50.78,-0.0,2026-05-06 16:04:04.303
5518,439417,3,-90.0,0.049,-90.13,0.0,2026-05-06 16:04:04.679
5519,439524,1,-50.77,-0.063,-50.77,-0.024,2026-05-06 16:04:04.679
5520,439587,2,50.77,0.063,50.77,0.026,2026-05-06 16:04:04.679
5521,439646,3,-90.0,0.049,-90.16,0.025,2026-05-06 16:04:04.679
5522,439718,3,-90.0,0.049,-90.1,0.03,2026-05-06 16:04:04.679
5523,439825,1,-50.77,-0.063,-50.79,-0.04,2026-05-06 16:04:04.679
5524,439888,2,50.77,0.063,50.73,0.04,2026-05-06 16:04:04.679
5525,439947,3,-90.0,0.049,-90.09,0.033,2026-05-06 16:04:04.679
5526,440054,1,-50.77,-0.063,-50.79,-0.04,2026-05-06 16:04:04.679
5527,440117,2,50.77,0.063,50.73,0.04,2026-05-06 16:04:04.679
5528,440235,1,-50.77,-0.063,-50.85,-0.049,2026-05-06 16:04:04.679
5529,440298,2,50.77,0.063,50.74,0.048,2026-05-06 16:04:04.679
5530,440357,3,-90.0,0.049,-90.08,0.045,2026-05-06 16:04:04.679
5531,440464,1,-50.77,-0.063,-50.85,-0.049,2026-05-06 16:04:04.679
5532,440527,2,50.77,0.063,50.74,0.048,2026-05-06 16:04:04.679
5533,440586,3,-90.0,0.049,-90.08,0.045,2026-05-06 16:04:04.679
5534,440710,1,-50.77,-0.063,-50.87,-0.065,2026-05-06 16:04:04.679
5535,440773,2,50.77,0.063,50.79,0.058,2026-05-06 16:04:04.679
5536,440832,3,-90.0,0.049,-90.09,0.051,2026-05-06 16:04:04.679
5537,440939,1,-50.77,-0.063,-50.87,-0.065,2026-05-06 16:04:04.679
5538,441002,2,50.77,0.063,50.79,0.061,2026-05-06 16:04:04.679
5539,441061,3,-90.0,0.049,-90.09,0.051,2026-05-06 16:04:04.679
5540,441180,1,-50.77,-0.063,-50.8,-0.06,2026-05-06 16:04:04.679
5541,441243,2,50.77,0.063,50.81,0.06,2026-05-06 16:04:04.679
5542,441302,3,-90.0,0.049,-90.07,0.041,2026-05-06 16:04:04.679
5543,441409,1,-50.77,-0.063,-50.8,-0.06,2026-05-06 16:04:04.679
5544,441472,2,50.77,0.063,50.81,0.06,2026-05-06 16:04:04.679
5545,441531,3,-90.0,0.049,-90.07,0.041,2026-05-06 16:04:04.679
5546,441650,1,-50.77,-0.063,-50.8,-0.066,2026-05-06 16:04:04.679
5547,441713,2,50.77,0.063,50.81,0.064,2026-05-06 16:04:04.679
5548,441772,3,-90.0,0.049,-90.02,0.046,2026-05-06 16:04:04.679
5549,441879,1,-50.77,-0.063,-50.8,-0.066,2026-05-06 16:04:04.679
5550,441942,2,50.77,0.063,50.81,0.064,2026-05-06 16:04:04.679
5551,442001,3,-90.0,0.049,-90.02,0.046,2026-05-06 16:04:04.679
5552,442073,1,-50.77,-0.063,-50.8,-0.063,2026-05-06 16:04:04.679
5553,442136,2,50.77,0.063,50.81,0.061,2026-05-06 16:04:04.679
5554,442195,3,-90.0,0.049,-90.04,0.051,2026-05-06 16:04:04.679
5555,442302,1,-50.77,-0.063,-50.8,-0.061,2026-05-06 16:04:04.679
5556,442365,2,50.77,0.063,50.81,0.059,2026-05-06 16:04:04.679
5557,442424,3,-90.0,0.049,-90.03,0.051,2026-05-06 16:04:04.679
5558,442543,1,-50.77,-0.063,-50.8,-0.06,2026-05-06 16:04:04.679
5559,442606,2,50.77,0.063,50.8,0.059,2026-05-06 16:04:04.679
5560,442665,3,-90.0,0.049,-90.02,0.049,2026-05-06 16:04:04.679
5561,442772,1,-50.77,-0.063,-50.8,-0.06,2026-05-06 16:04:04.679
5562,442835,2,50.77,0.063,50.8,0.059,2026-05-06 16:04:04.679
5563,442894,3,-90.0,0.049,-90.02,0.049,2026-05-06 16:04:04.679
5564,443060,1,-50.77,-0.063,-50.77,-0.061,2026-05-06 16:04:04.679
5565,443123,2,50.77,0.063,50.77,0.059,2026-05-06 16:04:04.679
5566,443182,3,-90.0,0.049,-90.01,0.049,2026-05-06 16:04:04.679
5567,443289,1,-50.77,-0.063,-50.77,-0.061,2026-05-06 16:04:04.679
5568,443352,2,50.77,0.063,50.77,0.06,2026-05-06 16:04:04.679
5569,443411,3,-90.0,0.049,-90.01,0.048,2026-05-06 16:04:04.679
5570,443530,1,-50.77,-0.063,-50.76,-0.06,2026-05-06 16:04:04.679
5571,443593,2,50.77,0.063,50.77,0.061,2026-05-06 16:04:04.679
5572,443652,3,-90.0,0.049,-90.0,0.045,2026-05-06 16:04:04.679
5573,443759,1,-50.77,-0.063,-50.76,-0.06,2026-05-06 16:04:05.366
5574,443822,2,50.77,0.063,50.77,0.061,2026-05-06 16:04:05.366
5575,443881,3,-90.0,0.049,-90.0,0.045,2026-05-06 16:04:05.366
5576,444000,1,-50.77,-0.063,-50.77,-0.063,2026-05-06 16:04:05.366
5577,444063,2,50.77,0.063,50.77,0.061,2026-05-06 16:04:05.366
5578,444122,3,-90.0,0.049,-90.0,0.045,2026-05-06 16:04:05.366
5579,444229,1,-50.77,-0.063,-50.77,-0.064,2026-05-06 16:04:05.366
5580,444292,2,50.77,0.063,50.77,0.059,2026-05-06 16:04:05.366
5581,444351,3,-90.0,0.049,-90.0,0.046,2026-05-06 16:04:05.366
5582,444423,2,50.77,0.063,50.77,0.062,2026-05-06 16:04:05.366
5583,444482,3,-90.0,0.049,-90.0,0.048,2026-05-06 16:04:05.366
5584,444589,1,-50.77,-0.063,-50.77,-0.065,2026-05-06 16:04:05.366
5585,444652,2,50.77,0.063,50.77,0.063,2026-05-06 16:04:05.366
5586,444711,3,-90.0,0.049,-90.0,0.047,2026-05-06 16:04:05.366
5587,444818,1,-50.77,-0.063,-50.77,-0.065,2026-05-06 16:04:05.366
5588,444940,1,-50.77,-0.063,-50.78,-0.062,2026-05-06 16:04:05.366
5589,445003,2,50.77,0.063,50.77,0.063,2026-05-06 16:04:05.366
5590,445062,3,-90.0,0.049,-90.0,0.049,2026-05-06 16:04:05.366
5591,445169,1,-50.77,-0.063,-50.78,-0.062,2026-05-06 16:04:05.366
5592,445232,2,50.77,0.063,50.77,0.063,2026-05-06 16:04:05.366
5593,445291,3,-90.0,0.049,-90.0,0.049,2026-05-06 16:04:05.366
5594,445410,1,-50.77,-0.063,-50.77,-0.063,2026-05-06 16:04:05.366
5595,445473,2,50.77,0.063,50.78,0.061,2026-05-06 16:04:05.366
5596,445532,3,-90.0,0.049,-90.0,0.049,2026-05-06 16:04:05.366
5597,445639,1,-50.77,-0.063,-50.77,-0.063,2026-05-06 16:04:05.366
5598,445702,2,50.77,0.063,50.78,0.06,2026-05-06 16:04:05.366
5599,445761,3,-90.0,0.049,-90.0,0.049,2026-05-06 16:04:05.366
5600,445833,3,-90.0,0.049,-90.0,0.048,2026-05-06 16:04:05.366
5601,445940,1,-50.77,-0.063,-50.77,-0.062,2026-05-06 16:04:05.366
5602,446003,2,50.77,0.063,50.78,0.061,2026-05-06 16:04:05.366
5603,446062,3,-90.0,0.049,-90.0,0.049,2026-05-06 16:04:05.366
5604,446169,1,-50.77,-0.063,-50.77,-0.061,2026-05-06 16:04:05.366
5605,446232,2,50.77,0.063,50.78,0.062,2026-05-06 16:04:05.366
5606,446350,1,-50.77,-0.063,-50.77,-0.063,2026-05-06 16:04:05.366
5607,446413,2,50.77,0.063,50.78,0.061,2026-05-06 16:04:05.366
5608,446472,3,-90.0,0.049,-90.0,0.047,2026-05-06 16:04:05.366
5609,446579,1,-50.77,-0.063,-50.77,-0.063,2026-05-06 16:04:05.366
5610,446642,2,50.77,0.063,50.78,0.061,2026-05-06 16:04:05.366
5611,446701,3,-90.0,0.049,-90.0,0.047,2026-05-06 16:04:05.366
5612,446820,1,-50.77,-0.063,-50.77,-0.064,2026-05-06 16:04:05.366
5613,446883,2,50.77,0.063,50.78,0.062,2026-05-06 16:04:05.366
5614,446942,3,-90.0,0.049,-90.0,0.048,2026-05-06 16:04:05.366
5615,447049,1,-50.77,-0.063,-50.77,-0.064,2026-05-06 16:04:05.366
5616,447112,2,50.77,0.063,50.78,0.062,2026-05-06 16:04:05.366
5617,447171,3,-90.0,0.049,-90.0,0.048,2026-05-06 16:04:05.366
5618,447290,1,-50.77,-0.063,-50.77,-0.065,2026-05-06 16:04:05.366
5619,447353,2,50.77,0.063,50.78,0.062,2026-05-06 16:04:05.366
5620,447412,3,-90.0,0.049,-90.0,0.047,2026-05-06 16:04:05.366
5621,447519,1,-50.77,-0.063,-50.77,-0.065,2026-05-06 16:04:05.366
5622,447582,2,50.77,0.063,50.78,0.063,2026-05-06 16:04:05.366
5623,447641,3,-90.0,0.049,-90.0,0.049,2026-05-06 16:04:05.366
5624,447760,1,-50.77,-0.063,-50.77,-0.066,2026-05-06 16:04:05.366
5625,447823,2,50.77,0.063,50.78,0.064,2026-05-06 16:04:05.366
5626,447882,3,-90.0,0.049,-90.0,0.05,2026-05-06 16:04:05.366
5627,447989,1,-50.77,-0.063,-50.77,-0.066,2026-05-06 16:04:05.366
5628,448052,2,50.77,0.063,50.78,0.063,2026-05-06 16:04:05.366
5629,448111,3,-90.0,0.049,-90.0,0.05,2026-05-06 16:04:05.366
5630,448235,1,-50.77,-0.063,-50.77,-0.064,2026-05-06 16:04:05.366
5631,448298,2,50.77,0.063,50.78,0.062,2026-05-06 16:04:05.366
5632,448357,3,-90.0,0.049,-90.0,0.05,2026-05-06 16:04:05.366
5633,448464,1,-50.77,-0.063,-50.77,-0.064,2026-05-06 16:04:05.366
5634,448527,2,50.77,0.063,50.78,0.062,2026-05-06 16:04:05.366
5635,448586,3,-90.0,0.049,-90.0,0.05,2026-05-06 16:04:05.366
5636,448658,2,50.77,0.063,50.78,0.063,2026-05-06 16:04:05.366
5637,448717,3,-90.0,0.049,-90.0,0.049,2026-05-06 16:04:05.366
5638,448824,1,-50.77,-0.063,-50.77,-0.063,2026-05-06 16:04:05.366
5639,448887,2,50.77,0.063,50.78,0.063,2026-05-06 16:04:05.366
5640,448946,3,-90.0,0.049,-90.0,0.05,2026-05-06 16:04:05.366
5641,449053,1,-50.77,-0.063,-50.77,-0.063,2026-05-06 16:04:05.366
5642,449175,1,-50.77,-0.061,-50.77,-0.063,2026-05-06 16:04:05.366
5643,449238,2,50.77,0.061,50.77,0.063,2026-05-06 16:04:05.366
5644,449297,3,-90.0,0.048,-90.0,0.049,2026-05-06 16:04:05.366
5645,449404,1,-50.77,-0.061,-50.77,-0.063,2026-05-06 16:04:05.366
5646,449467,2,50.77,0.061,50.77,0.063,2026-05-06 16:04:05.366
5647,449526,3,-90.0,0.048,-90.0,0.049,2026-05-06 16:04:05.366
5648,449645,1,-50.77,-0.057,-50.77,-0.063,2026-05-06 16:04:05.366
5649,449708,2,50.77,0.057,50.77,0.061,2026-05-06 16:04:05.366
5650,449767,3,-90.0,0.044,-90.0,0.049,2026-05-06 16:04:05.366
5651,449874,1,-50.77,-0.055,-50.77,-0.062,2026-05-06 16:04:05.366
5652,449937,2,50.77,0.055,50.77,0.061,2026-05-06 16:04:05.366
5653,449996,3,-90.0,0.043,-90.0,0.048,2026-05-06 16:04:05.366
5654,450115,1,-50.77,-0.044,-50.77,-0.061,2026-05-06 16:04:05.366
5655,450178,2,50.77,0.044,50.77,0.059,2026-05-06 16:04:05.366
5656,450237,3,-90.0,0.034,-90.0,0.046,2026-05-06 16:04:05.366
5657,450344,1,-50.77,-0.041,-50.77,-0.061,2026-05-06 16:04:05.366
5658,450407,2,50.77,0.041,50.77,0.059,2026-05-06 16:04:05.366
5659,450466,3,-90.0,0.032,-90.0,0.046,2026-05-06 16:04:05.366
5660,450585,1,-50.77,-0.019,-50.77,-0.055,2026-05-06 16:04:05.366
5661,450648,2,50.77,0.019,50.78,0.053,2026-05-06 16:04:05.366
5662,450707,3,-90.0,0.015,-90.0,0.042,2026-05-06 16:04:05.366
5663,450814,1,-50.77,-0.019,-50.77,-0.055,2026-05-06 16:04:05.366
5664,450877,2,50.77,0.019,50.78,0.053,2026-05-06 16:04:05.366
5665,450936,3,-90.0,0.015,-90.0,0.042,2026-05-06 16:04:05.366
5666,451008,3,-90.0,0.004,-89.99,0.034,2026-05-06 16:04:05.366
5667,451115,1,-50.77,-0.005,-50.77,-0.032,2026-05-06 16:04:05.366
5668,451178,2,50.77,0.005,50.78,0.034,2026-05-06 16:04:05.366
5669,451237,3,-90.0,0.003,-89.99,0.028,2026-05-06 16:04:05.366
5670,451344,1,-50.77,-0.005,-50.77,-0.032,2026-05-06 16:04:05.366
5671,451407,2,50.77,0.005,50.78,0.032,2026-05-06 16:04:05.366
5672,451478,2,50.77,0.001,50.78,0.017,2026-05-06 16:04:05.366
5673,451537,3,-90.0,0.001,-89.99,0.013,2026-05-06 16:04:05.366
5674,451644,1,-50.77,-0.001,-50.77,-0.017,2026-05-06 16:04:05.366
5675,451707,2,50.77,0.001,50.78,0.017,2026-05-06 16:04:05.366
5676,451766,3,-90.0,0.001,-89.99,0.013,2026-05-06 16:04:06.074
5677,451873,1,-50.77,-0.0,-50.77,-0.017,2026-05-06 16:04:06.074
5678,451995,1,-50.77,0.0,-50.77,-0.004,2026-05-06 16:04:06.074
5679,452057,2,50.78,0.0,50.78,0.003,2026-05-06 16:04:06.074
5680,452116,3,-89.99,0.0,-90.0,0.001,2026-05-06 16:04:06.074
5681,452223,1,-50.77,0.0,-50.77,-0.003,2026-05-06 16:04:06.074
5682,452285,2,50.78,0.0,50.78,0.001,2026-05-06 16:04:06.074
5683,452344,3,-89.99,0.0,-90.0,0.0,2026-05-06 16:04:06.074
5684,452464,1,-50.77,0.0,-50.77,0.001,2026-05-06 16:04:06.074
5685,452525,2,50.78,0.0,50.78,-0.001,2026-05-06 16:04:06.074
5686,452585,3,-89.99,0.0,-90.0,0.0,2026-05-06 16:04:06.074
5687,452692,1,-50.77,0.0,-50.77,0.0,2026-05-06 16:04:06.074
5688,452753,2,50.78,0.0,50.78,-0.0,2026-05-06 16:04:06.074
5689,452813,3,-89.99,0.0,-90.0,-0.0,2026-05-06 16:04:06.074
5690,452933,1,-50.77,0.0,-50.77,0.0,2026-05-06 16:04:06.074
5691,452994,2,50.78,0.0,50.78,-0.0,2026-05-06 16:04:06.074
5692,453054,3,-89.99,0.0,-89.99,-0.0,2026-05-06 16:04:06.074
5693,453162,1,-50.77,0.0,-50.77,0.0,2026-05-06 16:04:06.074
5694,453223,2,50.78,0.0,50.78,0.0,2026-05-06 16:04:06.074
5695,453282,3,-89.99,0.0,-90.0,0.0,2026-05-06 16:04:06.074
5696,453397,1,-50.77,0.0,-50.77,0.0,2026-05-06 16:04:06.074
5697,453458,2,50.78,0.0,50.78,0.0,2026-05-06 16:04:06.074
5698,453517,3,-89.99,0.0,-89.99,-0.0,2026-05-06 16:04:06.074
5699,453625,1,-50.77,0.0,-50.77,-0.0,2026-05-06 16:04:06.074
5700,453687,2,50.78,0.0,50.78,-0.0,2026-05-06 16:04:06.074
5701,453747,3,-89.99,0.0,-89.99,0.0,2026-05-06 16:04:06.074
5702,453818,1,-50.77,0.0,-50.77,0.0,2026-05-06 16:04:06.074
5703,453879,2,50.78,0.0,50.78,0.0,2026-05-06 16:04:06.074
5704,453938,3,-89.99,0.0,-89.99,0.0,2026-05-06 16:04:06.074
5705,454045,1,-50.77,0.0,-50.77,0.0,2026-05-06 16:04:06.074
5706,454106,2,50.78,0.0,50.78,0.0,2026-05-06 16:04:06.074
5707,454165,3,-89.99,0.0,-89.99,0.0,2026-05-06 16:04:06.074
5708,454339,1,0.0,0.0,-50.76,-0.0,2026-05-06 16:04:06.074
5709,454399,2,0.0,0.0,50.77,0.0,2026-05-06 16:04:06.074
5710,454457,3,0.0,0.0,-89.97,0.0,2026-05-06 16:04:06.074
5711,454562,1,0.0,0.0,-50.76,-0.0,2026-05-06 16:04:06.074
5712,454622,2,0.0,0.0,50.77,0.0,2026-05-06 16:04:06.074
5713,454680,3,0.0,0.0,-89.97,0.0,2026-05-06 16:04:06.074
5714,454802,1,0.0,0.0,-48.69,0.0,2026-05-06 16:04:06.074
5715,454861,2,0.0,0.0,48.96,0.001,2026-05-06 16:04:06.074
5716,454919,3,0.0,0.0,-88.15,0.0,2026-05-06 16:04:06.074
5717,455024,1,0.0,0.0,-48.69,0.0,2026-05-06 16:04:06.074
5718,455083,2,0.0,0.0,48.96,0.001,2026-05-06 16:04:06.074
5719,455141,3,0.0,0.0,-88.15,0.0,2026-05-06 16:04:06.074
5720,455263,1,0.0,0.0,-41.45,0.0,2026-05-06 16:04:06.074
5721,455322,2,0.0,0.0,41.84,0.0,2026-05-06 16:04:06.074
5722,455380,3,0.0,0.0,-81.21,0.0,2026-05-06 16:04:06.074
5723,455485,1,0.0,0.0,-40.08,0.0,2026-05-06 16:04:06.074
5724,455544,2,0.0,0.0,40.5,0.001,2026-05-06 16:04:06.074
5725,455602,3,0.0,0.0,-79.93,0.0,2026-05-06 16:04:06.074
5726,455730,1,0.0,0.0,-33.18,0.0,2026-05-06 16:04:06.074
5727,455789,2,0.0,0.0,33.69,0.0,2026-05-06 16:04:06.074
5728,455847,3,0.0,0.0,-73.16,0.0,2026-05-06 16:04:06.074
5729,455952,1,0.0,0.0,-33.18,0.0,2026-05-06 16:04:06.074
5730,456011,2,0.0,0.0,33.69,0.0,2026-05-06 16:04:06.074
5731,456069,3,0.0,0.0,-73.16,0.0,2026-05-06 16:04:06.074
5732,456191,1,0.0,0.0,-16.94,-0.0,2026-05-06 16:04:06.074
5733,456251,2,0.0,0.0,17.4,0.001,2026-05-06 16:04:06.074
5734,456309,3,0.0,0.0,-55.85,-0.0,2026-05-06 16:04:06.074
5735,456415,1,0.0,0.0,-16.94,-0.0,2026-05-06 16:04:06.074
5736,456475,2,0.0,0.0,17.4,0.001,2026-05-06 16:04:06.074
5737,456533,3,0.0,0.0,-55.85,-0.0,2026-05-06 16:04:06.074
5738,456655,1,0.0,0.0,-7.93,0.0,2026-05-06 16:04:06.074
5739,456713,2,0.0,0.0,8.26,0.002,2026-05-06 16:04:06.074
5740,456770,3,0.0,0.0,-39.14,-0.003,2026-05-06 16:04:06.074
5741,456876,1,0.0,0.0,-7.93,0.0,2026-05-06 16:04:06.074
5742,456934,2,0.0,0.0,8.26,0.002,2026-05-06 16:04:06.074
5743,456991,3,0.0,0.0,-39.14,-0.003,2026-05-06 16:04:06.074
5744,457142,1,0.0,0.0,-2.99,0.001,2026-05-06 16:04:06.074
5745,457200,2,0.0,0.0,3.21,0.002,2026-05-06 16:04:06.074
5746,457257,3,0.0,0.0,-26.41,-0.004,2026-05-06 16:04:06.074
5747,457363,1,0.0,0.0,-1.59,0.001,2026-05-06 16:04:06.074
5748,457421,2,0.0,0.0,1.78,0.001,2026-05-06 16:04:06.074
5749,457478,3,0.0,0.0,-22.23,-0.005,2026-05-06 16:04:06.074
5750,457602,1,0.0,0.0,-0.13,0.0,2026-05-06 16:04:06.074
5751,457660,2,0.0,0.0,0.16,0.0,2026-05-06 16:04:06.074
5752,457717,3,0.0,0.0,-13.03,-0.004,2026-05-06 16:04:06.074
5753,457823,1,0.0,0.0,-0.13,0.0,2026-05-06 16:04:06.074
5754,457881,2,0.0,0.0,0.16,0.0,2026-05-06 16:04:06.074
5755,457938,3,0.0,0.0,-13.03,-0.004,2026-05-06 16:04:06.074
5756,458089,1,0.0,0.152,0.14,0.038,2026-05-06 16:04:06.074
5757,458146,2,0.0,0.152,-0.09,-0.01,2026-05-06 16:04:06.074
5758,458205,3,0.0,0.152,-5.77,0.02,2026-05-06 16:04:06.074
5759,458309,1,0.0,0.0,0.24,0.034,2026-05-06 16:04:06.074
5760,458366,2,0.0,0.0,-0.19,0.004,2026-05-06 16:04:06.074
5761,458424,3,0.0,0.0,-4.39,0.005,2026-05-06 16:04:06.074
5762,458574,1,0.0,0.196,0.06,0.062,2026-05-06 16:04:06.074
5763,458631,2,0.0,0.196,-0.06,0.073,2026-05-06 16:04:06.074
5764,458689,3,0.0,0.196,-0.52,0.06,2026-05-06 16:04:06.074
5765,458793,1,0.0,0.196,0.06,0.067,2026-05-06 16:04:06.074
5766,458850,2,0.0,0.196,-0.06,0.081,2026-05-06 16:04:06.074
5767,458908,3,0.0,0.196,-0.52,0.064,2026-05-06 16:04:06.074
5768,459011,3,0.0,0.232,0.24,0.088,2026-05-06 16:04:06.074
5769,459114,1,0.0,0.237,0.01,0.111,2026-05-06 16:04:06.074
5770,459171,2,0.0,0.237,-0.08,0.111,2026-05-06 16:04:06.074
5771,459229,3,0.0,0.237,0.24,0.088,2026-05-06 16:04:06.074
5772,459332,1,0.0,0.237,0.01,0.111,2026-05-06 16:04:06.074
5773,459389,2,0.0,0.237,-0.08,0.111,2026-05-06 16:04:06.074
5774,459542,1,0.0,0.268,-0.01,0.164,2026-05-06 16:04:06.074
5775,459600,2,0.0,0.268,-0.02,0.169,2026-05-06 16:04:06.074
5776,459658,3,0.0,0.268,0.12,0.168,2026-05-06 16:04:06.074
5777,459761,1,0.0,0.272,0.0,0.194,2026-05-06 16:04:06.074
5778,459818,2,0.0,0.272,-0.01,0.195,2026-05-06 16:04:06.799
5779,459876,3,0.0,0.272,0.1,0.187,2026-05-06 16:04:06.799
5780,460026,1,0.0,0.292,-0.0,0.223,2026-05-06 16:04:06.799
5781,460084,2,0.0,0.292,0.0,0.226,2026-05-06 16:04:06.799
5782,460141,3,0.0,0.292,0.07,0.218,2026-05-06 16:04:06.799
5783,460244,1,0.0,0.292,-0.0,0.223,2026-05-06 16:04:06.799
5784,460302,2,0.0,0.292,0.0,0.226,2026-05-06 16:04:06.799
5785,460359,3,0.0,0.292,0.07,0.218,2026-05-06 16:04:06.799
5786,460509,1,0.0,0.313,-0.02,0.27,2026-05-06 16:04:06.799
5787,460567,2,0.0,0.313,0.01,0.277,2026-05-06 16:04:06.799
5788,460624,3,0.0,0.313,0.01,0.274,2026-05-06 16:04:06.799
5789,460727,1,0.0,0.313,-0.02,0.27,2026-05-06 16:04:06.799
5790,460785,2,0.0,0.313,0.01,0.277,2026-05-06 16:04:06.799
5791,460842,3,0.0,0.313,0.01,0.274,2026-05-06 16:04:06.799
5792,460992,1,0.0,0.326,-0.01,0.31,2026-05-06 16:04:06.799
5793,461050,2,0.0,0.326,0.0,0.32,2026-05-06 16:04:06.799
5794,461107,3,0.0,0.326,-0.0,0.314,2026-05-06 16:04:06.799
5795,461211,1,0.0,0.328,-0.01,0.31,2026-05-06 16:04:06.799
5796,461269,2,0.0,0.328,0.0,0.32,2026-05-06 16:04:06.799
5797,461326,3,0.0,0.328,-0.0,0.314,2026-05-06 16:04:06.799
5798,461476,1,0.0,0.336,-0.0,0.328,2026-05-06 16:04:06.799
5799,461534,2,0.0,0.336,0.0,0.334,2026-05-06 16:04:06.799
5800,461591,3,0.0,0.336,-0.0,0.327,2026-05-06 16:04:06.799
5801,461695,1,0.0,0.337,-0.0,0.328,2026-05-06 16:04:06.799
5802,461753,2,0.0,0.337,0.0,0.334,2026-05-06 16:04:06.799
5803,461810,3,0.0,0.337,-0.0,0.327,2026-05-06 16:04:06.799
5804,461961,1,0.0,0.343,-0.0,0.338,2026-05-06 16:04:06.799
5805,462019,2,0.0,0.343,0.0,0.343,2026-05-06 16:04:06.799
5806,462076,3,0.0,0.343,0.0,0.342,2026-05-06 16:04:06.799
5807,462179,1,0.0,0.343,0.0,0.34,2026-05-06 16:04:06.799
5808,462236,2,0.0,0.343,-0.0,0.346,2026-05-06 16:04:06.799
5809,462294,3,0.0,0.343,0.0,0.342,2026-05-06 16:04:06.799
5810,462444,1,0.0,0.349,-0.0,0.352,2026-05-06 16:04:06.799
5811,462502,2,0.0,0.349,0.0,0.359,2026-05-06 16:04:06.799
5812,462559,3,0.0,0.349,0.0,0.357,2026-05-06 16:04:06.799
5813,462662,1,0.0,0.349,-0.0,0.352,2026-05-06 16:04:06.799
5814,462720,2,0.0,0.349,0.0,0.361,2026-05-06 16:04:06.799
5815,462777,3,0.0,0.349,0.0,0.357,2026-05-06 16:04:06.799
5816,462927,1,0.0,0.35,-0.0,0.359,2026-05-06 16:04:06.799
5817,462985,2,0.0,0.35,0.0,0.364,2026-05-06 16:04:06.799
5818,463042,3,0.0,0.35,-0.0,0.36,2026-05-06 16:04:06.799
5819,463146,1,0.0,0.35,-0.0,0.359,2026-05-06 16:04:06.799
5820,463204,2,0.0,0.35,0.0,0.364,2026-05-06 16:04:06.799
5821,463261,3,0.0,0.35,-0.0,0.36,2026-05-06 16:04:06.799
5822,463414,1,0.0,0.35,-0.0,0.362,2026-05-06 16:04:06.799
5823,463532,3,0.0,0.35,0.0,0.363,2026-05-06 16:04:06.799
5824,463635,1,0.0,0.35,-0.0,0.362,2026-05-06 16:04:06.799
5825,463693,2,0.0,0.35,0.0,0.369,2026-05-06 16:04:06.799
5826,463750,3,0.0,0.35,0.0,0.364,2026-05-06 16:04:06.799
5827,463900,1,0.0,0.35,-0.0,0.363,2026-05-06 16:04:06.799
5828,464019,3,0.0,0.35,-0.01,0.366,2026-05-06 16:04:06.799
5829,464123,1,0.0,0.35,-0.0,0.363,2026-05-06 16:04:06.799
5830,464181,2,0.0,0.35,-0.0,0.371,2026-05-06 16:04:06.799
5831,464239,3,0.0,0.35,-0.01,0.366,2026-05-06 16:04:06.799
5832,464389,1,0.0,0.35,-0.01,0.359,2026-05-06 16:04:06.799
5833,464447,2,0.0,0.35,0.0,0.369,2026-05-06 16:04:06.799
5834,464504,3,0.0,0.35,0.01,0.363,2026-05-06 16:04:06.799
5835,464607,1,0.0,0.35,-0.0,0.361,2026-05-06 16:04:06.799
5836,464665,2,0.0,0.35,-0.0,0.367,2026-05-06 16:04:06.799
5837,464723,3,0.0,0.35,-0.0,0.363,2026-05-06 16:04:06.799
5838,464873,1,0.0,0.35,-0.0,0.359,2026-05-06 16:04:06.799
5839,464931,2,0.0,0.35,-0.0,0.365,2026-05-06 16:04:06.799
5840,464989,3,0.0,0.35,0.0,0.362,2026-05-06 16:04:06.799
5841,465092,1,0.0,0.35,0.0,0.357,2026-05-06 16:04:06.799
5842,465149,2,0.0,0.35,-0.0,0.365,2026-05-06 16:04:06.799
5843,465207,3,0.0,0.35,-0.0,0.363,2026-05-06 16:04:06.799
5844,465358,1,0.0,0.35,-0.0,0.353,2026-05-06 16:04:06.799
5845,465416,2,0.0,0.35,0.0,0.363,2026-05-06 16:04:06.799
5846,465473,3,0.0,0.35,0.0,0.357,2026-05-06 16:04:06.799
5847,465576,1,0.0,0.35,-0.0,0.353,2026-05-06 16:04:06.799
5848,465634,2,0.0,0.35,0.0,0.363,2026-05-06 16:04:06.799
5849,465691,3,0.0,0.35,0.0,0.357,2026-05-06 16:04:06.799
5850,465841,1,0.0,0.345,-0.0,0.349,2026-05-06 16:04:06.799
5851,465899,2,0.0,0.345,-0.0,0.357,2026-05-06 16:04:06.799
5852,465957,3,0.0,0.345,0.0,0.354,2026-05-06 16:04:06.799
5853,466060,1,0.0,0.345,-0.0,0.349,2026-05-06 16:04:06.799
5854,466118,2,0.0,0.345,-0.0,0.359,2026-05-06 16:04:06.799
5855,466176,3,0.0,0.345,0.0,0.355,2026-05-06 16:04:06.799
5856,466325,1,0.0,0.337,-0.0,0.349,2026-05-06 16:04:06.799
5857,466383,2,0.0,0.337,0.0,0.356,2026-05-06 16:04:06.799
5858,466440,3,0.0,0.337,-0.0,0.352,2026-05-06 16:04:06.799
5859,466544,1,0.0,0.335,0.0,0.348,2026-05-06 16:04:06.799
5860,466601,2,0.0,0.335,-0.0,0.354,2026-05-06 16:04:06.799
5861,466659,3,0.0,0.335,0.0,0.352,2026-05-06 16:04:06.799
5862,466809,1,0.0,0.322,-0.0,0.348,2026-05-06 16:04:06.799
5863,466867,2,0.0,0.322,-0.0,0.354,2026-05-06 16:04:06.799
5864,466925,3,0.0,0.322,-0.0,0.351,2026-05-06 16:04:06.799
5865,467029,1,0.0,0.322,-0.0,0.348,2026-05-06 16:04:06.799
5866,467087,2,0.0,0.322,-0.0,0.354,2026-05-06 16:04:06.799
5867,467145,3,0.0,0.322,-0.0,0.351,2026-05-06 16:04:06.799
5868,467294,1,0.0,0.289,0.0,0.334,2026-05-06 16:04:06.799
5869,467351,2,0.0,0.289,-0.0,0.343,2026-05-06 16:04:06.799
5870,467409,3,0.0,0.289,0.0,0.335,2026-05-06 16:04:06.799
5871,467512,1,0.0,0.289,0.0,0.334,2026-05-06 16:04:06.799
5872,467569,2,0.0,0.289,-0.0,0.343,2026-05-06 16:04:06.799
5873,467627,3,0.0,0.289,0.0,0.334,2026-05-06 16:04:06.799
5874,467777,1,0.0,0.24,-0.0,0.317,2026-05-06 16:04:06.799
5875,467835,2,0.0,0.24,0.0,0.326,2026-05-06 16:04:07.502
5876,467892,3,0.0,0.24,0.0,0.32,2026-05-06 16:04:07.502
5877,467995,1,0.0,0.231,-0.0,0.312,2026-05-06 16:04:07.502
5878,468053,2,0.0,0.231,0.0,0.32,2026-05-06 16:04:07.502
5879,468110,3,0.0,0.231,-0.0,0.316,2026-05-06 16:04:07.502
5880,468261,1,0.0,0.171,0.0,0.285,2026-05-06 16:04:07.502
5881,468318,2,0.0,0.171,0.0,0.292,2026-05-06 16:04:07.502
5882,468375,3,0.0,0.171,0.01,0.289,2026-05-06 16:04:07.502
5883,468478,1,0.0,0.161,0.0,0.278,2026-05-06 16:04:07.502
5884,468535,2,0.0,0.161,0.0,0.289,2026-05-06 16:04:07.502
5885,468592,3,0.0,0.161,0.01,0.288,2026-05-06 16:04:07.502
5886,468743,1,0.0,0.094,0.0,0.232,2026-05-06 16:04:07.502
5887,468800,2,0.0,0.094,0.0,0.244,2026-05-06 16:04:07.502
5888,468857,3,0.0,0.094,0.01,0.242,2026-05-06 16:04:07.502
5889,468960,1,0.0,0.094,0.0,0.232,2026-05-06 16:04:07.502
5890,469017,2,0.0,0.094,0.0,0.244,2026-05-06 16:04:07.502
5891,469074,3,0.0,0.094,0.01,0.242,2026-05-06 16:04:07.502
5892,469178,1,0.0,0.048,0.01,0.16,2026-05-06 16:04:07.502
5893,469235,2,0.0,0.048,-0.0,0.165,2026-05-06 16:04:07.502
5894,469293,3,0.0,0.048,0.01,0.159,2026-05-06 16:04:07.502
5895,469396,1,0.0,0.044,0.01,0.16,2026-05-06 16:04:07.502
5896,469453,2,0.0,0.044,-0.0,0.165,2026-05-06 16:04:07.502
5897,469511,3,0.0,0.044,0.01,0.159,2026-05-06 16:04:07.502
5898,469682,1,0.0,0.02,0.0,0.085,2026-05-06 16:04:07.502
5899,469739,2,0.0,0.02,-0.0,0.089,2026-05-06 16:04:07.502
5900,469797,3,0.0,0.02,-0.0,0.089,2026-05-06 16:04:07.502
5901,469901,1,0.0,0.018,0.0,0.085,2026-05-06 16:04:07.502
5902,469958,2,0.0,0.018,-0.0,0.089,2026-05-06 16:04:07.502
5903,470016,3,0.0,0.018,-0.0,0.089,2026-05-06 16:04:07.502
5904,470166,1,0.0,0.008,0.0,0.043,2026-05-06 16:04:07.502
5905,470223,2,0.0,0.008,-0.0,0.044,2026-05-06 16:04:07.502
5906,470281,3,0.0,0.008,-0.0,0.045,2026-05-06 16:04:07.502
5907,470385,1,0.0,0.008,0.0,0.029,2026-05-06 16:04:07.502
5908,470442,2,0.0,0.008,-0.0,0.029,2026-05-06 16:04:07.502
5909,470500,3,0.0,0.008,0.0,0.045,2026-05-06 16:04:07.502
5910,470650,1,0.0,0.001,-0.0,-0.002,2026-05-06 16:04:07.502
5911,470709,2,0.0,0.001,0.0,-0.001,2026-05-06 16:04:07.502
5912,470767,3,0.0,0.001,-0.01,-0.002,2026-05-06 16:04:07.502
5913,470872,1,0.0,0.001,-0.0,-0.002,2026-05-06 16:04:07.502
5914,470931,2,0.0,0.001,0.0,-0.001,2026-05-06 16:04:07.502
5915,470989,3,0.0,0.001,-0.01,-0.002,2026-05-06 16:04:07.502
5916,471111,1,-0.0,0.0,-0.0,-0.014,2026-05-06 16:04:07.502
5917,471171,2,0.0,0.0,0.0,-0.017,2026-05-06 16:04:07.502
5918,471229,3,-0.01,0.0,-0.0,-0.015,2026-05-06 16:04:07.502
5919,471335,1,-0.0,0.0,-0.0,-0.014,2026-05-06 16:04:07.502
5920,471395,2,0.0,0.0,0.0,-0.018,2026-05-06 16:04:07.502
5921,471453,3,-0.01,0.0,-0.01,-0.015,2026-05-06 16:04:07.502
5922,471575,1,-0.0,0.0,0.0,-0.014,2026-05-06 16:04:07.502
5923,471695,3,-0.01,0.0,-0.0,-0.015,2026-05-06 16:04:07.502
5924,471801,1,-0.0,0.0,-0.0,-0.013,2026-05-06 16:04:07.502
5925,471861,2,0.0,0.0,0.0,-0.015,2026-05-06 16:04:07.502
5926,471919,3,-0.01,0.0,-0.01,-0.014,2026-05-06 16:04:07.502
5927,472041,1,-0.0,0.0,0.0,-0.011,2026-05-06 16:04:07.502
5928,472100,2,0.0,0.0,0.0,-0.012,2026-05-06 16:04:07.502
5929,472158,3,-0.01,0.0,-0.0,-0.011,2026-05-06 16:04:07.502
5930,472264,1,-0.0,0.0,0.0,-0.011,2026-05-06 16:04:07.502
5931,472323,2,0.0,0.0,0.0,-0.011,2026-05-06 16:04:07.502
5932,472381,3,-0.01,0.0,-0.0,-0.01,2026-05-06 16:04:07.502
5933,472495,1,-0.0,0.0,-0.0,-0.009,2026-05-06 16:04:07.502
5934,472555,2,0.0,0.0,0.0,-0.01,2026-05-06 16:04:07.502
5935,472613,3,-0.01,0.0,-0.0,-0.009,2026-05-06 16:04:07.502
5936,472719,1,-0.0,0.0,0.0,-0.008,2026-05-06 16:04:07.502
5937,472778,2,0.0,0.0,0.0,-0.01,2026-05-06 16:04:07.502
5938,472836,3,-0.01,0.0,-0.0,-0.009,2026-05-06 16:04:07.502
5939,472994,1,-0.0,0.0,0.0,-0.006,2026-05-06 16:04:07.502
5940,473053,2,0.0,0.0,0.0,-0.007,2026-05-06 16:04:07.502
5941,473111,3,-0.01,0.0,-0.01,-0.007,2026-05-06 16:04:07.502
5942,473217,1,-0.0,0.0,-0.0,-0.006,2026-05-06 16:04:07.502
5943,473277,2,0.0,0.0,0.0,-0.007,2026-05-06 16:04:07.502
5944,473335,3,-0.01,0.0,-0.01,-0.007,2026-05-06 16:04:07.502
5945,473457,1,-0.0,0.0,0.0,-0.005,2026-05-06 16:04:07.502
5946,473516,2,0.0,0.0,0.0,-0.006,2026-05-06 16:04:07.502
5947,473574,3,-0.01,0.0,-0.01,-0.006,2026-05-06 16:04:07.502
5948,473680,1,-0.0,0.0,-0.0,-0.005,2026-05-06 16:04:07.502
5949,473740,2,0.0,0.0,0.0,-0.006,2026-05-06 16:04:07.502
5950,473798,3,-0.01,0.0,-0.01,-0.006,2026-05-06 16:04:07.502
5951,473920,1,-0.0,0.0,-0.0,-0.004,2026-05-06 16:04:07.502
5952,473980,2,0.0,0.0,0.0,-0.005,2026-05-06 16:04:07.502
5953,474038,3,-0.01,0.0,-0.01,-0.005,2026-05-06 16:04:07.502
5954,474144,1,-0.0,0.0,-0.0,-0.004,2026-05-06 16:04:07.502
5955,474204,2,0.0,0.0,0.0,-0.004,2026-05-06 16:04:07.502
5956,474262,3,-0.01,0.0,-0.0,-0.004,2026-05-06 16:04:07.502
5957,474384,1,-0.0,0.0,-0.0,-0.003,2026-05-06 16:04:07.502
5958,474444,2,0.0,0.0,0.0,-0.004,2026-05-06 16:04:07.502
5959,474502,3,-0.01,0.0,-0.01,-0.003,2026-05-06 16:04:07.502
5960,474608,1,-0.0,0.0,-0.0,-0.003,2026-05-06 16:04:07.502
5961,474668,2,0.0,0.0,0.0,-0.004,2026-05-06 16:04:07.502
5962,474726,3,-0.01,0.0,-0.01,-0.003,2026-05-06 16:04:07.502
5963,474798,2,0.0,0.0,0.0,-0.002,2026-05-06 16:04:07.502
5964,474856,3,-0.01,0.0,-0.0,-0.002,2026-05-06 16:04:07.502
5965,474962,1,-0.0,0.0,-0.0,-0.002,2026-05-06 16:04:07.502
5966,475022,2,0.0,0.0,0.0,-0.002,2026-05-06 16:04:07.502
5967,475080,3,-0.01,0.0,-0.01,-0.002,2026-05-06 16:04:07.502
5968,475186,1,-0.0,0.0,-0.0,-0.001,2026-05-06 16:04:07.502
5969,475260,1,-0.0,0.0,-0.0,-0.001,2026-05-06 16:04:07.502
5970,475320,2,0.0,0.0,0.0,-0.001,2026-05-06 16:04:07.502
5971,475378,3,-0.01,0.0,-0.0,-0.001,2026-05-06 16:04:07.502
5972,475484,1,-0.0,0.0,-0.0,-0.001,2026-05-06 16:04:07.502
5973,475544,2,0.0,0.0,0.0,-0.001,2026-05-06 16:04:07.502
5974,475602,3,-0.01,0.0,-0.01,-0.001,2026-05-06 16:04:07.502
5975,475768,1,-0.0,0.0,-0.0,-0.0,2026-05-06 16:04:07.502
5976,475828,2,0.0,0.0,0.0,-0.001,2026-05-06 16:04:08.212
5977,475886,3,-0.01,0.0,0.0,-0.001,2026-05-06 16:04:08.212
5978,475991,1,-0.0,0.0,-0.0,-0.0,2026-05-06 16:04:08.212
5979,476051,2,0.0,0.0,0.0,-0.001,2026-05-06 16:04:08.212
5980,476109,3,-0.01,0.0,-0.0,-0.001,2026-05-06 16:04:08.212
5981,476221,1,-0.0,0.0,-0.0,-0.001,2026-05-06 16:04:08.212
5982,476281,2,0.0,0.0,0.0,-0.001,2026-05-06 16:04:08.212
5983,476339,3,-0.01,0.0,-0.01,-0.001,2026-05-06 16:04:08.212
5984,476445,1,-0.0,0.0,-0.0,-0.001,2026-05-06 16:04:08.212
5985,476505,2,0.0,0.0,0.0,-0.001,2026-05-06 16:04:08.212
5986,476563,3,-0.01,0.0,-0.01,-0.001,2026-05-06 16:04:08.212
5987,476685,1,-0.0,0.0,-0.0,-0.001,2026-05-06 16:04:08.212
5988,476745,2,0.0,0.0,0.0,-0.001,2026-05-06 16:04:08.212
5989,476803,3,-0.01,0.0,-0.01,-0.001,2026-05-06 16:04:08.212
5990,476909,1,-0.0,0.0,-0.0,-0.001,2026-05-06 16:04:08.212
5991,476969,2,0.0,0.0,0.0,-0.001,2026-05-06 16:04:08.212
5992,477027,3,-0.01,0.0,-0.01,-0.001,2026-05-06 16:04:08.212
5993,477149,1,-0.0,0.0,-0.0,-0.001,2026-05-06 16:04:08.212
5994,477209,2,0.0,0.0,0.0,-0.0,2026-05-06 16:04:08.212
5995,477267,3,-0.01,0.0,-0.01,-0.0,2026-05-06 16:04:08.212
5996,477373,1,-0.0,0.0,-0.0,-0.0,2026-05-06 16:04:08.212
5997,477433,2,0.0,0.0,0.0,-0.0,2026-05-06 16:04:08.212
5998,477491,3,-0.01,0.0,-0.01,-0.0,2026-05-06 16:04:08.212
5999,477613,1,-0.0,0.0,-0.0,-0.0,2026-05-06 16:04:08.212
6000,477673,2,0.0,0.0,0.0,-0.0,2026-05-06 16:04:08.212
6001,477731,3,-0.01,0.0,-0.01,-0.0,2026-05-06 16:04:08.212
6002,477837,1,-0.0,0.0,-0.0,-0.0,2026-05-06 16:04:08.212
6003,477897,2,0.0,0.0,0.0,-0.0,2026-05-06 16:04:08.212
6004,477955,3,-0.01,0.0,-0.0,0.0,2026-05-06 16:04:08.212
6005,478120,1,-0.0,0.0,-0.0,0.0,2026-05-06 16:04:08.212
6006,478179,2,0.0,0.0,0.0,-0.0,2026-05-06 16:04:08.212
6007,478237,3,-0.01,0.0,-0.01,-0.0,2026-05-06 16:04:08.212
6008,478420,1,-0.0,0.0,-0.0,-0.0,2026-05-06 16:04:08.212
6009,478480,2,0.0,0.0,0.0,-0.0,2026-05-06 16:04:08.212
6010,478595,1,-0.0,0.0,-0.0,-0.0,2026-05-06 16:04:08.212
6011,478655,2,0.0,0.0,0.0,-0.0,2026-05-06 16:04:08.212
6012,478713,3,-0.01,0.0,-0.01,-0.0,2026-05-06 16:04:08.212
6013,478819,1,-0.0,0.0,-0.0,-0.0,2026-05-06 16:04:08.212
6014,478879,2,0.0,0.0,0.0,-0.0,2026-05-06 16:04:08.212
6015,478937,3,-0.01,0.0,-0.01,-0.0,2026-05-06 16:04:08.212
6016,479007,1,-0.0,0.0,-0.0,-0.0,2026-05-06 16:04:08.212
6017,479067,2,0.0,0.0,0.0,-0.0,2026-05-06 16:04:08.212
6018,479234,1,-0.0,0.0,-0.0,-0.0,2026-05-06 16:04:08.212
6019,479294,2,0.0,0.0,0.0,-0.001,2026-05-06 16:04:08.212
6020,479352,3,-0.01,0.0,-0.01,-0.0,2026-05-06 16:04:08.212
6021,479478,1,-0.0,0.0,-0.0,-0.0,2026-05-06 16:04:08.212
6022,479538,2,0.0,0.0,0.0,-0.0,2026-05-06 16:04:08.212
6023,479596,3,-0.01,0.0,-0.01,-0.0,2026-05-06 16:04:08.212
6024,479702,1,-0.0,0.0,-0.0,-0.0,2026-05-06 16:04:08.212
6025,479762,2,0.0,0.0,0.0,-0.0,2026-05-06 16:04:08.212
6026,479820,3,-0.01,0.0,-0.01,-0.0,2026-05-06 16:04:08.212
6027,479942,1,-0.0,0.0,-0.0,-0.0,2026-05-06 16:04:08.212
6028,480002,2,0.0,0.0,0.0,0.0,2026-05-06 16:04:08.212
6029,480059,3,-0.01,0.0,-0.0,0.0,2026-05-06 16:04:08.212
6030,480164,1,-0.0,0.0,-0.0,-0.0,2026-05-06 16:04:08.212
6031,480224,2,0.0,0.0,0.0,0.0,2026-05-06 16:04:08.212
6032,480281,3,-0.01,0.0,-0.01,-0.0,2026-05-06 16:04:08.212
6033,480447,1,-0.0,0.0,-0.0,0.0,2026-05-06 16:04:08.212
6034,480506,2,0.0,0.0,0.0,-0.0,2026-05-06 16:04:08.212
6035,480564,3,-0.01,0.0,-0.01,-0.0,2026-05-06 16:04:08.212
6036,480670,1,-0.0,0.0,-0.0,0.0,2026-05-06 16:04:08.212
6037,480729,2,0.0,0.0,0.0,0.0,2026-05-06 16:04:08.212
6038,480786,3,-0.01,0.0,-0.01,-0.0,2026-05-06 16:04:08.212
6039,480944,1,0.0,-0.002,-0.0,-0.0,2026-05-06 16:04:08.212
6040,481004,2,0.0,-0.002,0.0,-0.0,2026-05-06 16:04:08.212
6041,481063,3,0.0,-0.002,0.0,-0.001,2026-05-06 16:04:08.212
6042,481169,1,0.0,-0.002,-0.0,-0.0,2026-05-06 16:04:08.212
6043,481229,2,0.0,-0.002,0.0,-0.0,2026-05-06 16:04:08.212
6044,481288,3,0.0,-0.002,0.0,-0.001,2026-05-06 16:04:08.212
6045,481409,1,0.0,-0.008,0.0,-0.002,2026-05-06 16:04:08.212
6046,481468,2,0.0,-0.008,0.0,-0.003,2026-05-06 16:04:08.212
6047,481527,3,0.0,-0.008,0.0,-0.002,2026-05-06 16:04:08.212
6048,481633,1,0.0,-0.008,0.0,-0.002,2026-05-06 16:04:08.212
6049,481692,2,0.0,-0.008,0.0,-0.003,2026-05-06 16:04:08.212
6050,481751,3,0.0,-0.008,0.0,-0.002,2026-05-06 16:04:08.212
6051,481873,1,0.0,-0.015,-0.0,-0.006,2026-05-06 16:04:08.212
6052,481933,2,0.0,-0.015,-0.0,-0.006,2026-05-06 16:04:08.212
6053,481993,3,0.0,-0.015,0.01,-0.005,2026-05-06 16:04:08.212
6054,482099,1,0.0,-0.015,-0.0,-0.006,2026-05-06 16:04:08.212
6055,482159,2,0.0,-0.015,-0.0,-0.006,2026-05-06 16:04:08.212
6056,482219,3,0.0,-0.015,0.01,-0.005,2026-05-06 16:04:08.212
6057,482339,1,0.0,-0.025,0.0,-0.01,2026-05-06 16:04:08.212
6058,482398,2,0.0,-0.025,0.0,-0.011,2026-05-06 16:04:08.212
6059,482457,3,0.0,-0.025,0.0,-0.01,2026-05-06 16:04:08.212
6060,482563,1,0.0,-0.025,0.0,-0.011,2026-05-06 16:04:08.212
6061,482622,2,0.0,-0.025,0.0,-0.011,2026-05-06 16:04:08.212
6062,482681,3,0.0,-0.025,0.01,-0.01,2026-05-06 16:04:08.212
6063,482803,1,0.0,-0.04,0.0,-0.017,2026-05-06 16:04:08.212
6064,482862,2,0.0,-0.04,-0.0,-0.017,2026-05-06 16:04:08.212
6065,482922,3,0.0,-0.04,-0.0,-0.019,2026-05-06 16:04:08.212
6066,483029,1,0.0,-0.04,0.0,-0.017,2026-05-06 16:04:08.212
6067,483088,2,0.0,-0.04,-0.0,-0.017,2026-05-06 16:04:08.212
6068,483148,3,0.0,-0.04,-0.0,-0.019,2026-05-06 16:04:08.212
6069,483270,1,0.0,-0.058,-0.0,-0.026,2026-05-06 16:04:08.212
6070,483330,2,0.0,-0.058,-0.0,-0.028,2026-05-06 16:04:08.212
6071,483390,3,0.0,-0.058,0.0,-0.026,2026-05-06 16:04:08.212
6072,483496,1,0.0,-0.061,-0.0,-0.026,2026-05-06 16:04:08.212
6073,483556,2,0.0,-0.061,-0.0,-0.028,2026-05-06 16:04:08.212
6074,483616,3,0.0,-0.061,0.0,-0.029,2026-05-06 16:04:08.212
6075,483736,1,0.0,-0.082,-0.0,-0.044,2026-05-06 16:04:08.212
6076,483796,2,0.0,-0.082,0.0,-0.042,2026-05-06 16:04:08.212
6077,483855,3,0.0,-0.082,-0.01,-0.041,2026-05-06 16:04:08.936
6078,483962,1,0.0,-0.086,-0.0,-0.044,2026-05-06 16:04:08.936
6079,484022,2,0.0,-0.086,0.0,-0.042,2026-05-06 16:04:08.936
6080,484081,3,0.0,-0.086,-0.01,-0.041,2026-05-06 16:04:08.936
6081,484203,1,0.0,-0.116,0.0,-0.058,2026-05-06 16:04:08.936
6082,484262,2,0.0,-0.116,0.0,-0.057,2026-05-06 16:04:08.936
6083,484321,3,0.0,-0.116,0.01,-0.056,2026-05-06 16:04:08.936
6084,484427,1,0.0,-0.116,0.0,-0.058,2026-05-06 16:04:08.936
6085,484486,2,0.0,-0.116,0.0,-0.057,2026-05-06 16:04:08.936
6086,484545,3,0.0,-0.116,0.01,-0.056,2026-05-06 16:04:08.936
6087,484667,1,0.0,-0.157,-0.0,-0.089,2026-05-06 16:04:08.936
6088,484727,2,0.0,-0.157,0.0,-0.092,2026-05-06 16:04:08.936
6089,484786,3,0.0,-0.157,-0.0,-0.087,2026-05-06 16:04:08.936
6090,484893,1,0.0,-0.157,-0.0,-0.094,2026-05-06 16:04:08.936
6091,484953,2,0.0,-0.157,0.0,-0.098,2026-05-06 16:04:08.936
6092,485012,3,0.0,-0.157,-0.0,-0.097,2026-05-06 16:04:08.936
6093,485133,1,0.0,-0.196,-0.0,-0.112,2026-05-06 16:04:08.936
6094,485193,2,0.0,-0.196,0.0,-0.13,2026-05-06 16:04:08.936
6095,485252,3,0.0,-0.196,-0.0,-0.126,2026-05-06 16:04:08.936
6096,485359,1,0.0,-0.201,-0.0,-0.123,2026-05-06 16:04:08.936
6097,485419,2,0.0,-0.201,0.0,-0.13,2026-05-06 16:04:08.936
6098,485478,3,0.0,-0.201,0.0,-0.126,2026-05-06 16:04:08.936
6099,485599,1,0.0,-0.232,0.0,-0.158,2026-05-06 16:04:08.936
6100,485658,2,0.0,-0.232,0.01,-0.166,2026-05-06 16:04:08.936
6101,485717,3,0.0,-0.232,-0.0,-0.152,2026-05-06 16:04:08.936
6102,485824,1,0.0,-0.232,0.0,-0.158,2026-05-06 16:04:08.936
6103,485883,2,0.0,-0.232,0.01,-0.166,2026-05-06 16:04:08.936
6104,485942,3,0.0,-0.232,-0.0,-0.159,2026-05-06 16:04:08.936
6105,486064,1,0.0,-0.268,0.0,-0.203,2026-05-06 16:04:08.936
6106,486123,2,0.0,-0.268,0.01,-0.212,2026-05-06 16:04:08.936
6107,486182,3,0.0,-0.268,0.0,-0.206,2026-05-06 16:04:08.936
6108,486288,1,0.0,-0.268,0.0,-0.203,2026-05-06 16:04:08.936
6109,486347,2,0.0,-0.268,0.01,-0.212,2026-05-06 16:04:08.936
6110,486406,3,0.0,-0.268,0.0,-0.206,2026-05-06 16:04:08.936
6111,486528,1,0.0,-0.292,-0.0,-0.233,2026-05-06 16:04:08.936
6112,486650,3,0.0,-0.292,-0.0,-0.235,2026-05-06 16:04:08.936
6113,486757,1,0.0,-0.295,-0.0,-0.241,2026-05-06 16:04:08.936
6114,486817,2,0.0,-0.295,0.0,-0.254,2026-05-06 16:04:08.936
6115,486876,3,0.0,-0.295,0.01,-0.247,2026-05-06 16:04:08.936
6116,486997,1,0.0,-0.311,-0.0,-0.266,2026-05-06 16:04:08.936
6117,487057,2,0.0,-0.311,-0.0,-0.278,2026-05-06 16:04:08.936
6118,487117,3,0.0,-0.311,0.0,-0.271,2026-05-06 16:04:08.936
6119,487223,1,0.0,-0.313,-0.0,-0.278,2026-05-06 16:04:08.936
6120,487283,2,0.0,-0.313,-0.0,-0.288,2026-05-06 16:04:08.936
6121,487343,3,0.0,-0.313,-0.0,-0.279,2026-05-06 16:04:08.936
6122,487464,1,0.0,-0.326,-0.0,-0.304,2026-05-06 16:04:08.936
6123,487524,2,0.0,-0.326,-0.0,-0.315,2026-05-06 16:04:08.936
6124,487584,3,0.0,-0.326,0.0,-0.307,2026-05-06 16:04:08.936
6125,487690,1,0.0,-0.326,-0.0,-0.304,2026-05-06 16:04:08.936
6126,487750,2,0.0,-0.326,-0.0,-0.319,2026-05-06 16:04:08.936
6127,487810,3,0.0,-0.326,0.0,-0.309,2026-05-06 16:04:08.936
6128,487930,1,0.0,-0.337,0.0,-0.322,2026-05-06 16:04:08.936
6129,487989,2,0.0,-0.337,-0.0,-0.335,2026-05-06 16:04:08.936
6130,488049,3,0.0,-0.337,0.0,-0.327,2026-05-06 16:04:08.936
6131,488155,1,0.0,-0.337,0.0,-0.322,2026-05-06 16:04:08.936
6132,488214,2,0.0,-0.337,-0.0,-0.335,2026-05-06 16:04:08.936
6133,488274,3,0.0,-0.337,0.0,-0.327,2026-05-06 16:04:08.936
6134,488458,2,0.0,-0.343,-0.0,-0.351,2026-05-06 16:04:08.936
6135,488518,3,0.0,-0.343,0.0,-0.343,2026-05-06 16:04:08.936
6136,488624,1,0.0,-0.344,-0.0,-0.339,2026-05-06 16:04:08.936
6137,488684,2,0.0,-0.344,-0.0,-0.351,2026-05-06 16:04:08.936
6138,488744,3,0.0,-0.344,0.0,-0.343,2026-05-06 16:04:08.936
6139,488865,1,0.0,-0.348,0.0,-0.348,2026-05-06 16:04:08.936
6140,488924,2,0.0,-0.348,-0.0,-0.362,2026-05-06 16:04:08.936
6141,488984,3,0.0,-0.348,0.0,-0.353,2026-05-06 16:04:08.936
6142,489090,1,0.0,-0.348,-0.0,-0.35,2026-05-06 16:04:08.936
6143,489150,2,0.0,-0.348,-0.0,-0.362,2026-05-06 16:04:08.936
6144,489210,3,0.0,-0.348,-0.0,-0.353,2026-05-06 16:04:08.936
6145,489331,1,0.0,-0.35,0.0,-0.356,2026-05-06 16:04:08.936
6146,489390,2,0.0,-0.35,0.0,-0.369,2026-05-06 16:04:08.936
6147,489449,3,0.0,-0.35,0.0,-0.359,2026-05-06 16:04:08.936
6148,489555,1,0.0,-0.35,0.0,-0.356,2026-05-06 16:04:08.936
6149,489614,2,0.0,-0.35,0.0,-0.369,2026-05-06 16:04:08.936
6150,489673,3,0.0,-0.35,0.0,-0.359,2026-05-06 16:04:08.936
6151,489795,1,0.0,-0.35,-0.0,-0.357,2026-05-06 16:04:08.936
6152,489855,2,0.0,-0.35,0.0,-0.369,2026-05-06 16:04:08.936
6153,489914,3,0.0,-0.35,0.01,-0.361,2026-05-06 16:04:08.936
6154,490064,1,0.0,-0.35,-0.0,-0.357,2026-05-06 16:04:08.936
6155,490124,2,0.0,-0.35,0.0,-0.369,2026-05-06 16:04:08.936
6156,490279,1,0.0,-0.35,-0.0,-0.358,2026-05-06 16:04:08.936
6157,490339,2,0.0,-0.35,0.0,-0.369,2026-05-06 16:04:08.936
6158,490398,3,0.0,-0.35,-0.0,-0.36,2026-05-06 16:04:08.936
6159,490505,1,0.0,-0.35,-0.0,-0.356,2026-05-06 16:04:08.936
6160,490565,2,0.0,-0.35,0.0,-0.37,2026-05-06 16:04:08.936
6161,490624,3,0.0,-0.35,-0.0,-0.36,2026-05-06 16:04:08.936
6162,490746,1,0.0,-0.35,-0.0,-0.354,2026-05-06 16:04:08.936
6163,490806,2,0.0,-0.35,0.0,-0.364,2026-05-06 16:04:08.936
6164,490865,3,0.0,-0.35,0.0,-0.357,2026-05-06 16:04:08.936
6165,490971,1,0.0,-0.35,-0.0,-0.353,2026-05-06 16:04:08.936
6166,491031,2,0.0,-0.35,0.0,-0.365,2026-05-06 16:04:08.936
6167,491090,3,0.0,-0.35,0.0,-0.358,2026-05-06 16:04:08.936
6168,491211,1,0.0,-0.35,0.0,-0.354,2026-05-06 16:04:08.936
6169,491270,2,0.0,-0.35,0.0,-0.365,2026-05-06 16:04:08.936
6170,491329,3,0.0,-0.35,-0.0,-0.356,2026-05-06 16:04:08.936
6171,491436,1,0.0,-0.35,0.0,-0.353,2026-05-06 16:04:08.936
6172,491495,2,0.0,-0.35,0.0,-0.365,2026-05-06 16:04:08.936
6173,491554,3,0.0,-0.35,-0.0,-0.357,2026-05-06 16:04:08.936
6174,491676,1,0.0,-0.35,0.0,-0.353,2026-05-06 16:04:08.936
6175,491735,2,0.0,-0.35,-0.0,-0.363,2026-05-06 16:04:08.936
6176,491795,3,0.0,-0.35,0.01,-0.354,2026-05-06 16:04:08.936
6177,491901,1,0.0,-0.35,0.0,-0.353,2026-05-06 16:04:09.000
6178,491960,2,0.0,-0.35,-0.0,-0.363,2026-05-06 16:04:09.000
6179,492020,3,0.0,-0.35,0.01,-0.354,2026-05-06 16:04:09.000
6180,492141,1,0.0,-0.35,0.0,-0.354,2026-05-06 16:04:09.032
6181,492200,2,0.0,-0.35,0.0,-0.36,2026-05-06 16:04:09.032
6182,492259,3,0.0,-0.35,0.0,-0.354,2026-05-06 16:04:09.032
6183,492365,1,0.0,-0.35,0.0,-0.354,2026-05-06 16:04:09.032
6184,492424,2,0.0,-0.35,0.0,-0.36,2026-05-06 16:04:09.032
6185,492483,3,0.0,-0.35,0.0,-0.354,2026-05-06 16:04:09.032
6186,492605,1,0.0,-0.35,-0.0,-0.353,2026-05-06 16:04:09.032
6187,492665,2,0.0,-0.35,-0.0,-0.363,2026-05-06 16:04:09.706
6188,492725,3,0.0,-0.35,-0.0,-0.355,2026-05-06 16:04:09.706
6189,492832,1,0.0,-0.35,-0.0,-0.353,2026-05-06 16:04:09.706
6190,492892,2,0.0,-0.35,-0.0,-0.363,2026-05-06 16:04:09.706
6191,492952,3,0.0,-0.35,-0.0,-0.355,2026-05-06 16:04:09.706
6192,493072,1,0.0,-0.35,-0.0,-0.355,2026-05-06 16:04:09.706
6193,493132,2,0.0,-0.35,-0.0,-0.365,2026-05-06 16:04:09.706
6194,493192,3,0.0,-0.35,-0.0,-0.357,2026-05-06 16:04:09.706
6195,493299,1,0.0,-0.35,-0.0,-0.355,2026-05-06 16:04:09.706
6196,493359,2,0.0,-0.35,-0.0,-0.364,2026-05-06 16:04:09.706
6197,493419,3,0.0,-0.35,-0.0,-0.357,2026-05-06 16:04:09.706
6198,493540,1,0.0,-0.35,0.0,-0.35,2026-05-06 16:04:09.706
6199,493599,2,0.0,-0.35,0.0,-0.363,2026-05-06 16:04:09.706
6200,493658,3,0.0,-0.35,0.0,-0.354,2026-05-06 16:04:09.706
6201,493764,1,0.0,-0.35,0.0,-0.35,2026-05-06 16:04:09.706
6202,493823,2,0.0,-0.35,0.0,-0.363,2026-05-06 16:04:09.706
6203,493882,3,0.0,-0.35,0.0,-0.354,2026-05-06 16:04:09.706
6204,494004,1,0.0,-0.35,0.0,-0.349,2026-05-06 16:04:09.706
6205,494063,2,0.0,-0.35,0.0,-0.36,2026-05-06 16:04:09.706
6206,494122,3,0.0,-0.35,0.01,-0.353,2026-05-06 16:04:09.706
6207,494228,1,0.0,-0.35,0.0,-0.349,2026-05-06 16:04:09.706
6208,494287,2,0.0,-0.35,0.0,-0.36,2026-05-06 16:04:09.706
6209,494346,3,0.0,-0.35,0.01,-0.352,2026-05-06 16:04:09.706
6210,494467,1,0.0,-0.35,-0.0,-0.347,2026-05-06 16:04:09.706
6211,494527,2,0.0,-0.35,-0.0,-0.357,2026-05-06 16:04:09.706
6212,494587,3,0.0,-0.35,0.0,-0.352,2026-05-06 16:04:09.706
6213,494693,1,0.0,-0.35,-0.0,-0.347,2026-05-06 16:04:09.706
6214,494753,2,0.0,-0.35,0.0,-0.356,2026-05-06 16:04:09.706
6215,494812,3,0.0,-0.35,0.0,-0.35,2026-05-06 16:04:09.706
6216,494934,1,0.0,-0.35,-0.0,-0.347,2026-05-06 16:04:09.706
6217,494994,2,0.0,-0.35,-0.0,-0.355,2026-05-06 16:04:09.706
6218,495054,3,0.0,-0.35,0.0,-0.348,2026-05-06 16:04:09.706
6219,495160,1,0.0,-0.35,-0.0,-0.347,2026-05-06 16:04:09.706
6220,495220,2,0.0,-0.35,-0.0,-0.355,2026-05-06 16:04:09.706
6221,495280,3,0.0,-0.35,0.0,-0.348,2026-05-06 16:04:09.706
6222,495400,1,0.0,-0.35,-0.0,-0.347,2026-05-06 16:04:09.706
6223,495460,2,0.0,-0.35,-0.0,-0.357,2026-05-06 16:04:09.706
6224,495520,3,0.0,-0.35,-0.0,-0.348,2026-05-06 16:04:09.706
6225,495627,1,0.0,-0.35,-0.0,-0.347,2026-05-06 16:04:09.706
6226,495687,2,0.0,-0.35,-0.0,-0.357,2026-05-06 16:04:09.706
6227,495747,3,0.0,-0.35,-0.0,-0.348,2026-05-06 16:04:09.706
6228,495931,2,0.0,-0.35,-0.0,-0.357,2026-05-06 16:04:09.706
6229,495991,3,0.0,-0.35,0.0,-0.35,2026-05-06 16:04:09.706
6230,496097,1,0.0,-0.35,-0.0,-0.348,2026-05-06 16:04:09.706
6231,496157,2,0.0,-0.35,-0.0,-0.357,2026-05-06 16:04:09.706
6232,496217,3,0.0,-0.35,0.0,-0.35,2026-05-06 16:04:09.706
6233,496337,1,0.0,-0.35,0.0,-0.347,2026-05-06 16:04:09.706
6234,496396,2,0.0,-0.35,-0.0,-0.36,2026-05-06 16:04:09.706
6235,496456,3,0.0,-0.35,-0.01,-0.351,2026-05-06 16:04:09.706
6236,496563,1,0.0,-0.35,0.0,-0.347,2026-05-06 16:04:09.706
6237,496622,2,0.0,-0.35,-0.0,-0.36,2026-05-06 16:04:09.706
6238,496682,3,0.0,-0.35,-0.01,-0.351,2026-05-06 16:04:09.706
6239,496756,3,0.0,-0.35,0.01,-0.348,2026-05-06 16:04:09.706
6240,496862,1,0.0,-0.35,0.01,-0.342,2026-05-06 16:04:09.706
6241,496921,2,0.0,-0.35,0.0,-0.354,2026-05-06 16:04:09.706
6242,496980,3,0.0,-0.35,0.0,-0.347,2026-05-06 16:04:09.706
6243,497086,1,0.0,-0.35,0.01,-0.342,2026-05-06 16:04:09.706
6244,497145,2,0.0,-0.35,0.0,-0.354,2026-05-06 16:04:09.706
6245,497268,1,0.0,-0.35,0.01,-0.345,2026-05-06 16:04:09.706
6246,497327,2,0.0,-0.35,0.0,-0.358,2026-05-06 16:04:09.706
6247,497386,3,0.0,-0.35,-0.0,-0.35,2026-05-06 16:04:09.706
6248,497493,1,0.0,-0.35,0.01,-0.348,2026-05-06 16:04:09.706
6249,497552,2,0.0,-0.35,0.0,-0.358,2026-05-06 16:04:09.706
6250,497611,3,0.0,-0.35,-0.0,-0.351,2026-05-06 16:04:09.706
6251,497733,1,0.0,-0.35,-0.0,-0.353,2026-05-06 16:04:09.706
6252,497793,2,0.0,-0.35,0.0,-0.361,2026-05-06 16:04:09.706
6253,497852,3,0.0,-0.35,0.01,-0.352,2026-05-06 16:04:09.706
6254,497958,1,0.0,-0.35,-0.0,-0.353,2026-05-06 16:04:09.706
6255,498018,2,0.0,-0.35,0.0,-0.361,2026-05-06 16:04:09.706
6256,498077,3,0.0,-0.35,0.01,-0.352,2026-05-06 16:04:09.706
6257,498150,1,0.0,-0.35,0.0,-0.351,2026-05-06 16:04:09.706
6258,498209,2,0.0,-0.35,0.0,-0.361,2026-05-06 16:04:09.706
6259,498268,3,0.0,-0.35,-0.0,-0.352,2026-05-06 16:04:09.706
6260,498375,1,0.0,-0.35,-0.0,-0.348,2026-05-06 16:04:09.706
6261,498435,2,0.0,-0.35,0.0,-0.36,2026-05-06 16:04:09.706
6262,498494,3,0.0,-0.35,-0.01,-0.351,2026-05-06 16:04:09.706
6263,498664,1,0.0,-0.35,-0.0,-0.344,2026-05-06 16:04:09.706
6264,498724,2,0.0,-0.35,-0.0,-0.353,2026-05-06 16:04:09.706
6265,498784,3,0.0,-0.35,-0.0,-0.348,2026-05-06 16:04:09.706
6266,498891,1,0.0,-0.35,-0.0,-0.344,2026-05-06 16:04:09.706
6267,498951,2,0.0,-0.35,-0.0,-0.353,2026-05-06 16:04:09.706
6268,499011,3,0.0,-0.35,-0.0,-0.348,2026-05-06 16:04:09.706
6269,499131,1,0.0,-0.344,-0.0,-0.345,2026-05-06 16:04:09.706
6270,499254,3,0.0,-0.344,-0.01,-0.346,2026-05-06 16:04:09.706
6271,499361,1,0.0,-0.344,-0.0,-0.345,2026-05-06 16:04:09.706
6272,499421,2,0.0,-0.344,-0.0,-0.353,2026-05-06 16:04:09.706
6273,499481,3,0.0,-0.344,-0.01,-0.346,2026-05-06 16:04:09.706
6274,499602,1,0.0,-0.335,-0.0,-0.344,2026-05-06 16:04:09.706
6275,499662,2,0.0,-0.335,0.0,-0.351,2026-05-06 16:04:09.706
6276,499721,3,0.0,-0.335,0.0,-0.346,2026-05-06 16:04:09.706
6277,499827,1,0.0,-0.334,-0.0,-0.344,2026-05-06 16:04:09.706
6278,499887,2,0.0,-0.334,0.0,-0.351,2026-05-06 16:04:09.706
6279,499946,3,0.0,-0.334,0.0,-0.346,2026-05-06 16:04:09.706
6280,500067,1,0.0,-0.319,0.0,-0.342,2026-05-06 16:04:09.706
6281,500126,2,0.0,-0.319,0.0,-0.35,2026-05-06 16:04:09.706
6282,500185,3,0.0,-0.319,0.0,-0.342,2026-05-06 16:04:09.706
6283,500291,1,0.0,-0.319,0.0,-0.342,2026-05-06 16:04:09.706
6284,500350,2,0.0,-0.319,0.0,-0.349,2026-05-06 16:04:09.706
6285,500409,3,0.0,-0.319,0.0,-0.341,2026-05-06 16:04:09.706
6286,500531,1,0.0,-0.284,0.0,-0.33,2026-05-06 16:04:09.706
6287,500590,2,0.0,-0.284,0.0,-0.338,2026-05-06 16:04:09.706
6288,500649,3,0.0,-0.284,0.01,-0.335,2026-05-06 16:04:09.706
6289,500755,1,0.0,-0.284,0.0,-0.33,2026-05-06 16:04:10.425
6290,500814,2,0.0,-0.284,0.0,-0.338,2026-05-06 16:04:10.425
6291,500873,3,0.0,-0.284,0.01,-0.332,2026-05-06 16:04:10.425
6292,500995,1,0.0,-0.231,0.0,-0.313,2026-05-06 16:04:10.425
6293,501054,2,0.0,-0.231,0.0,-0.321,2026-05-06 16:04:10.425
6294,501113,3,0.0,-0.231,0.0,-0.317,2026-05-06 16:04:10.425
6295,501219,1,0.0,-0.222,0.0,-0.313,2026-05-06 16:04:10.425
6296,501278,2,0.0,-0.222,0.0,-0.321,2026-05-06 16:04:10.425
6297,501337,3,0.0,-0.222,0.0,-0.317,2026-05-06 16:04:10.425
6298,501459,1,0.0,-0.161,0.0,-0.268,2026-05-06 16:04:10.425
6299,501518,2,0.0,-0.161,-0.0,-0.282,2026-05-06 16:04:10.425
6300,501578,3,0.0,-0.161,0.0,-0.281,2026-05-06 16:04:10.425
6301,501684,1,0.0,-0.15,0.0,-0.268,2026-05-06 16:04:10.425
6302,501743,2,0.0,-0.15,-0.0,-0.282,2026-05-06 16:04:10.425
6303,501803,3,0.0,-0.15,0.0,-0.281,2026-05-06 16:04:10.425
6304,501924,1,0.0,-0.086,-0.0,-0.232,2026-05-06 16:04:10.425
6305,501984,2,0.0,-0.086,-0.01,-0.235,2026-05-06 16:04:10.425
6306,502044,3,0.0,-0.086,0.01,-0.236,2026-05-06 16:04:10.425
6307,502150,1,0.0,-0.086,0.0,-0.214,2026-05-06 16:04:10.425
6308,502209,2,0.0,-0.086,-0.01,-0.216,2026-05-06 16:04:10.425
6309,502269,3,0.0,-0.086,0.01,-0.215,2026-05-06 16:04:10.425
6310,502390,1,0.0,-0.039,0.0,-0.164,2026-05-06 16:04:10.425
6311,502449,2,0.0,-0.039,-0.0,-0.164,2026-05-06 16:04:10.425
6312,502509,3,0.0,-0.039,0.0,-0.164,2026-05-06 16:04:10.425
6313,502615,1,0.0,-0.039,0.0,-0.137,2026-05-06 16:04:10.425
6314,502674,2,0.0,-0.039,-0.0,-0.141,2026-05-06 16:04:10.425
6315,502734,3,0.0,-0.039,0.01,-0.145,2026-05-06 16:04:10.425
6316,502855,1,0.0,-0.018,0.0,-0.08,2026-05-06 16:04:10.425
6317,502914,2,0.0,-0.018,-0.0,-0.084,2026-05-06 16:04:10.425
6318,502974,3,0.0,-0.018,0.0,-0.082,2026-05-06 16:04:10.425
6319,503080,1,0.0,-0.016,0.0,-0.08,2026-05-06 16:04:10.425
6320,503139,2,0.0,-0.016,-0.0,-0.084,2026-05-06 16:04:10.425
6321,503199,3,0.0,-0.016,0.0,-0.082,2026-05-06 16:04:10.425
6322,503320,1,0.0,-0.007,0.0,-0.032,2026-05-06 16:04:10.425
6323,503379,2,0.0,-0.007,0.0,-0.033,2026-05-06 16:04:10.425
6324,503438,3,0.0,-0.007,-0.01,-0.031,2026-05-06 16:04:10.425
6325,503545,1,0.0,-0.007,0.0,-0.032,2026-05-06 16:04:10.425
6326,503604,2,0.0,-0.007,0.0,-0.033,2026-05-06 16:04:10.425
6327,503663,3,0.0,-0.007,-0.01,-0.031,2026-05-06 16:04:10.425
6328,503785,1,0.0,-0.0,-0.0,0.001,2026-05-06 16:04:10.425
6329,503844,2,0.0,-0.0,0.01,0.0,2026-05-06 16:04:10.425
6330,503902,3,0.0,-0.0,-0.02,0.001,2026-05-06 16:04:10.425
6331,504008,1,0.0,-0.0,-0.0,0.001,2026-05-06 16:04:10.425
6332,504067,2,0.0,-0.0,0.01,0.0,2026-05-06 16:04:10.425
6333,504125,3,0.0,-0.0,-0.02,0.001,2026-05-06 16:04:10.425
6334,504247,1,-0.0,0.0,-0.0,0.014,2026-05-06 16:04:10.425
6335,504306,2,0.01,0.0,0.0,0.016,2026-05-06 16:04:10.425
6336,504363,3,-0.02,0.0,0.0,0.014,2026-05-06 16:04:10.425
6337,504467,1,-0.0,0.0,0.0,0.014,2026-05-06 16:04:10.425
6338,504525,2,0.01,0.0,0.0,0.016,2026-05-06 16:04:10.425
6339,504582,3,-0.02,0.0,-0.0,0.014,2026-05-06 16:04:10.425
6340,504732,1,-0.0,0.0,0.0,0.014,2026-05-06 16:04:10.425
6341,504790,2,0.01,0.0,0.0,0.015,2026-05-06 16:04:10.425
6342,504847,3,-0.02,0.0,-0.01,0.013,2026-05-06 16:04:10.425
6343,504952,1,-0.0,0.0,-0.0,0.013,2026-05-06 16:04:10.425
6344,505011,2,0.01,0.0,0.0,0.014,2026-05-06 16:04:10.425
6345,505068,3,-0.02,0.0,-0.01,0.014,2026-05-06 16:04:10.425
6346,505218,1,-0.0,0.0,-0.0,0.011,2026-05-06 16:04:10.425
6347,505277,2,0.01,0.0,0.0,0.012,2026-05-06 16:04:10.425
6348,505334,3,-0.02,0.0,-0.02,0.011,2026-05-06 16:04:10.425
6349,505439,1,-0.0,0.0,0.0,0.01,2026-05-06 16:04:10.425
6350,505497,2,0.01,0.0,0.0,0.012,2026-05-06 16:04:10.425
6351,505554,3,-0.02,0.0,-0.02,0.011,2026-05-06 16:04:10.425
6352,505704,1,-0.0,0.0,-0.0,0.009,2026-05-06 16:04:10.425
6353,505763,2,0.01,0.0,0.0,0.01,2026-05-06 16:04:10.425
6354,505820,3,-0.02,0.0,-0.02,0.009,2026-05-06 16:04:10.425
6355,505925,1,-0.0,0.0,-0.0,0.008,2026-05-06 16:04:10.425
6356,505984,2,0.01,0.0,0.0,0.009,2026-05-06 16:04:10.425
6357,506041,3,-0.02,0.0,-0.01,0.009,2026-05-06 16:04:10.425
6358,506191,1,-0.0,0.0,0.0,0.006,2026-05-06 16:04:10.425
6359,506249,2,0.01,0.0,0.0,0.007,2026-05-06 16:04:10.425
6360,506306,3,-0.02,0.0,-0.01,0.007,2026-05-06 16:04:10.425
6361,506411,1,-0.0,0.0,-0.0,0.006,2026-05-06 16:04:10.425
6362,506470,2,0.01,0.0,0.0,0.007,2026-05-06 16:04:10.425
6363,506527,3,-0.02,0.0,-0.01,0.007,2026-05-06 16:04:10.425
6364,506631,1,-0.0,0.0,-0.0,0.005,2026-05-06 16:04:10.425
6365,506690,2,0.01,0.0,0.0,0.005,2026-05-06 16:04:10.425
6366,506855,1,-0.0,0.0,-0.0,0.005,2026-05-06 16:04:10.425
6367,506914,2,0.01,0.0,0.0,0.005,2026-05-06 16:04:10.425
6368,506971,3,-0.02,0.0,-0.01,0.006,2026-05-06 16:04:10.425
6369,507159,1,-0.0,0.0,-0.0,0.003,2026-05-06 16:04:10.425
6370,507218,2,0.01,0.0,0.0,0.003,2026-05-06 16:04:10.425
6371,507275,3,-0.02,0.0,-0.01,0.004,2026-05-06 16:04:10.425
6372,507380,1,-0.0,0.0,-0.0,0.003,2026-05-06 16:04:10.425
6373,507439,2,0.01,0.0,0.0,0.003,2026-05-06 16:04:10.425
6374,507496,3,-0.02,0.0,-0.02,0.003,2026-05-06 16:04:10.425
6375,507614,1,-0.0,0.0,-0.0,0.003,2026-05-06 16:04:10.425
6376,507673,2,0.01,0.0,0.01,0.003,2026-05-06 16:04:10.425
6377,507730,3,-0.02,0.0,-0.01,0.003,2026-05-06 16:04:10.425
6378,507835,1,-0.0,0.0,0.0,0.003,2026-05-06 16:04:10.425
6379,507893,2,0.01,0.0,0.01,0.003,2026-05-06 16:04:10.425
6380,507950,3,-0.02,0.0,-0.01,0.003,2026-05-06 16:04:10.425
6381,508054,3,-0.02,0.0,-0.01,0.003,2026-05-06 16:04:10.425
6382,508159,1,-0.0,0.0,-0.0,0.002,2026-05-06 16:04:10.425
6383,508218,2,0.01,0.0,0.01,0.003,2026-05-06 16:04:10.425
6384,508275,3,-0.02,0.0,-0.01,0.002,2026-05-06 16:04:10.425
6385,508380,1,-0.0,0.0,-0.0,0.002,2026-05-06 16:04:10.425
6386,508439,2,0.01,0.0,0.01,0.002,2026-05-06 16:04:10.425
6387,508552,1,-0.0,0.0,-0.0,0.002,2026-05-06 16:04:10.425
6388,508611,2,0.01,0.0,0.01,0.002,2026-05-06 16:04:10.425
6389,508668,3,-0.02,0.0,-0.01,0.002,2026-05-06 16:04:10.425
6390,508773,1,-0.0,0.0,-0.0,0.002,2026-05-06 16:04:11.129
6391,508832,2,0.01,0.0,0.01,0.002,2026-05-06 16:04:11.129
6392,508889,3,-0.02,0.0,-0.02,0.002,2026-05-06 16:04:11.129
6393,509047,1,-0.0,0.0,-0.0,0.002,2026-05-06 16:04:11.129
6394,509106,2,0.01,0.0,0.01,0.002,2026-05-06 16:04:11.129
6395,509163,3,-0.02,0.0,-0.01,0.002,2026-05-06 16:04:11.129
6396,509268,1,-0.0,0.0,-0.0,0.002,2026-05-06 16:04:11.129
6397,509327,2,0.01,0.0,0.01,0.002,2026-05-06 16:04:11.129
6398,509384,3,-0.02,0.0,-0.02,0.001,2026-05-06 16:04:11.129
6399,509453,1,-0.0,0.0,-0.0,0.001,2026-05-06 16:04:11.129
6400,509512,2,0.01,0.0,0.01,0.001,2026-05-06 16:04:11.129
6401,509569,3,-0.02,0.0,-0.01,0.001,2026-05-06 16:04:11.129
6402,509674,1,-0.0,0.0,-0.0,0.001,2026-05-06 16:04:11.129
6403,509733,2,0.01,0.0,0.01,0.001,2026-05-06 16:04:11.129
6404,509790,3,-0.02,0.0,-0.01,0.001,2026-05-06 16:04:11.129
6405,509895,1,-0.0,0.0,-0.0,0.001,2026-05-06 16:04:11.129
6406,510002,1,-0.0,0.0,-0.0,0.001,2026-05-06 16:04:11.129
6407,510061,2,0.01,0.0,0.01,0.001,2026-05-06 16:04:11.129
6408,510118,3,-0.02,0.0,-0.01,0.001,2026-05-06 16:04:11.129
6409,510300,1,-0.0,0.0,-0.0,0.001,2026-05-06 16:04:11.129
6410,510359,2,0.01,0.0,0.01,0.0,2026-05-06 16:04:11.129
6411,510472,1,-0.0,0.0,-0.0,0.0,2026-05-06 16:04:11.129
6412,510531,2,0.01,0.0,0.01,0.0,2026-05-06 16:04:11.129
6413,510588,3,-0.02,0.0,-0.01,0.0,2026-05-06 16:04:11.129
6414,510693,1,-0.0,0.0,-0.0,0.0,2026-05-06 16:04:11.129
6415,510752,2,0.01,0.0,0.01,0.0,2026-05-06 16:04:11.129
6416,510809,3,-0.02,0.0,-0.02,0.0,2026-05-06 16:04:11.129
6417,510934,1,-0.0,0.0,-0.0,0.0,2026-05-06 16:04:11.129
6418,510993,2,0.01,0.0,0.01,0.0,2026-05-06 16:04:11.129
6419,511050,3,-0.02,0.0,-0.01,0.0,2026-05-06 16:04:11.129
6420,511155,1,-0.0,0.0,-0.0,0.0,2026-05-06 16:04:11.129
6421,511214,2,0.01,0.0,0.01,0.0,2026-05-06 16:04:11.129
6422,511271,3,-0.02,0.0,-0.02,0.0,2026-05-06 16:04:11.129
6423,511375,1,-0.0,0.0,0.0,0.0,2026-05-06 16:04:11.129
6424,511433,2,0.01,0.0,0.01,0.0,2026-05-06 16:04:11.129
6425,511490,3,-0.02,0.0,-0.02,0.0,2026-05-06 16:04:11.129
6426,511595,1,-0.0,0.0,-0.0,0.0,2026-05-06 16:04:11.129
6427,511654,2,0.01,0.0,0.01,0.0,2026-05-06 16:04:11.129
6428,511711,3,-0.02,0.0,-0.01,0.0,2026-05-06 16:04:11.129
6429,511876,1,-0.0,0.0,-0.0,0.0,2026-05-06 16:04:11.129
6430,511935,2,0.01,0.0,0.01,0.0,2026-05-06 16:04:11.129
6431,511992,3,-0.02,0.0,-0.01,0.0,2026-05-06 16:04:11.129
6432,512097,1,-0.0,0.0,-0.0,0.0,2026-05-06 16:04:11.129
6433,512156,2,0.01,0.0,0.01,0.0,2026-05-06 16:04:11.129
6434,512213,3,-0.02,0.0,-0.01,0.0,2026-05-06 16:04:11.129
6435,512367,1,-0.0,0.0,-0.0,0.0,2026-05-06 16:04:11.129
6436,512426,2,0.01,0.0,0.01,0.0,2026-05-06 16:04:11.129
6437,512483,3,-0.02,0.0,-0.02,0.0,2026-05-06 16:04:11.129
6438,512588,1,-0.0,0.0,-0.0,0.0,2026-05-06 16:04:11.129
6439,512647,2,0.01,0.0,0.01,0.0,2026-05-06 16:04:11.129
6440,512704,3,-0.02,0.0,-0.02,0.0,2026-05-06 16:04:11.129
6441,512854,1,-0.0,0.0,-0.0,-0.0,2026-05-06 16:04:11.129
6442,512914,2,0.01,0.0,0.01,-0.0,2026-05-06 16:04:11.129
6443,512972,3,-0.02,0.0,-0.02,-0.0,2026-05-06 16:04:11.129
6444,513078,1,-0.0,0.0,-0.0,-0.0,2026-05-06 16:04:11.129
6445,513138,2,0.01,0.0,0.01,-0.0,2026-05-06 16:04:11.129
6446,513196,3,-0.02,0.0,-0.02,0.0,2026-05-06 16:04:11.129
6447,513265,1,-0.0,0.0,-0.0,0.0,2026-05-06 16:04:11.129
6448,513324,2,0.01,0.0,0.01,-0.0,2026-05-06 16:04:11.129
6449,513382,3,-0.02,0.0,-0.02,0.0,2026-05-06 16:04:11.129
6450,513487,1,-0.0,0.0,-0.0,0.0,2026-05-06 16:04:11.129
6451,513546,2,0.01,0.0,0.0,0.0,2026-05-06 16:04:11.129
6452,513603,3,-0.02,0.0,-0.01,0.0,2026-05-06 16:04:11.129
6453,513708,1,-0.0,0.0,-0.0,0.0,2026-05-06 16:04:11.129
6454,513812,1,-0.0,0.0,0.0,-0.0,2026-05-06 16:04:11.129
6455,513871,2,0.01,0.0,0.01,0.0,2026-05-06 16:04:11.129
6456,513928,3,-0.02,0.0,-0.02,0.0,2026-05-06 16:04:11.129
6457,514033,1,-0.0,0.0,-0.0,0.0,2026-05-06 16:04:11.129
6458,514092,2,0.01,0.0,0.01,0.0,2026-05-06 16:04:11.129
6459,514149,3,-0.02,0.0,-0.01,0.0,2026-05-06 16:04:11.129
6460,514299,1,-0.0,0.0,0.0,0.0,2026-05-06 16:04:11.129
6461,514417,3,-0.02,0.0,-0.01,0.0,2026-05-06 16:04:11.129
6462,514522,1,-0.0,0.0,-0.0,0.0,2026-05-06 16:04:11.129
6463,514581,2,0.01,0.0,0.01,0.0,2026-05-06 16:04:11.129
6464,514638,3,-0.02,0.0,-0.01,0.0,2026-05-06 16:04:11.129
6465,514788,1,-0.0,0.0,-0.0,-0.0,2026-05-06 16:04:11.129
6466,514848,2,0.01,0.0,0.01,0.0,2026-05-06 16:04:11.129
6467,514905,3,-0.02,0.0,-0.01,0.0,2026-05-06 16:04:11.129
6468,515010,1,-0.0,0.0,0.0,0.0,2026-05-06 16:04:11.129
6469,515068,2,0.01,0.0,0.01,-0.0,2026-05-06 16:04:11.129
6470,515126,3,-0.02,0.0,-0.02,0.0,2026-05-06 16:04:11.129
6471,515195,1,-0.0,0.0,-0.0,0.0,2026-05-06 16:04:11.129
6472,515254,2,0.01,0.0,0.01,0.0,2026-05-06 16:04:11.129
6473,515311,3,-0.02,0.0,-0.01,-0.0,2026-05-06 16:04:11.129
6474,515417,1,-0.0,0.0,-0.0,0.0,2026-05-06 16:04:11.129
6475,515476,2,0.01,0.0,0.01,0.0,2026-05-06 16:04:11.129
6476,515533,3,-0.02,0.0,-0.02,0.0,2026-05-06 16:04:11.129
6477,515638,1,-0.0,0.0,-0.0,0.0,2026-05-06 16:04:11.129
6478,515744,1,-0.0,0.0,-0.0,0.0,2026-05-06 16:04:11.129
6479,515803,2,0.01,0.0,0.0,0.0,2026-05-06 16:04:11.129
6480,515860,3,-0.02,0.0,-0.02,0.0,2026-05-06 16:04:11.129
6481,515965,1,-0.0,0.0,-0.0,0.0,2026-05-06 16:04:11.129
6482,516024,2,0.01,0.0,0.01,0.0,2026-05-06 16:04:11.129
6483,516081,3,-0.02,0.0,-0.01,-0.0,2026-05-06 16:04:11.129
6484,516203,1,-0.0,0.0,0.0,0.0,2026-05-06 16:04:11.129
6485,516261,2,0.01,0.0,0.01,-0.0,2026-05-06 16:04:11.129
6486,516319,3,-0.02,0.0,-0.01,0.0,2026-05-06 16:04:11.129
6487,516424,1,-0.0,0.0,-0.0,0.0,2026-05-06 16:04:11.129
6488,516483,2,0.01,0.0,0.01,0.0,2026-05-06 16:04:11.129
6489,516540,3,-0.02,0.0,-0.03,-0.0,2026-05-06 16:04:11.129
6490,516692,1,-0.0,0.0,-0.0,0.0,2026-05-06 16:04:11.334
6491,516751,2,0.01,0.0,0.01,0.0,2026-05-06 16:04:11.334
6492,516808,3,-0.02,0.0,-0.02,-0.0,2026-05-06 16:04:11.334
6493,516914,1,-0.0,0.0,-0.0,0.0,2026-05-06 16:04:11.334
6494,516973,2,0.01,0.0,0.01,0.0,2026-05-06 16:04:11.334
6495,517030,3,-0.02,0.0,-0.01,-0.0,2026-05-06 16:04:11.334
6496,517100,1,-0.0,0.0,-0.0,0.0,2026-05-06 16:04:11.334
6497,517159,2,0.01,0.0,0.01,0.0,2026-05-06 16:04:11.334
6498,517216,3,-0.02,0.0,-0.01,-0.0,2026-05-06 16:04:11.334
6499,517322,1,-0.0,0.0,-0.0,0.0,2026-05-06 16:04:11.334
6500,517381,2,0.01,0.0,0.0,0.0,2026-05-06 16:04:11.334
6501,517438,3,-0.02,0.0,-0.01,0.0,2026-05-06 16:04:11.334
6502,517543,1,-0.0,0.0,-0.0,-0.0,2026-05-06 16:04:11.334
6503,517650,1,-0.0,0.0,-0.0,0.0,2026-05-06 16:04:11.334
6504,517709,2,0.01,0.0,0.01,0.0,2026-05-06 16:04:11.334
6505,517766,3,-0.02,0.0,-0.01,0.0,2026-05-06 16:04:11.334
6506,517871,1,-0.0,0.0,-0.0,0.0,2026-05-06 16:04:11.334
6507,517930,2,0.01,0.0,0.01,0.0,2026-05-06 16:04:11.334
6508,517987,3,-0.02,0.0,-0.01,0.0,2026-05-06 16:04:11.334
6509,518108,1,-0.0,0.0,-0.0,0.0,2026-05-06 16:04:11.334
6510,518167,2,0.01,0.0,0.01,-0.0,2026-05-06 16:04:11.334
6511,518225,3,-0.02,0.0,-0.02,-0.0,2026-05-06 16:04:11.334
6512,518331,1,-0.0,0.0,-0.0,-0.0,2026-05-06 16:04:11.334
6513,518391,2,0.01,0.0,0.01,-0.0,2026-05-06 16:04:11.334
6514,518449,3,-0.02,0.0,-0.01,0.0,2026-05-06 16:04:11.334
6515,518599,1,-0.0,0.0,-0.0,0.0,2026-05-06 16:04:11.334
6516,518658,2,0.01,0.0,0.01,0.0,2026-05-06 16:04:11.334
6517,518715,3,-0.02,0.0,-0.01,-0.0,2026-05-06 16:04:12.024
6518,518821,1,-0.0,0.0,-0.0,0.0,2026-05-06 16:04:12.024
6519,518880,2,0.01,0.0,0.01,-0.0,2026-05-06 16:04:12.024
6520,518938,3,-0.02,0.0,-0.02,0.0,2026-05-06 16:04:12.024
6521,519062,1,-90.0,0.0,-0.0,0.0,2026-05-06 16:04:12.024
6522,519122,2,90.0,0.0,0.01,-0.0,2026-05-06 16:04:12.024
6523,519181,3,-90.0,0.0,-0.01,0.0,2026-05-06 16:04:12.024
6524,519288,1,-90.0,0.0,-0.0,0.0,2026-05-06 16:04:12.024
6525,519348,2,90.0,0.0,0.01,-0.0,2026-05-06 16:04:12.024
6526,519407,3,-90.0,0.0,-0.01,0.0,2026-05-06 16:04:12.024
6527,519528,1,-90.0,0.0,-2.86,-0.001,2026-05-06 16:04:12.024
6528,519589,2,90.0,0.0,2.69,0.003,2026-05-06 16:04:12.024
6529,519647,3,-90.0,0.0,-2.65,-0.0,2026-05-06 16:04:12.024
6530,519755,1,-90.0,0.0,-2.86,-0.001,2026-05-06 16:04:12.024
6531,519816,2,90.0,0.0,2.69,0.003,2026-05-06 16:04:12.024
6532,519874,3,-90.0,0.0,-2.65,-0.0,2026-05-06 16:04:12.024
6533,519996,1,-90.0,0.0,-7.17,-0.001,2026-05-06 16:04:12.024
6534,520057,2,90.0,0.0,7.07,0.006,2026-05-06 16:04:12.024
6535,520115,3,-90.0,0.0,-6.8,0.0,2026-05-06 16:04:12.024
6536,520222,1,-90.0,0.0,-10.08,-0.002,2026-05-06 16:04:12.024
6537,520284,2,90.0,0.0,9.84,0.007,2026-05-06 16:04:12.024
6538,520342,3,-90.0,0.0,-9.72,0.0,2026-05-06 16:04:12.024
6539,520415,1,-90.0,0.0,-17.17,-0.003,2026-05-06 16:04:12.024
6540,520477,2,90.0,0.0,17.01,0.01,2026-05-06 16:04:12.024
6541,520536,3,-90.0,0.0,-16.67,0.0,2026-05-06 16:04:12.024
6542,520644,1,-90.0,0.0,-20.57,-0.004,2026-05-06 16:04:12.024
6543,520706,2,90.0,0.0,20.24,0.01,2026-05-06 16:04:12.024
6544,520765,3,-90.0,0.0,-20.03,-0.0,2026-05-06 16:04:12.024
6545,520934,1,-90.0,0.0,-33.57,-0.004,2026-05-06 16:04:12.024
6546,520996,2,90.0,0.0,33.29,0.013,2026-05-06 16:04:12.024
6547,521055,3,-90.0,0.0,-32.87,0.0,2026-05-06 16:04:12.024
6548,521163,1,-90.0,0.0,-36.25,-0.004,2026-05-06 16:04:12.024
6549,521225,2,90.0,0.0,35.88,0.013,2026-05-06 16:04:12.024
6550,521284,3,-90.0,0.0,-35.52,-0.0,2026-05-06 16:04:12.024
6551,521404,1,-90.0,0.0,-51.05,-0.006,2026-05-06 16:04:12.024
6552,521466,2,90.0,0.0,50.69,0.014,2026-05-06 16:04:12.024
6553,521525,3,-90.0,0.0,-50.23,-0.0,2026-05-06 16:04:12.024
6554,521634,1,-90.0,0.0,-55.73,-0.005,2026-05-06 16:04:12.024
6555,521696,2,90.0,0.0,55.34,0.014,2026-05-06 16:04:12.024
6556,521755,3,-90.0,0.0,-55.06,0.0,2026-05-06 16:04:12.024
6557,521877,1,-90.0,0.0,-67.57,-0.003,2026-05-06 16:04:12.024
6558,522001,3,-90.0,0.0,-66.9,0.0,2026-05-06 16:04:12.024
6559,522109,1,-90.0,0.0,-69.46,-0.003,2026-05-06 16:04:12.024
6560,522171,2,90.0,0.0,69.23,0.01,2026-05-06 16:04:12.024
6561,522230,3,-90.0,0.0,-68.85,0.0,2026-05-06 16:04:12.024
6562,522349,1,-90.0,0.0,-77.28,-0.001,2026-05-06 16:04:12.024
6563,522411,2,90.0,0.0,77.07,0.005,2026-05-06 16:04:12.024
6564,522470,3,-90.0,0.0,-76.58,-0.0,2026-05-06 16:04:12.024
6565,522579,1,-90.0,0.0,-79.33,-0.001,2026-05-06 16:04:12.024
6566,522641,2,90.0,0.0,79.19,0.005,2026-05-06 16:04:12.024
6567,522700,3,-90.0,0.0,-78.83,-0.0,2026-05-06 16:04:12.024
6568,522821,1,-90.0,0.0,-86.71,-0.001,2026-05-06 16:04:12.024
6569,522883,2,90.0,0.0,86.63,0.002,2026-05-06 16:04:12.024
6570,522942,3,-90.0,0.0,-86.38,0.0,2026-05-06 16:04:12.024
6571,523050,1,-90.0,0.0,-86.71,-0.001,2026-05-06 16:04:12.024
6572,523112,2,90.0,0.0,86.63,0.002,2026-05-06 16:04:12.024
6573,523171,3,-90.0,0.0,-86.38,0.0,2026-05-06 16:04:12.024
6574,523291,1,-90.0,0.1,-89.58,-0.001,2026-05-06 16:04:12.024
6575,523353,2,90.0,-0.1,89.5,0.0,2026-05-06 16:04:12.024
6576,523413,3,-90.0,0.1,-89.42,0.001,2026-05-06 16:04:12.024
6577,523521,1,-90.0,0.1,-89.71,-0.001,2026-05-06 16:04:12.024
6578,523583,2,90.0,-0.1,89.65,0.001,2026-05-06 16:04:12.024
6579,523643,3,-90.0,0.1,-89.56,0.0,2026-05-06 16:04:12.024
6580,523762,1,-90.0,0.1,-90.1,0.047,2026-05-06 16:04:12.024
6581,523823,2,90.0,-0.1,90.17,-0.05,2026-05-06 16:04:12.024
6582,523884,3,-90.0,0.1,-90.16,0.035,2026-05-06 16:04:12.024
6583,523992,1,-90.0,0.1,-90.1,0.05,2026-05-06 16:04:12.024
6584,524053,2,90.0,-0.1,90.18,-0.054,2026-05-06 16:04:12.024
6585,524114,3,-90.0,0.1,-90.15,0.035,2026-05-06 16:04:12.024
6586,524233,1,-90.0,0.1,-90.08,0.074,2026-05-06 16:04:12.024
6587,524294,2,90.0,-0.1,90.13,-0.073,2026-05-06 16:04:12.024
6588,524355,3,-90.0,0.1,-90.09,0.081,2026-05-06 16:04:12.024
6589,524463,1,-90.0,0.1,-90.08,0.076,2026-05-06 16:04:12.024
6590,524524,2,90.0,-0.1,90.13,-0.074,2026-05-06 16:04:12.024
6591,524585,3,-90.0,0.1,-90.09,0.081,2026-05-06 16:04:12.024
6592,524656,3,-90.0,0.1,-90.08,0.081,2026-05-06 16:04:12.024
6593,524764,1,-90.0,0.1,-90.07,0.078,2026-05-06 16:04:12.024
6594,524825,2,90.0,-0.1,90.04,-0.079,2026-05-06 16:04:12.024
6595,524886,3,-90.0,0.1,-90.08,0.08,2026-05-06 16:04:12.024
6596,524994,1,-90.0,0.1,-90.07,0.081,2026-05-06 16:04:12.024
6597,525055,2,90.0,-0.1,90.03,-0.08,2026-05-06 16:04:12.024
6598,525128,3,-90.0,0.1,-90.03,0.094,2026-05-06 16:04:12.024
6599,525236,1,-90.0,0.1,-90.05,0.099,2026-05-06 16:04:12.024
6600,525297,2,90.0,-0.1,90.01,-0.097,2026-05-06 16:04:12.024
6601,525358,3,-90.0,0.1,-90.02,0.094,2026-05-06 16:04:12.024
6602,525466,1,-90.0,0.1,-90.04,0.102,2026-05-06 16:04:12.024
6603,525527,2,90.0,-0.1,90.0,-0.098,2026-05-06 16:04:12.024
6604,525647,1,-90.0,0.1,-90.02,0.117,2026-05-06 16:04:12.024
6605,525708,2,90.0,-0.1,90.0,-0.116,2026-05-06 16:04:12.024
6606,525769,3,-90.0,0.1,-90.0,0.102,2026-05-06 16:04:12.024
6607,525877,1,-90.0,0.1,-90.02,0.118,2026-05-06 16:04:12.024
6608,525938,2,90.0,-0.1,90.0,-0.119,2026-05-06 16:04:12.024
6609,525999,3,-90.0,0.1,-90.0,0.105,2026-05-06 16:04:12.024
6610,526118,1,-90.0,0.1,-90.0,0.111,2026-05-06 16:04:12.024
6611,526179,2,90.0,-0.1,90.0,-0.11,2026-05-06 16:04:12.024
6612,526240,3,-90.0,0.1,-90.0,0.112,2026-05-06 16:04:12.024
6613,526348,1,-90.0,0.1,-90.0,0.111,2026-05-06 16:04:12.024
6614,526409,2,90.0,-0.1,90.0,-0.11,2026-05-06 16:04:12.024
6615,526470,3,-90.0,0.1,-90.0,0.112,2026-05-06 16:04:12.024
6616,526589,1,-90.0,0.1,-90.0,0.103,2026-05-06 16:04:12.024
6617,526650,2,90.0,-0.1,89.99,-0.103,2026-05-06 16:04:12.024
6618,526711,3,-90.0,0.1,-90.0,0.11,2026-05-06 16:04:12.370
6619,526819,1,-90.0,0.1,-90.0,0.102,2026-05-06 16:04:12.370
6620,526880,2,90.0,-0.1,90.0,-0.103,2026-05-06 16:04:12.370
6621,526941,3,-90.0,0.1,-90.0,0.109,2026-05-06 16:04:12.370
6622,527060,1,-90.0,0.1,-90.01,0.099,2026-05-06 16:04:12.370
6623,527121,2,90.0,-0.1,89.99,-0.1,2026-05-06 16:04:12.370
6624,527182,3,-90.0,0.1,-90.0,0.097,2026-05-06 16:04:12.370
6625,527290,1,-90.0,0.1,-90.01,0.099,2026-05-06 16:04:12.370
6626,527351,2,90.0,-0.1,89.99,-0.1,2026-05-06 16:04:12.370
6627,527412,3,-90.0,0.1,-90.0,0.097,2026-05-06 16:04:12.370
6628,527531,1,-90.0,0.1,-90.0,0.098,2026-05-06 16:04:12.370
6629,527592,2,90.0,-0.1,90.0,-0.098,2026-05-06 16:04:12.370
6630,527653,3,-90.0,0.1,-90.0,0.093,2026-05-06 16:04:12.370
6631,527761,1,-90.0,0.1,-90.0,0.098,2026-05-06 16:04:12.370
6632,527822,2,90.0,-0.1,90.0,-0.098,2026-05-06 16:04:12.370
6633,527883,3,-90.0,0.1,-90.0,0.093,2026-05-06 16:04:12.370
6634,527955,1,-90.0,0.1,-90.0,0.099,2026-05-06 16:04:12.370
6635,528016,2,90.0,-0.1,90.0,-0.1,2026-05-06 16:04:12.370
6636,528077,3,-90.0,0.1,-90.0,0.097,2026-05-06 16:04:12.370
6637,528185,1,-90.0,0.1,-90.0,0.1,2026-05-06 16:04:12.370
6638,528246,2,90.0,-0.1,90.0,-0.1,2026-05-06 16:04:12.370
6639,528307,3,-90.0,0.1,-90.0,0.1,2026-05-06 16:04:12.370
6640,528425,2,90.0,-0.1,90.0,-0.105,2026-05-06 16:04:12.370
6641,528486,3,-90.0,0.1,-89.99,0.104,2026-05-06 16:04:12.370
6642,528594,1,-90.0,0.1,-89.99,0.104,2026-05-06 16:04:12.370
6643,528655,2,90.0,-0.1,90.0,-0.104,2026-05-06 16:04:12.370
6644,528716,3,-90.0,0.1,-89.99,0.104,2026-05-06 16:04:12.370
6645,528824,1,-90.0,0.1,-89.99,0.105,2026-05-06 16:04:12.370
6646,528945,1,-90.0,0.1,-90.0,0.104,2026-05-06 16:04:12.370
6647,529006,2,90.0,-0.1,90.0,-0.104,2026-05-06 16:04:12.370
6648,529067,3,-90.0,0.1,-90.0,0.103,2026-05-06 16:04:12.370
6649,529175,1,-90.0,0.1,-90.0,0.104,2026-05-06 16:04:12.370
6650,529236,2,90.0,-0.1,90.0,-0.104,2026-05-06 16:04:12.370
6651,529297,3,-90.0,0.1,-90.0,0.103,2026-05-06 16:04:12.370
6652,529416,1,-90.0,0.1,-90.0,0.1,2026-05-06 16:04:12.370
6653,529541,3,-90.0,0.1,-90.0,0.099,2026-05-06 16:04:12.370
6654,529649,1,-90.0,0.1,-90.0,0.1,2026-05-06 16:04:12.370
6655,529710,2,90.0,-0.1,90.0,-0.101,2026-05-06 16:04:12.370
6656,529771,3,-90.0,0.1,-90.0,0.099,2026-05-06 16:04:12.370
6657,529890,1,-90.0,0.1,-90.0,0.099,2026-05-06 16:04:12.370
6658,529951,2,90.0,-0.1,90.0,-0.1,2026-05-06 16:04:12.370
6659,530012,3,-90.0,0.1,-90.01,0.097,2026-05-06 16:04:12.370
6660,530120,1,-90.0,0.1,-90.0,0.099,2026-05-06 16:04:12.370
6661,530181,2,90.0,-0.1,90.0,-0.097,2026-05-06 16:04:12.370
6662,530242,3,-90.0,0.1,-90.0,0.097,2026-05-06 16:04:13.051
6663,530313,2,90.0,-0.1,90.0,-0.1,2026-05-06 16:04:13.051
6664,530374,3,-90.0,0.1,-90.0,0.098,2026-05-06 16:04:13.051
6665,530482,1,-90.0,0.1,-90.0,0.101,2026-05-06 16:04:13.051
6666,530543,2,90.0,-0.1,90.0,-0.1,2026-05-06 16:04:13.051
6667,530715,1,-90.0,0.1,-90.0,0.101,2026-05-06 16:04:13.051
6668,530835,1,-90.0,0.1,-90.0,0.101,2026-05-06 16:04:13.051
6669,530896,2,90.0,-0.1,90.0,-0.1,2026-05-06 16:04:13.051
6670,530957,3,-90.0,0.1,-89.99,0.101,2026-05-06 16:04:13.051
6671,531065,1,-90.0,0.1,-90.0,0.102,2026-05-06 16:04:13.051
6672,531126,2,90.0,-0.1,90.0,-0.101,2026-05-06 16:04:13.051
6673,531187,3,-90.0,0.1,-89.99,0.101,2026-05-06 16:04:13.051
6674,531306,1,-90.0,0.1,-90.0,0.103,2026-05-06 16:04:13.051
6675,531367,2,90.0,-0.1,90.0,-0.102,2026-05-06 16:04:13.051
6676,531428,3,-90.0,0.1,-90.0,0.102,2026-05-06 16:04:13.051
6677,531536,1,-90.0,0.1,-90.0,0.102,2026-05-06 16:04:13.051
6678,531597,2,90.0,-0.1,90.0,-0.102,2026-05-06 16:04:13.051
6679,531658,3,-90.0,0.1,-90.0,0.101,2026-05-06 16:04:13.051
6680,531777,1,-90.0,0.1,-90.0,0.101,2026-05-06 16:04:13.051
6681,531838,2,90.0,-0.1,90.0,-0.102,2026-05-06 16:04:13.051
6682,531899,3,-90.0,0.1,-90.0,0.099,2026-05-06 16:04:13.051
6683,532007,1,-90.0,0.1,-90.0,0.101,2026-05-06 16:04:13.051
6684,532068,2,90.0,-0.1,90.0,-0.102,2026-05-06 16:04:13.051
6685,532129,3,-90.0,0.1,-90.0,0.099,2026-05-06 16:04:13.051
6686,532248,1,-90.0,0.1,-90.0,0.1,2026-05-06 16:04:13.051
6687,532309,2,90.0,-0.1,90.0,-0.101,2026-05-06 16:04:13.051
6688,532370,3,-90.0,0.1,-90.0,0.098,2026-05-06 16:04:13.051
6689,532478,1,-90.0,0.1,-90.0,0.1,2026-05-06 16:04:13.051
6690,532539,2,90.0,-0.1,90.0,-0.101,2026-05-06 16:04:13.051
6691,532600,3,-90.0,0.1,-90.0,0.098,2026-05-06 16:04:13.051
6692,532671,3,-90.0,0.1,-90.0,0.099,2026-05-06 16:04:13.051
6693,532779,1,-90.0,0.1,-90.0,0.101,2026-05-06 16:04:13.051
6694,532840,2,90.0,-0.1,90.0,-0.1,2026-05-06 16:04:13.051
6695,532901,3,-90.0,0.1,-89.99,0.1,2026-05-06 16:04:13.051
6696,533009,1,-90.0,0.1,-90.0,0.1,2026-05-06 16:04:13.051
6697,533070,2,90.0,-0.1,90.0,-0.1,2026-05-06 16:04:13.051
6698,533143,2,90.0,-0.1,90.0,-0.1,2026-05-06 16:04:13.051
6699,533204,3,-90.0,0.1,-90.0,0.1,2026-05-06 16:04:13.051
6700,533312,1,-90.0,0.1,-90.0,0.101,2026-05-06 16:04:13.051
6701,533373,2,90.0,-0.1,90.0,-0.1,2026-05-06 16:04:13.051
6702,533434,3,-90.0,0.1,-90.0,0.1,2026-05-06 16:04:13.051
6703,533542,1,-90.0,0.1,-90.0,0.101,2026-05-06 16:04:13.051
6704,533662,1,-90.0,0.1,-90.0,0.101,2026-05-06 16:04:13.051
6705,533723,2,90.0,-0.1,90.0,-0.101,2026-05-06 16:04:13.051
6706,533784,3,-90.0,0.1,-90.0,0.101,2026-05-06 16:04:13.051
6707,533892,1,-90.0,0.1,-90.0,0.101,2026-05-06 16:04:13.051
6708,533953,2,90.0,-0.1,90.0,-0.101,2026-05-06 16:04:13.051
6709,534014,3,-90.0,0.1,-90.0,0.1,2026-05-06 16:04:13.051
6710,534133,1,-90.0,0.1,-90.0,0.101,2026-05-06 16:04:13.051
6711,534194,2,90.0,-0.1,90.0,-0.101,2026-05-06 16:04:13.051
6712,534255,3,-90.0,0.1,-90.0,0.099,2026-05-06 16:04:13.051
6713,534363,1,-90.0,0.1,-90.0,0.101,2026-05-06 16:04:13.051
6714,534424,2,90.0,-0.1,90.0,-0.1,2026-05-06 16:04:13.051
6715,534485,3,-90.0,0.1,-90.0,0.099,2026-05-06 16:04:13.051
6716,534604,1,-90.0,0.1,-90.0,0.101,2026-05-06 16:04:13.051
6717,534665,2,90.0,-0.1,90.0,-0.102,2026-05-06 16:04:13.051
6718,534726,3,-90.0,0.1,-90.0,0.098,2026-05-06 16:04:13.051
6719,534834,1,-90.0,0.1,-90.0,0.101,2026-05-06 16:04:13.051
6720,534895,2,90.0,-0.1,90.0,-0.102,2026-05-06 16:04:13.051
6721,534956,3,-90.0,0.1,-90.0,0.098,2026-05-06 16:04:13.051
6722,535027,3,-90.0,0.098,-89.99,0.099,2026-05-06 16:04:13.051
6723,535135,1,-90.0,0.098,-90.0,0.101,2026-05-06 16:04:13.051
6724,535196,2,90.0,-0.098,90.0,-0.1,2026-05-06 16:04:13.051
6725,535257,3,-90.0,0.098,-90.0,0.1,2026-05-06 16:04:13.051
6726,535365,1,-90.0,0.097,-90.0,0.101,2026-05-06 16:04:13.051
6727,535426,2,90.0,-0.097,90.0,-0.1,2026-05-06 16:04:13.051
6728,535547,1,-90.0,0.071,-90.0,0.098,2026-05-06 16:04:13.051
6729,535608,2,90.0,-0.071,90.0,-0.098,2026-05-06 16:04:13.051
6730,535669,3,-90.0,0.071,-90.0,0.098,2026-05-06 16:04:13.051
6731,535777,1,-90.0,0.071,-90.0,0.098,2026-05-06 16:04:13.051
6732,535838,2,90.0,-0.071,90.0,-0.099,2026-05-06 16:04:13.051
6733,535899,3,-90.0,0.071,-90.0,0.099,2026-05-06 16:04:13.051
6734,536018,1,-90.0,0.011,-90.0,0.09,2026-05-06 16:04:13.051
6735,536079,2,90.0,-0.011,90.0,-0.09,2026-05-06 16:04:13.051
6736,536140,3,-90.0,0.011,-90.0,0.092,2026-05-06 16:04:13.051
6737,536248,1,-90.0,0.007,-90.0,0.09,2026-05-06 16:04:13.051
6738,536309,2,90.0,-0.007,90.0,-0.09,2026-05-06 16:04:13.051
6739,536370,3,-90.0,0.007,-90.0,0.092,2026-05-06 16:04:13.051
6740,536488,1,-0.0,0.0,-90.0,0.044,2026-05-06 16:04:13.051
6741,536548,2,0.01,0.0,90.0,-0.045,2026-05-06 16:04:13.051
6742,536607,3,-0.02,0.0,-89.99,0.053,2026-05-06 16:04:13.051
6743,536713,1,-0.0,0.0,-90.0,0.04,2026-05-06 16:04:13.051
6744,536773,2,0.01,0.0,90.0,-0.041,2026-05-06 16:04:13.051
6745,536832,3,-0.02,0.0,-90.0,0.048,2026-05-06 16:04:13.051
6746,536975,1,-0.0,0.0,-89.99,0.023,2026-05-06 16:04:13.051
6747,537035,2,0.01,0.0,90.0,-0.025,2026-05-06 16:04:13.051
6748,537094,3,-0.02,0.0,-89.99,0.022,2026-05-06 16:04:13.051
6749,537200,1,-0.0,0.0,-89.99,0.021,2026-05-06 16:04:13.051
6750,537260,2,0.01,0.0,90.0,-0.022,2026-05-06 16:04:13.051
6751,537319,3,-0.02,0.0,-89.99,0.02,2026-05-06 16:04:13.051
6752,537440,1,-0.0,0.0,-89.43,0.011,2026-05-06 16:04:13.051
6753,537500,2,0.01,0.0,89.58,-0.014,2026-05-06 16:04:13.051
6754,537559,3,-0.02,0.0,-89.56,0.01,2026-05-06 16:04:13.051
6755,537665,1,-0.0,0.0,-87.4,0.005,2026-05-06 16:04:13.051
6756,537725,2,0.01,0.0,87.83,-0.008,2026-05-06 16:04:13.051
6757,537784,3,-0.02,0.0,-87.94,0.009,2026-05-06 16:04:13.051
6758,537905,1,-0.0,0.0,-83.79,-0.001,2026-05-06 16:04:13.051
6759,537966,2,0.01,0.0,83.79,0.0,2026-05-06 16:04:13.051
6760,538024,3,-0.02,0.0,-84.37,0.007,2026-05-06 16:04:13.051
6761,538194,2,0.01,0.0,81.85,0.004,2026-05-06 16:04:13.051
6762,538252,3,-0.02,0.0,-82.42,-0.0,2026-05-06 16:04:13.051
6763,538374,1,-0.0,0.0,-72.05,-0.018,2026-05-06 16:04:13.777
6764,538435,2,0.01,0.0,72.34,0.011,2026-05-06 16:04:13.777
6765,538493,3,-0.02,0.0,-73.01,0.0,2026-05-06 16:04:13.777
6766,538599,1,-0.0,0.0,-69.17,-0.019,2026-05-06 16:04:13.777
6767,538660,2,0.01,0.0,69.64,0.011,2026-05-06 16:04:13.777
6768,538718,3,-0.02,0.0,-70.29,-0.0,2026-05-06 16:04:13.777
6769,538833,1,-0.0,0.0,-59.93,-0.018,2026-05-06 16:04:13.777
6770,538894,2,0.01,0.0,60.7,0.007,2026-05-06 16:04:13.777
6771,538952,3,-0.02,0.0,-61.01,-0.0,2026-05-06 16:04:13.777
6772,539059,1,-0.0,0.0,-59.58,-0.015,2026-05-06 16:04:13.777
6773,539120,2,0.01,0.0,56.34,0.003,2026-05-06 16:04:13.777
6774,539178,3,-0.02,0.0,-61.01,0.0,2026-05-06 16:04:13.777
6775,539332,1,-0.0,0.0,-43.52,-0.009,2026-05-06 16:04:13.777
6776,539393,2,0.01,0.0,44.58,-0.001,2026-05-06 16:04:13.777
6777,539452,3,-0.02,0.0,-45.32,0.004,2026-05-06 16:04:13.777
6778,539558,1,-0.0,0.0,-35.28,-0.004,2026-05-06 16:04:13.777
6779,539619,2,0.01,0.0,36.06,-0.004,2026-05-06 16:04:13.777
6780,539678,3,-0.02,0.0,-36.84,0.006,2026-05-06 16:04:13.777
6781,539750,2,0.01,0.0,29.09,-0.003,2026-05-06 16:04:13.777
6782,539809,3,-0.02,0.0,-29.93,0.008,2026-05-06 16:04:13.777
6783,539915,1,-0.0,0.0,-25.36,-0.001,2026-05-06 16:04:13.777
6784,539976,2,0.01,0.0,26.17,-0.002,2026-05-06 16:04:13.777
6785,540035,3,-0.02,0.0,-26.75,0.011,2026-05-06 16:04:13.777
6786,540141,1,-0.0,0.0,-19.34,-0.0,2026-05-06 16:04:13.777
6787,540260,1,-0.0,0.0,-14.34,0.0,2026-05-06 16:04:13.777
6788,540320,2,0.01,0.0,14.76,0.001,2026-05-06 16:04:13.777
6789,540378,3,-0.02,0.0,-15.21,0.007,2026-05-06 16:04:13.777
6790,540484,1,-0.0,0.0,-11.34,0.0,2026-05-06 16:04:13.777
6791,540544,2,0.01,0.0,11.85,0.001,2026-05-06 16:04:13.777
6792,540602,3,-0.02,0.0,-12.28,0.009,2026-05-06 16:04:13.777
6793,540755,1,-0.0,0.0,-5.38,0.001,2026-05-06 16:04:13.777
6794,540814,2,0.01,0.0,5.26,0.002,2026-05-06 16:04:13.777
6795,540871,3,-0.02,0.0,-5.6,0.007,2026-05-06 16:04:13.777
6796,540976,1,-0.0,0.0,-3.94,0.001,2026-05-06 16:04:13.777
6797,541035,2,0.01,0.0,4.19,0.001,2026-05-06 16:04:13.777
6798,541092,3,-0.02,0.0,-4.44,0.006,2026-05-06 16:04:13.777
6799,541216,1,-50.77,0.0,-1.22,0.001,2026-05-06 16:04:13.777
6800,541276,2,50.77,0.0,1.27,0.001,2026-05-06 16:04:13.777
6801,541334,3,-90.0,0.0,-1.51,0.006,2026-05-06 16:04:13.777
6802,541504,2,50.77,0.0,1.27,0.001,2026-05-06 16:04:13.777
6803,541562,3,-90.0,0.0,-1.51,0.006,2026-05-06 16:04:13.777
6804,541684,1,-50.77,0.0,0.08,0.001,2026-05-06 16:04:13.777
6805,541743,2,50.77,0.0,-0.03,0.002,2026-05-06 16:04:13.777
6806,541802,3,90.0,0.0,0.07,0.003,2026-05-06 16:04:13.777
6807,541907,1,-50.77,0.0,0.08,0.001,2026-05-06 16:04:13.777
6808,541966,2,50.77,0.0,-0.03,0.002,2026-05-06 16:04:13.777
6809,542025,3,90.0,0.0,0.07,0.003,2026-05-06 16:04:13.777
6810,542147,1,-50.77,0.0,-2.09,0.001,2026-05-06 16:04:13.777
6811,542207,2,50.77,0.0,1.92,0.002,2026-05-06 16:04:13.777
6812,542265,3,-90.0,0.0,-0.98,0.0,2026-05-06 16:04:13.777
6813,542449,1,-50.77,0.0,-3.54,0.002,2026-05-06 16:04:13.777
6814,542509,2,50.77,0.0,3.34,0.002,2026-05-06 16:04:13.777
6815,542621,1,-50.77,0.0,-8.6,0.002,2026-05-06 16:04:13.777
6816,542681,2,50.77,0.0,8.16,0.005,2026-05-06 16:04:13.777
6817,542739,3,90.0,0.0,0.29,-0.0,2026-05-06 16:04:13.777
6818,542889,1,-50.77,0.0,-11.16,0.002,2026-05-06 16:04:13.777
6819,542950,2,50.77,0.0,10.54,0.004,2026-05-06 16:04:13.777
6820,543105,1,-50.77,0.0,-20.24,0.002,2026-05-06 16:04:13.777
6821,543166,2,50.77,0.0,19.59,0.005,2026-05-06 16:04:13.777
6822,543225,3,-90.0,0.0,-2.04,-0.002,2026-05-06 16:04:13.777
6823,543333,1,-50.77,0.0,-20.24,0.002,2026-05-06 16:04:13.777
6824,543394,2,50.77,0.0,19.59,0.005,2026-05-06 16:04:13.777
6825,543453,3,-90.0,0.0,-2.04,-0.002,2026-05-06 16:04:13.777
6826,543574,1,-50.77,0.0,-34.21,0.001,2026-05-06 16:04:13.777
6827,543635,2,50.77,0.0,33.76,0.008,2026-05-06 16:04:13.777
6828,543694,3,-90.0,0.0,-4.38,-0.004,2026-05-06 16:04:13.777
6829,543802,1,-50.77,0.0,-34.21,0.001,2026-05-06 16:04:13.777
6830,543863,2,50.77,0.0,33.76,0.008,2026-05-06 16:04:13.777
6831,543922,3,-90.0,0.0,-4.38,-0.004,2026-05-06 16:04:13.777
6832,543995,3,-90.0,0.0,-6.45,-0.001,2026-05-06 16:04:13.777
6833,544103,1,-50.77,0.0,-44.46,-0.0,2026-05-06 16:04:13.777
6834,544165,2,50.77,0.0,44.17,0.009,2026-05-06 16:04:13.777
6835,544224,3,-90.0,0.0,-7.93,-0.0,2026-05-06 16:04:13.777
6836,544332,1,-50.77,0.0,-44.46,-0.0,2026-05-06 16:04:13.777
6837,544394,2,50.77,0.0,44.17,0.009,2026-05-06 16:04:13.777
6838,544513,1,-50.77,0.0,-47.2,-0.0,2026-05-06 16:04:13.777
6839,544575,2,50.77,0.0,46.96,0.007,2026-05-06 16:04:13.777
6840,544634,3,-90.0,0.0,-10.98,0.0,2026-05-06 16:04:13.777
6841,544742,1,-50.77,0.0,-49.8,-0.0,2026-05-06 16:04:13.777
6842,544804,2,50.77,0.0,49.66,0.006,2026-05-06 16:04:13.777
6843,544863,3,-90.0,0.0,-15.85,0.0,2026-05-06 16:04:13.777
6844,544935,3,-90.0,0.0,-24.68,-0.0,2026-05-06 16:04:13.777
6845,545044,1,-50.77,0.0,-50.77,0.0,2026-05-06 16:04:13.777
6846,545105,2,50.77,0.0,50.71,0.005,2026-05-06 16:04:13.777
6847,545164,3,-90.0,0.0,-24.68,-0.0,2026-05-06 16:04:13.777
6848,545273,1,-50.77,0.0,-50.77,0.0,2026-05-06 16:04:13.777
6849,545334,2,50.77,0.0,50.71,0.005,2026-05-06 16:04:13.777
6850,545453,1,-50.77,0.0,-50.83,-0.0,2026-05-06 16:04:13.777
6851,545515,2,50.77,0.0,50.83,0.001,2026-05-06 16:04:13.777
6852,545574,3,-90.0,0.0,-36.59,-0.0,2026-05-06 16:04:13.777
6853,545683,1,-50.77,0.0,-50.83,-0.0,2026-05-06 16:04:13.777
6854,545745,2,50.77,0.0,50.83,0.001,2026-05-06 16:04:13.777
6855,545804,3,-90.0,0.0,-36.59,-0.0,2026-05-06 16:04:13.777
6856,545924,1,-50.77,0.0,-50.8,0.0,2026-05-06 16:04:13.777
6857,545985,2,50.77,0.0,50.82,0.001,2026-05-06 16:04:13.777
6858,546044,3,-90.0,0.0,-54.16,0.0,2026-05-06 16:04:13.777
6859,546152,1,-50.77,0.0,-50.79,0.0,2026-05-06 16:04:13.777
6860,546213,2,50.77,0.0,50.81,0.001,2026-05-06 16:04:13.777
6861,546272,3,-90.0,0.0,-59.04,0.0,2026-05-06 16:04:13.777
6862,546345,1,-50.77,0.0,-50.78,-0.002,2026-05-06 16:04:14.491
6863,546407,2,50.77,0.0,50.8,0.003,2026-05-06 16:04:14.491
6864,546466,3,-90.0,0.0,-70.75,-0.0,2026-05-06 16:04:14.491
6865,546575,1,-50.77,0.0,-50.78,-0.002,2026-05-06 16:04:14.491
6866,546637,2,50.77,0.0,50.8,0.003,2026-05-06 16:04:14.491
6867,546696,3,-90.0,0.0,-70.75,-0.0,2026-05-06 16:04:14.491
6868,546864,1,-50.77,0.0,-50.78,-0.001,2026-05-06 16:04:14.491
6869,546926,2,50.77,0.0,50.78,0.002,2026-05-06 16:04:14.491
6870,546985,3,-90.0,0.0,-81.71,0.0,2026-05-06 16:04:14.491
6871,547093,1,-50.77,0.0,-50.78,-0.001,2026-05-06 16:04:14.491
6872,547155,2,50.77,0.0,50.78,0.002,2026-05-06 16:04:14.491
6873,547214,3,-90.0,0.0,-81.71,0.0,2026-05-06 16:04:14.491
6874,547334,1,-50.77,0.0,-50.78,-0.001,2026-05-06 16:04:14.491
6875,547396,2,50.77,0.0,50.77,0.001,2026-05-06 16:04:14.491
6876,547455,3,-90.0,0.0,-85.26,0.0,2026-05-06 16:04:14.491
6877,547563,1,-50.77,0.0,-50.78,-0.001,2026-05-06 16:04:14.491
6878,547625,2,50.77,0.0,50.77,0.001,2026-05-06 16:04:14.491
6879,547684,3,-90.0,0.0,-85.26,0.0,2026-05-06 16:04:14.491
6880,547804,1,-50.77,0.063,-50.77,0.0,2026-05-06 16:04:14.491
6881,547865,2,50.77,-0.063,50.77,0.0,2026-05-06 16:04:14.491
6882,547925,3,-90.0,-0.049,-90.05,-0.0,2026-05-06 16:04:14.491
6883,548035,1,-50.77,0.063,-50.77,0.0,2026-05-06 16:04:14.491
6884,548096,2,50.77,-0.063,50.77,0.0,2026-05-06 16:04:14.491
6885,548156,3,-90.0,-0.049,-90.05,-0.0,2026-05-06 16:04:14.491
6886,548230,3,-90.0,-0.049,-90.07,-0.017,2026-05-06 16:04:14.491
6887,548340,1,-50.77,0.063,-50.77,0.032,2026-05-06 16:04:14.491
6888,548401,2,50.77,-0.063,50.75,-0.032,2026-05-06 16:04:14.491
6889,548462,3,-90.0,-0.049,-90.07,-0.017,2026-05-06 16:04:14.491
6890,548572,1,-50.77,0.063,-50.77,0.04,2026-05-06 16:04:14.491
6891,548633,2,50.77,-0.063,50.76,-0.04,2026-05-06 16:04:14.491
6892,548750,1,-50.77,0.063,-50.77,0.044,2026-05-06 16:04:14.491
6893,548811,2,50.77,-0.063,50.81,-0.042,2026-05-06 16:04:14.491
6894,548872,3,-90.0,-0.049,-90.03,-0.036,2026-05-06 16:04:14.491
6895,549046,2,50.77,-0.063,50.81,-0.042,2026-05-06 16:04:14.491
6896,549107,3,-90.0,-0.049,-90.03,-0.036,2026-05-06 16:04:14.491
6897,549227,1,-50.77,0.063,-50.78,0.058,2026-05-06 16:04:14.491
6898,549288,2,50.77,-0.063,50.86,-0.057,2026-05-06 16:04:14.491
6899,549349,3,-90.0,-0.049,-90.01,-0.052,2026-05-06 16:04:14.491
6900,549459,1,-50.77,0.063,-50.78,0.058,2026-05-06 16:04:14.491
6901,549520,2,50.77,-0.063,50.86,-0.057,2026-05-06 16:04:14.491
6902,549581,3,-90.0,-0.049,-90.01,-0.052,2026-05-06 16:04:14.491
6903,549700,1,-50.77,0.063,-50.8,0.064,2026-05-06 16:04:14.491
6904,549761,2,50.77,-0.063,50.88,-0.061,2026-05-06 16:04:14.491
6905,549822,3,-90.0,-0.049,-90.03,-0.049,2026-05-06 16:04:14.491
6906,549932,1,-50.77,0.063,-50.8,0.061,2026-05-06 16:04:14.491
6907,549993,2,50.77,-0.063,50.86,-0.06,2026-05-06 16:04:14.491
6908,550054,3,-90.0,-0.049,-90.03,-0.046,2026-05-06 16:04:14.491
6909,550174,1,-50.77,0.063,-50.79,0.065,2026-05-06 16:04:14.491
6910,550235,2,50.77,-0.063,50.84,-0.063,2026-05-06 16:04:14.491
6911,550296,3,-90.0,-0.049,-90.02,-0.042,2026-05-06 16:04:14.491
6912,550406,1,-50.77,0.063,-50.79,0.065,2026-05-06 16:04:14.491
6913,550467,2,50.77,-0.063,50.84,-0.063,2026-05-06 16:04:14.491
6914,550528,3,-90.0,-0.049,-90.02,-0.042,2026-05-06 16:04:14.491
6915,550647,1,-50.77,0.063,-50.78,0.066,2026-05-06 16:04:14.491
6916,550708,2,50.77,-0.063,50.81,-0.063,2026-05-06 16:04:14.491
6917,550769,3,-90.0,-0.049,-90.0,-0.05,2026-05-06 16:04:14.491
6918,550879,1,-50.77,0.063,-50.78,0.066,2026-05-06 16:04:14.491
6919,550940,2,50.77,-0.063,50.81,-0.063,2026-05-06 16:04:14.491
6920,551001,3,-90.0,-0.049,-90.0,-0.05,2026-05-06 16:04:14.491
6921,551121,1,-50.77,0.063,-50.78,0.062,2026-05-06 16:04:14.491
6922,551182,2,50.77,-0.063,50.78,-0.062,2026-05-06 16:04:14.491
6923,551243,3,-90.0,-0.049,-90.0,-0.051,2026-05-06 16:04:14.491
6924,551353,1,-50.77,0.063,-50.78,0.062,2026-05-06 16:04:14.491
6925,551414,2,50.77,-0.063,50.78,-0.062,2026-05-06 16:04:14.491
6926,551475,3,-90.0,-0.049,-90.0,-0.05,2026-05-06 16:04:14.491
6927,551594,1,-50.77,0.063,-50.77,0.062,2026-05-06 16:04:14.491
6928,551655,2,50.77,-0.063,50.76,-0.061,2026-05-06 16:04:14.491
6929,551716,3,-90.0,-0.049,-90.0,-0.048,2026-05-06 16:04:14.491
6930,551826,1,-50.77,0.063,-50.77,0.062,2026-05-06 16:04:14.491
6931,551887,2,50.77,-0.063,50.76,-0.061,2026-05-06 16:04:14.491
6932,551948,3,-90.0,-0.049,-90.0,-0.048,2026-05-06 16:04:14.491
6933,552068,1,-50.77,0.063,-50.77,0.06,2026-05-06 16:04:14.491
6934,552129,2,50.77,-0.063,50.76,-0.058,2026-05-06 16:04:14.491
6935,552190,3,-90.0,-0.049,-90.0,-0.048,2026-05-06 16:04:14.491
6936,552300,1,-50.77,0.063,-50.77,0.06,2026-05-06 16:04:14.491
6937,552361,2,50.77,-0.063,50.76,-0.058,2026-05-06 16:04:14.491
6938,552422,3,-90.0,-0.049,-90.0,-0.048,2026-05-06 16:04:14.491
6939,552541,1,-50.77,0.063,-50.77,0.061,2026-05-06 16:04:14.491
6940,552602,2,50.77,-0.063,50.76,-0.06,2026-05-06 16:04:14.491
6941,552663,3,-90.0,-0.049,-90.0,-0.046,2026-05-06 16:04:14.491
6942,552773,1,-50.77,0.063,-50.77,0.061,2026-05-06 16:04:14.491
6943,552834,2,50.77,-0.063,50.76,-0.06,2026-05-06 16:04:14.491
6944,552895,3,-90.0,-0.049,-90.0,-0.046,2026-05-06 16:04:14.491
6945,553015,1,-50.77,0.063,-50.77,0.064,2026-05-06 16:04:14.491
6946,553076,2,50.77,-0.063,50.76,-0.061,2026-05-06 16:04:14.491
6947,553137,3,-90.0,-0.049,-90.0,-0.048,2026-05-06 16:04:14.491
6948,553247,1,-50.77,0.063,-50.77,0.064,2026-05-06 16:04:14.491
6949,553308,2,50.77,-0.063,50.76,-0.061,2026-05-06 16:04:14.491
6950,553369,3,-90.0,-0.049,-90.0,-0.048,2026-05-06 16:04:14.491
6951,553488,1,-50.77,0.063,-50.77,0.063,2026-05-06 16:04:14.491
6952,553549,2,50.77,-0.063,50.77,-0.062,2026-05-06 16:04:14.491
6953,553610,3,-90.0,-0.049,-90.0,-0.048,2026-05-06 16:04:14.491
6954,553720,1,-50.77,0.063,-50.77,0.063,2026-05-06 16:04:14.491
6955,553781,2,50.77,-0.063,50.77,-0.062,2026-05-06 16:04:14.491
6956,553842,3,-90.0,-0.049,-90.0,-0.048,2026-05-06 16:04:14.491
6957,553962,1,-50.77,0.063,-50.77,0.063,2026-05-06 16:04:14.491
6958,554023,2,50.77,-0.063,50.77,-0.063,2026-05-06 16:04:14.491
6959,554084,3,-90.0,-0.049,-90.0,-0.049,2026-05-06 16:04:14.491
6960,554194,1,-50.77,0.063,-50.77,0.063,2026-05-06 16:04:14.491
6961,554255,2,50.77,-0.063,50.77,-0.062,2026-05-06 16:04:14.491
6962,554316,3,-90.0,-0.049,-90.0,-0.048,2026-05-06 16:04:14.491
6963,554435,1,-50.77,0.063,-50.77,0.062,2026-05-06 16:04:15.201
6964,554496,2,50.77,-0.063,50.77,-0.061,2026-05-06 16:04:15.201
6965,554557,3,-90.0,-0.049,-90.0,-0.049,2026-05-06 16:04:15.201
6966,554667,1,-50.77,0.063,-50.77,0.062,2026-05-06 16:04:15.201
6967,554728,2,50.77,-0.063,50.77,-0.061,2026-05-06 16:04:15.201
6968,554789,3,-90.0,-0.049,-90.0,-0.049,2026-05-06 16:04:15.201
6969,554909,1,-50.77,0.063,-50.77,0.062,2026-05-06 16:04:15.201
6970,554970,2,50.77,-0.063,50.77,-0.061,2026-05-06 16:04:15.201
6971,555031,3,-90.0,-0.049,-90.0,-0.048,2026-05-06 16:04:15.201
6972,555141,1,-50.77,0.063,-50.77,0.062,2026-05-06 16:04:15.201
6973,555202,2,50.77,-0.063,50.77,-0.061,2026-05-06 16:04:15.201
6974,555263,3,-90.0,-0.049,-90.0,-0.048,2026-05-06 16:04:15.201
6975,555382,1,-50.77,0.063,-50.77,0.063,2026-05-06 16:04:15.201
6976,555443,2,50.77,-0.063,50.77,-0.062,2026-05-06 16:04:15.201
6977,555504,3,-90.0,-0.049,-90.0,-0.047,2026-05-06 16:04:15.201
6978,555614,1,-50.77,0.063,-50.77,0.063,2026-05-06 16:04:15.201
6979,555675,2,50.77,-0.063,50.77,-0.062,2026-05-06 16:04:15.201
6980,555736,3,-90.0,-0.049,-90.0,-0.047,2026-05-06 16:04:15.201
6981,555856,1,-50.77,0.063,-50.77,0.063,2026-05-06 16:04:15.201
6982,555917,2,50.77,-0.063,50.77,-0.062,2026-05-06 16:04:15.201
6983,555978,3,-90.0,-0.049,-90.0,-0.047,2026-05-06 16:04:15.201
6984,556088,1,-50.77,0.063,-50.77,0.063,2026-05-06 16:04:15.201
6985,556149,2,50.77,-0.063,50.77,-0.062,2026-05-06 16:04:15.201
6986,556210,3,-90.0,-0.049,-90.0,-0.047,2026-05-06 16:04:15.201
6987,556282,3,-90.0,-0.049,-90.0,-0.049,2026-05-06 16:04:15.201
6988,556392,1,-50.77,0.063,-50.78,0.063,2026-05-06 16:04:15.201
6989,556453,2,50.77,-0.063,50.78,-0.063,2026-05-06 16:04:15.201
6990,556514,3,-90.0,-0.049,-90.0,-0.049,2026-05-06 16:04:15.201
6991,556627,1,-50.77,0.063,-50.78,0.063,2026-05-06 16:04:15.201
6992,556812,1,-50.77,0.063,-50.78,0.064,2026-05-06 16:04:15.201
6993,556873,2,50.77,-0.063,50.78,-0.063,2026-05-06 16:04:15.201
6994,556934,3,-90.0,-0.049,-90.0,-0.048,2026-05-06 16:04:15.201
6995,557044,1,-50.77,0.063,-50.78,0.064,2026-05-06 16:04:15.201
6996,557105,2,50.77,-0.063,50.78,-0.062,2026-05-06 16:04:15.201
6997,557166,3,-90.0,-0.049,-90.0,-0.049,2026-05-06 16:04:15.201
6998,557285,1,-50.77,0.063,-50.77,0.062,2026-05-06 16:04:15.201
6999,557346,2,50.77,-0.063,50.78,-0.063,2026-05-06 16:04:15.201
7000,557407,3,-90.0,-0.049,-90.0,-0.049,2026-05-06 16:04:15.201
7001,557517,1,-50.77,0.063,-50.77,0.062,2026-05-06 16:04:15.201
7002,557578,2,50.77,-0.063,50.78,-0.063,2026-05-06 16:04:15.201
7003,557639,3,-90.0,-0.049,-90.0,-0.049,2026-05-06 16:04:15.201
7004,557759,1,-50.77,0.063,-50.77,0.063,2026-05-06 16:04:15.201
7005,557820,2,50.77,-0.063,50.78,-0.062,2026-05-06 16:04:15.201
7006,557881,3,-90.0,-0.049,-90.0,-0.048,2026-05-06 16:04:15.201
7007,557991,1,-50.77,0.063,-50.77,0.063,2026-05-06 16:04:15.201
7008,558052,2,50.77,-0.063,50.78,-0.062,2026-05-06 16:04:15.201
7009,558113,3,-90.0,-0.049,-90.0,-0.048,2026-05-06 16:04:15.201
7010,558232,1,-50.77,0.063,-50.77,0.065,2026-05-06 16:04:15.201
7011,558293,2,50.77,-0.063,50.78,-0.063,2026-05-06 16:04:15.201
7012,558354,3,-90.0,-0.049,-90.0,-0.049,2026-05-06 16:04:15.201
7013,558464,1,-50.77,0.063,-50.77,0.065,2026-05-06 16:04:15.201
7014,558525,2,50.77,-0.063,50.78,-0.063,2026-05-06 16:04:15.201
7015,558586,3,-90.0,-0.049,-90.0,-0.049,2026-05-06 16:04:15.201
7016,558706,1,-50.77,0.063,-50.77,0.065,2026-05-06 16:04:15.201
7017,558767,2,50.77,-0.063,50.78,-0.063,2026-05-06 16:04:15.201
7018,558828,3,-90.0,-0.049,-90.0,-0.049,2026-05-06 16:04:15.201
7019,558938,1,-50.77,0.063,-50.77,0.065,2026-05-06 16:04:15.201
7020,558999,2,50.77,-0.063,50.78,-0.064,2026-05-06 16:04:15.201
7021,559060,3,-90.0,-0.049,-90.0,-0.049,2026-05-06 16:04:15.201
7022,559179,1,-50.77,0.063,-50.77,0.064,2026-05-06 16:04:15.201
7023,559240,2,50.77,-0.063,50.78,-0.064,2026-05-06 16:04:15.201
7024,559301,3,-90.0,-0.049,-90.0,-0.05,2026-05-06 16:04:15.201
7025,559411,1,-50.77,0.063,-50.77,0.064,2026-05-06 16:04:15.201
7026,559472,2,50.77,-0.063,50.78,-0.064,2026-05-06 16:04:15.201
7027,559533,3,-90.0,-0.049,-90.0,-0.05,2026-05-06 16:04:15.201
7028,559653,1,-50.77,0.063,-50.77,0.064,2026-05-06 16:04:15.201
7029,559714,2,50.77,-0.063,50.78,-0.063,2026-05-06 16:04:15.201
7030,559775,3,-90.0,-0.049,-90.0,-0.049,2026-05-06 16:04:15.201
7031,559885,1,-50.77,0.063,-50.77,0.064,2026-05-06 16:04:15.201
7032,559946,2,50.77,-0.063,50.78,-0.063,2026-05-06 16:04:15.201
7033,560007,3,-90.0,-0.049,-90.0,-0.049,2026-05-06 16:04:15.201
7034,560078,2,50.77,-0.063,50.78,-0.062,2026-05-06 16:04:15.201
7035,560139,3,-90.0,-0.049,-90.0,-0.049,2026-05-06 16:04:15.201
7036,560249,1,-50.77,0.063,-50.77,0.064,2026-05-06 16:04:15.201
7037,560310,2,50.77,-0.063,50.78,-0.062,2026-05-06 16:04:15.201
7038,560371,3,-90.0,-0.049,-90.0,-0.049,2026-05-06 16:04:15.201
7039,560481,1,-50.77,0.063,-50.77,0.063,2026-05-06 16:04:15.201
7040,560602,1,-50.77,0.063,-50.77,0.063,2026-05-06 16:04:15.201
7041,560663,2,50.77,-0.063,50.77,-0.063,2026-05-06 16:04:15.201
7042,560724,3,-90.0,-0.049,-90.0,-0.048,2026-05-06 16:04:15.201
7043,560834,1,-50.77,0.063,-50.77,0.063,2026-05-06 16:04:15.201
7044,560895,2,50.77,-0.063,50.77,-0.063,2026-05-06 16:04:15.201
7045,560956,3,-90.0,-0.049,-90.0,-0.048,2026-05-06 16:04:15.201
7046,561074,1,-50.77,0.063,-50.77,0.064,2026-05-06 16:04:15.201
7047,561135,2,50.77,-0.063,50.77,-0.062,2026-05-06 16:04:15.201
7048,561196,3,-90.0,-0.049,-90.0,-0.048,2026-05-06 16:04:15.201
7049,561306,1,-50.77,0.063,-50.77,0.064,2026-05-06 16:04:15.201
7050,561367,2,50.77,-0.063,50.77,-0.062,2026-05-06 16:04:15.201
7051,561428,3,-90.0,-0.049,-90.0,-0.0,2026-05-06 16:04:15.201
7052,561504,2,50.77,-0.063,50.77,-0.063,2026-05-06 16:04:15.201
7053,561565,3,-90.0,-0.049,-90.0,-0.049,2026-05-06 16:04:15.201
7054,561675,1,-50.77,0.063,-50.78,0.064,2026-05-06 16:04:15.201
7055,561736,2,50.77,-0.063,50.77,-0.063,2026-05-06 16:04:15.201
7056,561797,3,-90.0,-0.049,-90.0,-0.049,2026-05-06 16:04:15.201
7057,561907,1,-50.77,0.063,-50.78,0.064,2026-05-06 16:04:15.201
7058,562026,1,-50.77,0.063,-50.77,0.064,2026-05-06 16:04:15.201
7059,562087,2,50.77,-0.063,50.77,-0.064,2026-05-06 16:04:15.201
7060,562148,3,-90.0,-0.049,-90.0,-0.049,2026-05-06 16:04:15.201
7061,562258,1,-50.77,0.063,-50.77,0.064,2026-05-06 16:04:15.201
7062,562319,2,50.77,-0.063,50.77,-0.064,2026-05-06 16:04:15.201
7063,562380,3,-90.0,-0.049,-90.0,-0.049,2026-05-06 16:04:15.327
7064,562504,1,-50.77,0.063,-50.77,0.064,2026-05-06 16:04:15.327
7065,562565,2,50.77,-0.063,50.77,-0.062,2026-05-06 16:04:15.327
7066,562626,3,-90.0,-0.049,-90.0,-0.049,2026-05-06 16:04:15.327
7067,562736,1,-50.77,0.063,-50.77,0.064,2026-05-06 16:04:15.327
7068,562797,2,50.77,-0.063,50.77,-0.062,2026-05-06 16:04:15.327
7069,562858,3,-90.0,-0.049,-90.0,-0.049,2026-05-06 16:04:15.327
7070,562978,1,-50.77,0.063,-50.77,0.064,2026-05-06 16:04:15.327
7071,563039,2,50.77,-0.063,50.77,-0.063,2026-05-06 16:04:15.327
7072,563100,3,-90.0,-0.049,-90.0,-0.048,2026-05-06 16:04:15.327
7073,563210,1,-50.77,0.063,-50.77,0.064,2026-05-06 16:04:15.327
7074,563271,2,50.77,-0.063,50.77,-0.063,2026-05-06 16:04:15.327
7075,563332,3,-90.0,-0.049,-90.0,-0.048,2026-05-06 16:04:15.327
7076,563403,2,50.77,-0.063,50.77,-0.064,2026-05-06 16:04:15.327
7077,563464,3,-90.0,-0.049,-90.0,-0.049,2026-05-06 16:04:15.327
7078,563574,1,-50.77,0.063,-50.77,0.064,2026-05-06 16:04:15.327
7079,563635,2,50.77,-0.063,50.77,-0.064,2026-05-06 16:04:16.020
7080,563696,3,-90.0,-0.049,-90.0,-0.049,2026-05-06 16:04:16.020
7081,563806,1,-50.77,0.063,-50.77,0.064,2026-05-06 16:04:16.020
7082,563925,1,-50.77,0.063,-50.77,0.065,2026-05-06 16:04:16.020
7083,563986,2,50.77,-0.063,50.77,-0.064,2026-05-06 16:04:16.020
7084,564160,1,-50.77,0.063,-50.77,0.065,2026-05-06 16:04:16.020
7085,564221,2,50.77,-0.063,50.77,-0.064,2026-05-06 16:04:16.020
7086,564282,3,-90.0,-0.049,-90.0,-0.048,2026-05-06 16:04:16.020
7087,564403,1,-50.77,0.063,-50.77,0.065,2026-05-06 16:04:16.020
7088,564464,2,50.77,-0.063,50.77,-0.063,2026-05-06 16:04:16.020
7089,564525,3,-90.0,-0.049,-90.0,-0.048,2026-05-06 16:04:16.020
7090,564635,1,-50.77,0.063,-50.77,0.065,2026-05-06 16:04:16.020
7091,564696,2,50.77,-0.063,50.77,-0.063,2026-05-06 16:04:16.020
7092,564757,3,-90.0,-0.049,-90.0,-0.048,2026-05-06 16:04:16.020
7093,564877,1,-50.77,0.063,-50.78,0.064,2026-05-06 16:04:16.020
7094,564938,2,50.77,-0.063,50.77,-0.063,2026-05-06 16:04:16.020
7095,564999,3,-90.0,-0.049,-90.0,-0.048,2026-05-06 16:04:16.020
7096,565109,1,-50.77,0.063,-50.77,0.063,2026-05-06 16:04:16.020
7097,565170,2,50.77,-0.063,50.77,-0.062,2026-05-06 16:04:16.020
7098,565231,3,-90.0,-0.049,-90.0,-0.049,2026-05-06 16:04:16.020
7099,565350,1,-50.77,0.063,-50.77,0.064,2026-05-06 16:04:16.020
7100,565411,2,50.77,-0.063,50.77,-0.062,2026-05-06 16:04:16.020
7101,565472,3,-90.0,-0.049,-90.0,-0.049,2026-05-06 16:04:16.020
7102,565582,1,-50.77,0.063,-50.77,0.064,2026-05-06 16:04:16.020
7103,565643,2,50.77,-0.063,50.77,-0.062,2026-05-06 16:04:16.020
7104,565704,3,-90.0,-0.049,-90.0,-0.049,2026-05-06 16:04:16.020
7105,565777,3,-90.0,-0.049,-90.0,-0.05,2026-05-06 16:04:16.020
7106,565887,1,-50.77,0.063,-50.77,0.063,2026-05-06 16:04:16.020
7107,565948,2,50.77,-0.063,50.77,-0.063,2026-05-06 16:04:16.020
7108,566009,3,-90.0,-0.049,-90.0,-0.05,2026-05-06 16:04:16.020
7109,566119,1,-50.77,0.063,-50.77,0.063,2026-05-06 16:04:16.020
7110,566180,2,50.77,-0.063,50.77,-0.063,2026-05-06 16:04:16.020
7111,566297,1,-50.77,0.063,-50.78,0.064,2026-05-06 16:04:16.020
7112,566358,2,50.77,-0.063,50.77,-0.064,2026-05-06 16:04:16.020
7113,566419,3,-90.0,-0.049,-90.0,-0.049,2026-05-06 16:04:16.020
7114,566529,1,-50.77,0.063,-50.78,0.064,2026-05-06 16:04:16.020
7115,566590,2,50.77,-0.063,50.77,-0.063,2026-05-06 16:04:16.020
7116,566651,3,-90.0,-0.049,-90.0,-0.049,2026-05-06 16:04:16.020
7117,566771,1,-50.77,0.063,-50.78,0.065,2026-05-06 16:04:16.020
7118,566832,2,50.77,-0.063,50.77,-0.063,2026-05-06 16:04:16.020
7119,566893,3,-90.0,-0.049,-90.0,-0.05,2026-05-06 16:04:16.020
7120,567003,1,-50.77,0.063,-50.78,0.065,2026-05-06 16:04:16.020
7121,567064,2,50.77,-0.063,50.77,-0.063,2026-05-06 16:04:16.020
7122,567125,3,-90.0,-0.049,-90.0,-0.05,2026-05-06 16:04:16.020
7123,567244,1,-50.77,0.063,-50.78,0.065,2026-05-06 16:04:16.020
7124,567305,2,50.77,-0.063,50.77,-0.063,2026-05-06 16:04:16.020
7125,567366,3,-90.0,-0.049,-90.0,-0.05,2026-05-06 16:04:16.020
7126,567476,1,-50.77,0.063,-50.78,0.065,2026-05-06 16:04:16.020
7127,567537,2,50.77,-0.063,50.77,-0.063,2026-05-06 16:04:16.020
7128,567598,3,-90.0,-0.049,-90.0,-0.05,2026-05-06 16:04:16.020
7129,567718,1,-50.77,0.063,-50.78,0.064,2026-05-06 16:04:16.020
7130,567779,2,50.77,-0.063,50.77,-0.062,2026-05-06 16:04:16.020
7131,567840,3,-90.0,-0.049,-90.0,-0.049,2026-05-06 16:04:16.020
7132,567950,1,-50.77,0.063,-50.78,0.064,2026-05-06 16:04:16.020
7133,568011,2,50.77,-0.063,50.77,-0.062,2026-05-06 16:04:16.020
7134,568072,3,-90.0,-0.049,-90.0,-0.049,2026-05-06 16:04:16.020
7135,568144,3,-90.0,-0.049,-90.0,-0.049,2026-05-06 16:04:16.020
7136,568254,1,-50.77,0.063,-50.77,0.064,2026-05-06 16:04:16.020
7137,568315,2,50.77,-0.063,50.78,-0.063,2026-05-06 16:04:16.020
7138,568376,3,-90.0,-0.049,-90.0,-0.049,2026-05-06 16:04:16.020
7139,568486,1,-50.77,0.063,-50.78,0.064,2026-05-06 16:04:16.020
7140,568547,2,50.77,-0.063,50.77,-0.063,2026-05-06 16:04:16.020
7141,568665,1,-50.77,0.063,-50.78,0.064,2026-05-06 16:04:16.020
7142,568726,2,50.77,-0.063,50.78,-0.063,2026-05-06 16:04:16.020
7143,568787,3,-90.0,-0.049,-90.0,-0.049,2026-05-06 16:04:16.020
7144,568897,1,-50.77,0.063,-50.78,0.064,2026-05-06 16:04:16.020
7145,568958,2,50.77,-0.063,50.78,-0.063,2026-05-06 16:04:16.020
7146,569019,3,-90.0,-0.049,-90.0,-0.049,2026-05-06 16:04:16.020
7147,569138,1,-50.77,0.063,-50.77,0.064,2026-05-06 16:04:16.020
7148,569199,2,50.77,-0.063,50.77,-0.064,2026-05-06 16:04:16.020
7149,569260,3,-90.0,-0.049,-90.0,-0.048,2026-05-06 16:04:16.020
7150,569370,1,-50.77,0.063,-50.77,0.064,2026-05-06 16:04:16.020
7151,569431,2,50.77,-0.063,50.77,-0.064,2026-05-06 16:04:16.020
7152,569492,3,-90.0,-0.049,-90.0,-0.048,2026-05-06 16:04:16.020
7153,569612,1,-50.77,0.063,-50.77,0.064,2026-05-06 16:04:16.020
7154,569673,2,50.77,-0.063,50.77,-0.064,2026-05-06 16:04:16.020
7155,569734,3,-90.0,-0.049,-90.0,-0.049,2026-05-06 16:04:16.020
7156,569844,1,-50.77,0.063,-50.77,0.064,2026-05-06 16:04:16.020
7157,569905,2,50.77,-0.063,50.77,-0.063,2026-05-06 16:04:16.020
7158,569966,3,-90.0,-0.049,-90.0,-0.049,2026-05-06 16:04:16.020
7159,570085,1,-50.77,0.063,-50.77,0.064,2026-05-06 16:04:16.020
7160,570146,2,50.77,-0.063,50.78,-0.063,2026-05-06 16:04:16.020
7161,570207,3,-90.0,-0.049,-90.0,-0.049,2026-05-06 16:04:16.020
7162,570317,1,-50.77,0.063,-50.77,0.064,2026-05-06 16:04:16.020
7163,570378,2,50.77,-0.063,50.78,-0.063,2026-05-06 16:04:16.020
7164,570439,3,-90.0,-0.049,-90.0,-0.049,2026-05-06 16:04:16.020
7165,570559,1,-50.77,0.063,-50.77,0.064,2026-05-06 16:04:16.020
7166,570620,2,50.77,-0.063,50.78,-0.064,2026-05-06 16:04:16.020
7167,570681,3,-90.0,-0.049,-90.0,-0.05,2026-05-06 16:04:16.020
7168,570791,1,-50.77,0.063,-50.77,0.064,2026-05-06 16:04:16.020
7169,570852,2,50.77,-0.063,50.78,-0.064,2026-05-06 16:04:16.020
7170,570913,3,-90.0,-0.049,-90.0,-0.05,2026-05-06 16:04:16.020
7171,570984,1,-50.77,0.063,-50.77,0.064,2026-05-06 16:04:16.020
7172,571045,2,50.77,-0.063,50.78,-0.063,2026-05-06 16:04:16.020
7173,571106,3,-90.0,-0.049,-90.0,-0.048,2026-05-06 16:04:16.020
7174,571216,1,-50.77,0.063,-50.77,0.064,2026-05-06 16:04:16.020
7175,571277,2,50.77,-0.063,50.77,-0.061,2026-05-06 16:04:16.020
7176,571338,3,-90.0,-0.049,-90.0,-0.049,2026-05-06 16:04:16.020
7177,571506,1,-50.77,0.063,-50.77,0.063,2026-05-06 16:04:16.020
7178,571567,2,50.77,-0.063,50.77,-0.061,2026-05-06 16:04:16.020
7179,571741,1,-50.77,0.063,-50.77,0.063,2026-05-06 16:04:16.349
7180,571802,2,50.77,-0.063,50.77,-0.061,2026-05-06 16:04:16.349
7181,571863,3,-90.0,-0.049,-90.0,-0.048,2026-05-06 16:04:16.349
7182,571982,1,-50.77,0.062,-50.77,0.062,2026-05-06 16:04:16.349
7183,572043,2,50.77,-0.062,50.78,-0.063,2026-05-06 16:04:16.349
7184,572104,3,-90.0,-0.048,-90.0,-0.048,2026-05-06 16:04:16.349
7185,572214,1,-50.77,0.062,-50.77,0.062,2026-05-06 16:04:16.349
7186,572275,2,50.77,-0.062,50.77,-0.063,2026-05-06 16:04:16.349
7187,572336,3,-90.0,-0.048,-90.0,-0.048,2026-05-06 16:04:16.349
7188,572456,1,-50.77,0.059,-50.77,0.063,2026-05-06 16:04:16.349
7189,572517,2,50.77,-0.059,50.77,-0.062,2026-05-06 16:04:16.349
7190,572578,3,-90.0,-0.046,-90.0,-0.047,2026-05-06 16:04:16.349
7191,572688,1,-50.77,0.058,-50.77,0.064,2026-05-06 16:04:16.349
7192,572749,2,50.77,-0.058,50.78,-0.062,2026-05-06 16:04:16.349
7193,572810,3,-90.0,-0.045,-90.0,-0.048,2026-05-06 16:04:16.349
7194,572929,1,-50.77,0.049,-50.77,0.062,2026-05-06 16:04:16.349
7195,572990,2,50.77,-0.049,50.78,-0.06,2026-05-06 16:04:16.349
7196,573051,3,-90.0,-0.038,-90.0,-0.047,2026-05-06 16:04:16.349
7197,573161,1,-50.77,0.049,-50.77,0.062,2026-05-06 16:04:16.349
7198,573222,2,50.77,-0.049,50.78,-0.06,2026-05-06 16:04:16.349
7199,573283,3,-90.0,-0.038,-90.0,-0.047,2026-05-06 16:04:16.349
7200,573403,1,-50.77,0.028,-50.77,0.056,2026-05-06 16:04:16.349
7201,573464,2,50.77,-0.028,50.78,-0.056,2026-05-06 16:04:16.349
7202,573525,3,-90.0,-0.022,-90.0,-0.042,2026-05-06 16:04:16.349
7203,573635,1,-50.77,0.025,-50.77,0.056,2026-05-06 16:04:16.349
7204,573696,2,50.77,-0.025,50.78,-0.056,2026-05-06 16:04:16.349
7205,573757,3,-90.0,-0.019,-90.0,-0.042,2026-05-06 16:04:16.349
7206,573876,1,-50.77,0.01,-50.77,0.045,2026-05-06 16:04:16.349
7207,573937,2,50.77,-0.01,50.78,-0.044,2026-05-06 16:04:16.349
7208,573998,3,-90.0,-0.008,-90.0,-0.036,2026-05-06 16:04:16.349
7209,574108,1,-50.77,0.008,-50.77,0.039,2026-05-06 16:04:16.349
7210,574169,2,50.77,-0.008,50.78,-0.041,2026-05-06 16:04:16.349
7211,574230,3,-90.0,-0.006,-90.0,-0.032,2026-05-06 16:04:16.349
7212,574350,1,-50.77,0.002,-50.77,0.022,2026-05-06 16:04:16.349
7213,574411,2,50.77,-0.002,50.78,-0.023,2026-05-06 16:04:16.349
7214,574472,3,-90.0,-0.001,-90.0,-0.018,2026-05-06 16:04:16.349
7215,574582,1,-50.77,0.002,-50.77,0.022,2026-05-06 16:04:16.349
7216,574643,2,50.77,-0.002,50.78,-0.023,2026-05-06 16:04:16.349
7217,574704,3,-90.0,-0.001,-90.0,-0.018,2026-05-06 16:04:16.349
7218,574822,1,-50.78,0.0,-50.78,0.013,2026-05-06 16:04:16.349
7219,574883,2,50.78,0.0,50.78,-0.014,2026-05-06 16:04:16.349
7220,574943,3,-90.0,0.0,-90.0,-0.011,2026-05-06 16:04:16.349
7221,575051,1,-50.78,0.0,-50.78,0.013,2026-05-06 16:04:16.349
7222,575112,2,50.78,0.0,50.78,-0.014,2026-05-06 16:04:16.349
7223,575172,3,-90.0,0.0,-90.0,-0.011,2026-05-06 16:04:17.042
7224,575245,2,50.78,0.0,50.78,-0.001,2026-05-06 16:04:17.042
7225,575305,3,-90.0,0.0,-90.0,0.0,2026-05-06 16:04:17.042
7226,575481,1,-50.78,0.0,-50.78,0.0,2026-05-06 16:04:17.042
7227,575542,2,50.78,0.0,50.78,-0.001,2026-05-06 16:04:17.042
7228,575602,3,-90.0,0.0,-90.0,0.0,2026-05-06 16:04:17.042
7229,575766,1,-50.78,0.0,-50.78,-0.001,2026-05-06 16:04:17.042
7230,575828,2,50.78,0.0,50.77,0.001,2026-05-06 16:04:17.042
7231,575887,3,-90.0,0.0,-90.0,0.0,2026-05-06 16:04:17.042
7232,575994,1,-50.78,0.0,-50.78,0.0,2026-05-06 16:04:17.042
7233,576055,2,50.78,0.0,50.77,0.0,2026-05-06 16:04:17.042
7234,576114,3,-90.0,0.0,-90.0,0.0,2026-05-06 16:04:17.042
7235,576234,1,-50.78,0.0,-50.78,0.0,2026-05-06 16:04:17.042
7236,576295,2,50.78,0.0,50.77,0.0,2026-05-06 16:04:17.042
7237,576354,3,-90.0,0.0,-90.0,0.0,2026-05-06 16:04:17.042
7238,576461,1,-50.78,0.0,-50.78,0.0,2026-05-06 16:04:17.042
7239,576522,2,50.78,0.0,50.77,0.0,2026-05-06 16:04:17.042
7240,576581,3,-90.0,0.0,-90.0,0.0,2026-05-06 16:04:17.042
7241,576702,1,0.0,0.0,-50.78,0.0,2026-05-06 16:04:17.042
7242,576761,2,0.0,0.0,50.77,-0.0,2026-05-06 16:04:17.042
7243,576820,3,0.0,0.0,-90.0,0.0,2026-05-06 16:04:17.042
7244,576926,1,0.0,0.0,-50.76,0.0,2026-05-06 16:04:17.042
7245,576985,2,0.0,0.0,50.77,-0.0,2026-05-06 16:04:17.042
7246,577044,3,0.0,0.0,-90.0,0.0,2026-05-06 16:04:17.042
7247,577166,1,0.0,0.0,-48.22,-0.0,2026-05-06 16:04:17.042
7248,577226,2,0.0,0.0,48.03,-0.0,2026-05-06 16:04:17.042
7249,577285,3,0.0,0.0,-87.7,0.0,2026-05-06 16:04:17.042
7250,577391,1,0.0,0.0,-48.22,-0.0,2026-05-06 16:04:17.042
7251,577451,2,0.0,0.0,48.03,-0.0,2026-05-06 16:04:17.042
7252,577510,3,0.0,0.0,-87.7,0.0,2026-05-06 16:04:17.042
7253,577631,1,0.0,0.0,-42.65,-0.001,2026-05-06 16:04:17.042
7254,577691,2,0.0,0.0,43.0,-0.007,2026-05-06 16:04:17.042
7255,577750,3,0.0,0.0,-82.38,0.0,2026-05-06 16:04:17.042
7256,577856,1,0.0,0.0,-41.2,-0.001,2026-05-06 16:04:17.042
7257,577916,2,0.0,0.0,41.42,-0.008,2026-05-06 16:04:17.042
7258,577975,3,0.0,0.0,-80.99,0.0,2026-05-06 16:04:17.042
7259,578048,2,0.0,0.0,33.06,-0.009,2026-05-06 16:04:17.042
7260,578107,3,0.0,0.0,-72.33,0.0,2026-05-06 16:04:17.042
7261,578213,1,0.0,0.0,-32.43,-0.002,2026-05-06 16:04:17.042
7262,578273,2,0.0,0.0,33.06,-0.009,2026-05-06 16:04:17.042
7263,578332,3,0.0,0.0,-72.33,0.0,2026-05-06 16:04:17.042
7264,578438,1,0.0,0.0,-32.43,-0.002,2026-05-06 16:04:17.042
7265,578562,1,0.0,0.0,-17.98,-0.001,2026-05-06 16:04:17.042
7266,578622,2,0.0,0.0,18.62,-0.008,2026-05-06 16:04:17.042
7267,578681,3,0.0,0.0,-57.33,0.0,2026-05-06 16:04:17.042
7268,578787,1,0.0,0.0,-17.98,-0.001,2026-05-06 16:04:17.042
7269,578847,2,0.0,0.0,18.62,-0.008,2026-05-06 16:04:17.042
7270,578906,3,0.0,0.0,-57.33,0.0,2026-05-06 16:04:17.042
7271,579027,1,0.0,0.0,-12.22,-0.002,2026-05-06 16:04:17.042
7272,579087,2,0.0,0.0,12.53,-0.006,2026-05-06 16:04:17.042
7273,579255,1,0.0,0.0,-12.22,-0.002,2026-05-06 16:04:17.042
7274,579315,2,0.0,0.0,12.53,-0.006,2026-05-06 16:04:17.042
7275,579374,3,0.0,0.0,-47.53,0.001,2026-05-06 16:04:17.042
7276,579495,1,0.0,-0.086,-2.62,-0.001,2026-05-06 16:04:17.042
7277,579555,2,0.0,-0.086,2.92,-0.003,2026-05-06 16:04:17.042
7278,579614,3,0.0,-0.086,-25.48,0.006,2026-05-06 16:04:17.042
7279,579721,1,0.0,-0.09,-1.3,-0.001,2026-05-06 16:04:17.042
7280,579781,2,0.0,-0.09,1.64,-0.002,2026-05-06 16:04:17.042
7281,579840,3,0.0,-0.09,-21.31,0.005,2026-05-06 16:04:17.042
7282,579960,1,0.0,0.0,-0.08,0.0,2026-05-06 16:04:17.042
7283,580018,2,0.0,0.0,0.14,-0.0,2026-05-06 16:04:17.042
7284,580076,3,0.0,0.0,-12.85,0.004,2026-05-06 16:04:17.042
7285,580182,1,0.0,0.0,-0.08,0.0,2026-05-06 16:04:17.042
7286,580240,2,0.0,0.0,0.14,-0.0,2026-05-06 16:04:17.042
7287,580298,3,0.0,0.0,-12.85,0.004,2026-05-06 16:04:17.042
7288,580450,1,0.0,-0.157,0.2,-0.046,2026-05-06 16:04:17.042
7289,580509,2,0.0,-0.157,-0.14,-0.049,2026-05-06 16:04:17.042
7290,580569,3,0.0,-0.157,-5.69,-0.051,2026-05-06 16:04:17.042
7291,580676,1,0.0,-0.157,0.2,-0.046,2026-05-06 16:04:17.042
7292,580735,2,0.0,-0.157,-0.14,-0.049,2026-05-06 16:04:17.042
7293,580795,3,0.0,-0.157,-5.69,-0.051,2026-05-06 16:04:17.042
7294,580916,1,0.0,-0.196,-0.02,-0.091,2026-05-06 16:04:17.042
7295,580976,2,0.0,-0.196,-0.04,-0.109,2026-05-06 16:04:17.042
7296,581036,3,0.0,-0.196,-1.29,-0.108,2026-05-06 16:04:17.042
7297,581143,1,0.0,-0.201,0.08,-0.089,2026-05-06 16:04:17.042
7298,581265,3,0.0,-0.201,-0.04,-0.1,2026-05-06 16:04:17.042
7299,581386,1,0.0,-0.232,0.08,-0.144,2026-05-06 16:04:17.042
7300,581445,2,0.0,-0.232,-0.06,-0.149,2026-05-06 16:04:17.042
7301,581505,3,0.0,-0.232,0.02,-0.142,2026-05-06 16:04:17.042
7302,581611,1,0.0,-0.237,0.08,-0.144,2026-05-06 16:04:17.042
7303,581670,2,0.0,-0.237,-0.06,-0.149,2026-05-06 16:04:17.042
7304,581730,3,0.0,-0.237,0.02,-0.142,2026-05-06 16:04:17.042
7305,581851,1,0.0,-0.268,-0.0,-0.203,2026-05-06 16:04:17.042
7306,581911,2,0.0,-0.268,-0.02,-0.206,2026-05-06 16:04:17.042
7307,581971,3,0.0,-0.268,0.05,-0.203,2026-05-06 16:04:17.042
7308,582077,1,0.0,-0.268,-0.0,-0.203,2026-05-06 16:04:17.042
7309,582137,2,0.0,-0.268,-0.02,-0.206,2026-05-06 16:04:17.042
7310,582197,3,0.0,-0.268,0.05,-0.203,2026-05-06 16:04:17.042
7311,582270,3,0.0,-0.292,0.02,-0.236,2026-05-06 16:04:17.042
7312,582376,1,0.0,-0.295,-0.0,-0.248,2026-05-06 16:04:17.042
7313,582436,2,0.0,-0.295,0.0,-0.255,2026-05-06 16:04:17.042
7314,582495,3,0.0,-0.295,0.01,-0.25,2026-05-06 16:04:17.042
7315,582601,1,0.0,-0.295,-0.0,-0.248,2026-05-06 16:04:17.042
7316,582661,2,0.0,-0.295,0.0,-0.255,2026-05-06 16:04:17.042
7317,582783,1,0.0,-0.313,-0.0,-0.277,2026-05-06 16:04:17.042
7318,582843,2,0.0,-0.313,0.01,-0.285,2026-05-06 16:04:17.042
7319,582902,3,0.0,-0.313,0.01,-0.281,2026-05-06 16:04:17.042
7320,583008,1,0.0,-0.315,-0.0,-0.284,2026-05-06 16:04:17.042
7321,583068,2,0.0,-0.315,0.01,-0.291,2026-05-06 16:04:17.042
7322,583127,3,0.0,-0.315,0.0,-0.285,2026-05-06 16:04:17.042
7323,583248,1,0.0,-0.326,-0.0,-0.304,2026-05-06 16:04:17.751
7324,583308,2,0.0,-0.326,0.01,-0.315,2026-05-06 16:04:17.751
7325,583367,3,0.0,-0.326,0.0,-0.306,2026-05-06 16:04:17.751
7326,583473,1,0.0,-0.326,-0.0,-0.304,2026-05-06 16:04:17.751
7327,583533,2,0.0,-0.326,0.01,-0.315,2026-05-06 16:04:17.751
7328,583592,3,0.0,-0.326,0.0,-0.306,2026-05-06 16:04:17.751
7329,583713,1,0.0,-0.337,0.0,-0.326,2026-05-06 16:04:17.751
7330,583772,2,0.0,-0.337,0.0,-0.335,2026-05-06 16:04:17.751
7331,583831,3,0.0,-0.337,0.0,-0.329,2026-05-06 16:04:17.751
7332,583937,1,0.0,-0.337,0.0,-0.326,2026-05-06 16:04:17.751
7333,583996,2,0.0,-0.337,0.0,-0.335,2026-05-06 16:04:17.751
7334,584055,3,0.0,-0.337,0.0,-0.329,2026-05-06 16:04:17.751
7335,584177,1,0.0,-0.343,0.0,-0.34,2026-05-06 16:04:17.751
7336,584298,3,0.0,-0.343,-0.0,-0.344,2026-05-06 16:04:17.751
7337,584405,1,0.0,-0.344,-0.0,-0.345,2026-05-06 16:04:17.751
7338,584465,2,0.0,-0.344,0.0,-0.348,2026-05-06 16:04:17.751
7339,584524,3,0.0,-0.344,0.0,-0.347,2026-05-06 16:04:17.751
7340,584645,1,0.0,-0.348,0.0,-0.352,2026-05-06 16:04:17.751
7341,584704,2,0.0,-0.348,0.0,-0.363,2026-05-06 16:04:17.751
7342,584763,3,0.0,-0.348,-0.01,-0.356,2026-05-06 16:04:17.751
7343,584870,1,0.0,-0.349,0.0,-0.352,2026-05-06 16:04:17.751
7344,584929,2,0.0,-0.349,0.0,-0.363,2026-05-06 16:04:17.751
7345,584988,3,0.0,-0.349,-0.01,-0.356,2026-05-06 16:04:17.751
7346,585110,1,0.0,-0.35,-0.0,-0.357,2026-05-06 16:04:17.751
7347,585170,2,0.0,-0.35,0.0,-0.368,2026-05-06 16:04:17.751
7348,585229,3,0.0,-0.35,-0.0,-0.358,2026-05-06 16:04:17.751
7349,585336,1,0.0,-0.35,-0.0,-0.357,2026-05-06 16:04:17.751
7350,585396,2,0.0,-0.35,0.0,-0.368,2026-05-06 16:04:17.751
7351,585455,3,0.0,-0.35,-0.0,-0.358,2026-05-06 16:04:17.751
7352,585577,1,0.0,-0.35,0.0,-0.36,2026-05-06 16:04:17.751
7353,585636,2,0.0,-0.35,0.0,-0.37,2026-05-06 16:04:17.751
7354,585695,3,0.0,-0.35,0.0,-0.363,2026-05-06 16:04:17.751
7355,585801,1,0.0,-0.35,0.0,-0.36,2026-05-06 16:04:17.751
7356,585860,2,0.0,-0.35,0.0,-0.37,2026-05-06 16:04:17.751
7357,585919,3,0.0,-0.35,0.0,-0.363,2026-05-06 16:04:17.751
7358,586041,1,0.0,-0.35,-0.0,-0.358,2026-05-06 16:04:17.751
7359,586101,2,0.0,-0.35,-0.0,-0.367,2026-05-06 16:04:17.751
7360,586161,3,0.0,-0.35,-0.0,-0.36,2026-05-06 16:04:17.751
7361,586268,1,0.0,-0.35,-0.0,-0.36,2026-05-06 16:04:17.751
7362,586328,2,0.0,-0.35,-0.0,-0.368,2026-05-06 16:04:17.751
7363,586388,3,0.0,-0.35,0.01,-0.361,2026-05-06 16:04:17.751
7364,586508,1,0.0,-0.35,0.0,-0.356,2026-05-06 16:04:17.751
7365,586567,2,0.0,-0.35,-0.0,-0.364,2026-05-06 16:04:17.751
7366,586627,3,0.0,-0.35,0.01,-0.356,2026-05-06 16:04:17.751
7367,586733,1,0.0,-0.35,0.0,-0.356,2026-05-06 16:04:17.751
7368,586792,2,0.0,-0.35,-0.0,-0.364,2026-05-06 16:04:17.751
7369,586852,3,0.0,-0.35,0.01,-0.356,2026-05-06 16:04:17.751
7370,586973,1,0.0,-0.343,-0.0,-0.354,2026-05-06 16:04:17.751
7371,587033,2,0.0,-0.343,-0.0,-0.362,2026-05-06 16:04:17.751
7372,587093,3,0.0,-0.343,-0.0,-0.357,2026-05-06 16:04:17.751
7373,587200,1,0.0,-0.343,-0.0,-0.354,2026-05-06 16:04:17.751
7374,587260,2,0.0,-0.343,-0.0,-0.362,2026-05-06 16:04:17.751
7375,587320,3,0.0,-0.343,-0.0,-0.357,2026-05-06 16:04:17.751
7376,587440,1,0.0,-0.339,0.0,-0.351,2026-05-06 16:04:17.751
7377,587499,2,0.0,-0.339,-0.0,-0.36,2026-05-06 16:04:17.751
7378,587559,3,0.0,-0.339,0.0,-0.355,2026-05-06 16:04:17.751
7379,587665,1,0.0,-0.341,0.0,-0.35,2026-05-06 16:04:17.751
7380,587724,2,0.0,-0.341,-0.0,-0.36,2026-05-06 16:04:17.751
7381,587784,3,0.0,-0.341,0.01,-0.354,2026-05-06 16:04:17.751
7382,587905,1,0.0,-0.35,-0.0,-0.346,2026-05-06 16:04:17.751
7383,587965,2,0.0,-0.35,-0.0,-0.353,2026-05-06 16:04:17.751
7384,588025,3,0.0,-0.35,0.0,-0.349,2026-05-06 16:04:17.751
7385,588134,1,0.0,-0.35,-0.0,-0.346,2026-05-06 16:04:17.751
7386,588194,2,0.0,-0.35,-0.0,-0.353,2026-05-06 16:04:17.751
7387,588254,3,0.0,-0.35,0.0,-0.349,2026-05-06 16:04:17.751
7388,588375,1,0.0,-0.35,0.0,-0.343,2026-05-06 16:04:17.751
7389,588434,2,0.0,-0.35,0.0,-0.354,2026-05-06 16:04:17.751
7390,588493,3,0.0,-0.35,0.0,-0.348,2026-05-06 16:04:17.751
7391,588599,1,0.0,-0.35,0.0,-0.343,2026-05-06 16:04:17.751
7392,588658,2,0.0,-0.35,0.0,-0.354,2026-05-06 16:04:17.751
7393,588717,3,0.0,-0.35,0.0,-0.348,2026-05-06 16:04:17.751
7394,588839,1,0.0,-0.347,0.01,-0.344,2026-05-06 16:04:17.751
7395,588898,2,0.0,-0.347,0.0,-0.352,2026-05-06 16:04:17.751
7396,588957,3,0.0,-0.347,0.01,-0.347,2026-05-06 16:04:17.751
7397,589063,1,0.0,-0.347,0.01,-0.344,2026-05-06 16:04:17.751
7398,589122,2,0.0,-0.347,0.0,-0.352,2026-05-06 16:04:17.751
7399,589181,3,0.0,-0.347,0.01,-0.347,2026-05-06 16:04:17.751
7400,589303,1,0.0,-0.34,0.0,-0.348,2026-05-06 16:04:17.751
7401,589424,3,0.0,-0.34,0.0,-0.351,2026-05-06 16:04:17.751
7402,589530,1,0.0,-0.339,0.0,-0.349,2026-05-06 16:04:17.751
7403,589589,2,0.0,-0.339,0.0,-0.356,2026-05-06 16:04:17.751
7404,589648,3,0.0,-0.339,0.0,-0.352,2026-05-06 16:04:17.751
7405,589770,1,0.0,-0.327,-0.01,-0.348,2026-05-06 16:04:17.751
7406,589830,2,0.0,-0.327,0.0,-0.356,2026-05-06 16:04:17.751
7407,589889,3,0.0,-0.327,0.0,-0.352,2026-05-06 16:04:17.751
7408,589995,1,0.0,-0.327,-0.01,-0.348,2026-05-06 16:04:17.751
7409,590055,2,0.0,-0.327,0.0,-0.356,2026-05-06 16:04:17.751
7410,590114,3,0.0,-0.327,0.0,-0.352,2026-05-06 16:04:17.751
7411,590235,1,0.0,-0.299,-0.01,-0.342,2026-05-06 16:04:17.751
7412,590295,2,0.0,-0.299,0.0,-0.348,2026-05-06 16:04:17.751
7413,590354,3,0.0,-0.299,0.0,-0.342,2026-05-06 16:04:17.751
7414,590460,1,0.0,-0.299,-0.01,-0.342,2026-05-06 16:04:17.751
7415,590520,2,0.0,-0.299,0.0,-0.348,2026-05-06 16:04:17.751
7416,590579,3,0.0,-0.299,0.0,-0.342,2026-05-06 16:04:17.751
7417,590700,1,0.0,-0.256,-0.0,-0.326,2026-05-06 16:04:17.751
7418,590760,2,0.0,-0.256,0.0,-0.331,2026-05-06 16:04:17.751
7419,590819,3,0.0,-0.256,0.0,-0.328,2026-05-06 16:04:17.751
7420,590925,1,0.0,-0.248,-0.01,-0.319,2026-05-06 16:04:17.751
7421,590985,2,0.0,-0.248,0.0,-0.325,2026-05-06 16:04:17.751
7422,591044,3,0.0,-0.248,-0.0,-0.323,2026-05-06 16:04:17.751
7423,591166,1,0.0,-0.192,-0.0,-0.293,2026-05-06 16:04:17.751
7424,591226,2,0.0,-0.192,0.0,-0.299,2026-05-06 16:04:17.798
7425,591285,3,0.0,-0.192,0.01,-0.295,2026-05-06 16:04:17.798
7426,591391,1,0.0,-0.182,-0.0,-0.293,2026-05-06 16:04:17.798
7427,591451,2,0.0,-0.182,0.0,-0.299,2026-05-06 16:04:17.847
7428,591510,3,0.0,-0.182,0.01,-0.295,2026-05-06 16:04:18.238
7429,591631,1,0.0,-0.111,0.0,-0.255,2026-05-06 16:04:18.238
7430,591690,2,0.0,-0.111,0.01,-0.266,2026-05-06 16:04:18.238
7431,591749,3,0.0,-0.111,0.01,-0.261,2026-05-06 16:04:18.238
7432,591855,1,0.0,-0.111,0.0,-0.255,2026-05-06 16:04:18.238
7433,591914,2,0.0,-0.111,0.01,-0.266,2026-05-06 16:04:18.238
7434,591973,3,0.0,-0.111,0.01,-0.261,2026-05-06 16:04:18.238
7435,592095,1,0.0,-0.053,-0.01,-0.168,2026-05-06 16:04:18.238
7436,592155,2,0.0,-0.053,0.03,-0.171,2026-05-06 16:04:18.238
7437,592214,3,0.0,-0.053,0.01,-0.171,2026-05-06 16:04:18.238
7438,592320,1,0.0,-0.053,-0.01,-0.168,2026-05-06 16:04:18.238
7439,592380,2,0.0,-0.053,0.03,-0.171,2026-05-06 16:04:18.238
7440,592439,3,0.0,-0.053,0.01,-0.171,2026-05-06 16:04:18.238
7441,592560,1,0.0,-0.025,-0.01,-0.112,2026-05-06 16:04:18.238
7442,592620,2,0.0,-0.025,0.02,-0.114,2026-05-06 16:04:18.238
7443,592679,3,0.0,-0.025,0.0,-0.117,2026-05-06 16:04:18.238
7444,592785,1,0.0,-0.023,-0.01,-0.095,2026-05-06 16:04:18.238
7445,592845,2,0.0,-0.023,0.01,-0.095,2026-05-06 16:04:18.238
7446,592904,3,0.0,-0.023,-0.0,-0.098,2026-05-06 16:04:18.238
7447,593026,1,0.0,-0.01,-0.01,-0.051,2026-05-06 16:04:18.238
7448,593086,2,0.0,-0.01,-0.01,-0.052,2026-05-06 16:04:18.238
7449,593146,3,0.0,-0.01,-0.01,-0.052,2026-05-06 16:04:18.238
7450,593253,1,0.0,-0.01,-0.01,-0.051,2026-05-06 16:04:18.238
7451,593313,2,0.0,-0.01,-0.01,-0.052,2026-05-06 16:04:18.238
7452,593373,3,0.0,-0.01,-0.01,-0.052,2026-05-06 16:04:18.238
7453,593493,1,0.0,-0.002,-0.0,-0.015,2026-05-06 16:04:18.238
7454,593553,2,0.0,-0.002,-0.02,-0.013,2026-05-06 16:04:18.238
7455,593613,3,0.0,-0.002,-0.01,-0.013,2026-05-06 16:04:18.238
7456,593720,1,0.0,-0.002,-0.0,-0.015,2026-05-06 16:04:18.238
7457,593780,2,0.0,-0.002,-0.02,-0.013,2026-05-06 16:04:18.238
7458,593840,3,0.0,-0.002,-0.01,-0.013,2026-05-06 16:04:18.238
7459,593960,1,0.0,0.0,0.0,0.007,2026-05-06 16:04:18.238
7460,594017,2,-0.02,0.0,-0.02,0.01,2026-05-06 16:04:18.238
7461,594076,3,-0.01,0.0,-0.0,0.007,2026-05-06 16:04:18.238
7462,594181,1,0.0,0.0,0.01,0.01,2026-05-06 16:04:18.238
7463,594238,2,-0.02,0.0,-0.02,0.011,2026-05-06 16:04:18.238
7464,594297,3,-0.01,0.0,-0.01,0.008,2026-05-06 16:04:18.238
7465,594420,1,0.0,0.0,0.01,0.011,2026-05-06 16:04:18.238
7466,594477,2,-0.02,0.0,-0.01,0.014,2026-05-06 16:04:18.238
7467,594536,3,-0.01,0.0,-0.0,0.013,2026-05-06 16:04:18.238
7468,594641,1,0.0,0.0,0.01,0.01,2026-05-06 16:04:18.238
7469,594698,2,-0.02,0.0,-0.01,0.014,2026-05-06 16:04:18.238
7470,594757,3,-0.01,0.0,0.0,0.013,2026-05-06 16:04:18.238
7471,594906,1,0.0,0.0,0.01,0.011,2026-05-06 16:04:18.238
7472,594963,2,-0.02,0.0,-0.01,0.013,2026-05-06 16:04:18.238
7473,595022,3,-0.01,0.0,-0.01,0.011,2026-05-06 16:04:18.238
7474,595127,1,0.0,0.0,0.01,0.01,2026-05-06 16:04:18.238
7475,595184,2,-0.02,0.0,-0.02,0.011,2026-05-06 16:04:18.238
7476,595243,3,-0.01,0.0,-0.01,0.01,2026-05-06 16:04:18.238
7477,595346,3,-0.01,0.0,-0.01,0.008,2026-05-06 16:04:18.238
7478,595451,1,0.0,0.0,0.0,0.008,2026-05-06 16:04:18.238
7479,595508,2,-0.02,0.0,-0.02,0.008,2026-05-06 16:04:18.238
7480,595567,3,-0.01,0.0,-0.01,0.008,2026-05-06 16:04:18.238
7481,595716,1,0.0,0.0,0.0,0.007,2026-05-06 16:04:18.238
7482,595773,2,-0.02,0.0,-0.02,0.008,2026-05-06 16:04:18.238
7483,595833,1,0.0,0.0,0.0,0.006,2026-05-06 16:04:18.238
7484,595890,2,-0.02,0.0,-0.02,0.006,2026-05-06 16:04:18.238
7485,595949,3,-0.01,0.0,-0.01,0.007,2026-05-06 16:04:18.238
7486,596054,1,0.0,0.0,0.0,0.006,2026-05-06 16:04:18.238
7487,596111,2,-0.02,0.0,-0.02,0.007,2026-05-06 16:04:18.238
7488,596170,3,-0.01,0.0,-0.01,0.006,2026-05-06 16:04:18.238
7489,596291,1,0.0,0.0,0.0,0.004,2026-05-06 16:04:18.238
7490,596348,2,-0.02,0.0,-0.02,0.004,2026-05-06 16:04:18.238
7491,596407,3,-0.01,0.0,-0.0,0.004,2026-05-06 16:04:18.238
7492,596512,1,0.0,0.0,0.0,0.003,2026-05-06 16:04:18.238
7493,596569,2,-0.02,0.0,-0.02,0.004,2026-05-06 16:04:18.333
7494,596628,3,-0.01,0.0,-0.02,0.004,2026-05-06 16:04:18.333
7495,596793,1,0.0,0.0,0.0,0.002,2026-05-06 16:04:18.333
7496,596912,3,-0.01,0.0,-0.01,0.003,2026-05-06 16:04:18.333
7497,597017,1,0.0,0.0,0.0,0.002,2026-05-06 16:04:18.333
7498,597074,2,-0.02,0.0,-0.02,0.002,2026-05-06 16:04:18.333
7499,597133,3,-0.01,0.0,-0.01,0.003,2026-05-06 16:04:18.333
7500,597290,1,0.0,0.0,0.0,0.002,2026-05-06 16:04:18.333
7501,597347,2,-0.02,0.0,-0.02,0.002,2026-05-06 16:04:18.333
7502,597406,3,-0.01,0.0,-0.01,0.003,2026-05-06 16:04:18.333
7503,597511,1,0.0,0.0,0.0,0.002,2026-05-06 16:04:18.333
7504,597568,2,-0.02,0.0,-0.02,0.002,2026-05-06 16:04:18.333
7505,597627,3,-0.01,0.0,-0.01,0.003,2026-05-06 16:04:18.333
7506,597696,1,0.0,0.0,0.0,0.002,2026-05-06 16:04:18.493
7507,597753,2,-0.02,0.0,-0.02,0.002,2026-05-06 16:04:18.493
7508,597812,3,-0.01,0.0,-0.0,0.002,2026-05-06 16:04:18.493
7509,597917,1,0.0,0.0,0.0,0.002,2026-05-06 16:04:18.493
7510,597974,2,-0.02,0.0,-0.02,0.002,2026-05-06 16:04:18.493
7511,598033,3,-0.01,0.0,-0.01,0.002,2026-05-06 16:04:18.493
7512,598138,1,0.0,0.0,0.0,0.002,2026-05-06 16:04:18.493
7513,598198,1,0.0,0.0,0.0,0.001,2026-05-06 16:04:18.493
7514,598255,2,-0.02,0.0,-0.02,0.001,2026-05-06 16:04:18.493
7515,598314,3,-0.01,0.0,-0.01,0.001,2026-05-06 16:04:18.493
7516,598419,1,0.0,0.0,0.0,0.001,2026-05-06 16:04:18.493
7517,598476,2,-0.02,0.0,-0.02,0.001,2026-05-06 16:04:18.493
7518,598535,3,-0.01,0.0,-0.01,0.001,2026-05-06 16:04:18.493
7519,598656,1,0.0,0.0,0.0,0.001,2026-05-06 16:04:18.493
7520,598713,2,-0.02,0.0,-0.02,0.001,2026-05-06 16:04:18.493
7521,598772,3,-0.01,0.0,-0.01,0.001,2026-05-06 16:04:18.493
7522,598877,1,0.0,0.0,-0.0,0.0,2026-05-06 16:04:18.493
7523,598935,2,-0.02,0.0,-0.02,0.0,2026-05-06 16:04:18.493
7524,598994,3,-0.01,0.0,-0.02,0.001,2026-05-06 16:04:18.493
7525,599159,1,0.0,0.0,0.0,-0.0,2026-05-06 16:04:18.493
7526,599217,2,-0.02,0.0,-0.02,0.0,2026-05-06 16:04:18.493
7527,599276,3,-0.01,0.0,-0.01,0.0,2026-05-06 16:04:18.493
7528,599381,1,0.0,0.0,0.0,0.0,2026-05-06 16:04:19.165
7529,599438,2,-0.02,0.0,-0.02,0.0,2026-05-06 16:04:19.165
7530,599497,3,-0.01,0.0,-0.0,0.0,2026-05-06 16:04:19.165
7531,599653,1,0.0,0.0,0.0,0.0,2026-05-06 16:04:19.165
7532,599710,2,-0.02,0.0,-0.02,0.0,2026-05-06 16:04:19.165
7533,599769,3,-0.01,0.0,-0.01,0.0,2026-05-06 16:04:19.165
7534,599874,1,0.0,0.0,0.0,0.0,2026-05-06 16:04:19.165
7535,599931,2,-0.02,0.0,-0.02,0.0,2026-05-06 16:04:19.165
7536,599990,3,-0.01,0.0,-0.01,0.0,2026-05-06 16:04:19.165
7537,600111,1,0.0,0.0,0.0,0.0,2026-05-06 16:04:19.165
7538,600168,2,-0.02,0.0,-0.02,0.001,2026-05-06 16:04:19.165
7539,600227,3,-0.01,0.0,-0.01,0.001,2026-05-06 16:04:19.165
7540,600332,1,0.0,0.0,0.0,0.001,2026-05-06 16:04:19.165
7541,600389,2,-0.02,0.0,-0.02,0.001,2026-05-06 16:04:19.165
7542,600448,3,-0.01,0.0,-0.01,0.001,2026-05-06 16:04:19.165
7543,600554,1,0.0,0.0,0.0,0.001,2026-05-06 16:04:19.165
7544,600611,2,-0.02,0.0,-0.02,0.001,2026-05-06 16:04:19.165
7545,600670,3,-0.01,0.0,-0.01,0.001,2026-05-06 16:04:19.165
7546,600775,1,0.0,0.0,0.0,0.001,2026-05-06 16:04:19.165
7547,600832,2,-0.02,0.0,-0.02,0.001,2026-05-06 16:04:19.165
7548,600891,3,-0.01,0.0,-0.01,0.001,2026-05-06 16:04:19.165
7549,601060,1,0.0,0.0,0.0,0.001,2026-05-06 16:04:19.165
7550,601117,2,-0.02,0.0,-0.02,0.001,2026-05-06 16:04:19.165
7551,601176,3,-0.01,0.0,-0.01,0.001,2026-05-06 16:04:19.165
7552,601281,1,0.0,0.0,-0.0,0.0,2026-05-06 16:04:19.165
7553,601339,2,-0.02,0.0,-0.02,0.001,2026-05-06 16:04:19.165
7554,601398,3,-0.01,0.0,-0.01,0.0,2026-05-06 16:04:19.165
7555,601519,1,0.0,0.0,0.0,-0.0,2026-05-06 16:04:19.165
7556,601577,2,-0.02,0.0,-0.02,0.0,2026-05-06 16:04:19.165
7557,601636,3,-0.01,0.0,-0.0,0.0,2026-05-06 16:04:19.165
7558,601741,1,0.0,0.0,0.0,0.0,2026-05-06 16:04:19.165
7559,601798,2,-0.02,0.0,-0.02,0.0,2026-05-06 16:04:19.165
7560,601857,3,-0.01,0.0,-0.01,-0.0,2026-05-06 16:04:19.165
7561,602009,1,0.0,0.0,0.0,0.0,2026-05-06 16:04:19.165
7562,602066,2,-0.02,0.0,-0.02,-0.0,2026-05-06 16:04:19.165
7563,602126,3,-0.01,0.0,-0.01,0.0,2026-05-06 16:04:19.165
7564,602231,1,0.0,0.0,0.0,0.0,2026-05-06 16:04:19.165
7565,602288,2,-0.02,0.0,-0.02,0.0,2026-05-06 16:04:19.165
7566,602347,3,-0.01,0.0,-0.01,0.0,2026-05-06 16:04:19.165
7567,602416,1,0.0,0.0,0.0,-0.0,2026-05-06 16:04:19.165
7568,602474,2,-0.02,0.0,-0.02,0.0,2026-05-06 16:04:19.165
7569,602533,3,-0.01,0.0,-0.01,-0.0,2026-05-06 16:04:19.165
7570,602639,1,0.0,0.0,0.0,0.0,2026-05-06 16:04:19.165
7571,602696,2,-0.02,0.0,-0.02,0.0,2026-05-06 16:04:19.165
7572,602755,3,-0.01,0.0,-0.01,0.0,2026-05-06 16:04:19.165
7573,602860,1,0.0,0.0,0.0,0.0,2026-05-06 16:04:19.165
7574,602965,1,0.0,0.0,0.0,0.0,2026-05-06 16:04:19.165
7575,603022,2,-0.02,0.0,-0.02,0.0,2026-05-06 16:04:19.165
7576,603081,3,-0.01,0.0,-0.01,0.0,2026-05-06 16:04:19.165
7577,603186,1,0.0,0.0,0.0,0.0,2026-05-06 16:04:19.165
7578,603243,2,-0.02,0.0,-0.02,0.0,2026-05-06 16:04:19.165
7579,603302,3,-0.01,0.0,-0.01,0.0,2026-05-06 16:04:19.165
7580,603423,1,0.0,0.0,0.0,0.0,2026-05-06 16:04:19.165
7581,603480,2,-0.02,0.0,-0.02,0.001,2026-05-06 16:04:19.165
7582,603539,3,-0.01,0.0,-0.0,0.001,2026-05-06 16:04:19.165
7583,603644,1,0.0,0.0,0.0,0.0,2026-05-06 16:04:19.165
7584,603701,2,-0.02,0.0,-0.02,0.0,2026-05-06 16:04:19.165
7585,603760,3,-0.01,0.0,-0.01,0.0,2026-05-06 16:04:19.165
7586,603912,1,0.0,0.0,-0.0,0.0,2026-05-06 16:04:19.165
7587,603970,2,-0.02,0.0,-0.02,-0.0,2026-05-06 16:04:19.165
7588,604030,3,-0.01,0.0,-0.01,0.0,2026-05-06 16:04:19.165
7589,604135,1,0.0,0.0,-0.0,0.0,2026-05-06 16:04:19.165
7590,604193,2,-0.02,0.0,-0.02,0.0,2026-05-06 16:04:19.165
7591,604252,3,-0.01,0.0,-0.01,0.0,2026-05-06 16:04:19.165
7592,604321,1,0.0,0.0,0.0,0.0,2026-05-06 16:04:19.165
7593,604378,2,-0.02,0.0,-0.02,0.0,2026-05-06 16:04:19.165
7594,604545,1,0.0,0.0,0.0,0.0,2026-05-06 16:04:19.165
7595,604602,2,-0.02,0.0,-0.02,0.0,2026-05-06 16:04:19.165
7596,604661,3,-0.01,0.0,-0.02,0.0,2026-05-06 16:04:19.165
7597,604766,1,0.0,0.0,0.0,0.0,2026-05-06 16:04:19.165
7598,604870,1,0.0,0.0,0.0,0.0,2026-05-06 16:04:19.165
7599,604927,2,-0.02,0.0,-0.02,0.0,2026-05-06 16:04:19.165
7600,604986,3,-0.01,0.0,-0.02,0.0,2026-05-06 16:04:19.165
7601,605091,1,0.0,0.0,0.0,0.0,2026-05-06 16:04:19.165
7602,605148,2,-0.02,0.0,-0.02,0.0,2026-05-06 16:04:19.165
7603,605207,3,-0.01,0.0,-0.01,0.0,2026-05-06 16:04:19.165
7604,605357,1,0.0,0.0,0.0,-0.0,2026-05-06 16:04:19.165
7605,605415,2,-0.02,0.0,-0.02,0.0,2026-05-06 16:04:19.165
7606,605474,3,-0.01,0.0,-0.01,-0.0,2026-05-06 16:04:19.165
7607,605580,1,0.0,0.0,0.0,0.0,2026-05-06 16:04:19.165
7608,605637,2,-0.02,0.0,-0.02,-0.0,2026-05-06 16:04:19.165
7609,605697,3,-0.01,0.0,-0.01,0.0,2026-05-06 16:04:19.165
7610,605818,1,0.0,0.0,0.0,-0.0,2026-05-06 16:04:19.165
7611,605876,2,-0.02,0.0,-0.02,0.0,2026-05-06 16:04:19.165
7612,605935,3,-0.01,0.0,-0.02,0.0,2026-05-06 16:04:19.165
7613,606084,1,0.0,0.0,0.0,0.0,2026-05-06 16:04:19.165
7614,606141,2,-0.02,0.0,-0.02,0.0,2026-05-06 16:04:19.165
7615,606200,3,-0.01,0.0,-0.01,0.0,2026-05-06 16:04:19.165
7616,606260,1,0.0,0.0,0.0,0.0,2026-05-06 16:04:19.165
7617,606317,2,-0.02,0.0,-0.02,0.0,2026-05-06 16:04:19.165
7618,606376,3,-0.01,0.0,-0.01,0.0,2026-05-06 16:04:19.165
7619,606481,1,0.0,0.0,0.0,0.0,2026-05-06 16:04:19.165
7620,606538,2,-0.02,0.0,-0.02,0.0,2026-05-06 16:04:19.165
7621,606597,3,-0.01,0.0,-0.01,0.0,2026-05-06 16:04:19.165
7622,606718,1,0.0,0.0,0.0,0.0,2026-05-06 16:04:19.165
7623,606775,2,-0.02,0.0,-0.02,0.0,2026-05-06 16:04:19.165
7624,606834,3,-0.01,0.0,-0.01,0.0,2026-05-06 16:04:19.165
7625,606939,1,0.0,0.0,0.0,0.0,2026-05-06 16:04:19.165
7626,606996,2,-0.02,0.0,-0.02,0.0,2026-05-06 16:04:19.165
7627,607055,3,-0.01,0.0,-0.02,0.0,2026-05-06 16:04:19.165
7628,607176,1,0.0,0.0,-0.0,0.0,2026-05-06 16:04:19.165
7629,607234,2,-0.02,0.0,-0.02,0.0,2026-05-06 16:04:19.165
7630,607293,3,-0.01,0.0,-0.01,0.0,2026-05-06 16:04:19.165
7631,607398,1,0.0,0.0,-0.0,0.0,2026-05-06 16:04:19.877
7632,607456,2,-0.02,0.0,-0.02,0.0,2026-05-06 16:04:19.877
7633,607515,3,-0.01,0.0,-0.01,0.0,2026-05-06 16:04:19.877
7634,607680,1,0.0,0.0,-0.0,0.0,2026-05-06 16:04:19.877
7635,607738,2,-0.02,0.0,-0.02,0.0,2026-05-06 16:04:19.877
7636,607797,3,-0.01,0.0,-0.01,0.0,2026-05-06 16:04:19.877
7637,607902,1,0.0,0.0,0.0,0.0,2026-05-06 16:04:19.877
7638,607959,2,-0.02,0.0,-0.02,-0.0,2026-05-06 16:04:19.877
7639,608019,3,-0.01,0.0,-0.01,0.0,2026-05-06 16:04:19.877
7640,608176,1,0.0,0.0,0.0,0.0,2026-05-06 16:04:19.877
7641,608233,2,-0.02,0.0,-0.02,-0.0,2026-05-06 16:04:19.877
7642,608293,3,-0.01,0.0,-0.01,0.0,2026-05-06 16:04:19.877
7643,608398,1,0.0,0.0,0.0,-0.0,2026-05-06 16:04:19.877
7644,608456,2,-0.02,0.0,-0.02,0.0,2026-05-06 16:04:19.877
7645,608515,3,-0.01,0.0,-0.02,0.0,2026-05-06 16:04:19.877
7646,608636,1,0.0,0.0,0.0,0.0,2026-05-06 16:04:19.877
7647,608693,2,-0.02,0.0,-0.02,0.0,2026-05-06 16:04:19.877
7648,608752,3,-0.01,0.0,-0.01,0.0,2026-05-06 16:04:19.877
7649,608857,1,0.0,0.0,0.0,0.0,2026-05-06 16:04:19.877
7650,608914,2,-0.02,0.0,-0.02,0.0,2026-05-06 16:04:19.877
7651,608973,3,-0.01,0.0,-0.01,0.0,2026-05-06 16:04:19.877
7652,609079,1,0.0,0.0,0.0,-0.0,2026-05-06 16:04:19.877
7653,609137,2,-0.02,0.0,-0.02,0.0,2026-05-06 16:04:19.877
7654,609196,3,-0.01,0.0,-0.01,-0.0,2026-05-06 16:04:19.877
7655,609302,1,0.0,0.0,0.0,0.0,2026-05-06 16:04:19.877
7656,609359,2,-0.02,0.0,-0.02,0.0,2026-05-06 16:04:19.877
7657,609418,3,-0.01,0.0,-0.0,0.0,2026-05-06 16:04:19.877
7658,609539,1,0.0,0.0,-0.0,0.0,2026-05-06 16:04:19.877
7659,609597,2,-0.02,0.0,-0.02,0.0,2026-05-06 16:04:19.877
7660,609656,3,-0.01,0.0,-0.01,0.0,2026-05-06 16:04:19.877
7661,609761,1,0.0,0.0,0.0,0.0,2026-05-06 16:04:19.877
7662,609818,2,-0.02,0.0,-0.02,0.0,2026-05-06 16:04:19.877
7663,609877,3,-0.01,0.0,-0.01,0.0,2026-05-06 16:04:19.877
7664,610042,1,0.0,0.0,0.0,0.0,2026-05-06 16:04:19.877
7665,610099,2,-0.02,0.0,-0.02,0.0,2026-05-06 16:04:19.877
7666,610158,3,-0.01,0.0,-0.01,0.0,2026-05-06 16:04:19.877
7667,610263,1,0.0,0.0,0.0,0.0,2026-05-06 16:04:19.877
7668,610320,2,-0.02,0.0,-0.02,0.0,2026-05-06 16:04:19.877
7669,610379,3,-0.01,0.0,-0.01,0.0,2026-05-06 16:04:19.877
7670,610534,1,0.0,0.0,-0.0,0.0,2026-05-06 16:04:19.877
7671,610592,2,-0.02,0.0,-0.02,0.0,2026-05-06 16:04:19.877
7672,610651,3,-0.01,0.0,-0.01,0.0,2026-05-06 16:04:19.877
7673,610756,1,0.0,0.0,0.0,0.0,2026-05-06 16:04:19.877
7674,610813,2,-0.02,0.0,-0.02,-0.0,2026-05-06 16:04:19.877
7675,610873,3,-0.01,0.0,-0.01,0.0,2026-05-06 16:04:19.877
7676,610994,1,0.0,0.0,0.0,-0.0,2026-05-06 16:04:19.877
7677,611052,2,-0.02,0.0,-0.02,0.0,2026-05-06 16:04:19.877
7678,611111,3,-0.01,0.0,-0.01,0.0,2026-05-06 16:04:19.877
7679,611216,1,0.0,0.0,-0.0,0.0,2026-05-06 16:04:19.877
7680,611274,2,-0.02,0.0,-0.02,0.0,2026-05-06 16:04:19.877
7681,611333,3,-0.01,0.0,-0.01,-0.0,2026-05-06 16:04:19.877
7682,611438,1,0.0,0.0,0.0,-0.0,2026-05-06 16:04:19.877
7683,611496,2,-0.02,0.0,-0.02,0.0,2026-05-06 16:04:19.877
7684,611555,3,-0.01,0.0,-0.01,-0.0,2026-05-06 16:04:19.877
7685,611661,1,0.0,0.0,0.0,0.0,2026-05-06 16:04:19.877
7686,611718,2,-0.02,0.0,-0.02,-0.0,2026-05-06 16:04:19.877
7687,611778,3,-0.01,0.0,-0.01,0.0,2026-05-06 16:04:19.877
7688,611899,1,0.0,0.0,0.0,0.0,2026-05-06 16:04:19.877
7689,611956,2,-0.02,0.0,-0.02,-0.0,2026-05-06 16:04:19.877
7690,612124,1,0.0,0.0,0.0,0.0,2026-05-06 16:04:19.877
7691,612181,2,-0.02,0.0,-0.02,0.0,2026-05-06 16:04:19.877
7692,612240,3,-0.01,0.0,-0.01,0.0,2026-05-06 16:04:19.877
7693,612361,1,0.0,0.0,0.0,0.0,2026-05-06 16:04:19.877
7694,612418,2,-0.02,0.0,-0.02,0.0,2026-05-06 16:04:19.877
7695,612477,3,-0.01,0.0,-0.02,0.0,2026-05-06 16:04:19.877
7696,612582,1,0.0,0.0,0.0,0.0,2026-05-06 16:04:19.877
7697,612639,2,-0.02,0.0,-0.02,0.0,2026-05-06 16:04:19.877
7698,612698,3,-0.01,0.0,-0.01,0.0,2026-05-06 16:04:19.877
7699,612884,1,0.0,0.0,0.0,0.0,2026-05-06 16:04:19.877
7700,612941,2,-0.02,0.0,-0.02,0.0,2026-05-06 16:04:19.877
7701,613000,3,-0.01,0.0,-0.01,0.0,2026-05-06 16:04:19.877
7702,613105,1,0.0,0.0,-0.0,0.0,2026-05-06 16:04:19.877
7703,613163,2,-0.02,0.0,-0.02,0.0,2026-05-06 16:04:19.877
7704,613222,3,-0.01,0.0,-0.01,0.0,2026-05-06 16:04:19.877
7705,613343,1,0.0,0.0,0.0,0.0,2026-05-06 16:04:19.877
7706,613400,2,-0.02,0.0,-0.02,0.0,2026-05-06 16:04:19.877
7707,613459,3,-0.01,0.0,-0.01,0.0,2026-05-06 16:04:19.877
7708,613564,1,0.0,0.0,0.0,0.0,2026-05-06 16:04:19.877
7709,613621,2,-0.02,0.0,-0.02,0.0,2026-05-06 16:04:19.877
7710,613680,3,-0.01,0.0,-0.01,0.0,2026-05-06 16:04:19.877
7711,613832,1,0.0,0.0,0.0,0.0,2026-05-06 16:04:19.877
7712,613889,2,-0.02,0.0,-0.02,0.0,2026-05-06 16:04:19.877
7713,613948,3,-0.01,0.0,-0.01,-0.0,2026-05-06 16:04:19.877
7714,614054,1,0.0,0.0,0.0,-0.0,2026-05-06 16:04:19.877
7715,614112,2,-0.02,0.0,-0.02,0.0,2026-05-06 16:04:19.877
7716,614171,3,-0.01,0.0,-0.01,0.0,2026-05-06 16:04:19.877
7717,614240,1,0.0,0.0,0.0,-0.0,2026-05-06 16:04:19.877
7718,614298,2,-0.02,0.0,-0.02,0.0,2026-05-06 16:04:19.877
7719,614357,3,-0.01,0.0,-0.01,-0.0,2026-05-06 16:04:19.877
7720,614463,1,0.0,0.0,0.0,-0.0,2026-05-06 16:04:19.877
7721,614521,2,-0.02,0.0,-0.02,0.0,2026-05-06 16:04:19.877
7722,614580,3,-0.01,0.0,-0.02,-0.0,2026-05-06 16:04:19.877
7723,614686,1,0.0,0.0,0.0,-0.0,2026-05-06 16:04:19.877
7724,614790,1,0.0,0.0,-0.0,-0.0,2026-05-06 16:04:19.877
7725,614849,2,-0.02,0.0,-0.02,0.0,2026-05-06 16:04:19.877
7726,614908,3,-0.01,0.0,-0.01,0.0,2026-05-06 16:04:19.877
7727,615013,1,0.0,0.0,0.0,0.0,2026-05-06 16:04:19.877
7728,615070,2,-0.02,0.0,-0.02,0.0,2026-05-06 16:04:19.877
7729,615129,3,-0.01,0.0,-0.01,0.0,2026-05-06 16:04:19.877
7730,615250,1,0.0,0.0,0.0,0.0,2026-05-06 16:04:19.877
7731,615307,2,-0.02,0.0,-0.02,-0.0,2026-05-06 16:04:19.877
7732,615367,3,-0.01,0.0,-0.01,-0.0,2026-05-06 16:04:19.877
7733,615473,1,0.0,0.0,-0.0,0.0,2026-05-06 16:04:20.115
7734,615531,2,-0.02,0.0,-0.02,-0.0,2026-05-06 16:04:20.115
7735,615591,3,-0.01,0.0,-0.0,0.0,2026-05-06 16:04:20.115
7736,615712,1,0.0,0.0,0.0,0.0,2026-05-06 16:04:20.115
7737,615769,2,-0.02,0.0,-0.02,0.0,2026-05-06 16:04:20.115
7738,615828,3,-0.01,0.0,-0.01,0.0,2026-05-06 16:04:20.115
7739,615933,1,0.0,0.0,0.0,0.0,2026-05-06 16:04:20.115
7740,615990,2,-0.02,0.0,-0.02,0.0,2026-05-06 16:04:20.115
7741,616049,3,-0.01,0.0,-0.01,0.0,2026-05-06 16:04:20.115
7742,616155,1,0.0,0.0,0.0,0.0,2026-05-06 16:04:20.115
7743,616212,2,-0.02,0.0,-0.02,-0.0,2026-05-06 16:04:20.115
7744,616272,3,-0.01,0.0,-0.01,0.0,2026-05-06 16:04:20.115
7745,616377,1,0.0,0.0,0.0,0.0,2026-05-06 16:04:20.115
7746,616434,2,-0.02,0.0,-0.02,0.0,2026-05-06 16:04:20.115
7747,616493,3,-0.01,0.0,-0.0,0.0,2026-05-06 16:04:20.115
7748,616688,1,0.0,0.0,0.0,0.0,2026-05-06 16:04:20.115
7749,616745,2,-0.02,0.0,-0.02,0.0,2026-05-06 16:04:20.115
7750,616804,3,-0.01,0.0,-0.0,0.0,2026-05-06 16:04:20.115
7751,616909,1,0.0,0.0,-0.0,0.0,2026-05-06 16:04:20.115
7752,616967,2,-0.02,0.0,-0.02,0.0,2026-05-06 16:04:20.115
7753,617026,3,-0.01,0.0,-0.01,0.0,2026-05-06 16:04:20.115
7754,617147,1,0.0,0.0,0.0,0.0,2026-05-06 16:04:20.115
7755,617204,2,-0.02,0.0,-0.02,0.0,2026-05-06 16:04:20.115
7756,617263,3,-0.01,0.0,-0.01,0.0,2026-05-06 16:04:20.115
7757,617368,1,0.0,0.0,0.0,0.0,2026-05-06 16:04:20.115
7758,617425,2,-0.02,0.0,-0.02,-0.0,2026-05-06 16:04:20.115
7759,617485,3,-0.01,0.0,-0.01,-0.0,2026-05-06 16:04:20.115
7760,617637,1,0.0,0.0,0.0,-0.0,2026-05-06 16:04:20.397
7761,617695,2,-0.02,0.0,-0.02,0.0,2026-05-06 16:04:20.397
7762,617754,3,-0.01,0.0,-0.0,0.0,2026-05-06 16:04:20.397
7763,617859,1,0.0,0.0,0.0,0.0,2026-05-06 16:04:20.397
7764,617916,2,-0.02,0.0,-0.02,0.0,2026-05-06 16:04:20.397
7765,617975,3,-0.01,0.0,-0.02,0.0,2026-05-06 16:04:20.397
7766,618096,1,0.0,0.0,0.0,0.0,2026-05-06 16:04:20.397
7767,618153,2,-0.02,0.0,-0.02,0.0,2026-05-06 16:04:20.397
7768,618212,3,-0.01,0.0,-0.01,0.0,2026-05-06 16:04:20.397
7769,618317,1,0.0,0.0,-0.0,0.0,2026-05-06 16:04:20.397
7770,618375,2,-0.02,0.0,-0.02,0.0,2026-05-06 16:04:20.397
7771,618434,3,-0.01,0.0,-0.01,0.0,2026-05-06 16:04:20.397
7772,618585,1,0.0,0.0,0.0,-0.0,2026-05-06 16:04:20.397
7773,618643,2,-0.02,0.0,-0.02,0.0,2026-05-06 16:04:20.397
7774,618702,3,-0.01,0.0,-0.01,0.0,2026-05-06 16:04:20.397
7775,618807,1,0.0,0.0,-0.0,0.0,2026-05-06 16:04:20.397
7776,618865,2,-0.02,0.0,-0.02,0.0,2026-05-06 16:04:20.397
7777,618924,3,-0.01,0.0,-0.01,0.0,2026-05-06 16:04:20.397
7778,618993,1,0.0,0.0,-0.0,-0.0,2026-05-06 16:04:20.397
7779,619052,2,-0.02,0.0,-0.02,0.0,2026-05-06 16:04:20.397
7780,619111,3,-0.01,0.0,-0.01,-0.0,2026-05-06 16:04:20.397
7781,619217,1,0.0,0.0,0.0,0.0,2026-05-06 16:04:20.397
7782,619274,2,-0.02,0.0,-0.02,0.0,2026-05-06 16:04:20.397
7783,619333,3,-0.01,0.0,-0.01,0.0,2026-05-06 16:04:20.397
7784,619438,1,0.0,0.0,0.0,0.0,2026-05-06 16:04:20.397
7785,619542,1,0.0,0.0,0.0,0.0,2026-05-06 16:04:20.397
7786,619661,3,-0.01,0.0,-0.01,-0.0,2026-05-06 16:04:20.397
7787,619767,1,0.0,0.0,0.0,0.0,2026-05-06 16:04:20.397
7788,619824,2,-0.02,0.0,-0.02,0.0,2026-05-06 16:04:20.397
7789,619883,3,-0.01,0.0,-0.01,0.0,2026-05-06 16:04:20.397
7790,620004,1,0.0,0.0,0.0,-0.0,2026-05-06 16:04:20.397
7791,620062,2,-0.02,0.0,-0.02,0.0,2026-05-06 16:04:20.397
7792,620121,3,-0.01,0.0,-0.01,0.0,2026-05-06 16:04:20.397
7793,620226,1,0.0,0.0,0.0,-0.0,2026-05-06 16:04:20.397
7794,620284,2,-0.02,0.0,-0.02,-0.0,2026-05-06 16:04:20.397
7795,620344,3,-0.01,0.0,-0.01,0.0,2026-05-06 16:04:20.397
7796,620494,1,0.0,0.0,-0.0,0.0,2026-05-06 16:04:20.397
7797,620552,2,-0.02,0.0,-0.02,-0.0,2026-05-06 16:04:20.397
7798,620612,3,-0.01,0.0,-0.01,0.0,2026-05-06 16:04:20.397
7799,620717,1,0.0,0.0,0.0,0.0,2026-05-06 16:04:20.397
7800,620774,2,-0.02,0.0,-0.02,0.0,2026-05-06 16:04:20.397
7801,620833,3,-0.01,0.0,-0.01,0.0,2026-05-06 16:04:20.397
7802,620902,1,0.0,0.0,0.0,-0.0,2026-05-06 16:04:20.776
7803,620960,2,-0.02,0.0,-0.02,0.0,2026-05-06 16:04:20.776
7804,621019,3,-0.01,0.0,-0.01,0.0,2026-05-06 16:04:20.776
7805,621124,1,0.0,0.0,0.0,0.0,2026-05-06 16:04:20.776
7806,621181,2,-0.02,0.0,-0.02,0.0,2026-05-06 16:04:20.776
7807,621240,3,-0.01,0.0,-0.01,0.0,2026-05-06 16:04:20.776
7808,621345,1,0.0,0.0,0.0,0.0,2026-05-06 16:04:20.776
7809,621450,1,0.0,0.0,0.0,0.0,2026-05-06 16:04:20.776
7810,621507,2,-0.02,0.0,-0.02,0.0,2026-05-06 16:04:20.776
7811,621566,3,-0.01,0.0,-0.01,0.0,2026-05-06 16:04:20.776
7812,621671,1,0.0,0.0,0.0,0.0,2026-05-06 16:04:20.776
7813,621728,2,-0.02,0.0,-0.02,0.0,2026-05-06 16:04:20.776
7814,621787,3,-0.01,0.0,-0.0,-0.0,2026-05-06 16:04:20.776
7815,621909,1,0.0,0.0,0.0,0.0,2026-05-06 16:04:20.776
7816,621966,2,-0.02,0.0,-0.02,-0.0,2026-05-06 16:04:20.776
7817,622026,3,-0.01,0.0,-0.01,0.0,2026-05-06 16:04:20.776
7818,622131,1,0.0,0.0,-0.0,0.0,2026-05-06 16:04:20.776
7819,622189,2,-0.02,0.0,-0.02,0.0,2026-05-06 16:04:20.776
7820,622248,3,-0.01,0.0,-0.01,0.0,2026-05-06 16:04:20.776
7821,622399,1,0.0,0.0,0.0,0.0,2026-05-06 16:04:20.776
7822,622456,2,-0.02,0.0,-0.02,0.0,2026-05-06 16:04:20.776
7823,622515,3,-0.01,0.0,-0.01,0.0,2026-05-06 16:04:20.776
7824,622620,1,0.0,0.0,0.0,0.0,2026-05-06 16:04:20.776
7825,622677,2,-0.02,0.0,-0.02,-0.0,2026-05-06 16:04:20.776
7826,622737,3,-0.01,0.0,-0.01,0.0,2026-05-06 16:04:20.776
7827,622806,1,0.0,0.0,0.0,0.0,2026-05-06 16:04:20.776
7828,622863,2,-0.02,0.0,-0.02,-0.0,2026-05-06 16:04:20.776
7829,622923,3,-0.01,0.0,-0.01,-0.0,2026-05-06 16:04:20.776
7830,623029,1,0.0,0.0,0.0,0.0,2026-05-06 16:04:20.776
7831,623086,2,-0.02,0.0,-0.02,0.0,2026-05-06 16:04:20.776
7832,623145,3,-0.01,0.0,-0.01,-0.0,2026-05-06 16:04:20.776
7833,623251,1,0.0,0.0,0.0,0.0,2026-05-06 16:04:20.776
7834,623355,1,0.0,0.0,0.0,-0.0,2026-05-06 16:04:20.776
7835,623413,2,-0.02,0.0,-0.02,-0.0,2026-05-06 16:04:20.776
7836,623473,3,-0.01,0.0,-0.01,-0.0,2026-05-06 16:04:20.776
7837,623579,1,0.0,0.0,0.0,0.0,2026-05-06 16:04:20.776
7838,623636,2,-0.02,0.0,-0.02,0.0,2026-05-06 16:04:20.776
7839,623695,3,-0.01,0.0,-0.01,0.0,2026-05-06 16:04:20.776
7840,623816,1,0.0,0.0,0.0,0.0,2026-05-06 16:04:20.776
7841,623873,2,-0.02,0.0,-0.02,0.0,2026-05-06 16:04:20.776
7842,623932,3,-0.01,0.0,-0.01,0.0,2026-05-06 16:04:20.776
7843,624037,1,0.0,0.0,0.0,0.0,2026-05-06 16:04:20.776
7844,624094,2,-0.02,0.0,-0.02,0.0,2026-05-06 16:04:20.776
7845,624153,3,-0.01,0.0,-0.01,0.0,2026-05-06 16:04:20.776
7846,624304,1,0.0,0.0,0.0,0.0,2026-05-06 16:04:20.776
7847,624361,2,-0.02,0.0,-0.02,0.0,2026-05-06 16:04:20.776
7848,624420,3,-0.01,0.0,-0.01,0.0,2026-05-06 16:04:20.776
7849,624525,1,0.0,0.0,-0.0,0.0,2026-05-06 16:04:20.776
7850,624583,2,-0.02,0.0,-0.02,0.0,2026-05-06 16:04:20.776
7851,624642,3,-0.01,0.0,-0.01,0.0,2026-05-06 16:04:20.776
7852,624711,1,0.0,0.0,0.0,0.0,2026-05-06 16:04:20.776
7853,624768,2,-0.02,0.0,-0.02,0.0,2026-05-06 16:04:20.776
7854,624827,3,-0.01,0.0,-0.01,0.0,2026-05-06 16:04:20.776
7855,624932,1,0.0,0.0,0.0,0.0,2026-05-06 16:04:20.776
7856,624989,2,-0.02,0.0,-0.02,0.0,2026-05-06 16:04:20.776
7857,625048,3,-0.01,0.0,-0.01,0.0,2026-05-06 16:04:20.776
7858,625153,1,0.0,0.0,0.0,0.0,2026-05-06 16:04:20.902
7859,625258,1,0.0,0.0,0.0,0.0,2026-05-06 16:04:20.902
7860,625315,2,-0.02,0.0,-0.02,0.0,2026-05-06 16:04:20.902
7861,625374,3,-0.01,0.0,-0.01,0.0,2026-05-06 16:04:20.902
7862,625479,1,0.0,0.0,0.0,0.0,2026-05-06 16:04:20.902
7863,625536,2,-0.02,0.0,-0.02,0.0,2026-05-06 16:04:20.902
7864,625595,3,-0.01,0.0,-0.01,0.0,2026-05-06 16:04:20.902
7865,625745,1,0.0,0.0,0.0,0.0,2026-05-06 16:04:20.902
7866,625802,2,-0.02,0.0,-0.02,0.0,2026-05-06 16:04:20.902
7867,625861,3,-0.01,0.0,-0.01,0.0,2026-05-06 16:04:20.902
7868,625966,1,0.0,0.0,0.0,0.0,2026-05-06 16:04:20.902
7869,626023,2,-0.02,0.0,-0.02,0.0,2026-05-06 16:04:20.902
7870,626082,3,-0.01,0.0,-0.01,0.0,2026-05-06 16:04:20.902
7871,626203,1,0.0,0.0,0.0,0.0,2026-05-06 16:04:20.902
7872,626260,2,-0.02,0.0,-0.02,0.0,2026-05-06 16:04:20.902
7873,626319,3,-0.01,0.0,-0.01,0.0,2026-05-06 16:04:20.902
7874,626424,1,0.0,0.0,0.0,0.0,2026-05-06 16:04:20.902
7875,626481,2,-0.02,0.0,-0.02,0.0,2026-05-06 16:04:21.578
7876,626540,3,-0.01,0.0,-0.01,0.0,2026-05-06 16:04:21.578
7877,626646,1,0.0,0.0,0.0,0.0,2026-05-06 16:04:21.578
7878,626703,2,-0.02,0.0,-0.02,0.0,2026-05-06 16:04:21.578
7879,626762,3,-0.01,0.0,-0.01,0.0,2026-05-06 16:04:21.578
7880,626867,1,0.0,0.0,0.0,0.0,2026-05-06 16:04:21.578
7881,626924,2,-0.02,0.0,-0.02,0.0,2026-05-06 16:04:21.578
7882,626983,3,-0.01,0.0,-0.01,-0.0,2026-05-06 16:04:21.578
7883,627153,1,0.0,0.0,-0.0,0.0,2026-05-06 16:04:21.578
7884,627273,3,-0.01,0.0,-0.01,0.0,2026-05-06 16:04:21.578
7885,627378,1,0.0,0.0,0.0,0.0,2026-05-06 16:04:21.578
7886,627435,2,-0.02,0.0,-0.02,0.0,2026-05-06 16:04:21.578
7887,627494,3,-0.01,0.0,-0.0,0.0,2026-05-06 16:04:21.578
7888,627645,1,0.0,0.0,-0.0,0.0,2026-05-06 16:04:21.578
7889,627703,2,-0.02,0.0,-0.02,-0.0,2026-05-06 16:04:21.578
7890,627763,3,-0.01,0.0,-0.01,0.0,2026-05-06 16:04:21.578
7891,627868,1,0.0,0.0,-0.0,0.0,2026-05-06 16:04:21.578
7892,627926,2,-0.02,0.0,-0.02,-0.0,2026-05-06 16:04:21.578
7893,627986,3,-0.01,0.0,-0.01,0.0,2026-05-06 16:04:21.578
7894,628107,1,0.0,0.0,0.0,0.0,2026-05-06 16:04:21.578
7895,628164,2,-0.02,0.0,-0.02,0.0,2026-05-06 16:04:21.578
7896,628223,3,-0.01,0.0,-0.01,0.0,2026-05-06 16:04:21.578
7897,628328,1,0.0,0.0,0.0,0.0,2026-05-06 16:04:21.578
7898,628385,2,-0.02,0.0,-0.02,0.0,2026-05-06 16:04:21.578
7899,628444,3,-0.01,0.0,-0.01,-0.0,2026-05-06 16:04:21.578
7900,628549,1,0.0,0.0,0.0,0.0,2026-05-06 16:04:21.578
7901,628606,2,-0.02,0.0,-0.02,0.0,2026-05-06 16:04:21.578
7902,628665,3,-0.01,0.0,-0.02,0.0,2026-05-06 16:04:21.578
7903,628770,1,0.0,0.0,0.0,0.0,2026-05-06 16:04:21.578
7904,628827,2,-0.02,0.0,-0.02,0.0,2026-05-06 16:04:21.578
7905,628886,3,-0.01,0.0,-0.01,0.0,2026-05-06 16:04:21.578
7906,629051,1,0.0,0.0,0.0,0.0,2026-05-06 16:04:21.578
7907,629108,2,-0.02,0.0,-0.02,0.0,2026-05-06 16:04:21.578
7908,629167,3,-0.01,0.0,-0.01,0.0,2026-05-06 16:04:21.578
7909,629272,1,0.0,0.0,0.0,-0.0,2026-05-06 16:04:21.578
7910,629330,2,-0.02,0.0,-0.02,-0.0,2026-05-06 16:04:21.578
7911,629390,3,-0.01,0.0,-0.01,0.0,2026-05-06 16:04:21.578
7912,629544,1,0.0,0.0,0.0,0.0,2026-05-06 16:04:21.578
7913,629601,2,-0.02,0.0,-0.02,0.0,2026-05-06 16:04:21.578
7914,629660,3,-0.01,0.0,-0.01,0.0,2026-05-06 16:04:21.578
7915,629765,1,0.0,0.0,0.0,0.0,2026-05-06 16:04:21.578
7916,629822,2,-0.02,0.0,-0.02,0.0,2026-05-06 16:04:21.578
7917,629881,3,-0.01,0.0,-0.01,0.0,2026-05-06 16:04:21.578
7918,630002,1,0.0,0.0,0.0,0.0,2026-05-06 16:04:21.578
7919,630059,2,-0.02,0.0,-0.02,0.0,2026-05-06 16:04:21.578
7920,630118,3,-0.01,0.0,-0.01,0.0,2026-05-06 16:04:21.578
7921,630223,1,0.0,0.0,-0.0,0.0,2026-05-06 16:04:21.578
7922,630281,2,-0.02,0.0,-0.02,-0.0,2026-05-06 16:04:21.578
7923,630341,3,-0.01,0.0,-0.01,0.0,2026-05-06 16:04:21.578
7924,630446,1,0.0,0.0,0.0,0.0,2026-05-06 16:04:21.578
7925,630503,2,-0.02,0.0,-0.02,0.0,2026-05-06 16:04:21.578
7926,630562,3,-0.01,0.0,-0.01,0.0,2026-05-06 16:04:21.578
7927,630667,1,0.0,0.0,0.0,0.0,2026-05-06 16:04:21.578
7928,630724,2,-0.02,0.0,-0.02,0.0,2026-05-06 16:04:21.578
7929,630783,3,-0.01,0.0,-0.01,0.0,2026-05-06 16:04:21.578
7930,630948,1,0.0,0.0,0.0,0.0,2026-05-06 16:04:21.578
7931,631005,2,-0.02,0.0,-0.02,0.0,2026-05-06 16:04:21.578
7932,631064,3,-0.01,0.0,-0.01,0.0,2026-05-06 16:04:21.578
7933,631169,1,0.0,0.0,0.0,0.0,2026-05-06 16:04:21.578
7934,631226,2,-0.02,0.0,-0.02,0.0,2026-05-06 16:04:21.578
7935,631285,3,-0.01,0.0,-0.01,0.0,2026-05-06 16:04:21.578
7936,631439,1,0.0,0.0,-0.0,0.0,2026-05-06 16:04:21.578
7937,631497,2,-0.02,0.0,-0.02,0.0,2026-05-06 16:04:21.578
7938,631556,3,-0.01,0.0,-0.01,0.0,2026-05-06 16:04:21.578
7939,631661,1,0.0,0.0,0.0,0.0,2026-05-06 16:04:21.578
7940,631718,2,-0.02,0.0,-0.02,0.0,2026-05-06 16:04:21.578
7941,631777,3,-0.01,0.0,-0.01,0.0,2026-05-06 16:04:21.578
7942,631898,1,0.0,0.0,0.0,0.0,2026-05-06 16:04:21.578
7943,631955,2,-0.02,0.0,-0.02,0.0,2026-05-06 16:04:21.578
7944,632014,3,-0.01,0.0,-0.01,0.0,2026-05-06 16:04:21.578
7945,632119,1,0.0,0.0,0.0,0.0,2026-05-06 16:04:21.578
7946,632176,2,-0.02,0.0,-0.02,-0.0,2026-05-06 16:04:21.578
7947,632236,3,-0.01,0.0,-0.01,0.0,2026-05-06 16:04:21.578
7948,632342,1,0.0,0.0,-0.0,0.0,2026-05-06 16:04:21.578
7949,632400,2,-0.02,0.0,-0.02,0.0,2026-05-06 16:04:21.578
7950,632459,3,-0.01,0.0,-0.01,0.0,2026-05-06 16:04:21.578
7951,632564,1,0.0,0.0,0.0,0.0,2026-05-06 16:04:21.578
7952,632621,2,-0.02,0.0,-0.02,0.0,2026-05-06 16:04:21.578
7953,632680,3,-0.01,0.0,-0.01,0.0,2026-05-06 16:04:21.578
7954,632845,1,0.0,0.0,0.0,0.0,2026-05-06 16:04:21.578
7955,632902,2,-0.02,0.0,-0.02,0.0,2026-05-06 16:04:21.578
7956,632961,3,-0.01,0.0,-0.01,0.0,2026-05-06 16:04:21.578
7957,633066,1,0.0,0.0,0.0,0.0,2026-05-06 16:04:21.578
7958,633123,2,-0.02,0.0,-0.02,0.0,2026-05-06 16:04:21.578
7959,633182,3,-0.01,0.0,-0.01,0.0,2026-05-06 16:04:21.578
7960,633336,1,0.0,0.0,-0.0,0.0,2026-05-06 16:04:21.578
7961,633394,2,-0.02,0.0,-0.02,0.0,2026-05-06 16:04:21.578
7962,633453,3,-0.01,0.0,-0.0,0.0,2026-05-06 16:04:21.578
7963,633558,1,0.0,0.0,0.0,0.0,2026-05-06 16:04:21.578
7964,633615,2,-0.02,0.0,-0.02,0.0,2026-05-06 16:04:21.578
7965,633674,3,-0.01,0.0,-0.01,0.0,2026-05-06 16:04:21.578
7966,633795,1,0.0,0.0,0.0,0.0,2026-05-06 16:04:21.578
7967,633852,2,-0.02,0.0,-0.02,0.0,2026-05-06 16:04:21.578
7968,633911,3,-0.01,0.0,-0.01,0.0,2026-05-06 16:04:21.578
7969,634016,1,0.0,0.0,-0.0,0.0,2026-05-06 16:04:21.578
7970,634074,2,-0.02,0.0,-0.02,0.0,2026-05-06 16:04:21.578
7971,634133,3,-0.01,0.0,-0.01,0.0,2026-05-06 16:04:21.578
7972,634238,1,0.0,0.0,0.0,-0.0,2026-05-06 16:04:21.578
7973,634296,2,-0.02,0.0,-0.02,0.0,2026-05-06 16:04:21.578
7974,634355,3,-0.01,0.0,-0.01,0.0,2026-05-06 16:04:21.578
7975,634460,1,0.0,0.0,0.0,0.0,2026-05-06 16:04:21.578
7976,634517,2,-0.02,0.0,-0.02,0.0,2026-05-06 16:04:22.310
7977,634576,3,-0.01,0.0,-0.01,0.0,2026-05-06 16:04:22.310
7978,634741,1,0.0,0.0,0.0,0.0,2026-05-06 16:04:22.310
7979,634860,3,-0.01,0.0,-0.01,0.0,2026-05-06 16:04:22.310
7980,634965,1,0.0,0.0,0.0,0.0,2026-05-06 16:04:22.310
7981,635022,2,-0.02,0.0,-0.02,0.0,2026-05-06 16:04:22.310
7982,635081,3,-0.01,0.0,-0.02,0.0,2026-05-06 16:04:22.310
7983,635235,1,0.0,0.0,0.0,0.0,2026-05-06 16:04:22.310
7984,635292,2,-0.02,0.0,-0.02,0.0,2026-05-06 16:04:22.310
7985,635351,3,-0.01,0.0,-0.01,0.0,2026-05-06 16:04:22.310
7986,635456,1,0.0,0.0,0.0,0.0,2026-05-06 16:04:22.310
7987,635513,2,-0.02,0.0,-0.02,0.0,2026-05-06 16:04:22.310
7988,635572,3,-0.01,0.0,-0.01,-0.0,2026-05-06 16:04:22.310
7989,635694,1,0.0,0.0,0.0,0.0,2026-05-06 16:04:22.310
7990,635751,2,-0.02,0.0,-0.02,-0.0,2026-05-06 16:04:22.310
7991,635811,3,-0.01,0.0,-0.01,0.0,2026-05-06 16:04:22.310
7992,635916,1,0.0,0.0,0.0,0.0,2026-05-06 16:04:22.310
7993,635973,2,-0.02,0.0,-0.02,0.0,2026-05-06 16:04:22.310
7994,636032,3,-0.01,0.0,-0.01,0.0,2026-05-06 16:04:22.310
7995,636137,1,0.0,0.0,0.0,0.0,2026-05-06 16:04:22.310
7996,636194,2,-0.02,0.0,-0.02,0.0,2026-05-06 16:04:22.310
7997,636253,3,-0.01,0.0,-0.01,0.0,2026-05-06 16:04:22.310
7998,636358,1,0.0,0.0,0.0,0.0,2026-05-06 16:04:22.310
7999,636415,2,-0.02,0.0,-0.02,0.0,2026-05-06 16:04:22.310
8000,636474,3,-0.01,0.0,-0.01,0.0,2026-05-06 16:04:22.310
8001,636639,1,0.0,0.0,0.0,0.0,2026-05-06 16:04:22.310
8002,636696,2,-0.02,0.0,-0.02,0.0,2026-05-06 16:04:22.310
8003,636755,3,-0.01,0.0,-0.01,-0.0,2026-05-06 16:04:22.310
8004,636861,1,0.0,0.0,0.0,0.0,2026-05-06 16:04:22.310
8005,636918,2,-0.02,0.0,-0.02,0.0,2026-05-06 16:04:22.310
8006,636977,3,-0.01,0.0,-0.01,0.0,2026-05-06 16:04:22.310
8007,637131,1,0.0,0.0,0.0,0.0,2026-05-06 16:04:22.310
8008,637188,2,-0.02,0.0,-0.02,0.0,2026-05-06 16:04:22.310
8009,637247,3,-0.01,0.0,-0.01,0.0,2026-05-06 16:04:22.310
8010,637352,1,0.0,0.0,0.0,0.0,2026-05-06 16:04:22.310
8011,637409,2,-0.02,0.0,-0.02,0.0,2026-05-06 16:04:22.310
8012,637468,3,-0.01,0.0,-0.01,0.0,2026-05-06 16:04:22.310
8013,637585,1,0.0,0.0,0.0,0.0,2026-05-06 16:04:22.310
8014,637642,2,-0.02,0.0,-0.02,0.0,2026-05-06 16:04:22.310
8015,637701,3,-0.01,0.0,-0.01,-0.0,2026-05-06 16:04:22.310
8016,637807,1,0.0,0.0,0.0,0.0,2026-05-06 16:04:22.310
8017,637864,2,-0.02,0.0,-0.02,-0.0,2026-05-06 16:04:22.310
8018,637924,3,-0.01,0.0,-0.01,0.0,2026-05-06 16:04:22.310
8019,638035,1,0.0,0.0,0.0,0.0,2026-05-06 16:04:22.310
8020,638092,2,-0.02,0.0,-0.02,0.0,2026-05-06 16:04:22.310
8021,638151,3,-0.01,0.0,-0.01,0.0,2026-05-06 16:04:22.310
8022,638256,1,0.0,0.0,0.0,0.0,2026-05-06 16:04:22.310
8023,638313,2,-0.02,0.0,-0.02,0.0,2026-05-06 16:04:22.310
8024,638372,3,-0.01,0.0,-0.01,0.0,2026-05-06 16:04:22.310
8025,638537,1,0.0,0.0,0.0,0.0,2026-05-06 16:04:22.310
8026,638594,2,-0.02,0.0,-0.02,0.0,2026-05-06 16:04:22.310
8027,638653,3,-0.01,0.0,-0.01,0.0,2026-05-06 16:04:22.310
8028,638758,1,0.0,0.0,0.0,0.0,2026-05-06 16:04:22.310
8029,638815,2,-0.02,0.0,-0.02,0.0,2026-05-06 16:04:22.310
8030,638874,3,-0.01,0.0,-0.01,0.0,2026-05-06 16:04:22.310
8031,639028,1,0.0,0.0,0.0,0.0,2026-05-06 16:04:22.310
8032,639085,2,-0.02,0.0,-0.02,0.0,2026-05-06 16:04:22.310
8033,639144,3,-0.01,0.0,-0.01,0.0,2026-05-06 16:04:22.310
8034,639249,1,0.0,0.0,0.0,0.0,2026-05-06 16:04:22.310
8035,639306,2,-0.02,0.0,-0.02,0.0,2026-05-06 16:04:22.310
8036,639365,3,-0.01,0.0,-0.01,0.0,2026-05-06 16:04:22.310
8037,639469,1,0.0,0.0,0.0,0.0,2026-05-06 16:04:22.310
8038,639526,2,-0.02,0.0,-0.02,0.0,2026-05-06 16:04:22.310
8039,639585,3,-0.01,0.0,-0.02,0.0,2026-05-06 16:04:22.310
8040,639690,1,0.0,0.0,0.0,0.0,2026-05-06 16:04:22.310
8041,639747,2,-0.02,0.0,-0.02,-0.0,2026-05-06 16:04:22.310
8042,639807,3,-0.01,0.0,-0.01,0.0,2026-05-06 16:04:22.310
8043,639929,3,-0.01,0.0,-0.0,0.0,2026-05-06 16:04:22.310
8044,640034,1,0.0,0.0,0.0,0.0,2026-05-06 16:04:22.310
8045,640091,2,-0.02,0.0,-0.02,0.0,2026-05-06 16:04:22.310
8046,640150,3,-0.01,0.0,-0.02,0.0,2026-05-06 16:04:22.310
8047,640255,1,0.0,0.0,0.0,0.0,2026-05-06 16:04:22.310
8048,640312,2,-0.02,0.0,-0.02,0.0,2026-05-06 16:04:22.310
8049,640427,1,0.0,0.0,0.0,0.0,2026-05-06 16:04:22.310
8050,640484,2,-0.02,0.0,-0.02,0.0,2026-05-06 16:04:22.310
8051,640543,3,-0.01,0.0,-0.01,0.0,2026-05-06 16:04:22.310
8052,640648,1,0.0,0.0,-0.0,0.0,2026-05-06 16:04:22.310
8053,640706,2,-0.02,0.0,-0.02,0.0,2026-05-06 16:04:22.310
8054,640765,3,-0.01,0.0,-0.02,0.0,2026-05-06 16:04:22.310
8055,640924,1,0.0,0.0,0.0,0.0,2026-05-06 16:04:22.310
8056,640981,2,-0.02,0.0,-0.02,0.0,2026-05-06 16:04:22.310
8057,641040,3,-0.01,0.0,-0.01,0.0,2026-05-06 16:04:22.310
8058,641145,1,0.0,0.0,0.0,0.0,2026-05-06 16:04:22.310
8059,641202,2,-0.02,0.0,-0.02,0.0,2026-05-06 16:04:22.310
8060,641261,3,-0.01,0.0,-0.01,0.0,2026-05-06 16:04:22.310
8061,641330,1,0.0,0.0,-0.0,0.0,2026-05-06 16:04:22.310
8062,641388,2,-0.02,0.0,-0.02,0.0,2026-05-06 16:04:22.310
8063,641447,3,-0.01,0.0,-0.01,0.0,2026-05-06 16:04:22.310
8064,641552,1,0.0,0.0,0.0,0.0,2026-05-06 16:04:22.310
8065,641609,2,-0.02,0.0,-0.02,0.0,2026-05-06 16:04:22.310
8066,641668,3,-0.01,0.0,-0.01,0.0,2026-05-06 16:04:22.310
8067,641773,1,0.0,0.0,0.0,0.0,2026-05-06 16:04:22.310
8068,641831,2,-0.02,0.0,-0.02,-0.0,2026-05-06 16:04:22.310
8069,641891,3,-0.01,0.0,-0.01,0.0,2026-05-06 16:04:22.310
8070,641996,1,0.0,0.0,0.0,0.0,2026-05-06 16:04:22.310
8071,642053,2,-0.02,0.0,-0.02,0.0,2026-05-06 16:04:22.310
8072,642112,3,-0.01,0.0,-0.01,-0.0,2026-05-06 16:04:22.310
8073,642218,1,0.0,0.0,0.0,0.0,2026-05-06 16:04:22.310
8074,642333,1,0.0,0.0,0.0,0.0,2026-05-06 16:04:22.310
8075,642452,3,-0.01,0.0,-0.01,0.0,2026-05-06 16:04:22.310
8076,642557,1,0.0,0.0,0.0,0.0,2026-05-06 16:04:23.031
8077,642614,2,-0.02,0.0,-0.02,0.0,2026-05-06 16:04:23.031
8078,642673,3,-0.01,0.0,-0.01,0.0,2026-05-06 16:04:23.031
8079,642830,1,0.0,0.0,0.0,0.0,2026-05-06 16:04:23.031
8080,642887,2,-0.02,0.0,-0.02,-0.0,2026-05-06 16:04:23.031
8081,642947,3,-0.01,0.0,-0.01,0.0,2026-05-06 16:04:23.031
8082,643052,1,0.0,0.0,0.0,0.0,2026-05-06 16:04:23.031
8083,643109,2,-0.02,0.0,-0.02,0.0,2026-05-06 16:04:23.031
8084,643168,3,-0.01,0.0,-0.01,-0.0,2026-05-06 16:04:23.031
8085,643238,1,0.0,0.0,0.0,0.0,2026-05-06 16:04:23.031
8086,643295,2,-0.02,0.0,-0.02,0.0,2026-05-06 16:04:23.031
8087,643462,1,0.0,0.0,0.0,0.0,2026-05-06 16:04:23.031
8088,643519,2,-0.02,0.0,-0.02,0.0,2026-05-06 16:04:23.031
8089,643578,3,-0.01,0.0,-0.0,0.0,2026-05-06 16:04:23.031
8090,643683,1,0.0,0.0,0.0,0.0,2026-05-06 16:04:23.031
8091,643742,1,0.0,0.0,0.0,0.0,2026-05-06 16:04:23.031
8092,643799,2,-0.02,0.0,-0.02,0.0,2026-05-06 16:04:23.031
8093,643858,3,-0.01,0.0,-0.01,0.0,2026-05-06 16:04:23.031
8094,643963,1,0.0,0.0,0.0,0.0,2026-05-06 16:04:23.031
8095,644020,2,-0.02,0.0,-0.02,0.0,2026-05-06 16:04:23.031
8096,644079,3,-0.01,0.0,-0.01,0.0,2026-05-06 16:04:23.031
8097,644244,1,0.0,0.0,0.0,0.0,2026-05-06 16:04:23.031
8098,644301,2,-0.02,0.0,-0.02,0.0,2026-05-06 16:04:23.031
8099,644360,3,-0.01,0.0,-0.01,0.0,2026-05-06 16:04:23.031
8100,644465,1,0.0,0.0,0.0,0.0,2026-05-06 16:04:23.031
8101,644522,2,-0.02,0.0,-0.02,0.0,2026-05-06 16:04:23.031
8102,644581,3,-0.01,0.0,-0.01,0.0,2026-05-06 16:04:23.031
8103,644735,1,0.0,0.0,0.0,0.0,2026-05-06 16:04:23.031
8104,644792,2,-0.02,0.0,-0.02,0.0,2026-05-06 16:04:23.031
8105,644851,3,-0.01,0.0,-0.01,0.0,2026-05-06 16:04:23.031
8106,644956,1,0.0,0.0,-0.0,0.0,2026-05-06 16:04:23.031
8107,645014,2,-0.02,0.0,-0.02,0.0,2026-05-06 16:04:23.031
8108,645073,3,-0.01,0.0,-0.01,0.0,2026-05-06 16:04:23.031
8109,645142,1,0.0,0.0,0.0,0.0,2026-05-06 16:04:23.031
8110,645199,2,-0.02,0.0,-0.02,0.0,2026-05-06 16:04:23.031
8111,645258,3,-0.01,0.0,-0.01,0.0,2026-05-06 16:04:23.031
8112,645363,1,0.0,0.0,0.0,0.0,2026-05-06 16:04:23.031
8113,645420,2,-0.02,0.0,-0.02,0.0,2026-05-06 16:04:23.031
8114,645479,3,-0.01,0.0,-0.01,0.0,2026-05-06 16:04:23.031
8115,645584,1,0.0,0.0,0.0,0.0,2026-05-06 16:04:23.031
8116,645643,1,0.0,0.0,0.0,0.0,2026-05-06 16:04:23.031
8117,645700,2,-0.02,0.0,-0.02,0.0,2026-05-06 16:04:23.031
8118,645759,3,-0.01,0.0,-0.02,0.0,2026-05-06 16:04:23.031
8119,645864,1,0.0,0.0,0.0,0.0,2026-05-06 16:04:23.031
8120,645921,2,-0.02,0.0,-0.02,0.0,2026-05-06 16:04:23.031
8121,645980,3,-0.01,0.0,-0.02,0.0,2026-05-06 16:04:23.031
8122,646145,1,0.0,0.0,-0.0,0.0,2026-05-06 16:04:23.031
8123,646203,2,-0.02,0.0,-0.02,0.0,2026-05-06 16:04:23.031
8124,646262,3,-0.01,0.0,-0.01,0.0,2026-05-06 16:04:23.031
8125,646367,1,0.0,0.0,0.0,-0.0,2026-05-06 16:04:23.031
8126,646425,2,-0.02,0.0,-0.02,0.0,2026-05-06 16:04:23.031
8127,646484,3,-0.01,0.0,-0.02,0.0,2026-05-06 16:04:23.031
8128,646638,1,0.0,0.0,0.0,0.0,2026-05-06 16:04:23.031
8129,646695,2,-0.02,0.0,-0.02,0.0,2026-05-06 16:04:23.031
8130,646754,3,-0.01,0.0,-0.01,0.0,2026-05-06 16:04:23.031
8131,646859,1,0.0,0.0,0.0,0.0,2026-05-06 16:04:23.031
8132,646916,2,-0.02,0.0,-0.02,0.0,2026-05-06 16:04:23.031
8133,646975,3,-0.01,0.0,-0.01,0.0,2026-05-06 16:04:23.031
8134,647098,1,0.0,0.0,-0.0,0.0,2026-05-06 16:04:23.031
8135,647156,2,-0.02,0.0,-0.02,0.0,2026-05-06 16:04:23.031
8136,647215,3,-0.01,0.0,-0.01,0.0,2026-05-06 16:04:23.031
8137,647320,1,0.0,0.0,0.0,0.0,2026-05-06 16:04:23.031
8138,647377,2,-0.02,0.0,-0.02,0.0,2026-05-06 16:04:23.031
8139,647436,3,-0.01,0.0,-0.01,0.0,2026-05-06 16:04:23.031
8140,647559,1,0.0,0.0,0.0,0.0,2026-05-06 16:04:23.031
8141,647616,2,-0.02,0.0,-0.02,0.0,2026-05-06 16:04:23.031
8142,647675,3,-0.01,0.0,-0.01,0.0,2026-05-06 16:04:23.031
8143,647780,1,0.0,0.0,0.0,0.0,2026-05-06 16:04:23.031
8144,647837,2,-0.02,0.0,-0.02,0.0,2026-05-06 16:04:23.031
8145,647896,3,-0.01,0.0,-0.01,0.0,2026-05-06 16:04:23.031
8146,648046,1,0.0,0.0,0.0,0.0,2026-05-06 16:04:23.031
8147,648103,2,-0.02,0.0,-0.02,0.0,2026-05-06 16:04:23.031
8148,648162,3,-0.01,0.0,-0.01,0.0,2026-05-06 16:04:23.031
8149,648267,1,0.0,0.0,0.0,0.0,2026-05-06 16:04:23.031
8150,648324,2,-0.02,0.0,-0.02,0.0,2026-05-06 16:04:23.031
8151,648383,3,-0.01,0.0,-0.01,0.0,2026-05-06 16:04:23.031
8152,648532,1,0.0,0.0,0.0,0.0,2026-05-06 16:04:23.031
8153,648589,2,-0.02,0.0,-0.02,0.0,2026-05-06 16:04:23.031
8154,648648,3,-0.01,0.0,-0.01,0.0,2026-05-06 16:04:23.031
8155,648753,1,0.0,0.0,0.0,0.0,2026-05-06 16:04:23.031
8156,648810,2,-0.02,0.0,-0.02,0.0,2026-05-06 16:04:23.031
8157,648869,3,-0.01,0.0,-0.01,0.0,2026-05-06 16:04:23.031
8158,649019,1,0.0,0.0,0.0,0.0,2026-05-06 16:04:23.031
8159,649076,2,-0.02,0.0,-0.02,0.0,2026-05-06 16:04:23.031
8160,649135,3,-0.01,0.0,-0.01,0.0,2026-05-06 16:04:23.031
8161,649240,1,0.0,0.0,-0.0,0.0,2026-05-06 16:04:23.031
8162,649298,2,-0.02,0.0,-0.02,0.0,2026-05-06 16:04:23.031
8163,649357,3,-0.01,0.0,-0.01,-0.0,2026-05-06 16:04:23.031
8164,649480,1,0.0,0.0,0.0,0.0,2026-05-06 16:04:23.031
8165,649537,2,-0.02,0.0,-0.02,0.0,2026-05-06 16:04:23.031
8166,649596,3,-0.01,0.0,-0.01,0.0,2026-05-06 16:04:23.031
8167,649701,1,0.0,0.0,0.0,0.0,2026-05-06 16:04:23.031
8168,649758,2,-0.02,0.0,-0.02,0.0,2026-05-06 16:04:23.031
8169,649817,3,-0.01,0.0,-0.01,0.0,2026-05-06 16:04:23.031
8170,649967,1,0.0,0.0,0.0,0.0,2026-05-06 16:04:23.031
8171,650024,2,-0.02,0.0,-0.02,0.0,2026-05-06 16:04:23.031
8172,650083,3,-0.01,0.0,-0.01,0.0,2026-05-06 16:04:23.031
8173,650188,1,0.0,0.0,0.0,0.0,2026-05-06 16:04:23.031
8174,650245,2,-0.02,0.0,-0.02,0.0,2026-05-06 16:04:23.031
8175,650304,3,-0.01,0.0,-0.01,0.0,2026-05-06 16:04:23.031
8176,650427,1,0.0,0.0,0.0,0.0,2026-05-06 16:04:23.031
8177,650484,2,-0.02,0.0,-0.02,0.0,2026-05-06 16:04:23.031
8178,650543,3,-0.01,0.0,-0.01,0.0,2026-05-06 16:04:23.031
8179,650648,1,0.0,0.0,0.0,0.0,2026-05-06 16:04:23.749
8180,650705,2,-0.02,0.0,-0.02,0.0,2026-05-06 16:04:23.749
8181,650764,3,-0.01,0.0,-0.01,0.0,2026-05-06 16:04:23.749
8182,650914,1,0.0,0.0,0.0,0.0,2026-05-06 16:04:23.749
