idx,char_pos,cmdVx,cmdVy,cmdVw,ts
0,102,-0.001,0.0,0.0,2026-05-06 16:03:25.535
1,343,-0.0061,0.0,0.0,2026-05-06 16:03:25.535
2,567,-0.0069,0.0,0.0,2026-05-06 16:03:25.535
3,807,-0.0134,0.0,0.0,2026-05-06 16:03:25.535
4,1032,-0.0145,0.0,0.0,2026-05-06 16:03:25.535
5,1271,-0.0222,0.0,0.0,2026-05-06 16:03:25.535
6,1496,-0.0237,0.0,0.0,2026-05-06 16:03:25.535
7,1736,-0.0361,0.0,0.0,2026-05-06 16:03:25.535
8,1960,-0.0382,0.0,0.0,2026-05-06 16:03:25.535
9,2200,-0.0555,0.0,0.0,2026-05-06 16:03:25.535
10,2425,-0.0584,0.0,0.0,2026-05-06 16:03:25.535
11,2665,-0.082,0.0,0.0,2026-05-06 16:03:25.535
12,2890,-0.082,0.0,0.0,2026-05-06 16:03:25.535
13,3130,-0.1116,0.0,0.0,2026-05-06 16:03:25.535
14,3355,-0.1163,0.0,0.0,2026-05-06 16:03:25.535
15,3595,-0.1466,0.0,0.0,2026-05-06 16:03:25.535
16,3820,-0.152,0.0,0.0,2026-05-06 16:03:25.535
17,4060,-0.1902,0.0,0.0,2026-05-06 16:03:25.535
18,4285,-0.1902,0.0,0.0,2026-05-06 16:03:25.535
19,4525,-0.2322,0.0,0.0,2026-05-06 16:03:25.535
20,4750,-0.2322,0.0,0.0,2026-05-06 16:03:25.535
21,4991,-0.2637,0.0,0.0,2026-05-06 16:03:25.535
22,5216,-0.2677,0.0,0.0,2026-05-06 16:03:25.535
23,5514,-0.2889,0.0,0.0,2026-05-06 16:03:25.535
24,5738,-0.2921,0.0,0.0,2026-05-06 16:03:25.535
25,5921,-0.3106,0.0,0.0,2026-05-06 16:03:25.535
26,6145,-0.3106,0.0,0.0,2026-05-06 16:03:25.535
27,6385,-0.3244,0.0,0.0,2026-05-06 16:03:25.535
28,6609,-0.326,0.0,0.0,2026-05-06 16:03:25.535
29,6849,-0.3344,0.0,0.0,2026-05-06 16:03:25.535
30,7076,-0.3356,0.0,0.0,2026-05-06 16:03:25.535
31,7316,-0.3426,0.0,0.0,2026-05-06 16:03:25.535
32,7544,-0.3426,0.0,0.0,2026-05-06 16:03:25.535
33,7784,-0.3483,0.0,0.0,2026-05-06 16:03:25.535
34,8009,-0.3483,0.0,0.0,2026-05-06 16:03:25.646
35,8252,-0.3437,0.0,0.0,2026-05-06 16:03:25.646
36,8478,-0.3428,0.0,0.0,2026-05-06 16:03:25.646
37,8719,-0.3353,0.0,0.0,2026-05-06 16:03:25.646
38,8944,-0.3353,0.0,0.0,2026-05-06 16:03:26.293
39,9184,-0.3169,0.0,0.0,2026-05-06 16:03:26.293
40,9410,-0.3169,0.0,0.0,2026-05-06 16:03:26.293
41,9649,-0.2872,0.0,0.0,2026-05-06 16:03:26.293
42,9874,-0.2814,0.0,0.0,2026-05-06 16:03:26.293
43,10114,-0.2375,0.0,0.0,2026-05-06 16:03:26.293
44,10340,-0.2286,0.0,0.0,2026-05-06 16:03:26.293
45,10580,-0.1579,0.0,0.0,2026-05-06 16:03:26.293
46,10805,-0.1579,0.0,0.0,2026-05-06 16:03:26.293
47,11045,-0.0836,0.0,0.0,2026-05-06 16:03:26.293
48,11270,-0.0836,0.0,0.0,2026-05-06 16:03:26.293
49,11510,-0.0421,0.0,0.0,2026-05-06 16:03:26.293
50,11735,-0.0379,0.0,0.0,2026-05-06 16:03:26.293
51,11975,-0.0193,0.0,0.0,2026-05-06 16:03:26.293
52,12201,-0.0193,0.0,0.0,2026-05-06 16:03:26.293
53,12442,-0.0061,0.0,0.0,2026-05-06 16:03:26.293
54,12669,-0.0061,0.0,0.0,2026-05-06 16:03:26.293
55,12909,0.0,0.0,0.0,2026-05-06 16:03:26.293
56,13130,0.0,0.0,0.0,2026-05-06 16:03:26.293
57,13351,0.0,0.0,0.0,2026-05-06 16:03:26.293
58,13396,-0.0021,0.0,0.0,2026-05-06 16:03:26.293
59,13619,-0.0021,0.0,0.0,2026-05-06 16:03:26.293
60,13859,-0.0069,0.0,0.0,2026-05-06 16:03:26.293
61,14081,-0.0077,0.0,0.0,2026-05-06 16:03:26.293
62,14320,-0.0134,0.0,0.0,2026-05-06 16:03:26.293
63,14542,-0.0145,0.0,0.0,2026-05-06 16:03:26.293
64,14782,-0.0237,0.0,0.0,2026-05-06 16:03:26.293
65,15008,-0.0253,0.0,0.0,2026-05-06 16:03:26.293
66,15248,-0.0382,0.0,0.0,2026-05-06 16:03:26.293
67,15473,-0.0382,0.0,0.0,2026-05-06 16:03:26.293
68,15713,-0.0584,0.0,0.0,2026-05-06 16:03:26.293
69,15938,-0.0584,0.0,0.0,2026-05-06 16:03:26.293
70,16178,-0.082,0.0,0.0,2026-05-06 16:03:26.969
71,16403,-0.0858,0.0,0.0,2026-05-06 16:03:26.969
72,16701,-0.1163,0.0,0.0,2026-05-06 16:03:26.969
73,16926,-0.1211,0.0,0.0,2026-05-06 16:03:26.969
74,17108,-0.152,0.0,0.0,2026-05-06 16:03:26.969
75,17334,-0.152,0.0,0.0,2026-05-06 16:03:26.969
76,17574,-0.1957,0.0,0.0,2026-05-06 16:03:26.969
77,17799,-0.1957,0.0,0.0,2026-05-06 16:03:26.969
78,18040,-0.2322,0.0,0.0,2026-05-06 16:03:26.969
79,18265,-0.237,0.0,0.0,2026-05-06 16:03:26.969
80,18505,-0.2637,0.0,0.0,2026-05-06 16:03:26.969
81,18731,-0.2677,0.0,0.0,2026-05-06 16:03:26.969
82,18971,-0.2921,0.0,0.0,2026-05-06 16:03:26.969
83,19195,-0.2921,0.0,0.0,2026-05-06 16:03:26.969
84,19435,-0.3106,0.0,0.0,2026-05-06 16:03:26.969
85,19660,-0.3128,0.0,0.0,2026-05-06 16:03:26.969
86,19900,-0.3244,0.0,0.0,2026-05-06 16:03:26.969
87,20125,-0.326,0.0,0.0,2026-05-06 16:03:26.969
88,20365,-0.3356,0.0,0.0,2026-05-06 16:03:26.969
89,20589,-0.3356,0.0,0.0,2026-05-06 16:03:26.969
90,20829,-0.3435,0.0,0.0,2026-05-06 16:03:26.969
91,21053,-0.3435,0.0,0.0,2026-05-06 16:03:26.969
92,21293,-0.3483,0.0,0.0,2026-05-06 16:03:26.969
93,21518,-0.3489,0.0,0.0,2026-05-06 16:03:26.969
94,21817,-0.35,0.0,0.0,2026-05-06 16:03:26.969
95,22041,-0.35,0.0,0.0,2026-05-06 16:03:26.969
96,22222,-0.35,0.0,0.0,2026-05-06 16:03:26.969
97,22450,-0.35,0.0,0.0,2026-05-06 16:03:26.969
98,22690,-0.35,0.0,0.0,2026-05-06 16:03:26.969
99,22916,-0.35,0.0,0.0,2026-05-06 16:03:26.969
100,23156,-0.35,0.0,0.0,2026-05-06 16:03:26.969
101,23381,-0.35,0.0,0.0,2026-05-06 16:03:26.969
102,23621,-0.35,0.0,0.0,2026-05-06 16:03:26.969
103,23847,-0.35,0.0,0.0,2026-05-06 16:03:26.969
104,24088,-0.35,0.0,0.0,2026-05-06 16:03:27.237
105,24315,-0.35,0.0,0.0,2026-05-06 16:03:27.237
106,24555,-0.35,0.0,0.0,2026-05-06 16:03:27.237
107,24780,-0.35,0.0,0.0,2026-05-06 16:03:27.237
108,25023,-0.35,0.0,0.0,2026-05-06 16:03:27.237
109,25249,-0.35,0.0,0.0,2026-05-06 16:03:27.237
110,25493,-0.35,0.0,0.0,2026-05-06 16:03:27.237
111,25721,-0.35,0.0,0.0,2026-05-06 16:03:27.237
112,25961,-0.35,0.0,0.0,2026-05-06 16:03:27.237
113,26187,-0.35,0.0,0.0,2026-05-06 16:03:27.237
114,26489,-0.35,0.0,0.0,2026-05-06 16:03:27.237
115,26714,-0.35,0.0,0.0,2026-05-06 16:03:27.237
116,26893,-0.35,0.0,0.0,2026-05-06 16:03:27.299
117,27118,-0.35,0.0,0.0,2026-05-06 16:03:27.299
118,27358,-0.35,0.0,0.0,2026-05-06 16:03:27.299
119,27583,-0.35,0.0,0.0,2026-05-06 16:03:27.347
120,27826,-0.35,0.0,0.0,2026-05-06 16:03:27.507
121,28053,-0.35,0.0,0.0,2026-05-06 16:03:27.507
122,28294,-0.35,0.0,0.0,2026-05-06 16:03:27.507
123,28520,-0.35,0.0,0.0,2026-05-06 16:03:27.507
124,28760,-0.35,0.0,0.0,2026-05-06 16:03:27.507
125,28984,-0.35,0.0,0.0,2026-05-06 16:03:27.507
126,29224,-0.35,0.0,0.0,2026-05-06 16:03:27.507
127,29449,-0.35,0.0,0.0,2026-05-06 16:03:27.507
128,29689,-0.35,0.0,0.0,2026-05-06 16:03:27.507
129,29914,-0.35,0.0,0.0,2026-05-06 16:03:27.507
130,30154,-0.35,0.0,0.0,2026-05-06 16:03:27.805
131,30379,-0.35,0.0,0.0,2026-05-06 16:03:27.805
132,30619,-0.349,0.0,0.0,2026-05-06 16:03:27.805
133,30845,-0.349,0.0,0.0,2026-05-06 16:03:27.805
134,31088,-0.3435,0.0,0.0,2026-05-06 16:03:27.805
135,31314,-0.3424,0.0,0.0,2026-05-06 16:03:27.805
136,31554,-0.3335,0.0,0.0,2026-05-06 16:03:27.805
137,31780,-0.3335,0.0,0.0,2026-05-06 16:03:27.805
138,32021,-0.312,0.0,0.0,2026-05-06 16:03:27.805
139,32246,-0.312,0.0,0.0,2026-05-06 16:03:27.805
140,32486,-0.2775,0.0,0.0,2026-05-06 16:03:27.805
141,32712,-0.2709,0.0,0.0,2026-05-06 16:03:27.805
142,32952,-0.222,0.0,0.0,2026-05-06 16:03:27.805
143,33176,-0.2123,0.0,0.0,2026-05-06 16:03:27.805
144,33416,-0.1402,0.0,0.0,2026-05-06 16:03:28.496
145,33640,-0.1402,0.0,0.0,2026-05-06 16:03:28.496
146,33880,-0.0714,0.0,0.0,2026-05-06 16:03:28.496
147,34105,-0.0714,0.0,0.0,2026-05-06 16:03:28.496
148,34345,-0.0353,0.0,0.0,2026-05-06 16:03:28.496
149,34570,-0.0317,0.0,0.0,2026-05-06 16:03:28.496
150,34810,-0.0157,0.0,0.0,2026-05-06 16:03:28.496
151,35036,-0.0157,0.0,0.0,2026-05-06 16:03:28.496
152,35277,-0.0045,0.0,0.0,2026-05-06 16:03:28.496
153,35503,-0.0045,0.0,0.0,2026-05-06 16:03:28.496
154,35743,0.0,0.0,0.0,2026-05-06 16:03:28.496
155,35965,0.0,0.0,0.0,2026-05-06 16:03:28.496
156,36204,0.0,0.0,0.0,2026-05-06 16:03:28.496
157,36425,0.0,0.0,0.0,2026-05-06 16:03:28.496
158,36645,0.0,0.0,0.0,2026-05-06 16:03:28.496
159,36690,0.0,0.0,0.0,2026-05-06 16:03:28.496
160,36911,0.0,0.0,0.0,2026-05-06 16:03:28.496
161,37132,0.0,0.0,0.0,2026-05-06 16:03:28.496
162,37177,0.0,0.0,0.0,2026-05-06 16:03:28.496
163,37398,0.0,0.0,0.0,2026-05-06 16:03:28.496
164,37856,0.0,0.0,0.0,2026-05-06 16:03:28.496
165,38077,0.0,0.0,0.0,2026-05-06 16:03:28.496
166,38299,0.0,0.0,0.0,2026-05-06 16:03:28.496
167,38523,0.0,0.0,0.0,2026-05-06 16:03:28.496
168,38760,0.0,0.0,0.0,2026-05-06 16:03:28.496
169,38981,0.0,0.0,0.0,2026-05-06 16:03:28.496
170,39218,0.0,0.0,0.0,2026-05-06 16:03:28.496
171,39439,0.0,0.0,0.0,2026-05-06 16:03:28.496
172,39541,0.0,0.0,0.0,2026-05-06 16:03:28.496
173,39762,0.0,0.0,0.0,2026-05-06 16:03:28.496
174,39999,0.0,0.0,0.0,2026-05-06 16:03:28.496
175,40220,0.0,0.0,0.0,2026-05-06 16:03:28.496
176,40441,0.0,0.0,0.0,2026-05-06 16:03:28.496
177,40488,0.0,0.0,0.0,2026-05-06 16:03:28.496
178,40709,0.0,0.0,0.0,2026-05-06 16:03:28.496
179,40946,0.0,0.0,0.0,2026-05-06 16:03:28.496
180,41167,0.0,0.0,0.0,2026-05-06 16:03:28.496
181,41388,0.0,0.0,0.0,2026-05-06 16:03:28.824
182,41435,0.0,0.0,0.0,2026-05-06 16:03:28.824
183,41659,0.0,0.0,0.0,2026-05-06 16:03:28.824
184,41973,0.0,0.0,0.0,2026-05-06 16:03:28.824
185,42194,0.0,0.0,0.0,2026-05-06 16:03:28.824
186,42543,0.0,0.0,0.0,2026-05-06 16:03:28.824
187,42764,0.0,0.0,0.0,2026-05-06 16:03:28.824
188,43001,0.0,0.0,0.0,2026-05-06 16:03:28.824
189,43222,0.0,0.0,0.0,2026-05-06 16:03:28.824
190,43459,0.0,0.0,0.0,2026-05-06 16:03:28.824
191,43680,0.0,0.0,0.0,2026-05-06 16:03:28.824
192,43958,0.0,0.0,0.0,2026-05-06 16:03:28.824
193,44179,0.0,0.0,0.0,2026-05-06 16:03:28.824
194,44239,0.0,0.0,0.0,2026-05-06 16:03:28.824
195,44460,0.0,0.0,0.0,2026-05-06 16:03:28.824
196,44682,0.0,0.0,0.0,2026-05-06 16:03:28.824
197,44731,0.0,0.0,0.0,2026-05-06 16:03:28.824
198,44952,0.0,0.0,0.0,2026-05-06 16:03:29.520
199,45189,0.0,0.0,0.0,2026-05-06 16:03:29.520
200,45410,0.0,0.0,0.0,2026-05-06 16:03:29.520
201,45631,0.0,0.0,0.0,2026-05-06 16:03:29.520
202,45678,0.0005,0.0,0.0,2026-05-06 16:03:29.520
203,45898,0.001,0.0,0.0,2026-05-06 16:03:29.520
204,46118,0.001,0.0,0.0,2026-05-06 16:03:29.520
205,46163,0.0047,0.0,0.0,2026-05-06 16:03:29.520
206,46382,0.0047,0.0,0.0,2026-05-06 16:03:29.520
207,46601,0.0054,0.0,0.0,2026-05-06 16:03:29.520
208,46648,0.0113,0.0,0.0,2026-05-06 16:03:29.520
209,46866,0.0113,0.0,0.0,2026-05-06 16:03:29.520
210,47084,0.0124,0.0,0.0,2026-05-06 16:03:29.520
211,47131,0.0208,0.0,0.0,2026-05-06 16:03:29.520
212,47350,0.0222,0.0,0.0,2026-05-06 16:03:29.520
213,47570,0.0222,0.0,0.0,2026-05-06 16:03:29.520
214,47616,0.0322,0.0,0.0,2026-05-06 16:03:29.520
215,47834,0.0322,0.0,0.0,2026-05-06 16:03:29.520
216,48052,0.0341,0.0,0.0,2026-05-06 16:03:29.520
217,48099,0.0501,0.0,0.0,2026-05-06 16:03:29.520
218,48318,0.0501,0.0,0.0,2026-05-06 16:03:29.520
219,48537,0.0528,0.0,0.0,2026-05-06 16:03:29.520
220,48583,0.0746,0.0,0.0,2026-05-06 16:03:29.520
221,48800,0.0746,0.0,0.0,2026-05-06 16:03:29.520
222,49017,0.0782,0.0,0.0,2026-05-06 16:03:29.520
223,49065,0.1025,0.0,0.0,2026-05-06 16:03:29.520
224,49286,0.107,0.0,0.0,2026-05-06 16:03:29.520
225,49505,0.107,0.0,0.0,2026-05-06 16:03:29.520
226,49551,0.1362,0.0,0.0,2026-05-06 16:03:29.520
227,49769,0.1414,0.0,0.0,2026-05-06 16:03:29.520
228,49990,0.1466,0.0,0.0,2026-05-06 16:03:29.520
229,50038,0.1793,0.0,0.0,2026-05-06 16:03:29.520
230,50257,0.1793,0.0,0.0,2026-05-06 16:03:29.520
231,50476,0.1848,0.0,0.0,2026-05-06 16:03:29.520
232,50523,0.2222,0.0,0.0,2026-05-06 16:03:29.520
233,50742,0.2222,0.0,0.0,2026-05-06 16:03:29.520
234,50961,0.2272,0.0,0.0,2026-05-06 16:03:29.520
235,51007,0.2553,0.0,0.0,2026-05-06 16:03:29.520
236,51226,0.2595,0.0,0.0,2026-05-06 16:03:29.520
237,51444,0.2595,0.0,0.0,2026-05-06 16:03:29.520
238,51491,0.2824,0.0,0.0,2026-05-06 16:03:29.520
239,51709,0.2824,0.0,0.0,2026-05-06 16:03:29.520
240,51927,0.2857,0.0,0.0,2026-05-06 16:03:29.520
241,51974,0.3058,0.0,0.0,2026-05-06 16:03:29.520
242,52194,0.3058,0.0,0.0,2026-05-06 16:03:29.520
243,52414,0.3083,0.0,0.0,2026-05-06 16:03:29.520
244,52459,0.3208,0.0,0.0,2026-05-06 16:03:29.520
245,52678,0.3226,0.0,0.0,2026-05-06 16:03:29.520
246,52897,0.3226,0.0,0.0,2026-05-06 16:03:29.630
247,52944,0.3319,0.0,0.0,2026-05-06 16:03:29.630
248,53163,0.3332,0.0,0.0,2026-05-06 16:03:29.630
249,53382,0.3344,0.0,0.0,2026-05-06 16:03:29.630
250,53428,0.3409,0.0,0.0,2026-05-06 16:03:29.630
251,53646,0.3409,0.0,0.0,2026-05-06 16:03:30.024
252,53864,0.3418,0.0,0.0,2026-05-06 16:03:30.024
253,53969,0.3471,0.0,0.0,2026-05-06 16:03:30.024
254,54188,0.3471,0.0,0.0,2026-05-06 16:03:30.024
255,54372,0.35,0.0,0.0,2026-05-06 16:03:30.024
256,54591,0.35,0.0,0.0,2026-05-06 16:03:30.024
257,54809,0.35,0.0,0.0,2026-05-06 16:03:30.024
258,54856,0.35,0.0,0.0,2026-05-06 16:03:30.024
259,55073,0.35,0.0,0.0,2026-05-06 16:03:30.024
260,55290,0.35,0.0,0.0,2026-05-06 16:03:30.024
261,55338,0.35,0.0,0.0,2026-05-06 16:03:30.024
262,55556,0.35,0.0,0.0,2026-05-06 16:03:30.024
263,55774,0.35,0.0,0.0,2026-05-06 16:03:30.024
264,55821,0.35,0.0,0.0,2026-05-06 16:03:30.024
265,56040,0.35,0.0,0.0,2026-05-06 16:03:30.024
266,56259,0.35,0.0,0.0,2026-05-06 16:03:30.024
267,56305,0.35,0.0,0.0,2026-05-06 16:03:30.024
268,56523,0.35,0.0,0.0,2026-05-06 16:03:30.024
269,56741,0.35,0.0,0.0,2026-05-06 16:03:30.024
270,56788,0.35,0.0,0.0,2026-05-06 16:03:30.024
271,57006,0.35,0.0,0.0,2026-05-06 16:03:30.024
272,57224,0.3495,0.0,0.0,2026-05-06 16:03:30.024
273,57271,0.35,0.0,0.0,2026-05-06 16:03:30.024
274,57489,0.35,0.0,0.0,2026-05-06 16:03:30.024
275,57707,0.35,0.0,0.0,2026-05-06 16:03:30.024
276,57754,0.35,0.0,0.0,2026-05-06 16:03:30.024
277,57972,0.35,0.0,0.0,2026-05-06 16:03:30.024
278,58190,0.35,0.0,0.0,2026-05-06 16:03:30.024
279,58237,0.35,0.0,0.0,2026-05-06 16:03:30.702
280,58454,0.35,0.0,0.0,2026-05-06 16:03:30.702
281,58671,0.35,0.0,0.0,2026-05-06 16:03:30.702
282,58719,0.35,0.0,0.0,2026-05-06 16:03:30.702
283,58937,0.35,0.0,0.0,2026-05-06 16:03:30.702
284,59155,0.35,0.0,0.0,2026-05-06 16:03:30.702
285,59202,0.35,0.0,0.0,2026-05-06 16:03:30.702
286,59421,0.3495,0.0,0.0,2026-05-06 16:03:30.702
287,59640,0.3495,0.0,0.0,2026-05-06 16:03:30.702
288,59687,0.3454,0.0,0.0,2026-05-06 16:03:30.702
289,59905,0.3445,0.0,0.0,2026-05-06 16:03:30.702
290,60123,0.3435,0.0,0.0,2026-05-06 16:03:30.702
291,60170,0.3354,0.0,0.0,2026-05-06 16:03:30.702
292,60390,0.3354,0.0,0.0,2026-05-06 16:03:30.702
293,60610,0.3335,0.0,0.0,2026-05-06 16:03:30.702
294,60655,0.335,0.0,0.0,2026-05-06 16:03:30.702
295,60874,0.3393,0.0,0.0,2026-05-06 16:03:30.702
296,61093,0.3393,0.0,0.0,2026-05-06 16:03:30.702
297,61140,0.349,0.0,0.0,2026-05-06 16:03:30.702
298,61359,0.3484,0.0,0.0,2026-05-06 16:03:30.702
299,61578,0.3484,0.0,0.0,2026-05-06 16:03:30.702
300,61624,0.3435,0.0,0.0,2026-05-06 16:03:30.702
301,61843,0.3435,0.0,0.0,2026-05-06 16:03:30.702
302,62065,0.344,0.0,0.0,2026-05-06 16:03:30.702
303,62112,0.35,0.0,0.0,2026-05-06 16:03:30.702
304,62330,0.35,0.0,0.0,2026-05-06 16:03:30.702
305,62548,0.35,0.0,0.0,2026-05-06 16:03:30.702
306,62595,0.35,0.0,0.0,2026-05-06 16:03:30.702
307,62814,0.35,0.0,0.0,2026-05-06 16:03:30.702
308,63033,0.35,0.0,0.0,2026-05-06 16:03:30.702
309,63079,0.35,0.0,0.0,2026-05-06 16:03:30.702
310,63298,0.35,0.0,0.0,2026-05-06 16:03:30.702
311,63517,0.35,0.0,0.0,2026-05-06 16:03:30.702
312,63564,0.35,0.0,0.0,2026-05-06 16:03:30.702
313,63783,0.35,0.0,0.0,2026-05-06 16:03:30.702
314,64002,0.35,0.0,0.0,2026-05-06 16:03:30.702
315,64048,0.35,0.0,0.0,2026-05-06 16:03:30.702
316,64270,0.35,0.0,0.0,2026-05-06 16:03:30.702
317,64489,0.35,0.0,0.0,2026-05-06 16:03:30.702
318,64536,0.35,0.0,0.0,2026-05-06 16:03:30.702
319,64754,0.35,0.0,0.0,2026-05-06 16:03:30.702
320,64972,0.35,0.0,0.0,2026-05-06 16:03:30.702
321,65019,0.35,0.0,0.0,2026-05-06 16:03:30.702
322,65238,0.35,0.0,0.0,2026-05-06 16:03:30.702
323,65457,0.35,0.0,0.0,2026-05-06 16:03:30.702
324,65503,0.35,0.0,0.0,2026-05-06 16:03:30.702
325,65721,0.35,0.0,0.0,2026-05-06 16:03:30.702
326,65939,0.3495,0.0,0.0,2026-05-06 16:03:30.702
327,65986,0.3454,0.0,0.0,2026-05-06 16:03:30.702
328,66204,0.3445,0.0,0.0,2026-05-06 16:03:30.702
329,66422,0.3445,0.0,0.0,2026-05-06 16:03:30.938
330,66469,0.337,0.0,0.0,2026-05-06 16:03:30.938
331,66686,0.3354,0.0,0.0,2026-05-06 16:03:30.938
332,66903,0.3335,0.0,0.0,2026-05-06 16:03:30.938
333,66951,0.3188,0.0,0.0,2026-05-06 16:03:30.938
334,67169,0.3188,0.0,0.0,2026-05-06 16:03:30.938
335,67387,0.3155,0.0,0.0,2026-05-06 16:03:30.938
336,67434,0.2893,0.0,0.0,2026-05-06 16:03:30.938
337,67653,0.2836,0.0,0.0,2026-05-06 16:03:30.938
338,67872,0.2836,0.0,0.0,2026-05-06 16:03:30.938
339,67975,0.2312,0.0,0.0,2026-05-06 16:03:30.938
340,68194,0.222,0.0,0.0,2026-05-06 16:03:30.938
341,68358,0.222,0.0,0.0,2026-05-06 16:03:30.938
342,68403,0.1608,0.0,0.0,2026-05-06 16:03:30.938
343,68621,0.1608,0.0,0.0,2026-05-06 16:03:30.938
344,68839,0.1504,0.0,0.0,2026-05-06 16:03:31.616
345,68886,0.0858,0.0,0.0,2026-05-06 16:03:31.616
346,69104,0.0858,0.0,0.0,2026-05-06 16:03:31.616
347,69322,0.0784,0.0,0.0,2026-05-06 16:03:31.616
348,69369,0.0436,0.0,0.0,2026-05-06 16:03:31.616
349,69587,0.0393,0.0,0.0,2026-05-06 16:03:31.616
350,69805,0.0393,0.0,0.0,2026-05-06 16:03:31.616
351,69852,0.0201,0.0,0.0,2026-05-06 16:03:31.616
352,70069,0.0178,0.0,0.0,2026-05-06 16:03:31.616
353,70287,0.0157,0.0,0.0,2026-05-06 16:03:31.616
354,70335,0.0065,0.0,0.0,2026-05-06 16:03:31.616
355,70553,0.0065,0.0,0.0,2026-05-06 16:03:31.616
356,70771,0.0055,0.0,0.0,2026-05-06 16:03:31.616
357,70818,0.0007,0.0,0.0,2026-05-06 16:03:31.616
358,71039,0.0001,0.0,0.0,2026-05-06 16:03:31.616
359,71278,0.0,0.0,0.0,2026-05-06 16:03:31.616
360,71569,0.0,0.0,0.0,2026-05-06 16:03:31.616
361,71741,0.0,0.0,0.0,2026-05-06 16:03:31.616
362,71966,0.0,0.0,0.0,2026-05-06 16:03:31.616
363,72188,0.0,0.0,0.0,2026-05-06 16:03:31.616
364,72236,0.0,0.0,0.0,2026-05-06 16:03:31.616
365,72458,0.0,0.0,0.0,2026-05-06 16:03:31.616
366,72866,0.0,0.0,0.0,2026-05-06 16:03:31.616
367,73088,0.0,0.0,0.0,2026-05-06 16:03:31.616
368,73369,0.0,0.0,0.0,2026-05-06 16:03:31.616
369,73591,0.0,0.0,0.0,2026-05-06 16:03:31.616
370,73654,0.0,0.0,0.0,2026-05-06 16:03:31.616
371,73876,0.0,0.0,0.0,2026-05-06 16:03:31.616
372,74106,0.0,0.0,0.0,2026-05-06 16:03:31.616
373,74328,0.0,0.0,0.0,2026-05-06 16:03:31.616
374,74550,0.0,0.0,0.0,2026-05-06 16:03:31.616
375,74604,0.0,0.0,0.0,2026-05-06 16:03:31.616
376,74826,0.0,0.0,0.0,2026-05-06 16:03:31.616
377,75064,0.0,0.0,0.0,2026-05-06 16:03:31.616
378,75286,0.0,0.0,0.0,2026-05-06 16:03:31.616
379,75508,0.0,0.0,0.0,2026-05-06 16:03:31.616
380,75554,0.0,0.0,0.0,2026-05-06 16:03:31.616
381,75776,0.0,0.0,0.0,2026-05-06 16:03:31.616
382,76006,0.0,0.0,0.0,2026-05-06 16:03:31.616
383,76228,0.0,0.0,0.0,2026-05-06 16:03:31.616
384,76450,0.0,0.0,0.0,2026-05-06 16:03:31.616
385,76503,0.0,0.0,0.0,2026-05-06 16:03:31.616
386,76725,0.0,0.0,0.0,2026-05-06 16:03:32.308
387,76963,0.0,0.0,0.0,2026-05-06 16:03:32.308
388,77185,0.0,0.0,0.0,2026-05-06 16:03:32.308
389,77407,0.0,0.0,0.0,2026-05-06 16:03:32.308
390,77452,0.0,0.0,0.0,2026-05-06 16:03:32.308
391,77674,0.0,0.0,0.0,2026-05-06 16:03:32.308
392,78082,0.0,0.0,0.0,2026-05-06 16:03:32.308
393,78304,0.0,0.0,0.0,2026-05-06 16:03:32.308
394,78584,0.0,0.0,0.0,2026-05-06 16:03:32.308
395,78806,0.0,0.0,0.0,2026-05-06 16:03:32.308
396,78866,0.0,0.0,0.0,2026-05-06 16:03:32.308
397,79099,0.0,0.0,0.0,2026-05-06 16:03:32.308
398,79320,0.0,0.0,0.0,2026-05-06 16:03:32.308
399,79539,0.0,0.0,0.0,2026-05-06 16:03:32.308
400,79761,0.0,0.0,0.0,2026-05-06 16:03:32.308
401,79821,0.0,0.0,0.0,2026-05-06 16:03:32.308
402,80042,0.0,0.0,0.0,2026-05-06 16:03:32.308
403,80263,0.0,0.0,0.0,2026-05-06 16:03:32.308
404,80312,0.0,0.0,0.0,2026-05-06 16:03:32.308
405,80534,0.0,0.0,0.0,2026-05-06 16:03:32.308
406,80771,0.0,0.0,0.0,2026-05-06 16:03:32.308
407,80991,0.0,0.0,0.0,2026-05-06 16:03:32.308
408,81212,0.0,0.0,0.0,2026-05-06 16:03:32.308
409,81259,0.0,0.0,0.0,2026-05-06 16:03:32.308
410,81480,0.0,0.0,0.0,2026-05-06 16:03:32.308
411,81700,0.0,0.0,0.0,2026-05-06 16:03:32.308
412,81745,0.0,0.0,0.0,2026-05-06 16:03:32.308
413,81967,0.0,0.0,0.0,2026-05-06 16:03:32.308
414,82205,0.0,0.0,0.0,2026-05-06 16:03:32.308
415,82426,0.0,0.0,0.0,2026-05-06 16:03:32.308
416,82647,0.0,0.0,0.0,2026-05-06 16:03:32.308
417,82693,0.0,0.0,0.0,2026-05-06 16:03:32.308
418,82914,0.0,0.0,0.0,2026-05-06 16:03:32.308
419,83133,0.0,0.0,0.0,2026-05-06 16:03:32.308
420,83353,0.0,0.0,0.0,2026-05-06 16:03:32.308
421,83573,0.0,0.0,0.0,2026-05-06 16:03:32.308
422,83633,0.0,0.0,0.0,2026-05-06 16:03:32.308
423,83876,0.0,0.0,0.0,2026-05-06 16:03:32.308
424,84282,0.0,0.0,0.0,2026-05-06 16:03:33.370
425,84502,0.0,0.0,0.0,2026-05-06 16:03:33.370
426,84562,0.0,0.0,0.0,2026-05-06 16:03:33.370
427,84782,0.0,0.0,0.0,2026-05-06 16:03:33.370
428,85002,0.0,0.0,0.0,2026-05-06 16:03:33.370
429,85057,0.0,0.0,0.0,2026-05-06 16:03:33.370
430,85277,0.0,0.0,0.0,2026-05-06 16:03:33.370
431,85497,0.0,0.0,0.0,2026-05-06 16:03:33.370
432,85542,0.0,0.0,0.0,2026-05-06 16:03:33.370
433,85762,0.0,0.0,0.0,2026-05-06 16:03:33.370
434,85982,0.0,0.0,0.0,2026-05-06 16:03:33.370
435,86202,0.0,0.0,0.0,2026-05-06 16:03:33.370
436,86422,0.0,0.0,0.0,2026-05-06 16:03:33.370
437,86663,0.0,0.0,0.0,2026-05-06 16:03:33.370
438,86882,0.0,0.0,0.0,2026-05-06 16:03:33.370
439,87062,0.0,0.0,0.0,2026-05-06 16:03:33.370
440,87281,0.0,0.0,0.0,2026-05-06 16:03:33.370
441,87441,0.0,0.0,0.0,2026-05-06 16:03:33.370
442,87662,0.0,0.0,0.0,2026-05-06 16:03:33.370
443,87883,0.0,0.0,0.0,2026-05-06 16:03:33.370
444,87928,0.0,0.0,0.0,2026-05-06 16:03:33.370
445,88147,0.0,0.0,0.0,2026-05-06 16:03:33.370
446,88366,0.0,0.0,0.0,2026-05-06 16:03:33.370
447,88412,0.0,0.0,0.0,2026-05-06 16:03:33.370
448,88633,0.0,0.0,0.0,2026-05-06 16:03:33.370
449,88853,0.0,0.0,0.0,2026-05-06 16:03:33.370
450,88898,0.0,0.0,0.0,2026-05-06 16:03:33.370
451,89117,0.0,0.0,0.0,2026-05-06 16:03:33.370
452,89338,0.0,0.0,0.0,2026-05-06 16:03:33.370
453,89557,0.0,0.0,0.0,2026-05-06 16:03:33.370
454,89777,0.0,0.0,0.0,2026-05-06 16:03:33.370
455,89837,0.0,0.0,0.0,2026-05-06 16:03:33.370
456,90057,0.0,0.0,0.0,2026-05-06 16:03:33.370
457,90276,0.0,0.0,0.0,2026-05-06 16:03:33.370
458,90327,0.0,0.0,0.0,2026-05-06 16:03:33.370
459,90546,0.0,0.0,0.0,2026-05-06 16:03:33.370
460,90765,0.0,0.0,0.0,2026-05-06 16:03:33.370
461,90812,0.0,0.0,0.0,2026-05-06 16:03:33.370
462,91031,0.0,0.0,0.0,2026-05-06 16:03:33.370
463,91252,0.0,0.0,0.0,2026-05-06 16:03:33.370
464,91471,0.0,0.0,0.0,2026-05-06 16:03:33.370
465,91690,0.0,0.0,0.0,2026-05-06 16:03:33.370
466,91925,0.0,0.0,0.0,2026-05-06 16:03:33.370
467,92145,0.0,0.0,0.0005,2026-05-06 16:03:33.370
468,92214,0.0,0.0,0.0037,2026-05-06 16:03:33.370
469,92439,0.0,0.0,0.0044,2026-05-06 16:03:34.090
470,92679,0.0,0.0,0.012,2026-05-06 16:03:34.090
471,92904,0.0,0.0,0.012,2026-05-06 16:03:34.090
472,93204,0.0,0.0,0.027,2026-05-06 16:03:34.090
473,93432,0.0,0.0,0.027,2026-05-06 16:03:34.090
474,93613,0.0,0.0,0.049,2026-05-06 16:03:34.090
475,93841,0.0,0.0,0.053,2026-05-06 16:03:34.090
476,94082,0.0,0.0,0.0812,2026-05-06 16:03:34.090
477,94313,0.0,0.0,0.0812,2026-05-06 16:03:34.090
478,94554,0.0,0.0,0.1244,2026-05-06 16:03:34.090
479,94783,0.0,0.0,0.1244,2026-05-06 16:03:34.090
480,95024,0.0,0.0,0.1563,2026-05-06 16:03:34.090
481,95252,0.0,0.0,0.1599,2026-05-06 16:03:34.090
482,95675,0.0,0.0,0.1774,2026-05-06 16:03:34.090
483,95904,0.0,0.0,0.1796,2026-05-06 16:03:34.090
484,95963,0.0,0.0,0.1912,2026-05-06 16:03:34.090
485,96193,0.0,0.0,0.1912,2026-05-06 16:03:34.090
486,96434,0.0,0.0,0.1978,2026-05-06 16:03:34.090
487,96664,0.0,0.0,0.1985,2026-05-06 16:03:34.090
488,96905,0.0,0.0,0.2,2026-05-06 16:03:34.090
489,97134,0.0,0.0,0.2,2026-05-06 16:03:34.090
490,97375,0.0,0.0,0.2,2026-05-06 16:03:34.090
491,97604,0.0,0.0,0.2,2026-05-06 16:03:34.090
492,97845,0.0,0.0,0.2,2026-05-06 16:03:34.090
493,98118,0.0,0.0,0.2,2026-05-06 16:03:34.090
494,98306,0.0,0.0,0.2,2026-05-06 16:03:34.090
495,98535,0.0,0.0,0.2,2026-05-06 16:03:34.090
496,98776,0.0,0.0,0.2,2026-05-06 16:03:34.090
497,99005,0.0,0.0,0.2,2026-05-06 16:03:34.090
498,99306,0.0,0.0,0.2,2026-05-06 16:03:34.090
499,99535,0.0,0.0,0.2,2026-05-06 16:03:34.090
500,99898,0.0,0.0,0.2,2026-05-06 16:03:34.090
501,100127,0.0,0.0,0.2,2026-05-06 16:03:34.090
502,100186,0.0,0.0,0.2,2026-05-06 16:03:34.090
503,100415,0.0,0.0,0.2,2026-05-06 16:03:34.804
504,100656,0.0,0.0,0.2,2026-05-06 16:03:34.804
505,100885,0.0,0.0,0.2,2026-05-06 16:03:34.804
506,101126,0.0,0.0,0.2,2026-05-06 16:03:34.804
507,101355,0.0,0.0,0.2,2026-05-06 16:03:34.804
508,101596,0.0,0.0,0.2,2026-05-06 16:03:34.804
509,101828,0.0,0.0,0.2,2026-05-06 16:03:34.804
510,102069,0.0,0.0,0.2,2026-05-06 16:03:34.804
511,102298,0.0,0.0,0.2,2026-05-06 16:03:34.804
512,102599,0.0,0.0,0.2,2026-05-06 16:03:34.804
513,102828,0.0,0.0,0.2,2026-05-06 16:03:34.804
514,103128,0.0,0.0,0.2,2026-05-06 16:03:34.804
515,103357,0.0,0.0,0.2,2026-05-06 16:03:34.804
516,103479,0.0,0.0,0.2,2026-05-06 16:03:34.804
517,103708,0.0,0.0,0.2,2026-05-06 16:03:34.804
518,103949,0.0,0.0,0.2,2026-05-06 16:03:34.804
519,104178,0.0,0.0,0.2,2026-05-06 16:03:34.804
520,104419,0.0,0.0,0.2,2026-05-06 16:03:34.804
521,104648,0.0,0.0,0.2,2026-05-06 16:03:34.804
522,104889,0.0,0.0,0.2,2026-05-06 16:03:34.804
523,105118,0.0,0.0,0.2,2026-05-06 16:03:34.804
524,105359,0.0,0.0,0.2,2026-05-06 16:03:34.804
525,105588,0.0,0.0,0.2,2026-05-06 16:03:34.804
526,106011,0.0,0.0,0.2,2026-05-06 16:03:34.804
527,106240,0.0,0.0,0.2,2026-05-06 16:03:34.804
528,106481,0.0,0.0,0.2,2026-05-06 16:03:34.804
529,106710,0.0,0.0,0.2,2026-05-06 16:03:34.804
530,106769,0.0,0.0,0.2,2026-05-06 16:03:34.804
531,106998,0.0,0.0,0.2,2026-05-06 16:03:34.804
532,107239,0.0,0.0,0.2,2026-05-06 16:03:34.804
533,107468,0.0,0.0,0.2,2026-05-06 16:03:34.804
534,107709,0.0,0.0,0.2,2026-05-06 16:03:34.804
535,107938,0.0,0.0,0.2,2026-05-06 16:03:34.804
536,108178,0.0,0.0,0.2,2026-05-06 16:03:34.804
537,108407,0.0,0.0,0.2,2026-05-06 16:03:35.517
538,108649,0.0,0.0,0.2,2026-05-06 16:03:35.517
539,108878,0.0,0.0,0.2,2026-05-06 16:03:35.517
540,109119,0.0,0.0,0.2,2026-05-06 16:03:35.517
541,109351,0.0,0.0,0.2,2026-05-06 16:03:35.517
542,109592,0.0,0.0,0.2,2026-05-06 16:03:35.517
543,109821,0.0,0.0,0.2,2026-05-06 16:03:35.517
544,110062,0.0,0.0,0.2,2026-05-06 16:03:35.517
545,110291,0.0,0.0,0.2,2026-05-06 16:03:35.517
546,110592,0.0,0.0,0.2,2026-05-06 16:03:35.517
547,110821,0.0,0.0,0.2,2026-05-06 16:03:35.517
548,111062,0.0,0.0,0.2,2026-05-06 16:03:35.517
549,111291,0.0,0.0,0.2,2026-05-06 16:03:35.517
550,111591,0.0,0.0,0.2,2026-05-06 16:03:35.517
551,111820,0.0,0.0,0.2,2026-05-06 16:03:35.517
552,111942,0.0,0.0,0.2,2026-05-06 16:03:35.517
553,112171,0.0,0.0,0.2,2026-05-06 16:03:35.517
554,112412,0.0,0.0,0.2,2026-05-06 16:03:35.517
555,112641,0.0,0.0,0.2,2026-05-06 16:03:35.517
556,112882,0.0,0.0,0.2,2026-05-06 16:03:35.517
557,113111,0.0,0.0,0.2,2026-05-06 16:03:35.517
558,113352,0.0,0.0,0.2,2026-05-06 16:03:35.517
559,113776,0.0,0.0,0.2,2026-05-06 16:03:35.517
560,113831,0.0,0.0,0.2,2026-05-06 16:03:35.517
561,114060,0.0,0.0,0.2,2026-05-06 16:03:35.517
562,114301,0.0,0.0,0.2,2026-05-06 16:03:35.517
563,114530,0.0,0.0,0.2,2026-05-06 16:03:35.517
564,114771,0.0,0.0,0.2,2026-05-06 16:03:35.517
565,115000,0.0,0.0,0.2,2026-05-06 16:03:35.517
566,115301,0.0,0.0,0.2,2026-05-06 16:03:35.517
567,115530,0.0,0.0,0.2,2026-05-06 16:03:35.517
568,115830,0.0,0.0,0.2,2026-05-06 16:03:35.517
569,116059,0.0,0.0,0.2,2026-05-06 16:03:35.517
570,116181,0.0,0.0,0.2,2026-05-06 16:03:35.517
571,116410,0.0,0.0,0.2,2026-05-06 16:03:36.226
572,116651,0.0,0.0,0.2,2026-05-06 16:03:36.226
573,116883,0.0,0.0,0.2,2026-05-06 16:03:36.226
574,117184,0.0,0.0,0.2,2026-05-06 16:03:36.226
575,117413,0.0,0.0,0.2,2026-05-06 16:03:36.226
576,117594,0.0,0.0,0.2,2026-05-06 16:03:36.226
577,117823,0.0,0.0,0.2,2026-05-06 16:03:36.226
578,118064,0.0,0.0,0.2,2026-05-06 16:03:36.226
579,118293,0.0,0.0,0.2,2026-05-06 16:03:36.226
580,118534,0.0,0.0,0.2,2026-05-06 16:03:36.226
581,118763,0.0,0.0,0.2,2026-05-06 16:03:36.226
582,119064,0.0,0.0,0.2,2026-05-06 16:03:36.226
583,119337,0.0,0.0,0.2,2026-05-06 16:03:36.226
584,119466,0.0,0.0,0.2,2026-05-06 16:03:36.226
585,119698,0.0,0.0,0.2,2026-05-06 16:03:36.226
586,119939,0.0,0.0,0.2,2026-05-06 16:03:36.226
587,120168,0.0,0.0,0.2,2026-05-06 16:03:36.226
588,120469,0.0,0.0,0.2,2026-05-06 16:03:36.226
589,120698,0.0,0.0,0.2,2026-05-06 16:03:36.226
590,120879,0.0,0.0,0.2,2026-05-06 16:03:36.226
591,121108,0.0,0.0,0.2,2026-05-06 16:03:36.226
592,121349,0.0,0.0,0.2,2026-05-06 16:03:36.226
593,121578,0.0,0.0,0.2,2026-05-06 16:03:36.226
594,121879,0.0,0.0,0.2,2026-05-06 16:03:36.226
595,122108,0.0,0.0,0.2,2026-05-06 16:03:36.226
596,122289,0.0,0.0,0.2,2026-05-06 16:03:36.226
597,122518,0.0,0.0,0.2,2026-05-06 16:03:36.226
598,122759,0.0,0.0,0.2,2026-05-06 16:03:36.226
599,122988,0.0,0.0,0.2,2026-05-06 16:03:36.226
600,123229,0.0,0.0,0.2,2026-05-06 16:03:36.226
601,123458,0.0,0.0,0.2,2026-05-06 16:03:36.226
602,123699,0.0,0.0,0.2,2026-05-06 16:03:36.226
603,123928,0.0,0.0,0.2,2026-05-06 16:03:36.226
604,124169,0.0,0.0,0.2,2026-05-06 16:03:36.226
605,124398,0.0,0.0,0.2,2026-05-06 16:03:36.544
606,124639,0.0,0.0,0.2,2026-05-06 16:03:36.544
607,124868,0.0,0.0,0.2,2026-05-06 16:03:36.544
608,125109,0.0,0.0,0.2,2026-05-06 16:03:36.544
609,125338,0.0,0.0,0.2,2026-05-06 16:03:36.544
610,125701,0.0,0.0,0.1955,2026-05-06 16:03:36.544
611,125930,0.0,0.0,0.1955,2026-05-06 16:03:36.544
612,126171,0.0,0.0,0.182,2026-05-06 16:03:36.544
613,126400,0.0,0.0,0.1787,2026-05-06 16:03:36.544
614,126522,0.0,0.0,0.1465,2026-05-06 16:03:36.544
615,126751,0.0,0.0,0.1465,2026-05-06 16:03:36.544
616,126992,0.0,0.0,0.0693,2026-05-06 16:03:36.544
617,127221,0.0,0.0,0.0693,2026-05-06 16:03:36.544
618,127462,0.0,0.0,0.0212,2026-05-06 16:03:37.077
619,127691,0.0,0.0,0.0175,2026-05-06 16:03:37.077
620,127932,0.0,0.0,0.0043,2026-05-06 16:03:37.077
621,128161,0.0,0.0,0.0031,2026-05-06 16:03:37.077
622,128402,0.0,0.0,0.0,2026-05-06 16:03:37.077
623,128630,0.0,0.0,0.0,2026-05-06 16:03:37.077
624,128992,0.0,0.0,0.0,2026-05-06 16:03:37.077
625,129221,0.0,0.0,0.0,2026-05-06 16:03:37.077
626,129340,0.0,0.0,0.0,2026-05-06 16:03:37.077
627,129568,0.0,0.0,0.0,2026-05-06 16:03:37.077
628,129808,0.0,0.0,0.0,2026-05-06 16:03:37.077
629,130036,0.0,0.0,0.0,2026-05-06 16:03:37.077
630,130280,0.0,0.0,0.0,2026-05-06 16:03:37.077
631,130508,0.0,0.0,0.0,2026-05-06 16:03:37.077
632,130870,0.0,0.0,0.0,2026-05-06 16:03:37.077
633,131098,0.0,0.0,0.0,2026-05-06 16:03:37.077
634,131401,0.0,0.0,0.0,2026-05-06 16:03:37.077
635,131630,0.0,0.0,0.0,2026-05-06 16:03:37.077
636,131871,0.0,0.0,0.0,2026-05-06 16:03:37.077
637,132100,0.0,0.0,0.0,2026-05-06 16:03:37.077
638,132340,0.0,0.0,0.0,2026-05-06 16:03:37.077
639,132567,0.0,0.0,0.0,2026-05-06 16:03:37.077
640,132809,0.0,0.0,0.0,2026-05-06 16:03:37.077
641,133040,0.0,0.0,0.0,2026-05-06 16:03:37.077
642,133280,0.0,0.0,0.0,2026-05-06 16:03:37.077
643,133508,0.0,0.0,0.0,2026-05-06 16:03:37.077
644,133748,0.0,0.0,0.0,2026-05-06 16:03:37.775
645,133975,0.0,0.0,0.0,2026-05-06 16:03:37.775
646,134216,0.0,0.0,0.0,2026-05-06 16:03:37.775
647,134444,0.0,0.0,0.0,2026-05-06 16:03:37.775
648,134542,0.0,0.0,0.0,2026-05-06 16:03:37.775
649,134770,0.0,0.0,0.0,2026-05-06 16:03:37.775
650,134939,0.0,0.0,0.0,2026-05-06 16:03:37.775
651,135166,0.0,0.0,0.0,2026-05-06 16:03:37.775
652,135394,0.0,0.0,0.0,2026-05-06 16:03:37.775
653,135636,0.0,0.0,0.0,2026-05-06 16:03:37.775
654,135864,0.0,0.0,0.0,2026-05-06 16:03:37.775
655,136105,0.0,0.0,0.0,2026-05-06 16:03:37.775
656,136356,0.0,0.0,0.0,2026-05-06 16:03:37.775
657,136587,0.0,0.0,0.0,2026-05-06 16:03:37.775
658,136814,0.0,0.0,0.0,2026-05-06 16:03:37.775
659,137055,0.0,0.0,0.0,2026-05-06 16:03:37.775
660,137283,0.0,0.0,0.0,2026-05-06 16:03:37.775
661,137524,0.0,0.0,0.0,2026-05-06 16:03:37.775
662,137751,0.0,0.0,0.0,2026-05-06 16:03:37.775
663,137994,0.0,0.0,0.0,2026-05-06 16:03:37.775
664,138222,0.0,0.0,0.0,2026-05-06 16:03:37.775
665,138280,0.0021,0.0,0.0,2026-05-06 16:03:37.775
666,138502,0.0027,0.0,0.0,2026-05-06 16:03:37.775
667,138741,0.0077,0.0,0.0,2026-05-06 16:03:37.775
668,138963,0.0077,0.0,0.0,2026-05-06 16:03:37.775
669,139203,0.0157,0.0,0.0,2026-05-06 16:03:37.775
670,139427,0.0157,0.0,0.0,2026-05-06 16:03:37.775
671,139667,0.0253,0.0,0.0,2026-05-06 16:03:37.775
672,139935,0.0269,0.0,0.0,2026-05-06 16:03:37.775
673,140102,0.0269,0.0,0.0,2026-05-06 16:03:37.775
674,140149,0.0382,0.0,0.0,2026-05-06 16:03:37.775
675,140373,0.0404,0.0,0.0,2026-05-06 16:03:37.775
676,140616,0.0584,0.0,0.0,2026-05-06 16:03:37.775
677,140838,0.0584,0.0,0.0,2026-05-06 16:03:37.775
678,141077,0.082,0.0,0.0,2026-05-06 16:03:37.775
679,141298,0.0858,0.0,0.0,2026-05-06 16:03:37.775
680,141519,0.0858,0.0,0.0,2026-05-06 16:03:37.775
681,141622,0.1163,0.0,0.0,2026-05-06 16:03:38.508
682,141841,0.1211,0.0,0.0,2026-05-06 16:03:38.508
683,142004,0.1211,0.0,0.0,2026-05-06 16:03:38.508
684,142049,0.152,0.0,0.0,2026-05-06 16:03:38.508
685,142268,0.152,0.0,0.0,2026-05-06 16:03:38.508
686,142487,0.1574,0.0,0.0,2026-05-06 16:03:38.508
687,142533,0.1957,0.0,0.0,2026-05-06 16:03:38.508
688,142752,0.1957,0.0,0.0,2026-05-06 16:03:38.508
689,142971,0.2011,0.0,0.0,2026-05-06 16:03:38.508
690,143018,0.2322,0.0,0.0,2026-05-06 16:03:38.508
691,143236,0.237,0.0,0.0,2026-05-06 16:03:38.508
692,143454,0.237,0.0,0.0,2026-05-06 16:03:38.508
693,143501,0.2637,0.0,0.0,2026-05-06 16:03:38.508
694,143719,0.2677,0.0,0.0,2026-05-06 16:03:38.508
695,143937,0.2715,0.0,0.0,2026-05-06 16:03:38.508
696,143984,0.2921,0.0,0.0,2026-05-06 16:03:38.508
697,144203,0.2921,0.0,0.0,2026-05-06 16:03:38.508
698,144422,0.295,0.0,0.0,2026-05-06 16:03:38.508
699,144468,0.3106,0.0,0.0,2026-05-06 16:03:38.508
700,144687,0.3128,0.0,0.0,2026-05-06 16:03:38.508
701,144906,0.3128,0.0,0.0,2026-05-06 16:03:38.508
702,144953,0.326,0.0,0.0,2026-05-06 16:03:38.508
703,145170,0.3276,0.0,0.0,2026-05-06 16:03:38.508
704,145390,0.3276,0.0,0.0,2026-05-06 16:03:38.508
705,145438,0.3356,0.0,0.0,2026-05-06 16:03:38.508
706,145655,0.3356,0.0,0.0,2026-05-06 16:03:38.508
707,145872,0.3368,0.0,0.0,2026-05-06 16:03:38.508
708,145920,0.3435,0.0,0.0,2026-05-06 16:03:38.508
709,146137,0.3435,0.0,0.0,2026-05-06 16:03:38.508
710,146354,0.3443,0.0,0.0,2026-05-06 16:03:38.508
711,146402,0.3483,0.0,0.0,2026-05-06 16:03:38.508
712,146619,0.3489,0.0,0.0,2026-05-06 16:03:38.508
713,146836,0.3489,0.0,0.0,2026-05-06 16:03:38.508
714,146884,0.35,0.0,0.0,2026-05-06 16:03:38.508
715,147102,0.35,0.0,0.0,2026-05-06 16:03:38.508
716,147320,0.35,0.0,0.0,2026-05-06 16:03:38.508
717,147367,0.35,0.0,0.0,2026-05-06 16:03:38.508
718,147585,0.35,0.0,0.0,2026-05-06 16:03:38.508
719,147803,0.35,0.0,0.0,2026-05-06 16:03:38.508
720,147850,0.35,0.0,0.0,2026-05-06 16:03:38.508
721,148069,0.35,0.0,0.0,2026-05-06 16:03:38.508
722,148288,0.35,0.0,0.0,2026-05-06 16:03:38.508
723,148448,0.35,0.0,0.0,2026-05-06 16:03:38.508
724,148667,0.35,0.0,0.0,2026-05-06 16:03:38.508
725,148792,0.35,0.0,0.0,2026-05-06 16:03:38.508
726,149012,0.35,0.0,0.0,2026-05-06 16:03:38.508
727,149232,0.35,0.0,0.0,2026-05-06 16:03:38.508
728,149278,0.35,0.0,0.0,2026-05-06 16:03:38.508
729,149496,0.35,0.0,0.0,2026-05-06 16:03:38.508
730,149714,0.35,0.0,0.0,2026-05-06 16:03:38.996
731,149761,0.35,0.0,0.0,2026-05-06 16:03:38.996
732,149978,0.35,0.0,0.0,2026-05-06 16:03:38.996
733,150196,0.35,0.0,0.0,2026-05-06 16:03:38.996
734,150301,0.35,0.0,0.0,2026-05-06 16:03:38.996
735,150519,0.35,0.0,0.0,2026-05-06 16:03:38.996
736,150681,0.35,0.0,0.0,2026-05-06 16:03:38.996
737,150726,0.35,0.0,0.0,2026-05-06 16:03:38.996
738,150945,0.35,0.0,0.0,2026-05-06 16:03:38.996
739,151164,0.35,0.0,0.0,2026-05-06 16:03:38.996
740,151211,0.35,0.0,0.0,2026-05-06 16:03:38.996
741,151429,0.35,0.0,0.0,2026-05-06 16:03:38.996
742,151647,0.35,0.0,0.0,2026-05-06 16:03:38.996
743,151808,0.35,0.0,0.0,2026-05-06 16:03:38.996
744,152027,0.35,0.0,0.0,2026-05-06 16:03:38.996
745,152152,0.35,0.0,0.0,2026-05-06 16:03:38.996
746,152372,0.35,0.0,0.0,2026-05-06 16:03:38.996
747,152592,0.35,0.0,0.0,2026-05-06 16:03:38.996
748,152637,0.35,0.0,0.0,2026-05-06 16:03:38.996
749,152855,0.35,0.0,0.0,2026-05-06 16:03:38.996
750,153076,0.35,0.0,0.0,2026-05-06 16:03:38.996
751,153123,0.35,0.0,0.0,2026-05-06 16:03:38.996
752,153341,0.35,0.0,0.0,2026-05-06 16:03:38.996
753,153559,0.35,0.0,0.0,2026-05-06 16:03:38.996
754,153777,0.35,0.0,0.0,2026-05-06 16:03:38.996
755,153995,0.35,0.0,0.0,2026-05-06 16:03:38.996
756,154063,0.35,0.0,0.0,2026-05-06 16:03:38.996
757,154281,0.35,0.0,0.0,2026-05-06 16:03:38.996
758,154499,0.35,0.0,0.0,2026-05-06 16:03:38.996
759,154546,0.35,0.0,0.0,2026-05-06 16:03:38.996
760,154763,0.35,0.0,0.0,2026-05-06 16:03:38.996
761,154980,0.35,0.0,0.0,2026-05-06 16:03:39.675
762,155200,0.35,0.0,0.0,2026-05-06 16:03:39.675
763,155418,0.35,0.0,0.0,2026-05-06 16:03:39.675
764,155486,0.35,0.0,0.0,2026-05-06 16:03:39.675
765,155704,0.35,0.0,0.0,2026-05-06 16:03:39.675
766,155922,0.35,0.0,0.0,2026-05-06 16:03:39.675
767,156025,0.349,0.0,0.0,2026-05-06 16:03:39.675
768,156243,0.349,0.0,0.0,2026-05-06 16:03:39.675
769,156406,0.3484,0.0,0.0,2026-05-06 16:03:39.675
770,156452,0.3435,0.0,0.0,2026-05-06 16:03:39.675
771,156670,0.3424,0.0,0.0,2026-05-06 16:03:39.675
772,156888,0.3424,0.0,0.0,2026-05-06 16:03:39.675
773,156935,0.3335,0.0,0.0,2026-05-06 16:03:39.675
774,157154,0.3335,0.0,0.0,2026-05-06 16:03:39.675
775,157373,0.3316,0.0,0.0,2026-05-06 16:03:39.675
776,157420,0.312,0.0,0.0,2026-05-06 16:03:39.675
777,157639,0.312,0.0,0.0,2026-05-06 16:03:39.675
778,157858,0.3081,0.0,0.0,2026-05-06 16:03:39.675
779,157904,0.2775,0.0,0.0,2026-05-06 16:03:39.675
780,158122,0.2709,0.0,0.0,2026-05-06 16:03:39.675
781,158339,0.2709,0.0,0.0,2026-05-06 16:03:39.675
782,158387,0.222,0.0,0.0,2026-05-06 16:03:39.675
783,158606,0.2123,0.0,0.0,2026-05-06 16:03:39.675
784,158825,0.2024,0.0,0.0,2026-05-06 16:03:39.675
785,158871,0.1402,0.0,0.0,2026-05-06 16:03:39.675
786,159089,0.1402,0.0,0.0,2026-05-06 16:03:39.675
787,159307,0.1302,0.0,0.0,2026-05-06 16:03:39.675
788,159354,0.0714,0.0,0.0,2026-05-06 16:03:39.675
789,159573,0.0714,0.0,0.0,2026-05-06 16:03:39.675
790,159792,0.0649,0.0,0.0,2026-05-06 16:03:39.675
791,159839,0.0353,0.0,0.0,2026-05-06 16:03:39.675
792,160059,0.0317,0.0,0.0,2026-05-06 16:03:39.675
793,160279,0.0317,0.0,0.0,2026-05-06 16:03:39.675
794,160324,0.0157,0.0,0.0,2026-05-06 16:03:39.675
795,160544,0.0157,0.0,0.0,2026-05-06 16:03:39.675
796,160767,0.0138,0.0,0.0,2026-05-06 16:03:39.675
797,160813,0.0045,0.0,0.0,2026-05-06 16:03:39.675
798,161033,0.0045,0.0,0.0,2026-05-06 16:03:39.675
799,161253,0.0036,0.0,0.0,2026-05-06 16:03:39.675
800,161342,0.0,0.0,0.0,2026-05-06 16:03:39.675
801,161562,0.0,0.0,0.0,2026-05-06 16:03:39.675
802,161783,0.0,0.0,0.0,2026-05-06 16:03:39.675
803,162004,0.0,0.0,0.0,2026-05-06 16:03:39.675
804,162225,0.0,0.0,0.0,2026-05-06 16:03:39.675
805,162270,0.0,0.0,0.0,2026-05-06 16:03:39.675
806,162491,0.0,0.0,0.0,2026-05-06 16:03:39.675
807,162728,0.0,0.0,0.0,2026-05-06 16:03:39.675
808,162948,0.0,0.0,0.0,2026-05-06 16:03:40.381
809,163169,0.0,0.0,0.0,2026-05-06 16:03:40.381
810,163390,0.0,0.0,0.0,2026-05-06 16:03:40.381
811,163610,0.0,0.0,0.0,2026-05-06 16:03:40.381
812,163847,0.0,0.0,0.0,2026-05-06 16:03:40.381
813,164067,0.0,0.0,0.0,2026-05-06 16:03:40.381
814,164303,0.0,0.0,0.0,2026-05-06 16:03:40.381
815,164523,0.0,0.0,0.0,2026-05-06 16:03:40.381
816,164803,0.0,0.0,0.0,2026-05-06 16:03:40.381
817,165023,0.0,0.0,0.0,2026-05-06 16:03:40.381
818,165088,0.0,0.0,0.0,2026-05-06 16:03:40.381
819,165308,0.0,0.0,0.0,2026-05-06 16:03:40.381
820,165528,0.0,0.0,0.0,2026-05-06 16:03:40.381
821,165573,0.0,0.0,0.0,2026-05-06 16:03:40.381
822,165794,0.0,0.0,0.0,2026-05-06 16:03:40.381
823,166014,0.0,0.0,0.0,2026-05-06 16:03:40.381
824,166059,0.0,0.0,0.0,2026-05-06 16:03:40.381
825,166280,0.0,0.0,0.0,2026-05-06 16:03:40.381
826,166501,0.0,0.0,0.0,2026-05-06 16:03:40.381
827,166546,0.0,0.0,0.0,2026-05-06 16:03:40.381
828,166889,0.0,0.0,0.0,2026-05-06 16:03:40.381
829,167009,0.0,0.0,0.0,2026-05-06 16:03:40.381
830,167229,0.0,0.0,0.0,2026-05-06 16:03:40.381
831,167450,0.0,0.0,0.0,2026-05-06 16:03:40.381
832,167668,0.0,0.0,0.0,2026-05-06 16:03:40.381
833,167888,0.0,0.0,0.0,2026-05-06 16:03:40.381
834,168124,0.0,0.0,0.0,2026-05-06 16:03:40.381
835,168345,0.0,0.0,0.0,2026-05-06 16:03:40.381
836,168408,0.0,0.0,0.0,2026-05-06 16:03:40.381
837,168628,0.0,0.0,0.0,2026-05-06 16:03:40.381
838,168848,0.0,0.0,0.0,2026-05-06 16:03:40.381
839,168903,0.0,0.0,0.0,2026-05-06 16:03:40.381
840,169123,0.0,0.0,0.0,2026-05-06 16:03:40.381
841,169343,0.0,0.0,0.0,2026-05-06 16:03:40.381
842,169563,0.0,0.0,0.0,2026-05-06 16:03:40.381
843,169784,0.0,0.0,0.0,2026-05-06 16:03:40.381
844,169906,0.0,0.0,0.0,2026-05-06 16:03:40.381
845,170128,0.0,0.0,0.0,2026-05-06 16:03:40.381
846,170300,0.0,0.0,0.0,2026-05-06 16:03:40.381
847,170521,0.0,0.0,0.0,2026-05-06 16:03:40.381
848,170741,0.0,0.0,0.0,2026-05-06 16:03:40.381
849,170796,0.0,0.0,0.0,2026-05-06 16:03:40.381
850,171015,0.0,0.0,0.0,2026-05-06 16:03:41.104
851,171233,0.0,0.0,0.0,2026-05-06 16:03:41.104
852,171453,0.0,0.0,0.0,2026-05-06 16:03:41.104
853,171670,0.0,0.0,0.0,2026-05-06 16:03:41.104
854,171737,0.0,0.0,0.0,2026-05-06 16:03:41.104
855,172001,0.0,0.0,0.0,2026-05-06 16:03:41.104
856,172223,0.0,0.0,0.0,2026-05-06 16:03:41.104
857,172442,0.0,0.0,0.0,2026-05-06 16:03:41.104
858,172662,0.0,0.0,0.0,2026-05-06 16:03:41.104
859,172882,0.0,0.0,0.0,2026-05-06 16:03:41.104
860,173102,0.0,0.0,0.0,2026-05-06 16:03:41.104
861,173336,0.0,0.0,0.0,2026-05-06 16:03:41.104
862,173555,0.0,0.0,0.0,2026-05-06 16:03:41.104
863,173831,0.0,0.0,0.0,2026-05-06 16:03:41.104
864,174049,0.0,0.0,0.0,2026-05-06 16:03:41.104
865,174109,0.0,0.0,0.0,2026-05-06 16:03:41.104
866,174326,0.0,0.0,0.0,2026-05-06 16:03:41.104
867,174546,0.0,0.0,0.0,2026-05-06 16:03:41.104
868,174600,0.0,0.0,0.0,2026-05-06 16:03:41.104
869,174820,0.0,0.0,0.0,2026-05-06 16:03:41.104
870,175040,0.0,0.0,0.0,2026-05-06 16:03:41.104
871,175085,0.0,0.0,0.0,2026-05-06 16:03:41.104
872,175305,0.0,0.0,0.0,2026-05-06 16:03:41.104
873,175524,0.0,0.0,0.0,2026-05-06 16:03:41.104
874,175745,0.0,0.0,0.0,2026-05-06 16:03:41.104
875,176026,0.0,0.0,0.0,2026-05-06 16:03:41.104
876,176244,0.0,0.0,0.0,2026-05-06 16:03:41.104
877,176461,0.0,0.0,0.0,2026-05-06 16:03:41.104
878,176514,0.0,0.0,0.0,2026-05-06 16:03:41.104
879,176731,0.0,0.0,0.0,2026-05-06 16:03:41.104
880,176948,0.0,0.0,0.0,2026-05-06 16:03:41.104
881,176996,0.0,0.0,0.0,2026-05-06 16:03:41.104
882,177213,0.0,0.0,0.0,2026-05-06 16:03:41.104
883,177432,0.0,0.0,0.0,2026-05-06 16:03:41.104
884,177479,0.0,0.0,0.0,2026-05-06 16:03:41.104
885,177698,0.0,0.0,0.0,2026-05-06 16:03:41.104
886,177917,0.0,0.0,0.0,2026-05-06 16:03:41.104
887,177964,0.0,0.0,0.0,2026-05-06 16:03:41.104
888,178182,0.0,0.0,0.0,2026-05-06 16:03:41.104
889,178401,0.0,0.0,0.0,2026-05-06 16:03:41.104
890,178619,0.0,0.0,0.0,2026-05-06 16:03:41.104
891,178840,0.0,0.0,0.0,2026-05-06 16:03:41.104
892,179074,0.0,0.0,0.0,2026-05-06 16:03:41.815
893,179291,0.0,0.0,0.0,2026-05-06 16:03:41.815
894,179508,0.0,0.0,0.0,2026-05-06 16:03:41.815
895,179726,0.0,0.0,0.0,2026-05-06 16:03:41.815
896,179841,0.0,0.0,0.0,2026-05-06 16:03:41.815
897,180060,0.0,0.0,0.0,2026-05-06 16:03:41.815
898,180279,0.0,0.0,0.0,2026-05-06 16:03:41.815
899,180336,0.0,0.0,0.0,2026-05-06 16:03:41.815
900,180554,0.0,0.0,0.0,2026-05-06 16:03:41.815
901,180773,0.0,0.0,0.0,2026-05-06 16:03:41.815
902,180993,0.0,0.0,0.0,2026-05-06 16:03:41.815
903,181210,0.0,0.0,0.0,2026-05-06 16:03:41.815
904,181277,0.0,0.0,0.0,2026-05-06 16:03:41.815
905,181494,0.0,0.0,0.0,2026-05-06 16:03:41.815
906,181711,0.0,0.0,0.0,2026-05-06 16:03:41.815
907,181759,0.0,0.0,0.0,2026-05-06 16:03:41.815
908,181976,0.0,0.0,0.0,2026-05-06 16:03:41.815
909,182194,0.0,0.0,0.0,2026-05-06 16:03:41.815
910,182413,0.0,0.0,0.0,2026-05-06 16:03:41.815
911,182631,0.0,0.0,0.0,2026-05-06 16:03:41.815
912,182869,0.0,0.0,0.0,2026-05-06 16:03:41.815
913,183088,0.0,0.0,0.0,2026-05-06 16:03:41.815
914,183362,0.0,0.0,0.0,2026-05-06 16:03:41.815
915,183642,0.0,0.0,0.0,2026-05-06 16:03:41.815
916,183860,0.0,0.0,0.0,2026-05-06 16:03:41.815
917,184078,0.0,0.0,0.0,2026-05-06 16:03:41.815
918,184133,0.0,0.0,0.0,2026-05-06 16:03:41.815
919,184351,0.0,0.0,0.0,2026-05-06 16:03:41.815
920,184568,0.0,0.0,0.0,2026-05-06 16:03:41.815
921,184788,0.0,0.0,0.0,2026-05-06 16:03:41.815
922,185006,0.0,0.0,0.0,2026-05-06 16:03:41.815
923,185240,0.0,0.0,0.0,2026-05-06 16:03:41.815
924,185458,0.0,0.0,0.0,2026-05-06 16:03:41.815
925,185562,0.0,0.0,0.0,2026-05-06 16:03:41.815
926,185780,0.0,0.0,0.0,2026-05-06 16:03:41.815
927,185997,0.0,0.0,0.0,2026-05-06 16:03:41.815
928,186045,0.0,0.0,0.0,2026-05-06 16:03:41.815
929,186263,0.0,0.0,0.0,2026-05-06 16:03:41.815
930,186480,0.0,0.0,0.0,2026-05-06 16:03:41.815
931,186699,0.0,0.0,0.0,2026-05-06 16:03:41.815
932,186917,0.0,0.0,0.0,2026-05-06 16:03:41.815
933,187041,0.0,0.0,0.0,2026-05-06 16:03:41.815
934,187258,0.0,0.0,0.0,2026-05-06 16:03:42.542
935,187420,0.0,0.0,0.0,2026-05-06 16:03:42.542
936,187467,0.0,0.0,0.0,2026-05-06 16:03:42.542
937,187684,0.0,0.0,0.0,2026-05-06 16:03:42.542
938,187901,0.0,0.0,0.0,2026-05-06 16:03:42.542
939,187949,0.0,0.0,0.0,2026-05-06 16:03:42.542
940,188166,0.0,0.0,0.0,2026-05-06 16:03:42.542
941,188384,0.0,0.0,0.0,2026-05-06 16:03:42.542
942,188604,0.0,0.0,0.0,2026-05-06 16:03:42.542
943,188821,0.0,0.0,0.0,2026-05-06 16:03:42.542
944,188888,0.0,0.0,0.0,2026-05-06 16:03:42.542
945,189105,0.0,0.0,0.0,2026-05-06 16:03:42.542
946,189323,0.0,0.0,0.0,2026-05-06 16:03:42.542
947,189370,0.0,0.0,0.0,2026-05-06 16:03:42.542
948,189588,0.0,0.0,0.0,2026-05-06 16:03:42.542
949,189806,0.0,0.0,0.0,2026-05-06 16:03:42.542
950,189853,0.0,0.0,0.0,2026-05-06 16:03:42.542
951,190071,0.0,0.0,0.0,2026-05-06 16:03:42.542
952,190289,0.0,0.0,0.0,2026-05-06 16:03:42.542
953,190509,0.0,0.0,0.0,2026-05-06 16:03:42.542
954,190728,0.0,0.0,0.0,2026-05-06 16:03:42.542
955,190963,0.0,0.0,0.0,2026-05-06 16:03:42.542
956,191181,0.0,0.0,0.0,2026-05-06 16:03:42.542
957,191288,0.0,0.0,0.0,2026-05-06 16:03:42.542
958,191506,0.0,0.0,0.0,2026-05-06 16:03:42.542
959,191724,0.0,0.0,0.0,2026-05-06 16:03:42.542
960,191771,0.0,0.0,0.0,2026-05-06 16:03:42.542
961,191988,0.0,0.0,0.0,2026-05-06 16:03:42.542
962,192206,0.0,0.0,0.0,2026-05-06 16:03:42.542
963,192426,0.0,0.0,0.0,2026-05-06 16:03:42.542
964,192644,0.0,0.0,0.0,2026-05-06 16:03:42.542
965,192879,0.0,0.0,0.0,2026-05-06 16:03:42.542
966,193097,0.0,0.0,0.0,2026-05-06 16:03:42.542
967,193202,0.0,0.0,0.0,2026-05-06 16:03:42.542
968,193422,0.0,0.0,0.0,2026-05-06 16:03:42.542
969,193640,0.0,0.0,0.0,2026-05-06 16:03:42.542
970,193686,0.0,0.0,0.0,2026-05-06 16:03:42.542
971,193905,0.0,0.0,0.0,2026-05-06 16:03:42.542
972,194123,0.0,0.0,0.0,2026-05-06 16:03:42.542
973,194342,0.0,0.0,0.0,2026-05-06 16:03:42.542
974,194559,0.0,0.0,0.0,2026-05-06 16:03:42.542
975,194626,0.0,0.0,0.0,2026-05-06 16:03:42.542
976,194843,0.0,0.0,0.0,2026-05-06 16:03:42.542
977,195060,0.0,0.0,0.0,2026-05-06 16:03:42.542
978,195108,0.0,0.0,0.0,2026-05-06 16:03:43.269
979,195325,0.0,0.0,0.0,2026-05-06 16:03:43.269
980,195543,0.0,0.0,0.0,2026-05-06 16:03:43.269
981,195590,0.0,0.0,0.0,2026-05-06 16:03:43.269
982,195809,0.0,0.0,0.0,2026-05-06 16:03:43.269
983,196028,0.0,0.0,0.0,2026-05-06 16:03:43.269
984,196246,0.0,0.0,0.0,2026-05-06 16:03:43.269
985,196463,0.0,0.0,0.0,2026-05-06 16:03:43.269
986,196697,0.0,0.0,0.0,2026-05-06 16:03:43.269
987,196917,0.0,0.0,0.0,2026-05-06 16:03:43.269
988,197021,0.0,0.0,0.0,2026-05-06 16:03:43.269
989,197240,0.0,0.0,0.0,2026-05-06 16:03:43.269
990,197459,0.0,0.0,0.0,2026-05-06 16:03:43.269
991,197506,0.0,0.0,0.0,2026-05-06 16:03:43.269
992,197723,0.0,0.0,0.0,2026-05-06 16:03:43.269
993,197940,0.0,0.0,0.0,2026-05-06 16:03:43.269
994,198159,0.0,0.0,0.0,2026-05-06 16:03:43.269
995,198377,0.0,0.0,0.0,2026-05-06 16:03:43.269
996,198612,0.0,0.0,0.0,2026-05-06 16:03:43.269
997,198830,0.0,0.0,0.0,2026-05-06 16:03:43.269
998,198938,0.0,0.0,0.0,2026-05-06 16:03:43.269
999,199155,0.0,0.0,0.0,2026-05-06 16:03:43.269
1000,199373,0.0,0.0,0.0,2026-05-06 16:03:43.269
1001,199591,0.0,0.0,0.0,2026-05-06 16:03:43.269
1002,199808,0.0,0.0,0.0,2026-05-06 16:03:43.269
1003,200042,0.0,0.0,0.0,2026-05-06 16:03:43.269
1004,200259,0.0,0.0,0.0,2026-05-06 16:03:43.269
1005,200365,0.0,0.0,0.0,2026-05-06 16:03:43.269
1006,200582,0.0,0.0,0.0,2026-05-06 16:03:43.269
1007,200800,0.0,0.0,0.0,2026-05-06 16:03:43.269
1008,200847,0.0,0.0,0.0,2026-05-06 16:03:43.269
1009,201064,0.0,0.0,0.0,2026-05-06 16:03:43.269
1010,201283,0.0,0.0,0.0,2026-05-06 16:03:43.269
1011,201330,0.0,0.0,0.0,2026-05-06 16:03:43.269
1012,201547,0.0,0.0,0.0,2026-05-06 16:03:43.269
1013,201765,0.0,0.0,0.0,2026-05-06 16:03:43.269
1014,201813,0.0,0.0,0.0,2026-05-06 16:03:43.269
1015,202031,0.0,0.0,0.0,2026-05-06 16:03:43.269
1016,202248,0.0,0.0,0.0,2026-05-06 16:03:43.269
1017,202468,0.0,0.0,0.0,2026-05-06 16:03:43.269
1018,202685,0.0,0.0,0.0,2026-05-06 16:03:43.269
1019,202809,0.0,0.0,0.0,2026-05-06 16:03:43.269
1020,203026,0.0,0.0,0.0,2026-05-06 16:03:43.269
1021,203188,0.0,0.0,0.0,2026-05-06 16:03:43.992
1022,203235,0.0,0.0,0.0,2026-05-06 16:03:43.992
1023,203453,0.0,0.0,0.0,2026-05-06 16:03:43.992
1024,203670,0.0,0.0,0.0,2026-05-06 16:03:43.992
1025,203717,0.0,0.0,0.0,2026-05-06 16:03:43.992
1026,203934,0.0,0.0,0.0,2026-05-06 16:03:43.992
1027,204152,0.0,0.0,0.0,2026-05-06 16:03:43.992
1028,204372,0.0,0.0,0.0,2026-05-06 16:03:43.992
1029,204590,0.0,0.0,0.0,2026-05-06 16:03:43.992
1030,204713,0.0,0.0,0.0,2026-05-06 16:03:43.992
1031,204932,0.0,0.0,0.0,2026-05-06 16:03:43.992
1032,205094,0.0,0.0,0.0,2026-05-06 16:03:43.992
1033,205141,0.0,0.0,0.0,2026-05-06 16:03:43.992
1034,205360,0.0,0.0,0.0,2026-05-06 16:03:43.992
1035,205579,0.0,0.0,0.0,2026-05-06 16:03:43.992
1036,205625,0.0,0.0,0.0,2026-05-06 16:03:43.992
1037,205844,0.0,0.0,0.0,2026-05-06 16:03:43.992
1038,206062,0.0,0.0,0.0,2026-05-06 16:03:43.992
1039,206281,0.0,0.0,0.0,2026-05-06 16:03:43.992
1040,206738,0.0,0.0,0.0,2026-05-06 16:03:43.992
1041,206955,0.0,0.0,0.0,2026-05-06 16:03:43.992
1042,207059,0.0,0.0,0.0,2026-05-06 16:03:43.992
1043,207276,0.0,0.0,0.0,2026-05-06 16:03:43.992
1044,207495,0.0,0.0,0.0,2026-05-06 16:03:43.992
1045,207542,0.0,0.0,0.0,2026-05-06 16:03:43.992
1046,207759,0.0,0.0,0.0,2026-05-06 16:03:43.992
1047,207977,0.0,0.0,0.0,2026-05-06 16:03:43.992
1048,208196,0.0,0.0,0.0,2026-05-06 16:03:43.992
1049,208413,0.0,0.0,0.0,2026-05-06 16:03:43.992
1050,208647,0.0,0.0,0.0,2026-05-06 16:03:43.992
1051,208865,0.0,0.0,0.0,2026-05-06 16:03:43.992
1052,208970,0.0,0.0,0.0,2026-05-06 16:03:43.992
1053,209188,0.0,0.0,0.0,2026-05-06 16:03:43.992
1054,209405,0.0,0.0,0.0,2026-05-06 16:03:43.992
1055,209625,0.0,0.0,0.0,2026-05-06 16:03:43.992
1056,209843,0.0,0.0,0.0,2026-05-06 16:03:43.992
1057,210077,0.0,0.0,0.0,2026-05-06 16:03:43.992
1058,210294,0.0,0.0,0.0,2026-05-06 16:03:43.992
1059,210399,0.0,0.0,0.0,2026-05-06 16:03:43.992
1060,210617,0.0,0.0,0.0,2026-05-06 16:03:43.992
1061,210834,0.0,0.0,0.0,2026-05-06 16:03:43.992
1062,210881,0.0,0.0,0.0,2026-05-06 16:03:43.992
1063,211100,0.0,0.0,0.0,2026-05-06 16:03:43.992
1064,211318,0.0,0.0,0.0,2026-05-06 16:03:44.713
1065,211365,0.0,0.0,0.0,2026-05-06 16:03:44.713
1066,211582,0.0,0.0,0.0,2026-05-06 16:03:44.713
1067,211802,0.0,0.0,0.0,2026-05-06 16:03:44.713
1068,212021,0.0,0.0,0.0,2026-05-06 16:03:44.713
1069,212238,0.0,0.0,0.0,2026-05-06 16:03:44.713
1070,212416,0.0,0.0,0.0,2026-05-06 16:03:44.713
1071,212633,0.0,0.0,0.0,2026-05-06 16:03:44.713
1072,212794,0.0,0.0,0.0,2026-05-06 16:03:44.713
1073,213011,0.0,0.0,0.0,2026-05-06 16:03:44.713
1074,213230,0.0,0.0,0.0,2026-05-06 16:03:44.713
1075,213277,0.0,0.0,0.0,2026-05-06 16:03:44.713
1076,213494,0.0,0.0,0.0,2026-05-06 16:03:44.713
1077,213713,0.0,0.0,0.0,2026-05-06 16:03:44.713
1078,213931,0.0,0.0,0.0,2026-05-06 16:03:44.713
1079,214429,0.0,0.0,0.0,2026-05-06 16:03:44.713
1080,214646,0.0,0.0,0.0,2026-05-06 16:03:44.713
1081,214701,0.0,0.0,0.0,2026-05-06 16:03:44.713
1082,214919,0.0,0.0,0.0,2026-05-06 16:03:44.713
1083,215137,0.0,0.0,0.0,2026-05-06 16:03:44.713
1084,215184,0.0,0.0,0.0,2026-05-06 16:03:44.713
1085,215403,0.0,0.0,0.0,2026-05-06 16:03:44.713
1086,215621,0.0,0.0,0.0,2026-05-06 16:03:44.713
1087,215668,0.0,0.0,0.0,2026-05-06 16:03:44.713
1088,215887,0.0,0.0,0.0,2026-05-06 16:03:44.713
1089,216106,0.0,0.0,0.0,2026-05-06 16:03:44.713
1090,216152,0.0,0.0,0.0,2026-05-06 16:03:44.713
1091,216369,0.0,0.0,0.0,2026-05-06 16:03:44.713
1092,216586,0.0,0.0,0.0,2026-05-06 16:03:44.713
1093,216634,0.0,0.0,0.0,2026-05-06 16:03:44.713
1094,216852,0.0,0.0,0.0,2026-05-06 16:03:44.713
1095,217069,0.0,0.0,0.0,2026-05-06 16:03:44.713
1096,217117,0.0,0.0,0.0,2026-05-06 16:03:44.713
1097,217334,0.0,0.0,0.0,2026-05-06 16:03:44.713
1098,217551,0.0,0.0,0.0,2026-05-06 16:03:44.713
1099,217599,0.0,0.0,0.0,2026-05-06 16:03:44.713
1100,217817,0.0,0.0,0.0,2026-05-06 16:03:44.713
1101,218036,0.0,0.0,0.0,2026-05-06 16:03:44.713
1102,218083,0.0,0.0,0.0,2026-05-06 16:03:44.713
1103,218300,0.0,0.0,0.0,2026-05-06 16:03:44.713
1104,218518,0.0,0.0,0.0,2026-05-06 16:03:44.713
1105,218565,0.0,0.0,0.0,2026-05-06 16:03:44.713
1106,218782,0.0,0.0,0.0,2026-05-06 16:03:44.713
1107,218999,0.0,0.0,0.0,2026-05-06 16:03:44.713
1108,219047,0.0,0.0,0.0,2026-05-06 16:03:44.713
1109,219264,0.0,0.0,0.0,2026-05-06 16:03:44.713
1110,219482,0.0,0.0,0.0,2026-05-06 16:03:45.425
1111,219530,0.0,0.0,0.0,2026-05-06 16:03:45.425
1112,219750,0.0,0.0,0.0,2026-05-06 16:03:45.425
1113,219967,0.0,0.0,0.0,2026-05-06 16:03:45.425
1114,220014,0.0,0.0,0.0,2026-05-06 16:03:45.425
1115,220231,0.0,0.0,0.0,2026-05-06 16:03:45.425
1116,220449,0.0,0.0,0.0,2026-05-06 16:03:45.425
1117,220496,0.0,0.0,0.0,2026-05-06 16:03:45.425
1118,220714,0.0,0.0,0.0,2026-05-06 16:03:45.425
1119,220931,0.0,0.0,0.0,2026-05-06 16:03:45.425
1120,220979,0.0,0.0,0.0,2026-05-06 16:03:45.425
1121,221197,0.0,0.0,0.0,2026-05-06 16:03:45.425
1122,221414,0.0,0.0,0.0,2026-05-06 16:03:45.425
1123,221461,0.0,0.0,0.0,2026-05-06 16:03:45.425
1124,221678,0.0,0.0,0.0,2026-05-06 16:03:45.425
1125,221898,0.0,0.0,0.0,2026-05-06 16:03:45.425
1126,221946,0.0,0.0,0.0,2026-05-06 16:03:45.425
1127,222164,0.0,0.0,0.0,2026-05-06 16:03:45.425
1128,222382,0.0,0.0,0.0,2026-05-06 16:03:45.425
1129,222429,0.0,0.0,0.0,2026-05-06 16:03:45.425
1130,222648,0.0,0.0,0.0,2026-05-06 16:03:45.425
1131,222867,0.0,0.0,0.0,2026-05-06 16:03:45.425
1132,222914,0.0,0.0,0.0,2026-05-06 16:03:45.425
1133,223132,0.0,0.0,0.0,2026-05-06 16:03:45.425
1134,223350,0.0,0.0,0.0,2026-05-06 16:03:45.425
1135,223397,0.0,0.0,0.0,2026-05-06 16:03:45.425
1136,223615,0.0,0.0,0.0,2026-05-06 16:03:45.425
1137,223833,0.0,0.0,0.0,2026-05-06 16:03:45.425
1138,223880,0.0,0.0,0.0,2026-05-06 16:03:45.425
1139,224097,0.0,0.0,0.0,2026-05-06 16:03:45.425
1140,224314,0.0,0.0,0.0,2026-05-06 16:03:45.425
1141,224362,0.0,0.0,0.0,2026-05-06 16:03:45.425
1142,224581,0.0,0.0,0.0,2026-05-06 16:03:45.425
1143,224799,0.0,0.0,0.0,2026-05-06 16:03:45.425
1144,224846,0.0,0.0,0.0,2026-05-06 16:03:45.425
1145,225063,0.0,0.0,0.0,2026-05-06 16:03:45.425
1146,225282,0.0,0.0,0.0,2026-05-06 16:03:45.425
1147,225329,0.0,0.0,0.0,2026-05-06 16:03:45.425
1148,225548,0.0,0.0,0.0,2026-05-06 16:03:45.425
1149,225767,0.0,0.0,0.0,2026-05-06 16:03:45.425
1150,225813,0.0,0.0,0.0,2026-05-06 16:03:45.425
1151,226030,0.0,0.0,0.0,2026-05-06 16:03:45.425
1152,226247,0.0,0.0,0.0,2026-05-06 16:03:45.425
1153,226295,0.0,0.0,0.0,2026-05-06 16:03:45.425
1154,226513,0.0,0.0,0.0,2026-05-06 16:03:45.425
1155,226732,0.0,0.0,0.0,2026-05-06 16:03:45.425
1156,226779,0.0,0.0,0.0,2026-05-06 16:03:45.425
1157,226998,0.0,0.0,0.0,2026-05-06 16:03:45.425
1158,227216,0.0,0.0,0.0,2026-05-06 16:03:45.425
1159,227263,0.0,0.0,0.0,2026-05-06 16:03:45.425
1160,227480,0.0,0.0,0.0,2026-05-06 16:03:46.137
1161,227697,0.0,0.0,0.0,2026-05-06 16:03:46.137
1162,227745,0.0,0.0,0.0,2026-05-06 16:03:46.137
1163,227963,0.0,0.0,0.0,2026-05-06 16:03:46.137
1164,228180,0.0,0.0,0.0,2026-05-06 16:03:46.137
1165,228227,0.0,0.0,0.0,2026-05-06 16:03:46.137
1166,228446,0.0,0.0,0.0,2026-05-06 16:03:46.137
1167,228665,0.0,0.0,0.0,2026-05-06 16:03:46.137
1168,228712,0.0,0.0,0.0,2026-05-06 16:03:46.137
1169,228930,0.0,0.0,0.0,2026-05-06 16:03:46.137
1170,229147,0.0,0.0,0.0,2026-05-06 16:03:46.137
1171,229194,0.0,0.0,0.0,2026-05-06 16:03:46.137
1172,229412,0.0,0.0,0.0,2026-05-06 16:03:46.137
1173,229634,0.0,0.0,0.0,2026-05-06 16:03:46.137
1174,229681,0.0,0.0,0.0,2026-05-06 16:03:46.137
1175,229898,0.0,0.0,0.0,2026-05-06 16:03:46.137
1176,230116,0.0,0.0,0.0,2026-05-06 16:03:46.137
1177,230163,0.0,0.0,0.0,2026-05-06 16:03:46.137
1178,230381,0.0,0.0,0.0,2026-05-06 16:03:46.137
1179,230601,0.0,0.0,0.0,2026-05-06 16:03:46.137
1180,230648,0.0,0.0,0.0,2026-05-06 16:03:46.137
1181,230866,0.0,0.0,0.0,2026-05-06 16:03:46.137
1182,231084,0.0,0.0,0.0,2026-05-06 16:03:46.137
1183,231131,0.0,0.0,0.0,2026-05-06 16:03:46.137
1184,231350,0.0,0.0,0.0,2026-05-06 16:03:46.137
1185,231569,0.0,0.0,0.0,2026-05-06 16:03:46.137
1186,231615,0.0,0.0,0.0,2026-05-06 16:03:46.137
1187,231832,0.0,0.0,0.0,2026-05-06 16:03:46.137
1188,232049,0.0,0.0,0.0,2026-05-06 16:03:46.137
1189,232097,0.0,0.0,0.0,2026-05-06 16:03:46.137
1190,232314,0.0,0.0,0.0,2026-05-06 16:03:46.137
1191,232532,0.0,0.0,0.0,2026-05-06 16:03:46.137
1192,232580,0.0,0.0,0.0,2026-05-06 16:03:46.137
1193,232798,0.0,0.0,0.0,2026-05-06 16:03:46.137
1194,233017,0.0,0.0,0.0,2026-05-06 16:03:46.137
1195,233064,0.0,0.0,0.0,2026-05-06 16:03:46.137
1196,233282,0.0,0.0,0.0,2026-05-06 16:03:46.137
1197,233500,0.0,0.0,0.0,2026-05-06 16:03:46.137
1198,233547,0.0,0.0,0.0,2026-05-06 16:03:46.137
1199,233764,0.0,0.0,0.0,2026-05-06 16:03:46.137
1200,233983,0.0,0.0,0.0,2026-05-06 16:03:46.137
1201,234030,0.0,0.0,0.0,2026-05-06 16:03:46.137
1202,234247,0.0,0.0,0.0,2026-05-06 16:03:46.137
1203,234464,0.0,0.0,0.0,2026-05-06 16:03:46.137
1204,234512,0.0,0.0,0.0,2026-05-06 16:03:46.137
1205,234729,0.0,0.0,0.0,2026-05-06 16:03:46.137
1206,234947,0.0,0.0,0.0,2026-05-06 16:03:46.137
1207,234994,0.0,0.0,0.0,2026-05-06 16:03:46.137
1208,235211,0.0,0.0,0.0,2026-05-06 16:03:46.137
1209,235428,0.0,0.0,0.0,2026-05-06 16:03:46.848
1210,235476,0.0,0.0,0.0,2026-05-06 16:03:46.848
1211,235693,0.0,0.0,0.0,2026-05-06 16:03:46.848
1212,235911,0.0,0.0,0.0,2026-05-06 16:03:46.848
1213,236003,0.0,0.0,0.0,2026-05-06 16:03:46.848
1214,236220,0.0,0.0,0.0,2026-05-06 16:03:46.848
1215,236440,0.0,0.0,0.0,2026-05-06 16:03:46.848
1216,236657,0.0,0.0,0.0,2026-05-06 16:03:46.848
1217,236874,0.0,0.0,0.0,2026-05-06 16:03:46.848
1218,236922,0.0,0.0,0.0,2026-05-06 16:03:46.848
1219,237139,0.0,0.0,0.0,2026-05-06 16:03:46.848
1220,237359,0.0,0.0,0.0,2026-05-06 16:03:46.848
1221,237407,0.0,0.0,0.0,2026-05-06 16:03:46.848
1222,237624,0.0,0.0,0.0,2026-05-06 16:03:46.848
1223,237841,0.0,0.0,0.0,2026-05-06 16:03:46.848
1224,237889,0.0,0.0,0.0,2026-05-06 16:03:46.848
1225,238107,0.0,0.0,0.0,2026-05-06 16:03:46.848
1226,238324,0.0,0.0,0.0,2026-05-06 16:03:46.848
1227,238372,0.0,0.0,0.0,2026-05-06 16:03:46.848
1228,238590,0.0,0.0,0.0,2026-05-06 16:03:46.848
1229,238808,0.0,0.0,0.0,2026-05-06 16:03:46.848
1230,238855,0.0,0.0,0.0,2026-05-06 16:03:46.848
1231,239073,0.0,0.0,0.0,2026-05-06 16:03:46.848
1232,239291,0.0,0.0,0.0,2026-05-06 16:03:46.848
1233,239338,0.0,0.0,0.0,2026-05-06 16:03:46.848
1234,239555,0.0,0.0,0.0,2026-05-06 16:03:46.848
1235,239772,0.0,0.0,0.0,2026-05-06 16:03:46.848
1236,239820,0.0,0.0,0.0,2026-05-06 16:03:46.848
1237,240037,0.0,0.0,0.0,2026-05-06 16:03:46.848
1238,240254,0.0,0.0,0.0,2026-05-06 16:03:46.848
1239,240302,0.0,0.0,0.0,2026-05-06 16:03:46.848
1240,240519,0.0,0.0,0.0,2026-05-06 16:03:46.848
1241,240738,0.0,0.0,0.0,2026-05-06 16:03:46.848
1242,240785,0.0,0.0,0.0,2026-05-06 16:03:46.848
1243,241003,0.0,0.0,0.0,2026-05-06 16:03:46.848
1244,241220,0.0,0.0,0.0,2026-05-06 16:03:46.848
1245,241267,0.0,0.0,0.0,2026-05-06 16:03:46.848
1246,241485,0.0,0.0,0.0,2026-05-06 16:03:46.848
1247,241704,0.0,0.0,0.0,2026-05-06 16:03:46.848
1248,241751,0.0,0.0,0.0,2026-05-06 16:03:46.848
1249,241968,0.0,0.0,0.0,2026-05-06 16:03:46.848
1250,242185,0.0,0.0,0.0,2026-05-06 16:03:46.848
1251,242233,0.0,0.0,0.0,2026-05-06 16:03:46.848
1252,242451,0.0,0.0,0.0,2026-05-06 16:03:46.848
1253,242669,0.0,0.0,0.0,2026-05-06 16:03:46.848
1254,242716,0.0,0.0,0.0,2026-05-06 16:03:46.848
1255,242934,0.0,0.0,0.0,2026-05-06 16:03:46.848
1256,243152,0.0,0.0,0.0,2026-05-06 16:03:46.848
1257,243199,0.0,0.0,0.0,2026-05-06 16:03:46.848
1258,243416,0.0,0.0,0.0,2026-05-06 16:03:46.848
1259,243633,0.0,0.0,0.0,2026-05-06 16:03:47.571
1260,243681,0.0,0.0,0.0,2026-05-06 16:03:47.571
1261,243899,0.0,0.0,0.0,2026-05-06 16:03:47.571
1262,244117,0.0,0.0,0.0,2026-05-06 16:03:47.571
1263,244164,0.0,0.0,0.0,2026-05-06 16:03:47.571
1264,244381,0.0,0.0,0.0,2026-05-06 16:03:47.571
1265,244598,0.0,0.0,0.0,2026-05-06 16:03:47.571
1266,244646,0.0,0.0,0.0,2026-05-06 16:03:47.571
1267,244864,0.0,0.0,0.0,2026-05-06 16:03:47.571
1268,245085,0.0,0.0,0.0,2026-05-06 16:03:47.571
1269,245132,0.0,0.0,0.0,2026-05-06 16:03:47.571
1270,245351,0.0,0.0,0.0,2026-05-06 16:03:47.571
1271,245569,0.0,0.0,0.0,2026-05-06 16:03:47.571
1272,245616,0.0,0.0,0.0,2026-05-06 16:03:47.571
1273,245834,0.0,0.0,0.0,2026-05-06 16:03:47.571
1274,246052,0.0,0.0,0.0,2026-05-06 16:03:47.571
1275,246099,0.0,0.0,0.0,2026-05-06 16:03:47.571
1276,246317,0.0,0.0,0.0,2026-05-06 16:03:47.571
1277,246536,0.0,0.0,0.0,2026-05-06 16:03:47.571
1278,246583,0.0,0.0,0.0,2026-05-06 16:03:47.571
1279,246800,0.0,0.0,0.0,2026-05-06 16:03:47.571
1280,247017,0.0,0.0,0.0,2026-05-06 16:03:47.571
1281,247065,0.0,0.0,0.0,2026-05-06 16:03:47.571
1282,247282,0.0,0.0,0.0,2026-05-06 16:03:47.571
1283,247499,0.0,0.0,0.0,2026-05-06 16:03:47.571
1284,247547,0.0,0.0,0.0,2026-05-06 16:03:47.571
1285,247766,0.0,0.0,0.0,2026-05-06 16:03:47.571
1286,247985,0.0,0.0,0.0,2026-05-06 16:03:47.571
1287,248031,0.0,0.0,0.0,2026-05-06 16:03:47.571
1288,248250,0.0,0.0,0.0,2026-05-06 16:03:47.571
1289,248468,0.0,0.0,0.0,2026-05-06 16:03:47.571
1290,248515,0.0,0.0,0.0,2026-05-06 16:03:47.571
1291,248732,0.0,0.0,0.0,2026-05-06 16:03:47.571
1292,248949,0.0,0.0,0.0,2026-05-06 16:03:47.571
1293,248997,0.0,0.0,0.0,2026-05-06 16:03:47.571
1294,249215,0.0,0.0,0.0,2026-05-06 16:03:47.571
1295,249433,0.0,0.0,0.0,2026-05-06 16:03:47.571
1296,249480,0.0,0.0,0.0,2026-05-06 16:03:47.571
1297,249697,0.0,0.0,0.0,2026-05-06 16:03:47.571
1298,249915,0.0,0.0,0.0,2026-05-06 16:03:47.571
1299,249962,0.0,0.0,0.0,2026-05-06 16:03:47.571
1300,250180,0.0,0.0,0.0,2026-05-06 16:03:47.571
1301,250398,0.0,0.0,0.0,2026-05-06 16:03:47.571
1302,250445,0.0,0.0,0.0,2026-05-06 16:03:47.571
1303,250663,0.0,0.0,0.0,2026-05-06 16:03:47.571
1304,250881,0.0,0.0,0.0,2026-05-06 16:03:47.571
1305,250928,0.0,0.0,0.0,2026-05-06 16:03:47.571
1306,251145,0.0,0.0,0.0,2026-05-06 16:03:47.571
1307,251362,0.0,0.0,0.0,2026-05-06 16:03:47.571
1308,251410,0.0,0.0,0.0,2026-05-06 16:03:47.571
1309,251627,0.0,0.0,0.0,2026-05-06 16:03:48.277
1310,251844,0.0,0.0,0.0,2026-05-06 16:03:48.277
1311,251892,0.0,0.0,0.0,2026-05-06 16:03:48.277
1312,252109,0.0,0.0,0.0,2026-05-06 16:03:48.277
1313,252326,0.0,0.0,0.0,2026-05-06 16:03:48.277
1314,252374,0.0,0.0,0.0,2026-05-06 16:03:48.277
1315,252591,0.0,0.0,0.0,2026-05-06 16:03:48.277
1316,252811,0.0,0.0,0.0,2026-05-06 16:03:48.277
1317,252859,0.0,0.0,0.0,2026-05-06 16:03:48.277
1318,253077,0.0,0.0,0.0,2026-05-06 16:03:48.277
1319,253294,0.0,0.0,0.0,2026-05-06 16:03:48.277
1320,253342,0.0,0.0,0.0,2026-05-06 16:03:48.277
1321,253559,0.0,0.0,0.0,2026-05-06 16:03:48.277
1322,253776,0.0,0.0,0.0,2026-05-06 16:03:48.277
1323,253824,0.0,0.0,0.0,2026-05-06 16:03:48.277
1324,254043,0.0,0.0,0.0,2026-05-06 16:03:48.277
1325,254261,0.0,0.0,0.0,2026-05-06 16:03:48.277
1326,254308,0.0,0.0,-0.0005,2026-05-06 16:03:48.277
1327,254530,0.0,0.0,0.0,2026-05-06 16:03:48.277
1328,254747,0.0,0.0,-0.001,2026-05-06 16:03:48.277
1329,254793,0.0,0.0,-0.0053,2026-05-06 16:03:48.277
1330,255017,0.0,0.0,-0.0062,2026-05-06 16:03:48.277
1331,255258,0.0,0.0,-0.0149,2026-05-06 16:03:48.277
1332,255481,0.0,0.0,-0.0149,2026-05-06 16:03:48.277
1333,255778,0.0,0.0,-0.0323,2026-05-06 16:03:48.277
1334,256002,0.0,0.0,-0.0323,2026-05-06 16:03:48.277
1335,256185,0.0,0.0,-0.0572,2026-05-06 16:03:48.277
1336,256412,0.0,0.0,-0.0616,2026-05-06 16:03:48.277
1337,256830,0.0,0.0,-0.0918,2026-05-06 16:03:48.277
1338,257056,0.0,0.0,-0.0973,2026-05-06 16:03:48.277
1339,257119,0.0,0.0,-0.1345,2026-05-06 16:03:48.277
1340,257346,0.0,0.0,-0.1345,2026-05-06 16:03:48.277
1341,257586,0.0,0.0,-0.1634,2026-05-06 16:03:48.277
1342,257858,0.0,0.0,-0.1666,2026-05-06 16:03:48.277
1343,258046,0.0,0.0,-0.1817,2026-05-06 16:03:48.277
1344,258274,0.0,0.0,-0.1836,2026-05-06 16:03:48.277
1345,258515,0.0,0.0,-0.1935,2026-05-06 16:03:48.277
1346,258742,0.0,0.0,-0.1935,2026-05-06 16:03:48.277
1347,259040,0.0,0.0,-0.1997,2026-05-06 16:03:48.277
1348,259267,0.0,0.0,-0.1997,2026-05-06 16:03:48.277
1349,259508,0.0,0.0,-0.2,2026-05-06 16:03:48.277
1350,259735,0.0,0.0,-0.2,2026-05-06 16:03:48.990
1351,259918,0.0,0.0,-0.2,2026-05-06 16:03:48.990
1352,260147,0.0,0.0,-0.2,2026-05-06 16:03:48.990
1353,260391,0.0,0.0,-0.2,2026-05-06 16:03:48.990
1354,260619,0.0,0.0,-0.2,2026-05-06 16:03:48.990
1355,260860,0.0,0.0,-0.2,2026-05-06 16:03:48.990
1356,261088,0.0,0.0,-0.2,2026-05-06 16:03:48.990
1357,261387,0.0,0.0,-0.2,2026-05-06 16:03:48.990
1358,261615,0.0,0.0,-0.2,2026-05-06 16:03:48.990
1359,261798,0.0,0.0,-0.2,2026-05-06 16:03:48.990
1360,262026,0.0,0.0,-0.2,2026-05-06 16:03:48.990
1361,262267,0.0,0.0,-0.2,2026-05-06 16:03:48.990
1362,262495,0.0,0.0,-0.2,2026-05-06 16:03:48.990
1363,262736,0.0,0.0,-0.2,2026-05-06 16:03:48.990
1364,262964,0.0,0.0,-0.2,2026-05-06 16:03:48.990
1365,263205,0.0,0.0,-0.2,2026-05-06 16:03:48.990
1366,263433,0.0,0.0,-0.2,2026-05-06 16:03:48.990
1367,263732,0.0,0.0,-0.2,2026-05-06 16:03:48.990
1368,263960,0.0,0.0,-0.2,2026-05-06 16:03:48.990
1369,264323,0.0,0.0,-0.2,2026-05-06 16:03:48.990
1370,264551,0.0,0.0,-0.2,2026-05-06 16:03:48.990
1371,264612,0.0,0.0,-0.2,2026-05-06 16:03:48.990
1372,264840,0.0,0.0,-0.2,2026-05-06 16:03:48.990
1373,265081,0.0,0.0,-0.2,2026-05-06 16:03:48.990
1374,265309,0.0,0.0,-0.2,2026-05-06 16:03:48.990
1375,265550,0.0,0.0,-0.2,2026-05-06 16:03:48.990
1376,265778,0.0,0.0,-0.2,2026-05-06 16:03:48.990
1377,266019,0.0,0.0,-0.2,2026-05-06 16:03:48.990
1378,266247,0.0,0.0,-0.2,2026-05-06 16:03:48.990
1379,266488,0.0,0.0,-0.2,2026-05-06 16:03:48.990
1380,266716,0.0,0.0,-0.2,2026-05-06 16:03:48.990
1381,267137,0.0,0.0,-0.2,2026-05-06 16:03:48.990
1382,267365,0.0,0.0,-0.2,2026-05-06 16:03:48.990
1383,267426,0.0,0.0,-0.2,2026-05-06 16:03:48.990
1384,267654,0.0,0.0,-0.2,2026-05-06 16:03:48.990
1385,267898,0.0,0.0,-0.2,2026-05-06 16:03:49.700
1386,268126,0.0,0.0,-0.2,2026-05-06 16:03:49.700
1387,268367,0.0,0.0,-0.2,2026-05-06 16:03:49.700
1388,268595,0.0,0.0,-0.2,2026-05-06 16:03:49.700
1389,268895,0.0,0.0,-0.2,2026-05-06 16:03:49.700
1390,269123,0.0,0.0,-0.2,2026-05-06 16:03:49.700
1391,269305,0.0,0.0,-0.2,2026-05-06 16:03:49.700
1392,269533,0.0,0.0,-0.2,2026-05-06 16:03:49.700
1393,269774,0.0,0.0,-0.2,2026-05-06 16:03:49.700
1394,270002,0.0,0.0,-0.2,2026-05-06 16:03:49.700
1395,270243,0.0,0.0,-0.2,2026-05-06 16:03:49.700
1396,270471,0.0,0.0,-0.2,2026-05-06 16:03:49.700
1397,270712,0.0,0.0,-0.2,2026-05-06 16:03:49.700
1398,270940,0.0,0.0,-0.2,2026-05-06 16:03:49.700
1399,271181,0.0,0.0,-0.2,2026-05-06 16:03:49.700
1400,271409,0.0,0.0,-0.2,2026-05-06 16:03:49.700
1401,271769,0.0,0.0,-0.2,2026-05-06 16:03:49.700
1402,271997,0.0,0.0,-0.2,2026-05-06 16:03:49.700
1403,272119,0.0,0.0,-0.2,2026-05-06 16:03:49.700
1404,272347,0.0,0.0,-0.2,2026-05-06 16:03:49.700
1405,272588,0.0,0.0,-0.2,2026-05-06 16:03:49.700
1406,272816,0.0,0.0,-0.2,2026-05-06 16:03:49.700
1407,273176,0.0,0.0,-0.2,2026-05-06 16:03:49.700
1408,273404,0.0,0.0,-0.2,2026-05-06 16:03:49.700
1409,273526,0.0,0.0,-0.2,2026-05-06 16:03:49.700
1410,273754,0.0,0.0,-0.2,2026-05-06 16:03:49.700
1411,273995,0.0,0.0,-0.2,2026-05-06 16:03:49.700
1412,274223,0.0,0.0,-0.2,2026-05-06 16:03:49.700
1413,274644,0.0,0.0,-0.2,2026-05-06 16:03:49.700
1414,274872,0.0,0.0,-0.2,2026-05-06 16:03:49.700
1415,274933,0.0,0.0,-0.2,2026-05-06 16:03:49.700
1416,275161,0.0,0.0,-0.2,2026-05-06 16:03:49.700
1417,275405,0.0,0.0,-0.2,2026-05-06 16:03:49.700
1418,275633,0.0,0.0,-0.2,2026-05-06 16:03:49.700
1419,275874,0.0,0.0,-0.2,2026-05-06 16:03:50.409
1420,276102,0.0,0.0,-0.2,2026-05-06 16:03:50.409
1421,276343,0.0,0.0,-0.2,2026-05-06 16:03:50.409
1422,276571,0.0,0.0,-0.2,2026-05-06 16:03:50.409
1423,276812,0.0,0.0,-0.2,2026-05-06 16:03:50.409
1424,277040,0.0,0.0,-0.2,2026-05-06 16:03:50.409
1425,277339,0.0,0.0,-0.2,2026-05-06 16:03:50.409
1426,277567,0.0,0.0,-0.2,2026-05-06 16:03:50.409
1427,277750,0.0,0.0,-0.2,2026-05-06 16:03:50.409
1428,277978,0.0,0.0,-0.2,2026-05-06 16:03:50.409
1429,278278,0.0,0.0,-0.2,2026-05-06 16:03:50.409
1430,278506,0.0,0.0,-0.2,2026-05-06 16:03:50.409
1431,278807,0.0,0.0,-0.2,2026-05-06 16:03:50.409
1432,279035,0.0,0.0,-0.2,2026-05-06 16:03:50.409
1433,279157,0.0,0.0,-0.2,2026-05-06 16:03:50.409
1434,279385,0.0,0.0,-0.2,2026-05-06 16:03:50.409
1435,279626,0.0,0.0,-0.2,2026-05-06 16:03:50.409
1436,279854,0.0,0.0,-0.2,2026-05-06 16:03:50.409
1437,280095,0.0,0.0,-0.2,2026-05-06 16:03:50.409
1438,280323,0.0,0.0,-0.2,2026-05-06 16:03:50.409
1439,280564,0.0,0.0,-0.2,2026-05-06 16:03:50.409
1440,280792,0.0,0.0,-0.2,2026-05-06 16:03:50.409
1441,281033,0.0,0.0,-0.2,2026-05-06 16:03:50.409
1442,281261,0.0,0.0,-0.2,2026-05-06 16:03:50.409
1443,281682,0.0,0.0,-0.2,2026-05-06 16:03:50.409
1444,281910,0.0,0.0,-0.2,2026-05-06 16:03:50.409
1445,281971,0.0,0.0,-0.2,2026-05-06 16:03:50.409
1446,282199,0.0,0.0,-0.2,2026-05-06 16:03:50.409
1447,282440,0.0,0.0,-0.2,2026-05-06 16:03:50.409
1448,282668,0.0,0.0,-0.2,2026-05-06 16:03:50.409
1449,282912,0.0,0.0,-0.2,2026-05-06 16:03:50.409
1450,283140,0.0,0.0,-0.2,2026-05-06 16:03:50.409
1451,283381,0.0,0.0,-0.2,2026-05-06 16:03:50.409
1452,283609,0.0,0.0,-0.2,2026-05-06 16:03:50.409
1453,283850,0.0,0.0,-0.2,2026-05-06 16:03:51.134
1454,284078,0.0,0.0,-0.2,2026-05-06 16:03:51.134
1455,284319,0.0,0.0,-0.2,2026-05-06 16:03:51.134
1456,284547,0.0,0.0,-0.2,2026-05-06 16:03:51.134
1457,284847,0.0,0.0,-0.2,2026-05-06 16:03:51.134
1458,285075,0.0,0.0,-0.2,2026-05-06 16:03:51.134
1459,285257,0.0,0.0,-0.2,2026-05-06 16:03:51.134
1460,285485,0.0,0.0,-0.2,2026-05-06 16:03:51.134
1461,285726,0.0,0.0,-0.2,2026-05-06 16:03:51.134
1462,285954,0.0,0.0,-0.2,2026-05-06 16:03:51.134
1463,286195,0.0,0.0,-0.2,2026-05-06 16:03:51.134
1464,286423,0.0,0.0,-0.2,2026-05-06 16:03:51.134
1465,286664,0.0,0.0,-0.2,2026-05-06 16:03:51.134
1466,286892,0.0,0.0,-0.2,2026-05-06 16:03:51.134
1467,287133,0.0,0.0,-0.2,2026-05-06 16:03:51.134
1468,287361,0.0,0.0,-0.2,2026-05-06 16:03:51.134
1469,287602,0.0,0.0,-0.2,2026-05-06 16:03:51.134
1470,287830,0.0,0.0,-0.2,2026-05-06 16:03:51.134
1471,288071,0.0,0.0,-0.2,2026-05-06 16:03:51.134
1472,288299,0.0,0.0,-0.2,2026-05-06 16:03:51.134
1473,288599,0.0,0.0,-0.2,2026-05-06 16:03:51.134
1474,288827,0.0,0.0,-0.2,2026-05-06 16:03:51.134
1475,289009,0.0,0.0,-0.2,2026-05-06 16:03:51.134
1476,289237,0.0,0.0,-0.2,2026-05-06 16:03:51.134
1477,289478,0.0,0.0,-0.2,2026-05-06 16:03:51.134
1478,289706,0.0,0.0,-0.2,2026-05-06 16:03:51.134
1479,289946,0.0,0.0,-0.2,2026-05-06 16:03:51.134
1480,290174,0.0,0.0,-0.2,2026-05-06 16:03:51.134
1481,290419,0.0,0.0,-0.2,2026-05-06 16:03:51.134
1482,290647,0.0,0.0,-0.2,2026-05-06 16:03:51.134
1483,290888,0.0,0.0,-0.2,2026-05-06 16:03:51.134
1484,291116,0.0,0.0,-0.2,2026-05-06 16:03:51.134
1485,291357,0.0,0.0,-0.2,2026-05-06 16:03:51.134
1486,291585,0.0,0.0,-0.2,2026-05-06 16:03:51.134
1487,291826,0.0,0.0,-0.1966,2026-05-06 16:03:51.842
1488,292054,0.0,0.0,-0.1955,2026-05-06 16:03:51.842
1489,292414,0.0,0.0,-0.1849,2026-05-06 16:03:51.842
1490,292642,0.0,0.0,-0.182,2026-05-06 16:03:51.842
1491,292764,0.0,0.0,-0.1465,2026-05-06 16:03:51.842
1492,292992,0.0,0.0,-0.1465,2026-05-06 16:03:51.842
1493,293233,0.0,0.0,-0.0792,2026-05-06 16:03:51.842
1494,293461,0.0,0.0,-0.0693,2026-05-06 16:03:51.842
1495,293702,0.0,0.0,-0.0257,2026-05-06 16:03:51.842
1496,293930,0.0,0.0,-0.0257,2026-05-06 16:03:51.842
1497,294171,0.0,0.0,-0.0043,2026-05-06 16:03:51.842
1498,294399,0.0,0.0,-0.0043,2026-05-06 16:03:51.842
1499,294640,0.0,0.0,0.0,2026-05-06 16:03:51.842
1500,294866,0.0,0.0,0.0,2026-05-06 16:03:51.842
1501,295103,0.0,0.0,0.0,2026-05-06 16:03:51.842
1502,295330,0.0,0.0,0.0,2026-05-06 16:03:51.842
1503,295572,0.0,0.0,0.0,2026-05-06 16:03:51.842
1504,295798,0.0,0.0,0.0,2026-05-06 16:03:51.842
1505,296040,0.0,0.0,0.0,2026-05-06 16:03:51.842
1506,296266,0.0,0.0,0.0,2026-05-06 16:03:51.842
1507,296507,0.0,0.0,0.0,2026-05-06 16:03:51.842
1508,296732,0.0,0.0,0.0,2026-05-06 16:03:51.842
1509,296973,0.0,0.0,0.0,2026-05-06 16:03:51.842
1510,297201,0.0,0.0,0.0,2026-05-06 16:03:51.842
1511,297441,0.0,0.0,0.0,2026-05-06 16:03:51.842
1512,297666,0.0,0.0,0.0,2026-05-06 16:03:51.842
1513,297910,-0.0027,0.0,0.0,2026-05-06 16:03:51.842
1514,298132,-0.0034,0.0,0.0,2026-05-06 16:03:51.842
1515,298430,-0.0077,0.0,0.0,2026-05-06 16:03:51.842
1516,298653,-0.0086,0.0,0.0,2026-05-06 16:03:51.842
1517,298835,-0.0157,0.0,0.0,2026-05-06 16:03:51.842
1518,299059,-0.0157,0.0,0.0,2026-05-06 16:03:51.842
1519,299299,-0.0269,0.0,0.0,2026-05-06 16:03:51.842
1520,299522,-0.0269,0.0,0.0,2026-05-06 16:03:51.842
1521,299762,-0.0404,0.0,0.0,2026-05-06 16:03:51.842
1522,299987,-0.0427,0.0,0.0,2026-05-06 16:03:52.551
1523,300226,-0.0614,0.0,0.0,2026-05-06 16:03:52.551
1524,300448,-0.0645,0.0,0.0,2026-05-06 16:03:52.551
1525,300688,-0.0858,0.0,0.0,2026-05-06 16:03:52.551
1526,300910,-0.0858,0.0,0.0,2026-05-06 16:03:52.551
1527,301149,-0.1211,0.0,0.0,2026-05-06 16:03:52.551
1528,301370,-0.1211,0.0,0.0,2026-05-06 16:03:52.551
1529,301610,-0.1628,0.0,0.0,2026-05-06 16:03:52.551
1530,301909,-0.1628,0.0,0.0,2026-05-06 16:03:52.551
1531,302083,-0.2011,0.0,0.0,2026-05-06 16:03:52.551
1532,302308,-0.2065,0.0,0.0,2026-05-06 16:03:52.551
1533,302727,-0.237,0.0,0.0,2026-05-06 16:03:52.551
1534,302953,-0.2418,0.0,0.0,2026-05-06 16:03:52.551
1535,303014,-0.2715,0.0,0.0016,2026-05-06 16:03:52.551
1536,303242,-0.2715,0.0,0.0016,2026-05-06 16:03:52.551
1537,303483,-0.295,0.0,0.0,2026-05-06 16:03:52.551
1538,303709,-0.2979,0.0,0.0,2026-05-06 16:03:52.551
1539,303949,-0.3128,0.0,0.0022,2026-05-06 16:03:52.551
1540,304177,-0.315,0.0,0.0029,2026-05-06 16:03:52.551
1541,304418,-0.3276,0.0,0.0094,2026-05-06 16:03:52.551
1542,304646,-0.3276,0.0,0.0094,2026-05-06 16:03:52.551
1543,305006,-0.3379,0.0,0.0224,2026-05-06 16:03:52.551
1544,305234,-0.3379,0.0,0.0224,2026-05-06 16:03:52.551
1545,305539,-0.3443,0.0,0.0417,2026-05-06 16:03:52.551
1546,305767,-0.345,0.0,0.0452,2026-05-06 16:03:52.551
1547,305828,-0.3489,0.0,0.071,2026-05-06 16:03:52.551
1548,306056,-0.3489,0.0,0.071,2026-05-06 16:03:52.551
1549,306296,-0.35,0.0,0.0758,2026-05-06 16:03:52.551
1550,306524,-0.35,0.0,0.0733,2026-05-06 16:03:52.551
1551,306766,-0.35,0.0,0.0302,2026-05-06 16:03:52.551
1552,306994,-0.35,0.0,0.0205,2026-05-06 16:03:52.551
1553,307235,-0.35,0.0,0.0,2026-05-06 16:03:52.551
1554,307461,-0.35,0.0,0.0,2026-05-06 16:03:52.551
1555,307881,-0.35,0.0,0.0053,2026-05-06 16:03:53.261
1556,308109,-0.35,0.0,0.0053,2026-05-06 16:03:53.261
1557,308169,-0.35,0.0,0.012,2026-05-06 16:03:53.261
1558,308396,-0.35,0.0,0.0134,2026-05-06 16:03:53.261
1559,308638,-0.35,0.0,0.027,2026-05-06 16:03:53.261
1560,308867,-0.35,0.0,0.027,2026-05-06 16:03:53.261
1561,309108,-0.35,0.0,0.053,2026-05-06 16:03:53.261
1562,309337,-0.35,0.0,0.053,2026-05-06 16:03:53.261
1563,309697,-0.35,0.0,0.0864,2026-05-06 16:03:53.261
1564,309925,-0.35,0.0,0.0918,2026-05-06 16:03:53.261
1565,310047,-0.35,0.0,0.1244,2026-05-06 16:03:53.261
1566,310275,-0.35,0.0,0.1244,2026-05-06 16:03:53.261
1567,310518,-0.35,0.0,0.1563,2026-05-06 16:03:53.261
1568,310746,-0.35,0.0,0.1599,2026-05-06 16:03:53.261
1569,310987,-0.35,0.0,0.1774,2026-05-06 16:03:53.261
1570,311215,-0.35,0.0,0.1796,2026-05-06 16:03:53.261
1571,311456,-0.35,0.0,0.1912,2026-05-06 16:03:53.261
1572,311684,-0.35,0.0,0.1912,2026-05-06 16:03:53.261
1573,312105,-0.35,0.0,0.1978,2026-05-06 16:03:53.261
1574,312333,-0.35,0.0,0.1985,2026-05-06 16:03:53.261
1575,312394,-0.35,0.0,0.2,2026-05-06 16:03:53.261
1576,312622,-0.35,0.0,0.2,2026-05-06 16:03:53.261
1577,312924,-0.35,0.0,0.2,2026-05-06 16:03:53.261
1578,313152,-0.35,0.0,0.2,2026-05-06 16:03:53.261
1579,313335,-0.35,0.0,0.2,2026-05-06 16:03:53.261
1580,313563,-0.35,0.0,0.2,2026-05-06 16:03:53.261
1581,313804,-0.35,0.0,0.2,2026-05-06 16:03:53.261
1582,314032,-0.35,0.0,0.2,2026-05-06 16:03:53.261
1583,314273,-0.35,0.0,0.2,2026-05-06 16:03:53.261
1584,314501,-0.35,0.0,0.1995,2026-05-06 16:03:53.261
1585,314923,-0.35,0.0,0.1943,2026-05-06 16:03:53.261
1586,315151,-0.35,0.0,0.193,2026-05-06 16:03:53.261
1587,315211,-0.35,0.0,0.175,2026-05-06 16:03:53.261
1588,315439,-0.35,0.0,0.175,2026-05-06 16:03:53.261
1589,315799,-0.35,0.0,0.1299,2026-05-06 16:03:53.971
1590,316027,-0.35,0.0,0.1205,2026-05-06 16:03:53.971
1591,316268,-0.35,0.0,0.0599,2026-05-06 16:03:53.971
1592,316496,-0.35,0.0,0.0513,2026-05-06 16:03:53.971
1593,316618,-0.35,0.0,0.0143,2026-05-06 16:03:53.971
1594,316846,-0.35,0.0,0.0143,2026-05-06 16:03:53.971
1595,317087,-0.35,0.0,0.0021,2026-05-06 16:03:53.971
1596,317315,-0.35,0.0,0.0013,2026-05-06 16:03:53.971
1597,317556,-0.35,0.0,0.0,2026-05-06 16:03:53.971
1598,317782,-0.35,0.0,0.0,2026-05-06 16:03:53.971
1599,318032,-0.35,0.0,0.0,2026-05-06 16:03:53.971
1600,318256,-0.35,0.0,0.0,2026-05-06 16:03:53.971
1601,318496,-0.3477,0.0,0.0,2026-05-06 16:03:53.971
1602,318720,-0.3477,0.0,0.0,2026-05-06 16:03:53.971
1603,318960,-0.3412,0.0,0.0,2026-05-06 16:03:53.971
1604,319184,-0.3399,0.0,0.0,2026-05-06 16:03:53.971
1605,319425,-0.3294,0.0,0.0,2026-05-06 16:03:53.971
1606,319650,-0.3271,0.0,0.0,2026-05-06 16:03:53.971
1607,319891,-0.3039,0.0,0.0,2026-05-06 16:03:53.971
1608,320117,-0.3039,0.0,0.0,2026-05-06 16:03:53.971
1609,320538,-0.2564,0.0,0.0,2026-05-06 16:03:53.971
1610,320764,-0.2564,0.0,0.0,2026-05-06 16:03:53.971
1611,320885,-0.1922,0.0,0.0,2026-05-06 16:03:53.971
1612,321110,-0.1818,0.0,0.0,2026-05-06 16:03:53.971
1613,321291,-0.1205,0.0,0.0,2026-05-06 16:03:53.971
1614,321516,-0.1205,0.0,0.0,2026-05-06 16:03:53.971
1615,321756,-0.0589,0.0,0.0,2026-05-06 16:03:53.971
1616,321982,-0.0589,0.0,0.0,2026-05-06 16:03:53.971
1617,322223,-0.0284,0.0,0.0,2026-05-06 16:03:53.971
1618,322448,-0.0254,0.0,0.0,2026-05-06 16:03:53.971
1619,322747,-0.0121,0.0,0.0,2026-05-06 16:03:53.971
1620,322973,-0.0105,0.0,0.0,2026-05-06 16:03:53.971
1621,323154,-0.0027,0.0,0.0,2026-05-06 16:03:53.971
1622,323380,-0.0027,0.0,0.0,2026-05-06 16:03:53.971
1623,323621,0.0,0.0,0.0,2026-05-06 16:03:53.971
1624,323841,0.0,0.0,0.0,2026-05-06 16:03:54.682
1625,324061,0.0,0.0,0.0,2026-05-06 16:03:54.682
1626,324106,0.0,0.0,0.0,2026-05-06 16:03:54.682
1627,324326,0.0,0.0,0.0,2026-05-06 16:03:54.682
1628,324547,0.0,0.0,0.0,2026-05-06 16:03:54.682
1629,324592,0.0,0.0,0.0,2026-05-06 16:03:54.682
1630,324812,0.0,0.0,0.0,2026-05-06 16:03:54.682
1631,325033,0.0,0.0,0.0,2026-05-06 16:03:54.682
1632,325078,0.0,0.0,0.0,2026-05-06 16:03:54.682
1633,325298,0.0,0.0,0.0,2026-05-06 16:03:54.682
1634,325519,0.0,0.0,0.0,2026-05-06 16:03:54.682
1635,325564,0.0,0.0,0.0,2026-05-06 16:03:54.682
1636,325785,0.0,0.0,0.0,2026-05-06 16:03:54.682
1637,326006,0.0,0.0,0.0,2026-05-06 16:03:54.682
1638,326051,0.0,0.0,0.0,2026-05-06 16:03:54.682
1639,326272,0.0,0.0,0.0,2026-05-06 16:03:54.682
1640,326492,0.0,0.0,0.0,2026-05-06 16:03:54.682
1641,326537,0.0,0.0,0.0,2026-05-06 16:03:54.682
1642,326757,0.0,0.0,0.0,2026-05-06 16:03:54.682
1643,326978,0.0,0.0,0.0,2026-05-06 16:03:54.682
1644,327023,0.0,0.0,0.0,2026-05-06 16:03:54.682
1645,327244,0.0,0.0,0.0,2026-05-06 16:03:54.682
1646,327481,0.0,0.0,0.0,2026-05-06 16:03:54.682
1647,327702,0.0,0.0,0.0,2026-05-06 16:03:54.682
1648,327925,0.0,0.0,0.0,2026-05-06 16:03:54.682
1649,328147,0.0,0.0,0.0,2026-05-06 16:03:54.682
1650,328368,0.0,0.0,0.0,2026-05-06 16:03:54.682
1651,328428,0.0,0.0,0.0,2026-05-06 16:03:54.682
1652,328649,0.0,0.0,0.0,2026-05-06 16:03:54.682
1653,328870,0.0,0.0,0.0,2026-05-06 16:03:54.682
1654,328919,0.0,0.0,0.0,2026-05-06 16:03:54.682
1655,329139,0.0,0.0,0.0,2026-05-06 16:03:54.682
1656,329360,0.0,0.0,0.0,2026-05-06 16:03:54.682
1657,329405,0.0,0.0,0.0,2026-05-06 16:03:54.682
1658,329627,0.0,0.0,0.0,2026-05-06 16:03:54.682
1659,330034,0.0,0.0,0.0,2026-05-06 16:03:54.682
1660,330255,0.0,0.0,0.0,2026-05-06 16:03:54.682
1661,330536,0.0,0.0,0.0,2026-05-06 16:03:54.682
1662,330757,0.0,0.0,0.0,2026-05-06 16:03:54.682
1663,330996,0.0,0.0,0.0,2026-05-06 16:03:54.682
1664,331216,0.0,0.0,0.0,2026-05-06 16:03:54.682
1665,331280,0.0,0.0,0.0,2026-05-06 16:03:54.682
1666,331501,0.0,0.0,0.0,2026-05-06 16:03:54.682
1667,331722,0.0,0.0,0.0,2026-05-06 16:03:54.682
1668,331771,0.0,0.0,0.0,2026-05-06 16:03:54.682
1669,331992,0.0,0.0,0.0,2026-05-06 16:03:55.408
1670,332212,0.0,0.0,0.0,2026-05-06 16:03:55.408
1671,332257,0.0,0.0,0.0,2026-05-06 16:03:55.408
1672,332479,0.0,0.0,0.0,2026-05-06 16:03:55.408
1673,332716,0.0,0.0,0.0,2026-05-06 16:03:55.408
1674,332937,0.0,0.0,0.0,2026-05-06 16:03:55.408
1675,333160,0.0,0.0,0.0,2026-05-06 16:03:55.408
1676,333381,0.0,0.0,0.0,2026-05-06 16:03:55.408
1677,333602,0.0,0.0,0.0,2026-05-06 16:03:55.408
1678,333703,0.0,0.0,0.0,2026-05-06 16:03:55.408
1679,333924,0.0,0.0,0.0,2026-05-06 16:03:55.408
1680,334325,0.0,0.0,0.0,2026-05-06 16:03:55.408
1681,334546,0.0,0.0,0.0,2026-05-06 16:03:55.408
1682,334726,0.0,0.0,0.0,2026-05-06 16:03:55.408
1683,334949,0.0,0.0,0.0,2026-05-06 16:03:55.408
1684,335066,0.0,0.0,0.0,2026-05-06 16:03:55.408
1685,335288,0.0,0.0,0.0,2026-05-06 16:03:55.408
1686,335512,0.0,0.0,0.0,2026-05-06 16:03:55.408
1687,335563,0.0,0.0,0.0,2026-05-06 16:03:55.408
1688,335785,0.0,0.0,0.0,2026-05-06 16:03:55.408
1689,336024,0.0,-0.0025,0.0,2026-05-06 16:03:55.408
1690,336250,0.0,-0.0034,0.0,2026-05-06 16:03:55.408
1691,336490,0.0,-0.0126,0.0,2026-05-06 16:03:55.408
1692,336717,0.0,-0.0126,0.0,2026-05-06 16:03:55.408
1693,336957,0.0,-0.0428,0.0,2026-05-06 16:03:55.408
1694,337185,0.0,-0.0428,0.0,2026-05-06 16:03:55.408
1695,337426,0.0,-0.0782,0.0,2026-05-06 16:03:55.408
1696,337654,0.0,-0.0818,0.0,2026-05-06 16:03:55.408
1697,337895,0.0,-0.0954,0.0,2026-05-06 16:03:55.408
1698,338123,0.0,-0.0966,0.0,2026-05-06 16:03:55.408
1699,338364,0.0,-0.1,0.0,2026-05-06 16:03:55.408
1700,338593,0.0,-0.1,0.0,2026-05-06 16:03:55.408
1701,338834,0.0,-0.1,0.0,2026-05-06 16:03:55.408
1702,339062,0.0,-0.1,0.0,2026-05-06 16:03:55.408
1703,339422,0.0,-0.1,0.0,2026-05-06 16:03:55.408
1704,339651,0.0,-0.1,0.0,2026-05-06 16:03:55.408
1705,339773,0.0,-0.1,0.0,2026-05-06 16:03:55.408
1706,340001,0.0,-0.1,0.0,2026-05-06 16:03:56.123
1707,340242,0.0,-0.1,0.0,2026-05-06 16:03:56.123
1708,340472,0.0,-0.1,0.0,2026-05-06 16:03:56.123
1709,340713,0.0,-0.1,0.0,2026-05-06 16:03:56.123
1710,340943,0.0,-0.1,0.0,2026-05-06 16:03:56.123
1711,341366,0.0,-0.1,0.0,2026-05-06 16:03:56.123
1712,341596,0.0,-0.1,0.0,2026-05-06 16:03:56.123
1713,341655,0.0,-0.1,0.0,2026-05-06 16:03:56.123
1714,341885,0.0,-0.1,0.0,2026-05-06 16:03:56.123
1715,342128,0.0,-0.1,0.0,2026-05-06 16:03:56.123
1716,342358,0.0,-0.1,0.0,2026-05-06 16:03:56.123
1717,342599,0.0,-0.1,0.0,2026-05-06 16:03:56.123
1718,342829,0.0,-0.1,0.0,2026-05-06 16:03:56.123
1719,343073,0.0,-0.1,0.0,2026-05-06 16:03:56.123
1720,343303,0.0,-0.1,0.0,2026-05-06 16:03:56.123
1721,343665,0.0,-0.1,0.0,2026-05-06 16:03:56.123
1722,343895,0.0,-0.1,0.0,2026-05-06 16:03:56.123
1723,344016,0.0,-0.1,0.0,2026-05-06 16:03:56.123
1724,344246,0.0,-0.1,0.0,2026-05-06 16:03:56.123
1725,344487,0.0,-0.1,0.0,2026-05-06 16:03:56.123
1726,344717,0.0,-0.1,0.0,2026-05-06 16:03:56.123
1727,344958,0.0,-0.1,0.0,2026-05-06 16:03:56.123
1728,345188,0.0,-0.1,0.0,2026-05-06 16:03:56.123
1729,345429,0.0,-0.1,0.0,2026-05-06 16:03:56.123
1730,345659,0.0,-0.1,0.0,2026-05-06 16:03:56.123
1731,345900,0.0,-0.1,0.0,2026-05-06 16:03:56.123
1732,346130,0.0,-0.1,0.0,2026-05-06 16:03:56.123
1733,346371,0.0,-0.1,0.0,2026-05-06 16:03:56.123
1734,346601,0.0,-0.1,0.0,2026-05-06 16:03:56.123
1735,346963,0.0,-0.1,0.0,2026-05-06 16:03:56.123
1736,347193,0.0,-0.1,0.0,2026-05-06 16:03:56.123
1737,347313,0.0,-0.1,0.0,2026-05-06 16:03:56.123
1738,347543,0.0,-0.1,0.0,2026-05-06 16:03:56.123
1739,347784,0.0,-0.1,0.0,2026-05-06 16:03:56.123
1740,348014,0.0,-0.1,0.0,2026-05-06 16:03:56.851
1741,348255,0.0,-0.1,0.0,2026-05-06 16:03:56.851
1742,348485,0.0,-0.1,0.0,2026-05-06 16:03:56.851
1743,348726,0.0,-0.1,0.0,2026-05-06 16:03:56.851
1744,348956,0.0,-0.1,0.0,2026-05-06 16:03:56.851
1745,349197,0.0,-0.1,0.0,2026-05-06 16:03:56.851
1746,349427,0.0,-0.1,0.0,2026-05-06 16:03:56.851
1747,349668,0.0,-0.1,0.0,2026-05-06 16:03:56.851
1748,349898,0.0,-0.1,0.0,2026-05-06 16:03:56.851
1749,350138,0.0,-0.1,0.0,2026-05-06 16:03:56.851
1750,350368,0.0,-0.1,0.0,2026-05-06 16:03:56.851
1751,350674,0.0,-0.1,0.0,2026-05-06 16:03:56.851
1752,350904,0.0,-0.1,0.0,2026-05-06 16:03:56.851
1753,351085,0.0,-0.1,0.0,2026-05-06 16:03:56.851
1754,351315,0.0,-0.1,0.0,2026-05-06 16:03:56.851
1755,351556,0.0,-0.1,0.0,2026-05-06 16:03:56.851
1756,351786,0.0,-0.1,0.0,2026-05-06 16:03:56.851
1757,352027,0.0,-0.1,0.0,2026-05-06 16:03:56.851
1758,352257,0.0,-0.1,0.0,2026-05-06 16:03:56.851
1759,352558,0.0,-0.1,0.0,2026-05-06 16:03:56.851
1760,352788,0.0,-0.1,0.0,2026-05-06 16:03:56.851
1761,352970,0.0,-0.1,0.0,2026-05-06 16:03:56.851
1762,353200,0.0,-0.1,0.0,2026-05-06 16:03:56.851
1763,353441,0.0,-0.1,0.0,2026-05-06 16:03:56.851
1764,353671,0.0,-0.1,0.0,2026-05-06 16:03:56.851
1765,353912,0.0,-0.1,0.0,2026-05-06 16:03:56.851
1766,354142,0.0,-0.1,0.0,2026-05-06 16:03:56.851
1767,354383,0.0,-0.1,0.0,2026-05-06 16:03:56.851
1768,354613,0.0,-0.1,0.0,2026-05-06 16:03:56.851
1769,354854,0.0,-0.1,0.0,2026-05-06 16:03:56.851
1770,355332,0.0,-0.1,0.0,2026-05-06 16:03:56.851
1771,355562,0.0,-0.1,0.0,2026-05-06 16:03:56.851
1772,355985,0.0,-0.1,0.0,2026-05-06 16:03:57.555
1773,356215,0.0,-0.1,0.0,2026-05-06 16:03:57.555
1774,356274,0.0,-0.1,0.0,2026-05-06 16:03:57.555
1775,356504,0.0,-0.1,0.0,2026-05-06 16:03:57.555
1776,356745,0.0,-0.1,0.0,2026-05-06 16:03:57.555
1777,356975,0.0,-0.1,0.0,2026-05-06 16:03:57.555
1778,357216,0.0,-0.1,0.0,2026-05-06 16:03:57.555
1779,357446,0.0,-0.1,0.0,2026-05-06 16:03:57.555
1780,357687,0.0,-0.1,0.0,2026-05-06 16:03:57.555
1781,357917,0.0,-0.1,0.0,2026-05-06 16:03:57.555
1782,358221,0.0,-0.1,0.0,2026-05-06 16:03:57.555
1783,358451,0.0,-0.1,0.0,2026-05-06 16:03:57.555
1784,358633,0.0,-0.1,0.0,2026-05-06 16:03:57.555
1785,358863,0.0,-0.1,0.0,2026-05-06 16:03:57.555
1786,359104,0.0,-0.1,0.0,2026-05-06 16:03:57.555
1787,359334,0.0,-0.1,0.0,2026-05-06 16:03:57.555
1788,359575,0.0,-0.1,0.0,2026-05-06 16:03:57.555
1789,359805,0.0,-0.1,0.0,2026-05-06 16:03:57.555
1790,360046,0.0,-0.1,0.0,2026-05-06 16:03:57.555
1791,360276,0.0,-0.1,0.0,2026-05-06 16:03:57.555
1792,360517,0.0,-0.1,0.0,2026-05-06 16:03:57.555
1793,360747,0.0,-0.1,0.0,2026-05-06 16:03:57.555
1794,360988,0.0,-0.1,0.0,2026-05-06 16:03:57.555
1795,361218,0.0,-0.1,0.0,2026-05-06 16:03:57.555
1796,361580,0.0,-0.1,0.0,2026-05-06 16:03:57.555
1797,361810,0.0,-0.1,0.0,2026-05-06 16:03:57.555
1798,361930,0.0,-0.1,0.0,2026-05-06 16:03:57.555
1799,362160,0.0,-0.1,0.0,2026-05-06 16:03:57.555
1800,362401,0.0,-0.1,0.0,2026-05-06 16:03:57.555
1801,362631,0.0,-0.1,0.0,2026-05-06 16:03:57.555
1802,362916,0.0,-0.1,0.0,2026-05-06 16:03:57.555
1803,363146,0.0,-0.1,0.0,2026-05-06 16:03:57.555
1804,363334,0.0,-0.1,0.0,2026-05-06 16:03:57.555
1805,363564,0.0,-0.1,0.0,2026-05-06 16:03:57.555
1806,363805,0.0,-0.0934,0.0,2026-05-06 16:03:57.555
1807,364035,0.0,-0.0908,0.0,2026-05-06 16:03:58.280
1808,364276,0.0,-0.042,0.0,2026-05-06 16:03:58.280
1809,364506,0.0,-0.042,0.0,2026-05-06 16:03:58.280
1810,364746,0.0,-0.0024,0.0,2026-05-06 16:03:58.280
1811,364976,0.0,-0.0011,0.0,2026-05-06 16:03:58.280
1812,365218,0.0,0.0,0.0,2026-05-06 16:03:58.280
1813,365443,0.0,0.0,0.0,2026-05-06 16:03:58.280
1814,365686,0.0,0.0,0.0,2026-05-06 16:03:58.280
1815,365911,0.0,0.0,0.0,2026-05-06 16:03:58.280
1816,366151,0.0,0.0,0.0,2026-05-06 16:03:58.280
1817,366376,0.0,0.0,0.0,2026-05-06 16:03:58.280
1818,366616,0.0,0.0,0.0,2026-05-06 16:03:58.280
1819,366842,0.0,0.0,0.0,2026-05-06 16:03:58.280
1820,367083,0.0,0.0,0.0,2026-05-06 16:03:58.280
1821,367309,0.0,0.0,0.0,2026-05-06 16:03:58.280
1822,367724,0.0,0.0,0.0,2026-05-06 16:03:58.280
1823,367949,0.0,0.0,0.0,2026-05-06 16:03:58.280
1824,368189,0.0,0.0,0.0,2026-05-06 16:03:58.280
1825,368413,0.0,0.0,0.0,2026-05-06 16:03:58.280
1826,368654,-0.0005,0.0,0.0,2026-05-06 16:03:58.280
1827,368877,-0.0005,0.0,0.0,2026-05-06 16:03:58.280
1828,368943,-0.004,0.0,0.0,2026-05-06 16:03:58.280
1829,369165,-0.004,0.0,0.0,2026-05-06 16:03:58.280
1830,369404,-0.0104,0.0,0.0,2026-05-06 16:03:58.280
1831,369625,-0.0104,0.0,0.0,2026-05-06 16:03:58.280
1832,369865,-0.0181,0.0,0.0,2026-05-06 16:03:58.280
1833,370088,-0.0194,0.0,0.0,2026-05-06 16:03:58.280
1834,370446,-0.0286,0.0,0.0,2026-05-06 16:03:58.280
1835,370671,-0.0303,0.0,0.0,2026-05-06 16:03:58.280
1836,370793,-0.045,0.0,0.0,2026-05-06 16:03:58.280
1837,371141,-0.045,0.0,0.0,2026-05-06 16:03:58.280
1838,371260,-0.0645,0.0,0.0,2026-05-06 16:03:58.280
1839,371485,-0.0678,0.0,0.0,2026-05-06 16:03:58.280
1840,371902,-0.0939,0.0,0.0,2026-05-06 16:03:58.280
1841,372127,-0.0981,0.0,0.0,2026-05-06 16:03:58.990
1842,372190,-0.126,0.0,0.0,2026-05-06 16:03:58.990
1843,372415,-0.126,0.0,0.0,2026-05-06 16:03:58.990
1844,372713,-0.1683,0.0,0.0,2026-05-06 16:03:58.990
1845,372938,-0.1683,0.0,0.0,2026-05-06 16:03:58.990
1846,373124,-0.2065,0.0,0.0,2026-05-06 16:03:58.990
1847,373349,-0.2118,0.0,0.0,2026-05-06 16:03:58.990
1848,373589,-0.2418,0.0,0.0,2026-05-06 16:03:58.990
1849,373814,-0.2418,0.0,0.0,2026-05-06 16:03:58.990
1850,374054,-0.2753,0.0,0.0,2026-05-06 16:03:58.990
1851,374280,-0.2753,0.0,0.0,2026-05-06 16:03:58.990
1852,374520,-0.2979,0.0,0.0,2026-05-06 16:03:58.990
1853,374745,-0.3007,0.0,0.0,2026-05-06 16:03:58.990
1854,374986,-0.315,0.0,0.0,2026-05-06 16:03:58.990
1855,375211,-0.317,0.0,0.0,2026-05-06 16:03:58.990
1856,375451,-0.3291,0.0,0.0,2026-05-06 16:03:58.990
1857,375676,-0.3291,0.0,0.0,2026-05-06 16:03:58.990
1858,375916,-0.3389,0.0,0.0,2026-05-06 16:03:58.990
1859,376140,-0.3389,0.0,0.0,2026-05-06 16:03:58.990
1860,376380,-0.345,0.0,0.0,2026-05-06 16:03:58.990
1861,376604,-0.3457,0.0,0.0,2026-05-06 16:03:58.990
1862,376844,-0.3448,0.0,0.0,2026-05-06 16:03:58.990
1863,377068,-0.3448,0.0,0.0,2026-05-06 16:03:58.990
1864,377308,-0.337,0.0,0.0,2026-05-06 16:03:58.990
1865,377532,-0.337,0.0,0.0,2026-05-06 16:03:58.990
1866,377772,-0.324,0.0,0.0,2026-05-06 16:03:58.990
1867,377996,-0.3214,0.0,0.0,2026-05-06 16:03:58.990
1868,378236,-0.3005,0.0,0.0,2026-05-06 16:03:58.990
1869,378461,-0.2959,0.0,0.0,2026-05-06 16:03:58.990
1870,378701,-0.2522,0.0,0.0,2026-05-06 16:03:58.990
1871,378925,-0.2522,0.0,0.0,2026-05-06 16:03:58.990
1872,379165,-0.1768,0.0,0.0,2026-05-06 16:03:58.990
1873,379389,-0.1768,0.0,0.0,2026-05-06 16:03:58.990
1874,379629,-0.1066,0.0,0.0,2026-05-06 16:03:58.990
1875,379853,-0.0979,0.0,0.0,2026-05-06 16:03:58.990
1876,380093,-0.0558,0.0,0.0,2026-05-06 16:03:59.706
1877,380317,-0.0558,0.0,0.0,2026-05-06 16:03:59.706
1878,380560,-0.0237,0.0,0.0,2026-05-06 16:03:59.706
1879,380785,-0.0237,0.0,0.0,2026-05-06 16:03:59.706
1880,381025,-0.0095,0.0,0.0,2026-05-06 16:03:59.706
1881,381251,-0.0082,0.0,0.0,2026-05-06 16:03:59.706
1882,381491,-0.0022,0.0,0.0,2026-05-06 16:03:59.706
1883,381718,-0.0015,0.0,0.0,2026-05-06 16:03:59.706
1884,381959,0.0,0.0,0.0,2026-05-06 16:03:59.706
1885,382182,0.0,0.0,0.0,2026-05-06 16:03:59.706
1886,382422,0.0,0.0,0.0,2026-05-06 16:03:59.706
1887,382645,0.0,0.0,0.0,2026-05-06 16:03:59.706
1888,382884,0.0,0.0,0.0,2026-05-06 16:03:59.706
1889,383107,0.0,0.0,0.0,2026-05-06 16:03:59.706
1890,383338,0.0,0.0,0.0,2026-05-06 16:03:59.706
1891,383561,0.0,0.0,0.0,2026-05-06 16:03:59.706
1892,383784,0.0,0.0,0.0,2026-05-06 16:03:59.706
1893,383837,0.0,0.0,0.0,2026-05-06 16:03:59.706
1894,384060,0.0,0.0,0.0,2026-05-06 16:03:59.706
1895,384299,0.0,0.0,0.0,2026-05-06 16:03:59.706
1896,384522,0.0,0.0,0.0,2026-05-06 16:03:59.706
1897,384932,0.0,0.0,0.0,2026-05-06 16:03:59.706
1898,385155,0.0,0.0,0.0,2026-05-06 16:03:59.706
1899,385436,0.0,0.0,0.0,2026-05-06 16:03:59.706
1900,385659,0.0,0.0,0.0,2026-05-06 16:03:59.706
1901,385898,0.0,0.0,0.0,2026-05-06 16:03:59.706
1902,386121,0.0,0.0,0.0,2026-05-06 16:03:59.706
1903,386360,0.0,0.0,0.0,2026-05-06 16:03:59.706
1904,386583,0.0,0.0,0.0,2026-05-06 16:03:59.706
1905,386822,0.0,0.0,0.0,2026-05-06 16:03:59.706
1906,387045,0.0,0.0,0.0,2026-05-06 16:03:59.706
1907,387105,0.0,0.0,0.0,2026-05-06 16:03:59.706
1908,387328,0.0,0.0,0.0,2026-05-06 16:03:59.706
1909,387551,0.0,0.0,0.0,2026-05-06 16:03:59.706
1910,387600,0.0,0.0,0.0,2026-05-06 16:03:59.706
1911,387823,0.0,0.0,0.0,2026-05-06 16:03:59.706
1912,388065,0.0,0.0,0.0,2026-05-06 16:04:00.411
1913,388288,0.0,0.0,0.0,2026-05-06 16:04:00.411
1914,388527,0.0,0.0,0.0,2026-05-06 16:04:00.411
1915,388750,0.0,0.0,0.0,2026-05-06 16:04:00.411
1916,388989,0.0,0.0,0.0,2026-05-06 16:04:00.411
1917,389213,0.0,0.0,0.0,2026-05-06 16:04:00.411
1918,389454,0.0,0.0,0.0,2026-05-06 16:04:00.411
1919,389678,0.0,0.0,0.0,2026-05-06 16:04:00.411
1920,389919,0.0,0.0,0.0016,2026-05-06 16:04:00.411
1921,390144,0.0,0.0,0.0016,2026-05-06 16:04:00.411
1922,390384,0.0,0.0,0.0072,2026-05-06 16:04:00.411
1923,390608,0.0,0.0,0.0083,2026-05-06 16:04:00.411
1924,391028,0.0,0.0,0.0184,2026-05-06 16:04:00.411
1925,391254,0.0,0.0,0.0203,2026-05-06 16:04:00.411
1926,391315,0.0,0.0,0.0352,2026-05-06 16:04:00.411
1927,391544,0.0,0.0,0.0352,2026-05-06 16:04:00.411
1928,391785,0.0,0.0,0.0662,2026-05-06 16:04:00.411
1929,392014,0.0,0.0,0.0662,2026-05-06 16:04:00.411
1930,392255,0.0,0.0,0.1028,2026-05-06 16:04:00.411
1931,392484,0.0,0.0,0.1083,2026-05-06 16:04:00.411
1932,392785,0.0,0.0,0.1393,2026-05-06 16:04:00.411
1933,393013,0.0,0.0,0.1439,2026-05-06 16:04:00.411
1934,393194,0.0,0.0,0.1696,2026-05-06 16:04:00.411
1935,393423,0.0,0.0,0.1696,2026-05-06 16:04:00.411
1936,393664,0.0,0.0,0.1854,2026-05-06 16:04:00.411
1937,393893,0.0,0.0,0.187,2026-05-06 16:04:00.411
1938,394134,0.0,0.0,0.1945,2026-05-06 16:04:00.411
1939,394363,0.0,0.0,0.1955,2026-05-06 16:04:00.411
1940,394604,0.0,0.0,0.2,2026-05-06 16:04:00.411
1941,394833,0.0,0.0,0.2,2026-05-06 16:04:00.411
1942,395134,0.0,0.0,0.2,2026-05-06 16:04:00.411
1943,395363,0.0,0.0,0.2,2026-05-06 16:04:00.411
1944,395666,0.0,0.0,0.2,2026-05-06 16:04:00.411
1945,395895,0.0,0.0,0.2,2026-05-06 16:04:00.411
1946,396017,0.0,0.0,0.2,2026-05-06 16:04:01.124
1947,396246,0.0,0.0,0.2,2026-05-06 16:04:01.124
1948,396547,0.0,0.0,0.2,2026-05-06 16:04:01.124
1949,396776,0.0,0.0,0.2,2026-05-06 16:04:01.124
1950,396957,0.0,0.0,0.2,2026-05-06 16:04:01.124
1951,397186,0.0,0.0,0.2,2026-05-06 16:04:01.124
1952,397427,0.0,0.0,0.2,2026-05-06 16:04:01.124
1953,397656,0.0,0.0,0.2,2026-05-06 16:04:01.124
1954,397897,0.0,0.0,0.2,2026-05-06 16:04:01.124
1955,398126,0.0,0.0,0.2,2026-05-06 16:04:01.124
1956,398367,0.0,0.0,0.2,2026-05-06 16:04:01.124
1957,398596,0.0,0.0,0.2,2026-05-06 16:04:01.124
1958,399019,0.0,0.0,0.2,2026-05-06 16:04:01.124
1959,399248,0.0,0.0,0.2,2026-05-06 16:04:01.124
1960,399307,0.0,0.0,0.2,2026-05-06 16:04:01.124
1961,399536,0.0,0.0,0.2,2026-05-06 16:04:01.124
1962,399777,0.0,0.0,0.2,2026-05-06 16:04:01.124
1963,400006,0.0,0.0,0.2,2026-05-06 16:04:01.124
1964,400366,0.0,0.0,0.2,2026-05-06 16:04:01.124
1965,400595,0.0,0.0,0.2,2026-05-06 16:04:01.124
1966,400717,0.0,0.0,0.2,2026-05-06 16:04:01.124
1967,400946,0.0,0.0,0.2,2026-05-06 16:04:01.124
1968,401187,0.0,0.0,0.2,2026-05-06 16:04:01.124
1969,401416,0.0,0.0,0.2,2026-05-06 16:04:01.124
1970,401717,0.0,0.0,0.1995,2026-05-06 16:04:01.124
1971,401946,0.0,0.0,0.1989,2026-05-06 16:04:01.124
1972,402127,0.0,0.0,0.1914,2026-05-06 16:04:01.124
1973,402356,0.0,0.0,0.1914,2026-05-06 16:04:01.124
1974,402597,0.0,0.0,0.1706,2026-05-06 16:04:01.124
1975,402826,0.0,0.0,0.1657,2026-05-06 16:04:01.124
1976,403070,0.0,0.0,0.1205,2026-05-06 16:04:01.124
1977,403299,0.0,0.0,0.1105,2026-05-06 16:04:01.124
1978,403540,0.0,0.0,0.0436,2026-05-06 16:04:01.124
1979,403769,0.0,0.0,0.0436,2026-05-06 16:04:01.124
1980,404070,0.0,0.0,0.0092,2026-05-06 16:04:01.832
1981,404299,0.0,0.0,0.0092,2026-05-06 16:04:01.832
1982,404480,0.0,0.0,0.0006,2026-05-06 16:04:01.832
1983,404709,0.0,0.0,0.0,2026-05-06 16:04:01.832
1984,404949,0.0,0.0,0.0,2026-05-06 16:04:01.832
1985,405178,0.0,0.0,0.0,2026-05-06 16:04:01.832
1986,405608,0.0,0.0,0.0,2026-05-06 16:04:01.832
1987,405836,0.0,0.0,0.0,2026-05-06 16:04:01.832
1988,405893,0.0,0.0,0.0,2026-05-06 16:04:01.832
1989,406121,0.0,0.0,0.0,2026-05-06 16:04:01.832
1990,406363,0.0034,0.0,0.0,2026-05-06 16:04:01.832
1991,406587,0.0034,0.0,0.0,2026-05-06 16:04:01.832
1992,406827,0.0095,0.0,0.0,2026-05-06 16:04:01.832
1993,407050,0.0104,0.0,0.0,2026-05-06 16:04:01.832
1994,407290,0.0169,0.0,0.0,2026-05-06 16:04:01.832
1995,407512,0.0169,0.0,0.0,2026-05-06 16:04:01.832
1996,407751,0.0286,0.0,0.0,2026-05-06 16:04:01.832
1997,407973,0.0286,0.0,0.0,2026-05-06 16:04:01.832
1998,408213,0.045,0.0,0.0,2026-05-06 16:04:01.832
1999,408436,0.045,0.0,0.0,2026-05-06 16:04:01.832
2000,408676,0.0645,0.0,0.0,2026-05-06 16:04:01.832
2001,408897,0.0678,0.0,0.0,2026-05-06 16:04:01.832
2002,409117,0.0678,0.0,0.0,2026-05-06 16:04:01.832
2003,409162,0.0898,0.0,0.0,2026-05-06 16:04:01.832
2004,409382,0.0898,0.0,0.0,2026-05-06 16:04:01.832
2005,409602,0.0939,0.0,0.0,2026-05-06 16:04:01.832
2006,409647,0.126,0.0,0.0,2026-05-06 16:04:01.832
2007,409867,0.126,0.0,0.0,2026-05-06 16:04:01.832
2008,410087,0.131,0.0,0.0,2026-05-06 16:04:01.832
2009,410133,0.1683,0.0,0.0,2026-05-06 16:04:01.832
2010,410353,0.1683,0.0,0.0,2026-05-06 16:04:01.832
2011,410576,0.1738,0.0,0.0,2026-05-06 16:04:01.832
2012,410794,0.2118,0.0,0.0,2026-05-06 16:04:01.832
2013,411014,0.2118,0.0,0.0,2026-05-06 16:04:01.832
2014,411081,0.2464,0.0,0.0,2026-05-06 16:04:01.832
2015,411301,0.2509,0.0,0.0,2026-05-06 16:04:01.832
2016,411518,0.2509,0.0,0.0,2026-05-06 16:04:01.832
2017,411565,0.2753,0.0,0.0,2026-05-06 16:04:01.832
2018,411783,0.2753,0.0,0.0,2026-05-06 16:04:01.832
2019,412001,0.2789,0.0,0.0,2026-05-06 16:04:02.554
2020,412048,0.3007,0.0,0.0,2026-05-06 16:04:02.554
2021,412267,0.3007,0.0,0.0,2026-05-06 16:04:02.554
2022,412486,0.3033,0.0,0.0,2026-05-06 16:04:02.554
2023,412532,0.317,0.0,0.0,2026-05-06 16:04:02.554
2024,412751,0.319,0.0,0.0,2026-05-06 16:04:02.554
2025,412970,0.319,0.0,0.0,2026-05-06 16:04:02.554
2026,413017,0.3291,0.0,0.0,2026-05-06 16:04:02.554
2027,413236,0.3305,0.0,0.0,2026-05-06 16:04:02.554
2028,413455,0.3319,0.0,0.0,2026-05-06 16:04:02.554
2029,413501,0.3389,0.0,0.0,2026-05-06 16:04:02.554
2030,413944,0.3399,0.0,0.0,2026-05-06 16:04:02.554
2031,413990,0.345,0.0,0.0,2026-05-06 16:04:02.554
2032,414209,0.3457,0.0,0.0,2026-05-06 16:04:02.554
2033,414428,0.3457,0.0,0.0,2026-05-06 16:04:02.554
2034,414531,0.35,0.0,0.0,2026-05-06 16:04:02.554
2035,414750,0.35,0.0,0.0,2026-05-06 16:04:02.554
2036,414913,0.35,0.0,0.0,2026-05-06 16:04:02.554
2037,414959,0.35,0.0,0.0,2026-05-06 16:04:02.554
2038,415177,0.35,0.0,0.0,2026-05-06 16:04:02.554
2039,415395,0.35,0.0,0.0,2026-05-06 16:04:02.554
2040,415442,0.35,0.0,0.0,2026-05-06 16:04:02.554
2041,415660,0.35,0.0,0.0,2026-05-06 16:04:02.554
2042,415878,0.35,0.0,0.0,2026-05-06 16:04:02.554
2043,415925,0.35,0.0,0.0,2026-05-06 16:04:02.554
2044,416143,0.35,0.0,0.0,2026-05-06 16:04:02.554
2045,416360,0.35,0.0,0.0,2026-05-06 16:04:02.554
2046,416406,0.3495,0.0,0.0,2026-05-06 16:04:02.554
2047,416623,0.3495,0.0,0.0,2026-05-06 16:04:02.554
2048,416841,0.349,0.0,0.0,2026-05-06 16:04:02.554
2049,416890,0.3435,0.0,0.0,2026-05-06 16:04:02.554
2050,417108,0.3435,0.0,0.0,2026-05-06 16:04:02.554
2051,417326,0.3424,0.0,0.0,2026-05-06 16:04:02.554
2052,417373,0.3335,0.0,0.0,2026-05-06 16:04:02.554
2053,417592,0.3316,0.0,0.0,2026-05-06 16:04:02.554
2054,417861,0.3155,0.0,0.0,2026-05-06 16:04:02.554
2055,418081,0.312,0.0,0.0,2026-05-06 16:04:02.554
2056,418300,0.3081,0.0,0.0,2026-05-06 16:04:02.554
2057,418346,0.2775,0.0,0.0,2026-05-06 16:04:02.554
2058,418566,0.2775,0.0,0.0,2026-05-06 16:04:02.554
2059,418786,0.2709,0.0,0.0,2026-05-06 16:04:02.554
2060,418831,0.2123,0.0,0.0,2026-05-06 16:04:02.554
2061,419050,0.2123,0.0,0.0,2026-05-06 16:04:02.554
2062,419269,0.2024,0.0,0.0,2026-05-06 16:04:02.554
2063,419316,0.1402,0.0,0.0,2026-05-06 16:04:02.554
2064,419535,0.1302,0.0,0.0,2026-05-06 16:04:02.554
2065,419754,0.1302,0.0,0.0,2026-05-06 16:04:02.554
2066,419800,0.0784,0.0,0.0,2026-05-06 16:04:02.554
2067,420019,0.0784,0.0,0.0,2026-05-06 16:04:03.271
2068,420238,0.0714,0.0,0.0,2026-05-06 16:04:03.271
2069,420285,0.0353,0.0,0.0,2026-05-06 16:04:03.271
2070,420504,0.0353,0.0,0.0,2026-05-06 16:04:03.271
2071,420723,0.0317,0.0,0.0,2026-05-06 16:04:03.271
2072,420769,0.0157,0.0,0.0,2026-05-06 16:04:03.271
2073,420989,0.0138,0.0,0.0,2026-05-06 16:04:03.271
2074,421207,0.0138,0.0,0.0,2026-05-06 16:04:03.271
2075,421254,0.0055,0.0,0.0,2026-05-06 16:04:03.271
2076,421472,0.0045,0.0,0.0,2026-05-06 16:04:03.271
2077,421689,0.0036,0.0,0.0,2026-05-06 16:04:03.271
2078,421736,0.0,0.0,0.0,2026-05-06 16:04:03.271
2079,421957,0.0,0.0,0.0,2026-05-06 16:04:03.271
2080,422178,0.0,0.0,0.0,2026-05-06 16:04:03.271
2081,422223,0.0,0.0,0.0,2026-05-06 16:04:03.271
2082,422445,0.0,0.0,0.0,2026-05-06 16:04:03.271
2083,422683,0.0,0.0,0.0,2026-05-06 16:04:03.271
2084,422905,0.0,0.0,0.0,2026-05-06 16:04:03.271
2085,423127,0.0,0.0,0.0,2026-05-06 16:04:03.271
2086,423172,0.0,0.0,0.0,2026-05-06 16:04:03.271
2087,423394,0.0,0.0,0.0,2026-05-06 16:04:03.271
2088,423631,0.0,0.0,0.0,2026-05-06 16:04:03.271
2089,423853,0.0,0.0,0.0,2026-05-06 16:04:03.271
2090,424075,0.0,0.0,0.0,2026-05-06 16:04:03.271
2091,424121,0.0,0.0,0.0,2026-05-06 16:04:03.271
2092,424343,0.0,0.0,0.0,2026-05-06 16:04:03.271
2093,424694,0.0,0.0,0.0,2026-05-06 16:04:03.271
2094,424915,0.0,0.0,0.0,2026-05-06 16:04:03.271
2095,425077,0.0,0.0,0.0,2026-05-06 16:04:03.271
2096,425299,0.0,0.0,0.0,2026-05-06 16:04:03.271
2097,425541,0.0,0.0,0.0,2026-05-06 16:04:03.271
2098,425763,0.0,0.0,0.0,2026-05-06 16:04:03.271
2099,425984,0.0,0.0,0.0,2026-05-06 16:04:03.271
2100,426147,0.0,0.0,0.0,2026-05-06 16:04:03.271
2101,426368,0.0,0.0,0.0,2026-05-06 16:04:03.271
2102,426488,0.0,0.0,0.0,2026-05-06 16:04:03.271
2103,426710,0.0,0.0,0.0,2026-05-06 16:04:03.271
2104,426932,0.0,0.0,0.0,2026-05-06 16:04:03.271
2105,426981,0.0,0.0,0.0,2026-05-06 16:04:03.271
2106,427203,0.0,0.0,0.0,2026-05-06 16:04:03.271
2107,427610,0.0,0.0,0.0,2026-05-06 16:04:03.271
2108,427832,0.0,0.0,0.0,2026-05-06 16:04:03.271
2109,427937,0.0,0.0,0.0,2026-05-06 16:04:03.271
2110,428159,0.0,0.0,0.0,2026-05-06 16:04:03.975
2111,428397,0.0,0.0,0.0,2026-05-06 16:04:03.975
2112,428618,0.0,0.0,0.0,2026-05-06 16:04:03.975
2113,428840,0.0,0.0,0.0,2026-05-06 16:04:03.975
2114,428886,0.0,0.0,0.0,2026-05-06 16:04:03.975
2115,429108,0.0,0.0,0.0,2026-05-06 16:04:03.975
2116,429346,0.0,0.0,0.0,2026-05-06 16:04:03.975
2117,429568,0.0,0.0,0.0,2026-05-06 16:04:03.975
2118,429789,0.0,0.0,0.0,2026-05-06 16:04:03.975
2119,429958,0.0,0.0,0.0,2026-05-06 16:04:03.975
2120,430180,0.0,0.0,0.0,2026-05-06 16:04:03.975
2121,430299,0.0,0.0,0.0,2026-05-06 16:04:03.975
2122,430521,0.0,0.0,0.0,2026-05-06 16:04:03.975
2123,430759,0.0,0.0,0.0,2026-05-06 16:04:03.975
2124,430981,0.0,0.0,0.0,2026-05-06 16:04:03.975
2125,431203,0.0,0.0,0.0,2026-05-06 16:04:03.975
2126,431424,0.0,0.0,0.0,2026-05-06 16:04:03.975
2127,431645,0.0,0.0,0.0,2026-05-06 16:04:03.975
2128,431705,0.0,0.0,0.0,2026-05-06 16:04:03.975
2129,431924,0.0,0.0,0.0,2026-05-06 16:04:03.975
2130,432143,0.0,0.0,0.0,2026-05-06 16:04:03.975
2131,432194,0.0,0.0,0.0,2026-05-06 16:04:03.975
2132,432415,0.0,0.0,0.0,2026-05-06 16:04:03.975
2133,432644,0.0,0.0,0.0,2026-05-06 16:04:03.975
2134,432866,0.0,0.0,0.0,2026-05-06 16:04:03.975
2135,433088,0.0,0.0,0.0,2026-05-06 16:04:03.975
2136,433145,0.0,0.0,0.0,2026-05-06 16:04:03.975
2137,433366,0.0,0.0,0.0,2026-05-06 16:04:03.975
2138,433596,0.0,0.0,0.0,2026-05-06 16:04:03.975
2139,433818,0.0,0.0,0.0,2026-05-06 16:04:03.975
2140,434039,0.0,0.0,0.0,2026-05-06 16:04:03.975
2141,434094,0.0,0.0,0.0,2026-05-06 16:04:03.975
2142,434315,0.0,0.0,0.0,2026-05-06 16:04:03.975
2143,434535,0.0,0.0,0.0,2026-05-06 16:04:03.975
2144,434580,0.0,0.0,0.001,2026-05-06 16:04:03.975
2145,434803,0.0,0.0,0.0016,2026-05-06 16:04:03.975
2146,435041,0.0,0.0,0.0072,2026-05-06 16:04:03.975
2147,435267,0.0,0.0,0.0072,2026-05-06 16:04:03.975
2148,435508,0.0,0.0,0.0184,2026-05-06 16:04:03.975
2149,435734,0.0,0.0,0.0184,2026-05-06 16:04:03.975
2150,435974,0.0,0.0,0.0352,2026-05-06 16:04:03.975
2151,436202,0.0,0.0,0.0384,2026-05-06 16:04:04.303
2152,436564,0.0,0.0,0.0616,2026-05-06 16:04:04.303
2153,436792,0.0,0.0,0.0662,2026-05-06 16:04:04.303
2154,436957,0.0,0.0,0.1028,2026-05-06 16:04:04.303
2155,437185,0.0,0.0,0.1028,2026-05-06 16:04:04.303
2156,437372,0.0,0.0,0.1393,2026-05-06 16:04:04.303
2157,437601,0.0,0.0,0.1439,2026-05-06 16:04:04.303
2158,437842,0.0,0.0,0.1666,2026-05-06 16:04:04.303
2159,438070,0.0,0.0,0.1696,2026-05-06 16:04:04.303
2160,438311,0.0,0.0,0.1854,2026-05-06 16:04:04.303
2161,438539,0.0,0.0,0.1854,2026-05-06 16:04:04.303
2162,438779,0.0,0.0,0.1955,2026-05-06 16:04:04.303
2163,439008,0.0,0.0,0.1955,2026-05-06 16:04:04.303
2164,439249,0.0,0.0,0.2,2026-05-06 16:04:04.303
2165,439478,0.0,0.0,0.2,2026-05-06 16:04:04.679
2166,439779,0.0,0.0,0.2,2026-05-06 16:04:04.679
2167,440008,0.0,0.0,0.2,2026-05-06 16:04:04.679
2168,440189,0.0,0.0,0.2,2026-05-06 16:04:04.679
2169,440418,0.0,0.0,0.2,2026-05-06 16:04:04.679
2170,440664,0.0,0.0,0.2,2026-05-06 16:04:04.679
2171,440893,0.0,0.0,0.2,2026-05-06 16:04:04.679
2172,441134,0.0,0.0,0.2,2026-05-06 16:04:04.679
2173,441363,0.0,0.0,0.2,2026-05-06 16:04:04.679
2174,441604,0.0,0.0,0.2,2026-05-06 16:04:04.679
2175,441833,0.0,0.0,0.2,2026-05-06 16:04:04.679
2176,442256,0.0,0.0,0.2,2026-05-06 16:04:04.679
2177,442485,0.0,0.0,0.2,2026-05-06 16:04:04.679
2178,442726,0.0,0.0,0.2,2026-05-06 16:04:04.679
2179,442955,0.0,0.0,0.2,2026-05-06 16:04:04.679
2180,443014,0.0,0.0,0.2,2026-05-06 16:04:04.679
2181,443243,0.0,0.0,0.2,2026-05-06 16:04:04.679
2182,443484,0.0,0.0,0.2,2026-05-06 16:04:04.679
2183,443713,0.0,0.0,0.2,2026-05-06 16:04:05.366
2184,443954,0.0,0.0,0.2,2026-05-06 16:04:05.366
2185,444183,0.0,0.0,0.2,2026-05-06 16:04:05.366
2186,444543,0.0,0.0,0.2,2026-05-06 16:04:05.366
2187,444772,0.0,0.0,0.2,2026-05-06 16:04:05.366
2188,444894,0.0,0.0,0.2,2026-05-06 16:04:05.366
2189,445123,0.0,0.0,0.2,2026-05-06 16:04:05.366
2190,445364,0.0,0.0,0.2,2026-05-06 16:04:05.366
2191,445593,0.0,0.0,0.2,2026-05-06 16:04:05.366
2192,445894,0.0,0.0,0.2,2026-05-06 16:04:05.366
2193,446123,0.0,0.0,0.2,2026-05-06 16:04:05.366
2194,446304,0.0,0.0,0.2,2026-05-06 16:04:05.366
2195,446533,0.0,0.0,0.2,2026-05-06 16:04:05.366
2196,446774,0.0,0.0,0.2,2026-05-06 16:04:05.366
2197,447003,0.0,0.0,0.2,2026-05-06 16:04:05.366
2198,447244,0.0,0.0,0.2,2026-05-06 16:04:05.366
2199,447473,0.0,0.0,0.2,2026-05-06 16:04:05.366
2200,447714,0.0,0.0,0.2,2026-05-06 16:04:05.366
2201,447943,0.0,0.0,0.2,2026-05-06 16:04:05.366
2202,448189,0.0,0.0,0.2,2026-05-06 16:04:05.366
2203,448418,0.0,0.0,0.2,2026-05-06 16:04:05.366
2204,448778,0.0,0.0,0.2,2026-05-06 16:04:05.366
2205,449007,0.0,0.0,0.2,2026-05-06 16:04:05.366
2206,449129,0.0,0.0,0.1943,2026-05-06 16:04:05.366
2207,449358,0.0,0.0,0.1943,2026-05-06 16:04:05.366
2208,449599,0.0,0.0,0.1787,2026-05-06 16:04:05.366
2209,449828,0.0,0.0,0.175,2026-05-06 16:04:05.366
2210,450069,0.0,0.0,0.1386,2026-05-06 16:04:05.366
2211,450298,0.0,0.0,0.1299,2026-05-06 16:04:05.366
2212,450539,0.0,0.0,0.0599,2026-05-06 16:04:05.366
2213,450768,0.0,0.0,0.0599,2026-05-06 16:04:05.366
2214,451069,0.0,0.0,0.0143,2026-05-06 16:04:05.366
2215,451298,0.0,0.0,0.0143,2026-05-06 16:04:05.366
2216,451598,0.0,0.0,0.0021,2026-05-06 16:04:05.366
2217,451827,0.0,0.0,0.0013,2026-05-06 16:04:06.074
2218,451949,0.0,0.0,0.0,2026-05-06 16:04:06.074
2219,452177,0.0,0.0,0.0,2026-05-06 16:04:06.074
2220,452418,0.0,0.0,0.0,2026-05-06 16:04:06.074
2221,452646,0.0,0.0,0.0,2026-05-06 16:04:06.074
2222,452887,0.0,0.0,0.0,2026-05-06 16:04:06.074
2223,453116,0.0,0.0,0.0,2026-05-06 16:04:06.074
2224,453351,0.0,0.0,0.0,2026-05-06 16:04:06.074
2225,453579,0.0,0.0,0.0,2026-05-06 16:04:06.074
2226,453999,0.0,0.0,0.0,2026-05-06 16:04:06.074
2227,454226,0.0,0.0,0.0,2026-05-06 16:04:06.074
2228,454293,0.0027,0.0,0.0,2026-05-06 16:04:06.074
2229,454516,0.0027,0.0,0.0,2026-05-06 16:04:06.074
2230,454756,0.0077,0.0,0.0,2026-05-06 16:04:06.074
2231,454978,0.0086,0.0,0.0,2026-05-06 16:04:06.074
2232,455217,0.0157,0.0,0.0,2026-05-06 16:04:06.074
2233,455439,0.0169,0.0,0.0,2026-05-06 16:04:06.074
2234,455684,0.0253,0.0,0.0,2026-05-06 16:04:06.074
2235,455906,0.0253,0.0,0.0,2026-05-06 16:04:06.074
2236,456145,0.0404,0.0,0.0,2026-05-06 16:04:06.074
2237,456369,0.0404,0.0,0.0,2026-05-06 16:04:06.074
2238,456609,0.0584,0.0,0.0,2026-05-06 16:04:06.074
2239,456830,0.0614,0.0,0.0,2026-05-06 16:04:06.074
2240,457051,0.0614,0.0,0.0,2026-05-06 16:04:06.074
2241,457096,0.082,0.0,0.0,2026-05-06 16:04:06.074
2242,457317,0.0858,0.0,0.0,2026-05-06 16:04:06.074
2243,457556,0.1163,0.0,0.0,2026-05-06 16:04:06.074
2244,457777,0.1163,0.0,0.0,2026-05-06 16:04:06.074
2245,457998,0.1211,0.0,0.0,2026-05-06 16:04:06.074
2246,458043,0.152,0.0,0.0,2026-05-06 16:04:06.074
2247,458263,0.1574,0.0,0.0,2026-05-06 16:04:06.074
2248,458482,0.1628,0.0,0.0,2026-05-06 16:04:06.074
2249,458528,0.1957,0.0,0.0,2026-05-06 16:04:06.074
2250,458747,0.1957,0.0,0.0,2026-05-06 16:04:06.074
2251,458966,0.2011,0.0,0.0,2026-05-06 16:04:06.074
2252,459068,0.237,0.0,0.0,2026-05-06 16:04:06.074
2253,459286,0.237,0.0,0.0,2026-05-06 16:04:06.074
2254,459449,0.2418,0.0,0.0,2026-05-06 16:04:06.074
2255,459496,0.2677,0.0,0.0,2026-05-06 16:04:06.074
2256,459715,0.2715,0.0,0.0,2026-05-06 16:04:06.074
2257,459933,0.2715,0.0,0.0,2026-05-06 16:04:06.799
2258,459980,0.2921,0.0,0.0,2026-05-06 16:04:06.799
2259,460198,0.2921,0.0,0.0,2026-05-06 16:04:06.799
2260,460416,0.295,0.0,0.0,2026-05-06 16:04:06.799
2261,460463,0.3128,0.0,0.0,2026-05-06 16:04:06.799
2262,460681,0.3128,0.0,0.0,2026-05-06 16:04:06.799
2263,460899,0.315,0.0,0.0,2026-05-06 16:04:06.799
2264,460946,0.326,0.0,0.0,2026-05-06 16:04:06.799
2265,461165,0.3276,0.0,0.0,2026-05-06 16:04:06.799
2266,461384,0.3276,0.0,0.0,2026-05-06 16:04:06.799
2267,461430,0.3356,0.0,0.0,2026-05-06 16:04:06.799
2268,461649,0.3368,0.0,0.0,2026-05-06 16:04:06.799
2269,461868,0.3379,0.0,0.0,2026-05-06 16:04:06.799
2270,461915,0.3435,0.0,0.0,2026-05-06 16:04:06.799
2271,462133,0.3435,0.0,0.0,2026-05-06 16:04:06.799
2272,462351,0.3443,0.0,0.0,2026-05-06 16:04:06.799
2273,462398,0.3489,0.0,0.0,2026-05-06 16:04:06.799
2274,462616,0.3489,0.0,0.0,2026-05-06 16:04:06.799
2275,462834,0.3494,0.0,0.0,2026-05-06 16:04:06.799
2276,462881,0.35,0.0,0.0,2026-05-06 16:04:06.799
2277,463100,0.35,0.0,0.0,2026-05-06 16:04:06.799
2278,463368,0.35,0.0,0.0,2026-05-06 16:04:06.799
2279,463589,0.35,0.0,0.0,2026-05-06 16:04:06.799
2280,463807,0.35,0.0,0.0,2026-05-06 16:04:06.799
2281,463854,0.35,0.0,0.0,2026-05-06 16:04:06.799
2282,464077,0.35,0.0,0.0,2026-05-06 16:04:06.799
2283,464297,0.35,0.0,0.0,2026-05-06 16:04:06.799
2284,464343,0.35,0.0,0.0,2026-05-06 16:04:06.799
2285,464561,0.35,0.0,0.0,2026-05-06 16:04:06.799
2286,464781,0.35,0.0,0.0,2026-05-06 16:04:06.799
2287,464827,0.35,0.0,0.0,2026-05-06 16:04:06.799
2288,465046,0.35,0.0,0.0,2026-05-06 16:04:06.799
2289,465265,0.35,0.0,0.0,2026-05-06 16:04:06.799
2290,465312,0.35,0.0,0.0,2026-05-06 16:04:06.799
2291,465530,0.35,0.0,0.0,2026-05-06 16:04:06.799
2292,465748,0.35,0.0,0.0,2026-05-06 16:04:06.799
2293,465795,0.3454,0.0,0.0,2026-05-06 16:04:06.799
2294,466014,0.3454,0.0,0.0,2026-05-06 16:04:06.799
2295,466233,0.3445,0.0,0.0,2026-05-06 16:04:06.799
2296,466279,0.337,0.0,0.0,2026-05-06 16:04:06.799
2297,466498,0.3354,0.0,0.0,2026-05-06 16:04:06.799
2298,466716,0.3354,0.0,0.0,2026-05-06 16:04:06.799
2299,466763,0.3218,0.0,0.0,2026-05-06 16:04:06.799
2300,466983,0.3218,0.0,0.0,2026-05-06 16:04:06.799
2301,467203,0.3188,0.0,0.0,2026-05-06 16:04:06.799
2302,467248,0.2893,0.0,0.0,2026-05-06 16:04:06.799
2303,467466,0.2893,0.0,0.0,2026-05-06 16:04:06.799
2304,467684,0.2836,0.0,0.0,2026-05-06 16:04:06.799
2305,467731,0.2401,0.0,0.0,2026-05-06 16:04:06.799
2306,467949,0.2312,0.0,0.0,2026-05-06 16:04:07.502
2307,468168,0.2312,0.0,0.0,2026-05-06 16:04:07.502
2308,468215,0.1713,0.0,0.0,2026-05-06 16:04:07.502
2309,468432,0.1608,0.0,0.0,2026-05-06 16:04:07.502
2310,468649,0.1504,0.0,0.0,2026-05-06 16:04:07.502
2311,468697,0.0938,0.0,0.0,2026-05-06 16:04:07.502
2312,468914,0.0938,0.0,0.0,2026-05-06 16:04:07.502
2313,469131,0.0858,0.0,0.0,2026-05-06 16:04:07.502
2314,469350,0.0436,0.0,0.0,2026-05-06 16:04:07.502
2315,469568,0.0436,0.0,0.0,2026-05-06 16:04:07.502
2316,469636,0.0201,0.0,0.0,2026-05-06 16:04:07.502
2317,469855,0.0178,0.0,0.0,2026-05-06 16:04:07.502
2318,470074,0.0178,0.0,0.0,2026-05-06 16:04:07.502
2319,470120,0.0077,0.0,0.0,2026-05-06 16:04:07.502
2320,470339,0.0077,0.0,0.0,2026-05-06 16:04:07.502
2321,470557,0.0065,0.0,0.0,2026-05-06 16:04:07.502
2322,470604,0.0007,0.0,0.0,2026-05-06 16:04:07.502
2323,470826,0.0007,0.0,0.0,2026-05-06 16:04:07.502
2324,471065,0.0,0.0,0.0,2026-05-06 16:04:07.502
2325,471289,0.0,0.0,0.0,2026-05-06 16:04:07.502
2326,471529,0.0,0.0,0.0,2026-05-06 16:04:07.502
2327,471755,0.0,0.0,0.0,2026-05-06 16:04:07.502
2328,471995,0.0,0.0,0.0,2026-05-06 16:04:07.502
2329,472218,0.0,0.0,0.0,2026-05-06 16:04:07.502
2330,472449,0.0,0.0,0.0,2026-05-06 16:04:07.502
2331,472673,0.0,0.0,0.0,2026-05-06 16:04:07.502
2332,472896,0.0,0.0,0.0,2026-05-06 16:04:07.502
2333,472948,0.0,0.0,0.0,2026-05-06 16:04:07.502
2334,473171,0.0,0.0,0.0,2026-05-06 16:04:07.502
2335,473411,0.0,0.0,0.0,2026-05-06 16:04:07.502
2336,473634,0.0,0.0,0.0,2026-05-06 16:04:07.502
2337,473874,0.0,0.0,0.0,2026-05-06 16:04:07.502
2338,474098,0.0,0.0,0.0,2026-05-06 16:04:07.502
2339,474338,0.0,0.0,0.0,2026-05-06 16:04:07.502
2340,474562,0.0,0.0,0.0,2026-05-06 16:04:07.502
2341,474916,0.0,0.0,0.0,2026-05-06 16:04:07.502
2342,475140,0.0,0.0,0.0,2026-05-06 16:04:07.502
2343,475438,0.0,0.0,0.0,2026-05-06 16:04:07.502
2344,475662,0.0,0.0,0.0,2026-05-06 16:04:07.502
2345,475722,0.0,0.0,0.0,2026-05-06 16:04:07.502
2346,475945,0.0,0.0,0.0,2026-05-06 16:04:08.212
2347,476169,0.0,0.0,0.0,2026-05-06 16:04:08.212
2348,476399,0.0,0.0,0.0,2026-05-06 16:04:08.212
2349,476623,0.0,0.0,0.0,2026-05-06 16:04:08.212
2350,476863,0.0,0.0,0.0,2026-05-06 16:04:08.212
2351,477087,0.0,0.0,0.0,2026-05-06 16:04:08.212
2352,477327,0.0,0.0,0.0,2026-05-06 16:04:08.212
2353,477551,0.0,0.0,0.0,2026-05-06 16:04:08.212
2354,477791,0.0,0.0,0.0,2026-05-06 16:04:08.212
2355,478014,0.0,0.0,0.0,2026-05-06 16:04:08.212
2356,478074,0.0,0.0,0.0,2026-05-06 16:04:08.212
2357,478374,0.0,0.0,0.0,2026-05-06 16:04:08.212
2358,478549,0.0,0.0,0.0,2026-05-06 16:04:08.212
2359,478773,0.0,0.0,0.0,2026-05-06 16:04:08.212
2360,479188,0.0,0.0,0.0,2026-05-06 16:04:08.212
2361,479412,0.0,0.0,0.0,2026-05-06 16:04:08.212
2362,479656,0.0,0.0,0.0,2026-05-06 16:04:08.212
2363,479880,0.0,0.0,0.0,2026-05-06 16:04:08.212
2364,480118,0.0,0.0,0.0,2026-05-06 16:04:08.212
2365,480341,0.0,0.0,0.0,2026-05-06 16:04:08.212
2366,480401,0.0,0.0,0.0,2026-05-06 16:04:08.212
2367,480624,0.0,0.0,0.0,2026-05-06 16:04:08.212
2368,480846,0.0,0.0,0.0,2026-05-06 16:04:08.212
2369,480897,-0.0021,0.0,0.0,2026-05-06 16:04:08.212
2370,481122,-0.0021,0.0,0.0,2026-05-06 16:04:08.212
2371,481362,-0.0077,0.0,0.0,2026-05-06 16:04:08.212
2372,481586,-0.0077,0.0,0.0,2026-05-06 16:04:08.212
2373,481826,-0.0145,0.0,0.0,2026-05-06 16:04:08.212
2374,482052,-0.0145,0.0,0.0,2026-05-06 16:04:08.212
2375,482292,-0.0253,0.0,0.0,2026-05-06 16:04:08.212
2376,482516,-0.0253,0.0,0.0,2026-05-06 16:04:08.212
2377,482756,-0.0404,0.0,0.0,2026-05-06 16:04:08.212
2378,482982,-0.0404,0.0,0.0,2026-05-06 16:04:08.212
2379,483223,-0.0584,0.0,0.0,2026-05-06 16:04:08.212
2380,483449,-0.0614,0.0,0.0,2026-05-06 16:04:08.212
2381,483689,-0.082,0.0,0.0,2026-05-06 16:04:08.212
2382,483915,-0.0858,0.0,0.0,2026-05-06 16:04:08.936
2383,484156,-0.1163,0.0,0.0,2026-05-06 16:04:08.936
2384,484380,-0.1163,0.0,0.0,2026-05-06 16:04:08.936
2385,484620,-0.1574,0.0,0.0,2026-05-06 16:04:08.936
2386,484846,-0.1574,0.0,0.0,2026-05-06 16:04:08.936
2387,485086,-0.1957,0.0,0.0,2026-05-06 16:04:08.936
2388,485312,-0.2011,0.0,0.0,2026-05-06 16:04:08.936
2389,485552,-0.2322,0.0,0.0,2026-05-06 16:04:08.936
2390,485777,-0.2322,0.0,0.0,2026-05-06 16:04:08.936
2391,486017,-0.2677,0.0,0.0,2026-05-06 16:04:08.936
2392,486241,-0.2677,0.0,0.0,2026-05-06 16:04:08.936
2393,486481,-0.2921,0.0,0.0,2026-05-06 16:04:08.936
2394,486710,-0.295,0.0,0.0,2026-05-06 16:04:08.936
2395,486950,-0.3106,0.0,0.0,2026-05-06 16:04:08.936
2396,487176,-0.3128,0.0,0.0,2026-05-06 16:04:08.936
2397,487417,-0.326,0.0,0.0,2026-05-06 16:04:08.936
2398,487643,-0.326,0.0,0.0,2026-05-06 16:04:08.936
2399,487883,-0.3368,0.0,0.0,2026-05-06 16:04:08.936
2400,488108,-0.3368,0.0,0.0,2026-05-06 16:04:08.936
2401,488348,-0.3435,0.0,0.0,2026-05-06 16:04:08.936
2402,488577,-0.3443,0.0,0.0,2026-05-06 16:04:08.936
2403,488818,-0.3483,0.0,0.0,2026-05-06 16:04:08.936
2404,489043,-0.3483,0.0,0.0,2026-05-06 16:04:08.936
2405,489284,-0.35,0.0,0.0,2026-05-06 16:04:08.936
2406,489508,-0.35,0.0,0.0,2026-05-06 16:04:08.936
2407,489748,-0.35,0.0,0.0,2026-05-06 16:04:08.936
2408,490017,-0.35,0.0,0.0,2026-05-06 16:04:08.936
2409,490185,-0.35,0.0,0.0,2026-05-06 16:04:08.936
2410,490232,-0.35,0.0,0.0,2026-05-06 16:04:08.936
2411,490458,-0.35,0.0,0.0,2026-05-06 16:04:08.936
2412,490699,-0.35,0.0,0.0,2026-05-06 16:04:08.936
2413,490924,-0.35,0.0,0.0,2026-05-06 16:04:08.936
2414,491164,-0.35,0.0,0.0,2026-05-06 16:04:08.936
2415,491389,-0.35,0.0,0.0,2026-05-06 16:04:08.936
2416,491629,-0.35,0.0,0.0,2026-05-06 16:04:08.936
2417,491854,-0.35,0.0,0.0,2026-05-06 16:04:08.936
2418,492094,-0.35,0.0,0.0,2026-05-06 16:04:09.032
2419,492318,-0.35,0.0,0.0,2026-05-06 16:04:09.032
2420,492558,-0.35,0.0,0.0,2026-05-06 16:04:09.032
2421,492785,-0.35,0.0,0.0,2026-05-06 16:04:09.706
2422,493025,-0.35,0.0,0.0,2026-05-06 16:04:09.706
2423,493252,-0.35,0.0,0.0,2026-05-06 16:04:09.706
2424,493493,-0.35,0.0,0.0,2026-05-06 16:04:09.706
2425,493717,-0.35,0.0,0.0,2026-05-06 16:04:09.706
2426,493957,-0.35,0.0,0.0,2026-05-06 16:04:09.706
2427,494181,-0.35,0.0,0.0,2026-05-06 16:04:09.706
2428,494420,-0.35,0.0,0.0,2026-05-06 16:04:09.706
2429,494646,-0.35,0.0,0.0,2026-05-06 16:04:09.706
2430,494887,-0.35,0.0,0.0,2026-05-06 16:04:09.706
2431,495113,-0.35,0.0,0.0,2026-05-06 16:04:09.706
2432,495353,-0.35,0.0,0.0,2026-05-06 16:04:09.706
2433,495580,-0.35,0.0,0.0,2026-05-06 16:04:09.706
2434,495821,-0.35,0.0,0.0,2026-05-06 16:04:09.706
2435,496050,-0.35,0.0,0.0,2026-05-06 16:04:09.706
2436,496290,-0.35,0.0,0.0,2026-05-06 16:04:09.706
2437,496516,-0.35,0.0,0.0,2026-05-06 16:04:09.706
2438,496815,-0.35,0.0,0.0,2026-05-06 16:04:09.706
2439,497039,-0.35,0.0,0.0,2026-05-06 16:04:09.706
2440,497221,-0.35,0.0,0.0,2026-05-06 16:04:09.706
2441,497446,-0.35,0.0,0.0,2026-05-06 16:04:09.706
2442,497686,-0.35,0.0,0.0,2026-05-06 16:04:09.706
2443,497911,-0.35,0.0,0.0,2026-05-06 16:04:09.706
2444,498328,-0.35,0.0,0.0,2026-05-06 16:04:09.706
2445,498554,-0.35,0.0,0.0,2026-05-06 16:04:09.706
2446,498617,-0.35,0.0,0.0,2026-05-06 16:04:09.706
2447,498844,-0.35,0.0,0.0,2026-05-06 16:04:09.706
2448,499084,-0.3445,0.0,0.0,2026-05-06 16:04:09.706
2449,499314,-0.3445,0.0,0.0,2026-05-06 16:04:09.706
2450,499555,-0.3354,0.0,0.0,2026-05-06 16:04:09.706
2451,499780,-0.3335,0.0,0.0,2026-05-06 16:04:09.706
2452,500020,-0.3188,0.0,0.0,2026-05-06 16:04:09.706
2453,500244,-0.3188,0.0,0.0,2026-05-06 16:04:09.706
2454,500484,-0.2836,0.0,0.0,2026-05-06 16:04:09.706
2455,500708,-0.2836,0.0,0.0,2026-05-06 16:04:10.425
2456,500948,-0.2312,0.0,0.0,2026-05-06 16:04:10.425
2457,501172,-0.222,0.0,0.0,2026-05-06 16:04:10.425
2458,501412,-0.1608,0.0,0.0,2026-05-06 16:04:10.425
2459,501637,-0.1504,0.0,0.0,2026-05-06 16:04:10.425
2460,501877,-0.0858,0.0,0.0,2026-05-06 16:04:10.425
2461,502103,-0.0858,0.0,0.0,2026-05-06 16:04:10.425
2462,502343,-0.0393,0.0,0.0,2026-05-06 16:04:10.425
2463,502568,-0.0393,0.0,0.0,2026-05-06 16:04:10.425
2464,502808,-0.0178,0.0,0.0,2026-05-06 16:04:10.425
2465,503033,-0.0157,0.0,0.0,2026-05-06 16:04:10.425
2466,503273,-0.0065,0.0,0.0,2026-05-06 16:04:10.425
2467,503498,-0.0065,0.0,0.0,2026-05-06 16:04:10.425
2468,503738,-0.0001,0.0,0.0,2026-05-06 16:04:10.425
2469,503961,-0.0001,0.0,0.0,2026-05-06 16:04:10.425
2470,504201,0.0,0.0,0.0,2026-05-06 16:04:10.425
2471,504421,0.0,0.0,0.0,2026-05-06 16:04:10.425
2472,504641,0.0,0.0,0.0,2026-05-06 16:04:10.425
2473,504686,0.0,0.0,0.0,2026-05-06 16:04:10.425
2474,504906,0.0,0.0,0.0,2026-05-06 16:04:10.425
2475,505127,0.0,0.0,0.0,2026-05-06 16:04:10.425
2476,505172,0.0,0.0,0.0,2026-05-06 16:04:10.425
2477,505393,0.0,0.0,0.0,2026-05-06 16:04:10.425
2478,505613,0.0,0.0,0.0,2026-05-06 16:04:10.425
2479,505658,0.0,0.0,0.0,2026-05-06 16:04:10.425
2480,505879,0.0,0.0,0.0,2026-05-06 16:04:10.425
2481,506100,0.0,0.0,0.0,2026-05-06 16:04:10.425
2482,506145,0.0,0.0,0.0,2026-05-06 16:04:10.425
2483,506365,0.0,0.0,0.0,2026-05-06 16:04:10.425
2484,506586,0.0,0.0,0.0,2026-05-06 16:04:10.425
2485,506809,0.0,0.0,0.0,2026-05-06 16:04:10.425
2486,507030,0.0,0.0,0.0,2026-05-06 16:04:10.425
2487,507113,0.0,0.0,0.0,2026-05-06 16:04:10.425
2488,507334,0.0,0.0,0.0,2026-05-06 16:04:10.425
2489,507568,0.0,0.0,0.0,2026-05-06 16:04:10.425
2490,507789,0.0,0.0,0.0,2026-05-06 16:04:10.425
2491,508009,0.0,0.0,0.0,2026-05-06 16:04:10.425
2492,508113,0.0,0.0,0.0,2026-05-06 16:04:10.425
2493,508334,0.0,0.0,0.0,2026-05-06 16:04:10.425
2494,508506,0.0,0.0,0.0,2026-05-06 16:04:10.425
2495,508727,0.0,0.0,0.0,2026-05-06 16:04:11.129
2496,508948,0.0,0.0,0.0,2026-05-06 16:04:11.129
2497,509001,0.0,0.0,0.0,2026-05-06 16:04:11.129
2498,509222,0.0,0.0,0.0,2026-05-06 16:04:11.129
2499,509628,0.0,0.0,0.0,2026-05-06 16:04:11.129
2500,509849,0.0,0.0,0.0,2026-05-06 16:04:11.129
2501,509956,0.0,0.0,0.0,2026-05-06 16:04:11.129
2502,510254,0.0,0.0,0.0,2026-05-06 16:04:11.129
2503,510426,0.0,0.0,0.0,2026-05-06 16:04:11.129
2504,510647,0.0,0.0,0.0,2026-05-06 16:04:11.129
2505,510888,0.0,0.0,0.0,2026-05-06 16:04:11.129
2506,511109,0.0,0.0,0.0,2026-05-06 16:04:11.129
2507,511330,0.0,0.0,0.0,2026-05-06 16:04:11.129
2508,511549,0.0,0.0,0.0,2026-05-06 16:04:11.129
2509,511770,0.0,0.0,0.0,2026-05-06 16:04:11.129
2510,511830,0.0,0.0,0.0,2026-05-06 16:04:11.129
2511,512051,0.0,0.0,0.0,2026-05-06 16:04:11.129
2512,512272,0.0,0.0,0.0,2026-05-06 16:04:11.129
2513,512321,0.0,0.0,0.0,2026-05-06 16:04:11.129
2514,512542,0.0,0.0,0.0,2026-05-06 16:04:11.129
2515,512763,0.0,0.0,0.0,2026-05-06 16:04:11.129
2516,512808,0.0,0.0,0.0,2026-05-06 16:04:11.129
2517,513032,0.0,0.0,0.0,2026-05-06 16:04:11.129
2518,513441,0.0,0.0,0.0,2026-05-06 16:04:11.129
2519,513662,0.0,0.0,0.0,2026-05-06 16:04:11.129
2520,513766,0.0,0.0,0.0,2026-05-06 16:04:11.129
2521,513987,0.0,0.0,0.0,2026-05-06 16:04:11.129
2522,514208,0.0,0.0,0.0,2026-05-06 16:04:11.129
2523,514253,0.0,0.0,0.0,2026-05-06 16:04:11.129
2524,514476,0.0,0.0,0.0,2026-05-06 16:04:11.129
2525,514697,0.0,0.0,0.0,2026-05-06 16:04:11.129
2526,514742,0.0,0.0,0.0,2026-05-06 16:04:11.129
2527,514964,0.0,0.0,0.0,2026-05-06 16:04:11.129
2528,515371,0.0,0.0,0.0,2026-05-06 16:04:11.129
2529,515592,0.0,0.0,0.0,2026-05-06 16:04:11.129
2530,515698,0.0,0.0,0.0,2026-05-06 16:04:11.129
2531,515919,0.0,0.0,0.0,2026-05-06 16:04:11.129
2532,516157,0.0,0.0,0.0,2026-05-06 16:04:11.129
2533,516378,0.0,0.0,0.0,2026-05-06 16:04:11.129
2534,516600,0.0,0.0,0.0,2026-05-06 16:04:11.129
2535,516646,0.0,0.0,0.0,2026-05-06 16:04:11.129
2536,516868,0.0,0.0,0.0,2026-05-06 16:04:11.334
2537,517276,0.0,0.0,0.0,2026-05-06 16:04:11.334
2538,517497,0.0,0.0,0.0,2026-05-06 16:04:11.334
2539,517604,0.0,0.0,0.0,2026-05-06 16:04:11.334
2540,517825,0.0,0.0,0.0,2026-05-06 16:04:11.334
2541,518062,0.0,0.0,0.0,2026-05-06 16:04:11.334
2542,518285,0.0,0.0,0.0,2026-05-06 16:04:11.334
2543,518508,0.0,0.0,0.0,2026-05-06 16:04:11.334
2544,518553,0.0,0.0,0.0,2026-05-06 16:04:11.334
2545,518775,0.0,0.0,0.0,2026-05-06 16:04:12.024
2546,519015,0.0,-0.0017,0.0,2026-05-06 16:04:12.024
2547,519241,0.0,-0.0025,0.0,2026-05-06 16:04:12.024
2548,519481,0.0,-0.0126,0.0,2026-05-06 16:04:12.024
2549,519708,0.0,-0.0126,0.0,2026-05-06 16:04:12.024
2550,519949,0.0,-0.0377,0.0,2026-05-06 16:04:12.024
2551,520175,0.0,-0.0428,0.0,2026-05-06 16:04:12.024
2552,520597,0.0,-0.0782,0.0,2026-05-06 16:04:12.024
2553,520827,0.0,-0.0818,0.0,2026-05-06 16:04:12.024
2554,520887,0.0,-0.0954,0.0,2026-05-06 16:04:12.024
2555,521116,0.0,-0.0954,0.0,2026-05-06 16:04:12.024
2556,521357,0.0,-0.1,0.0,2026-05-06 16:04:12.024
2557,521587,0.0,-0.1,0.0,2026-05-06 16:04:12.024
2558,521830,0.0,-0.1,0.0,2026-05-06 16:04:12.024
2559,522062,0.0,-0.1,0.0,2026-05-06 16:04:12.024
2560,522302,0.0,-0.1,0.0,2026-05-06 16:04:12.024
2561,522532,0.0,-0.1,0.0,2026-05-06 16:04:12.024
2562,522774,0.0,-0.1,0.0,2026-05-06 16:04:12.024
2563,523003,0.0,-0.1,0.0,2026-05-06 16:04:12.024
2564,523244,0.0,-0.1,0.0,2026-05-06 16:04:12.024
2565,523474,0.0,-0.1,0.0,2026-05-06 16:04:12.024
2566,523715,0.0,-0.1,0.0,2026-05-06 16:04:12.024
2567,523945,0.0,-0.1,0.0,2026-05-06 16:04:12.024
2568,524186,0.0,-0.1,0.0,2026-05-06 16:04:12.024
2569,524416,0.0,-0.1,0.0,2026-05-06 16:04:12.024
2570,524717,0.0,-0.1,0.0,2026-05-06 16:04:12.024
2571,524947,0.0,-0.1,0.0,2026-05-06 16:04:12.024
2572,525189,0.0,-0.1,0.0,2026-05-06 16:04:12.024
2573,525419,0.0,-0.1,0.0,2026-05-06 16:04:12.024
2574,525600,0.0,-0.1,0.0,2026-05-06 16:04:12.024
2575,525830,0.0,-0.1,0.0,2026-05-06 16:04:12.024
2576,526071,0.0,-0.1,0.0,2026-05-06 16:04:12.024
2577,526301,0.0,-0.1,0.0,2026-05-06 16:04:12.024
2578,526542,0.0,-0.1,0.0,2026-05-06 16:04:12.024
2579,526772,0.0,-0.1,0.0,2026-05-06 16:04:12.370
2580,527013,0.0,-0.1,0.0,2026-05-06 16:04:12.370
2581,527243,0.0,-0.1,0.0,2026-05-06 16:04:12.370
2582,527484,0.0,-0.1,0.0,2026-05-06 16:04:12.370
2583,527714,0.0,-0.1,0.0,2026-05-06 16:04:12.370
2584,528138,0.0,-0.1,0.0,2026-05-06 16:04:12.370
2585,528368,0.0,-0.1,0.0,2026-05-06 16:04:12.370
2586,528547,0.0,-0.1,0.0,2026-05-06 16:04:12.370
2587,528777,0.0,-0.1,0.0,2026-05-06 16:04:12.370
2588,528898,0.0,-0.1,0.0,2026-05-06 16:04:12.370
2589,529128,0.0,-0.1,0.0,2026-05-06 16:04:12.370
2590,529369,0.0,-0.1,0.0,2026-05-06 16:04:12.370
2591,529602,0.0,-0.1,0.0,2026-05-06 16:04:12.370
2592,529843,0.0,-0.1,0.0,2026-05-06 16:04:12.370
2593,530073,0.0,-0.1,0.0,2026-05-06 16:04:12.370
2594,530435,0.0,-0.1,0.0,2026-05-06 16:04:13.051
2595,530668,0.0,-0.1,0.0,2026-05-06 16:04:13.051
2596,530788,0.0,-0.1,0.0,2026-05-06 16:04:13.051
2597,531018,0.0,-0.1,0.0,2026-05-06 16:04:13.051
2598,531259,0.0,-0.1,0.0,2026-05-06 16:04:13.051
2599,531489,0.0,-0.1,0.0,2026-05-06 16:04:13.051
2600,531730,0.0,-0.1,0.0,2026-05-06 16:04:13.051
2601,531960,0.0,-0.1,0.0,2026-05-06 16:04:13.051
2602,532201,0.0,-0.1,0.0,2026-05-06 16:04:13.051
2603,532431,0.0,-0.1,0.0,2026-05-06 16:04:13.051
2604,532732,0.0,-0.1,0.0,2026-05-06 16:04:13.051
2605,532962,0.0,-0.1,0.0,2026-05-06 16:04:13.051
2606,533265,0.0,-0.1,0.0,2026-05-06 16:04:13.051
2607,533495,0.0,-0.1,0.0,2026-05-06 16:04:13.051
2608,533615,0.0,-0.1,0.0,2026-05-06 16:04:13.051
2609,533845,0.0,-0.1,0.0,2026-05-06 16:04:13.051
2610,534086,0.0,-0.1,0.0,2026-05-06 16:04:13.051
2611,534316,0.0,-0.1,0.0,2026-05-06 16:04:13.051
2612,534557,0.0,-0.1,0.0,2026-05-06 16:04:13.051
2613,534787,0.0,-0.1,0.0,2026-05-06 16:04:13.051
2614,535088,0.0,-0.098,0.0,2026-05-06 16:04:13.051
2615,535318,0.0,-0.0968,0.0,2026-05-06 16:04:13.051
2616,535500,0.0,-0.0707,0.0,2026-05-06 16:04:13.051
2617,535730,0.0,-0.0707,0.0,2026-05-06 16:04:13.051
2618,535971,0.0,-0.0105,0.0,2026-05-06 16:04:13.051
2619,536201,0.0,-0.0068,0.0,2026-05-06 16:04:13.051
2620,536442,0.0,0.0,0.0,2026-05-06 16:04:13.051
2621,536667,0.0,0.0,0.0,2026-05-06 16:04:13.051
2622,536929,0.0,0.0,0.0,2026-05-06 16:04:13.051
2623,537154,0.0,0.0,0.0,2026-05-06 16:04:13.051
2624,537394,0.0,0.0,0.0,2026-05-06 16:04:13.051
2625,537619,0.0,0.0,0.0,2026-05-06 16:04:13.051
2626,537859,0.0,0.0,0.0,2026-05-06 16:04:13.051
2627,538084,0.0,0.0,0.0,2026-05-06 16:04:13.051
2628,538328,0.0,0.0,0.0,2026-05-06 16:04:13.777
2629,538553,0.0,0.0,0.0,2026-05-06 16:04:13.777
2630,538787,0.0,0.0,0.0,2026-05-06 16:04:13.777
2631,539013,0.0,0.0,0.0,2026-05-06 16:04:13.777
2632,539238,0.0,0.0,0.0,2026-05-06 16:04:13.777
2633,539286,0.0,0.0,0.0,2026-05-06 16:04:13.777
2634,539512,0.0,0.0,0.0,2026-05-06 16:04:13.777
2635,539869,0.0,0.0,0.0,2026-05-06 16:04:13.777
2636,540095,0.0,0.0,0.0,2026-05-06 16:04:13.777
2637,540214,0.0,0.0,0.0,2026-05-06 16:04:13.777
2638,540438,0.0,0.0,0.0,2026-05-06 16:04:13.777
2639,540662,0.0,0.0,0.0,2026-05-06 16:04:13.777
2640,540709,0.0,0.0,0.0,2026-05-06 16:04:13.777
2641,540930,0.0,0.0,0.0,2026-05-06 16:04:13.777
2642,541169,0.0,0.0,-0.001,2026-05-06 16:04:13.777
2643,541394,0.0,0.0,-0.0016,2026-05-06 16:04:13.777
2644,541637,0.0,0.0,-0.0062,2026-05-06 16:04:13.777
2645,541860,0.0,0.0,-0.0062,2026-05-06 16:04:13.777
2646,542100,0.0,0.0,-0.0166,2026-05-06 16:04:13.777
2647,542402,0.0,0.0,-0.0166,2026-05-06 16:04:13.777
2648,542574,0.0,0.0,-0.0323,2026-05-06 16:04:13.777
2649,542842,0.0,0.0,-0.0352,2026-05-06 16:04:13.777
2650,543011,0.0,0.0,-0.0352,2026-05-06 16:04:13.777
2651,543058,0.0,0.0,-0.0572,2026-05-06 16:04:13.777
2652,543286,0.0,0.0,-0.0616,2026-05-06 16:04:13.777
2653,543527,0.0,0.0,-0.0973,2026-05-06 16:04:13.777
2654,543755,0.0,0.0,-0.0973,2026-05-06 16:04:13.777
2655,544056,0.0,0.0,-0.1393,2026-05-06 16:04:13.777
2656,544285,0.0,0.0,-0.1393,2026-05-06 16:04:13.777
2657,544466,0.0,0.0,-0.1666,2026-05-06 16:04:13.777
2658,544695,0.0,0.0,-0.1696,2026-05-06 16:04:13.777
2659,544997,0.0,0.0,-0.1836,2026-05-06 16:04:13.777
2660,545226,0.0,0.0,-0.1854,2026-05-06 16:04:13.777
2661,545406,0.0,0.0,-0.1945,2026-05-06 16:04:13.777
2662,545636,0.0,0.0,-0.1945,2026-05-06 16:04:13.777
2663,545877,0.0,0.0,-0.1997,2026-05-06 16:04:13.777
2664,546105,0.0,0.0,-0.2,2026-05-06 16:04:13.777
2665,546528,0.0,0.0,-0.2,2026-05-06 16:04:14.491
2666,546758,0.0,0.0,-0.2,2026-05-06 16:04:14.491
2667,546817,0.0,0.0,-0.2,2026-05-06 16:04:14.491
2668,547046,0.0,0.0,-0.2,2026-05-06 16:04:14.491
2669,547287,0.0,0.0,-0.2,2026-05-06 16:04:14.491
2670,547516,0.0,0.0,-0.2,2026-05-06 16:04:14.491
2671,547757,0.0,0.0,-0.2,2026-05-06 16:04:14.491
2672,547988,0.0,0.0,-0.2,2026-05-06 16:04:14.491
2673,548293,0.0,0.0,-0.2,2026-05-06 16:04:14.491
2674,548525,0.0,0.0,-0.2,2026-05-06 16:04:14.491
2675,548703,0.0,0.0,-0.2,2026-05-06 16:04:14.491
2676,548935,0.0,0.0,-0.2,2026-05-06 16:04:14.491
2677,549180,0.0,0.0,-0.2,2026-05-06 16:04:14.491
2678,549412,0.0,0.0,-0.2,2026-05-06 16:04:14.491
2679,549653,0.0,0.0,-0.2,2026-05-06 16:04:14.491
2680,549885,0.0,0.0,-0.2,2026-05-06 16:04:14.491
2681,550127,0.0,0.0,-0.2,2026-05-06 16:04:14.491
2682,550359,0.0,0.0,-0.2,2026-05-06 16:04:14.491
2683,550600,0.0,0.0,-0.2,2026-05-06 16:04:14.491
2684,550832,0.0,0.0,-0.2,2026-05-06 16:04:14.491
2685,551074,0.0,0.0,-0.2,2026-05-06 16:04:14.491
2686,551306,0.0,0.0,-0.2,2026-05-06 16:04:14.491
2687,551547,0.0,0.0,-0.2,2026-05-06 16:04:14.491
2688,551779,0.0,0.0,-0.2,2026-05-06 16:04:14.491
2689,552021,0.0,0.0,-0.2,2026-05-06 16:04:14.491
2690,552253,0.0,0.0,-0.2,2026-05-06 16:04:14.491
2691,552494,0.0,0.0,-0.2,2026-05-06 16:04:14.491
2692,552726,0.0,0.0,-0.2,2026-05-06 16:04:14.491
2693,552968,0.0,0.0,-0.2,2026-05-06 16:04:14.491
2694,553200,0.0,0.0,-0.2,2026-05-06 16:04:14.491
2695,553441,0.0,0.0,-0.2,2026-05-06 16:04:14.491
2696,553673,0.0,0.0,-0.2,2026-05-06 16:04:14.491
2697,553915,0.0,0.0,-0.2,2026-05-06 16:04:14.491
2698,554147,0.0,0.0,-0.2,2026-05-06 16:04:14.491
2699,554388,0.0,0.0,-0.2,2026-05-06 16:04:15.201
2700,554620,0.0,0.0,-0.2,2026-05-06 16:04:15.201
2701,554862,0.0,0.0,-0.2,2026-05-06 16:04:15.201
2702,555094,0.0,0.0,-0.2,2026-05-06 16:04:15.201
2703,555335,0.0,0.0,-0.2,2026-05-06 16:04:15.201
2704,555567,0.0,0.0,-0.2,2026-05-06 16:04:15.201
2705,555809,0.0,0.0,-0.2,2026-05-06 16:04:15.201
2706,556041,0.0,0.0,-0.2,2026-05-06 16:04:15.201
2707,556345,0.0,0.0,-0.2,2026-05-06 16:04:15.201
2708,556580,0.0,0.0,-0.2,2026-05-06 16:04:15.201
2709,556765,0.0,0.0,-0.2,2026-05-06 16:04:15.201
2710,556997,0.0,0.0,-0.2,2026-05-06 16:04:15.201
2711,557238,0.0,0.0,-0.2,2026-05-06 16:04:15.201
2712,557470,0.0,0.0,-0.2,2026-05-06 16:04:15.201
2713,557712,0.0,0.0,-0.2,2026-05-06 16:04:15.201
2714,557944,0.0,0.0,-0.2,2026-05-06 16:04:15.201
2715,558185,0.0,0.0,-0.2,2026-05-06 16:04:15.201
2716,558417,0.0,0.0,-0.2,2026-05-06 16:04:15.201
2717,558659,0.0,0.0,-0.2,2026-05-06 16:04:15.201
2718,558891,0.0,0.0,-0.2,2026-05-06 16:04:15.201
2719,559132,0.0,0.0,-0.2,2026-05-06 16:04:15.201
2720,559364,0.0,0.0,-0.2,2026-05-06 16:04:15.201
2721,559606,0.0,0.0,-0.2,2026-05-06 16:04:15.201
2722,559838,0.0,0.0,-0.2,2026-05-06 16:04:15.201
2723,560202,0.0,0.0,-0.2,2026-05-06 16:04:15.201
2724,560434,0.0,0.0,-0.2,2026-05-06 16:04:15.201
2725,560555,0.0,0.0,-0.2,2026-05-06 16:04:15.201
2726,560787,0.0,0.0,-0.2,2026-05-06 16:04:15.201
2727,561027,0.0,0.0,-0.2,2026-05-06 16:04:15.201
2728,561259,0.0,0.0,-0.2,2026-05-06 16:04:15.201
2729,561628,0.0,0.0,-0.2,2026-05-06 16:04:15.201
2730,561860,0.0,0.0,-0.2,2026-05-06 16:04:15.201
2731,561979,0.0,0.0,-0.2,2026-05-06 16:04:15.201
2732,562211,0.0,0.0,-0.2,2026-05-06 16:04:15.201
2733,562452,0.0,0.0,-0.2,2026-05-06 16:04:15.327
2734,562689,0.0,0.0,-0.2,2026-05-06 16:04:15.327
2735,562931,0.0,0.0,-0.2,2026-05-06 16:04:15.327
2736,563163,0.0,0.0,-0.2,2026-05-06 16:04:15.327
2737,563527,0.0,0.0,-0.2,2026-05-06 16:04:15.327
2738,563759,0.0,0.0,-0.2,2026-05-06 16:04:16.020
2739,563878,0.0,0.0,-0.2,2026-05-06 16:04:16.020
2740,564113,0.0,0.0,-0.2,2026-05-06 16:04:16.020
2741,564356,0.0,0.0,-0.2,2026-05-06 16:04:16.020
2742,564588,0.0,0.0,-0.2,2026-05-06 16:04:16.020
2743,564830,0.0,0.0,-0.2,2026-05-06 16:04:16.020
2744,565062,0.0,0.0,-0.2,2026-05-06 16:04:16.020
2745,565303,0.0,0.0,-0.2,2026-05-06 16:04:16.020
2746,565535,0.0,0.0,-0.2,2026-05-06 16:04:16.020
2747,565840,0.0,0.0,-0.2,2026-05-06 16:04:16.020
2748,566072,0.0,0.0,-0.2,2026-05-06 16:04:16.020
2749,566250,0.0,0.0,-0.2,2026-05-06 16:04:16.020
2750,566482,0.0,0.0,-0.2,2026-05-06 16:04:16.020
2751,566724,0.0,0.0,-0.2,2026-05-06 16:04:16.020
2752,566956,0.0,0.0,-0.2,2026-05-06 16:04:16.020
2753,567197,0.0,0.0,-0.2,2026-05-06 16:04:16.020
2754,567429,0.0,0.0,-0.2,2026-05-06 16:04:16.020
2755,567671,0.0,0.0,-0.2,2026-05-06 16:04:16.020
2756,567903,0.0,0.0,-0.2,2026-05-06 16:04:16.020
2757,568207,0.0,0.0,-0.2,2026-05-06 16:04:16.020
2758,568439,0.0,0.0,-0.2,2026-05-06 16:04:16.020
2759,568618,0.0,0.0,-0.2,2026-05-06 16:04:16.020
2760,568850,0.0,0.0,-0.2,2026-05-06 16:04:16.020
2761,569091,0.0,0.0,-0.2,2026-05-06 16:04:16.020
2762,569323,0.0,0.0,-0.2,2026-05-06 16:04:16.020
2763,569565,0.0,0.0,-0.2,2026-05-06 16:04:16.020
2764,569797,0.0,0.0,-0.2,2026-05-06 16:04:16.020
2765,570038,0.0,0.0,-0.2,2026-05-06 16:04:16.020
2766,570270,0.0,0.0,-0.2,2026-05-06 16:04:16.020
2767,570512,0.0,0.0,-0.2,2026-05-06 16:04:16.020
2768,570744,0.0,0.0,-0.2,2026-05-06 16:04:16.020
2769,571169,0.0,0.0,-0.2,2026-05-06 16:04:16.020
2770,571401,0.0,0.0,-0.2,2026-05-06 16:04:16.020
2771,571459,0.0,0.0,-0.2,2026-05-06 16:04:16.020
2772,571694,0.0,0.0,-0.2,2026-05-06 16:04:16.349
2773,571935,0.0,0.0,-0.1975,2026-05-06 16:04:16.349
2774,572167,0.0,0.0,-0.1966,2026-05-06 16:04:16.349
2775,572409,0.0,0.0,-0.1874,2026-05-06 16:04:16.349
2776,572641,0.0,0.0,-0.1849,2026-05-06 16:04:16.349
2777,572882,0.0,0.0,-0.1537,2026-05-06 16:04:16.349
2778,573114,0.0,0.0,-0.1537,2026-05-06 16:04:16.349
2779,573356,0.0,0.0,-0.0896,2026-05-06 16:04:16.349
2780,573588,0.0,0.0,-0.0792,2026-05-06 16:04:16.349
2781,573829,0.0,0.0,-0.0308,2026-05-06 16:04:16.349
2782,574061,0.0,0.0,-0.0257,2026-05-06 16:04:16.349
2783,574303,0.0,0.0,-0.0056,2026-05-06 16:04:16.349
2784,574535,0.0,0.0,-0.0056,2026-05-06 16:04:16.349
2785,574776,0.0,0.0,0.0,2026-05-06 16:04:16.349
2786,575005,0.0,0.0,0.0,2026-05-06 16:04:16.349
2787,575435,0.0,0.0,0.0,2026-05-06 16:04:17.042
2788,575663,0.0,0.0,0.0,2026-05-06 16:04:17.042
2789,575720,0.0,0.0,0.0,2026-05-06 16:04:17.042
2790,575948,0.0,0.0,0.0,2026-05-06 16:04:17.042
2791,576188,0.0,0.0,0.0,2026-05-06 16:04:17.042
2792,576415,0.0,0.0,0.0,2026-05-06 16:04:17.042
2793,576655,-0.0027,0.0,0.0,2026-05-06 16:04:17.042
2794,576879,-0.0034,0.0,0.0,2026-05-06 16:04:17.042
2795,577119,-0.0086,0.0,0.0,2026-05-06 16:04:17.042
2796,577344,-0.0086,0.0,0.0,2026-05-06 16:04:17.042
2797,577584,-0.0157,0.0,0.0,2026-05-06 16:04:17.042
2798,577809,-0.0169,0.0,0.0,2026-05-06 16:04:17.042
2799,578166,-0.0269,0.0,0.0,2026-05-06 16:04:17.042
2800,578391,-0.0286,0.0,0.0,2026-05-06 16:04:17.042
2801,578515,-0.0404,0.0,0.0,2026-05-06 16:04:17.042
2802,578740,-0.0404,0.0,0.0,2026-05-06 16:04:17.042
2803,578980,-0.0614,0.0,0.0,2026-05-06 16:04:17.042
2804,579208,-0.0614,0.0,0.0,2026-05-06 16:04:17.042
2805,579448,-0.0858,0.0,0.0,2026-05-06 16:04:17.042
2806,579674,-0.0898,0.0,0.0,2026-05-06 16:04:17.042
2807,579913,-0.1163,0.0,0.0,2026-05-06 16:04:17.042
2808,580135,-0.1163,0.0,0.0,2026-05-06 16:04:17.042
2809,580357,-0.1211,0.0,0.0,2026-05-06 16:04:17.042
2810,580403,-0.1574,0.0,0.0,2026-05-06 16:04:17.042
2811,580629,-0.1574,0.0,0.0,2026-05-06 16:04:17.042
2812,580869,-0.1957,0.0,0.0,2026-05-06 16:04:17.042
2813,581096,-0.2011,0.0,0.0,2026-05-06 16:04:17.042
2814,581339,-0.2322,0.0,0.0,2026-05-06 16:04:17.042
2815,581564,-0.237,0.0,0.0,2026-05-06 16:04:17.042
2816,581804,-0.2677,0.0,0.0,2026-05-06 16:04:17.042
2817,582030,-0.2677,0.0,0.0,2026-05-06 16:04:17.042
2818,582329,-0.295,0.0,0.0,2026-05-06 16:04:17.042
2819,582554,-0.295,0.0,0.0,2026-05-06 16:04:17.042
2820,582736,-0.3128,0.0,0.0,2026-05-06 16:04:17.042
2821,582961,-0.315,0.0,0.0,2026-05-06 16:04:17.042
2822,583201,-0.326,0.0,0.0,2026-05-06 16:04:17.751
2823,583426,-0.326,0.0,0.0,2026-05-06 16:04:17.751
2824,583666,-0.3368,0.0,0.0,2026-05-06 16:04:17.751
2825,583890,-0.3368,0.0,0.0,2026-05-06 16:04:17.751
2826,584130,-0.3435,0.0,0.0,2026-05-06 16:04:17.751
2827,584358,-0.3443,0.0,0.0,2026-05-06 16:04:17.751
2828,584598,-0.3483,0.0,0.0,2026-05-06 16:04:17.751
2829,584823,-0.3489,0.0,0.0,2026-05-06 16:04:17.751
2830,585063,-0.35,0.0,0.0,2026-05-06 16:04:17.751
2831,585289,-0.35,0.0,0.0,2026-05-06 16:04:17.751
2832,585530,-0.35,0.0,0.0,2026-05-06 16:04:17.751
2833,585754,-0.35,0.0,0.0,2026-05-06 16:04:17.751
2834,585994,-0.35,0.0,0.0,2026-05-06 16:04:17.751
2835,586221,-0.35,0.0,0.0,2026-05-06 16:04:17.751
2836,586461,-0.3495,0.0,0.0,2026-05-06 16:04:17.751
2837,586686,-0.3495,0.0,0.0,2026-05-06 16:04:17.751
2838,586926,-0.3435,0.0,0.0,2026-05-06 16:04:17.751
2839,587153,-0.3435,0.0,0.0,2026-05-06 16:04:17.751
2840,587393,-0.3386,0.0,0.0,2026-05-06 16:04:17.751
2841,587618,-0.341,0.0,0.0,2026-05-06 16:04:17.751
2842,587858,-0.35,0.0,0.0,2026-05-06 16:04:17.751
2843,588328,-0.35,0.0,0.0,2026-05-06 16:04:17.751
2844,588552,-0.35,0.0,0.0,2026-05-06 16:04:17.751
2845,588792,-0.347,0.0,0.0,2026-05-06 16:04:17.751
2846,589016,-0.347,0.0,0.0,2026-05-06 16:04:17.751
2847,589256,-0.3399,0.0,0.0,2026-05-06 16:04:17.751
2848,589483,-0.3385,0.0,0.0,2026-05-06 16:04:17.751
2849,589723,-0.3271,0.0,0.0,2026-05-06 16:04:17.751
2850,589948,-0.3271,0.0,0.0,2026-05-06 16:04:17.751
2851,590188,-0.2994,0.0,0.0,2026-05-06 16:04:17.751
2852,590413,-0.2994,0.0,0.0,2026-05-06 16:04:17.751
2853,590653,-0.2564,0.0,0.0,2026-05-06 16:04:17.751
2854,590878,-0.2485,0.0,0.0,2026-05-06 16:04:17.751
2855,591119,-0.1922,0.0,0.0,2026-05-06 16:04:17.751
2856,591344,-0.1818,0.0,0.0,2026-05-06 16:04:17.798
2857,591584,-0.1111,0.0,0.0,2026-05-06 16:04:18.238
2858,591808,-0.1111,0.0,0.0,2026-05-06 16:04:18.238
2859,592048,-0.0534,0.0,0.0,2026-05-06 16:04:18.238
2860,592273,-0.0534,0.0,0.0,2026-05-06 16:04:18.238
2861,592513,-0.0254,0.0,0.0,2026-05-06 16:04:18.238
2862,592738,-0.0226,0.0,0.0,2026-05-06 16:04:18.238
2863,592979,-0.0105,0.0,0.0,2026-05-06 16:04:18.238
2864,593206,-0.0105,0.0,0.0,2026-05-06 16:04:18.238
2865,593446,-0.002,0.0,0.0,2026-05-06 16:04:18.238
2866,593673,-0.002,0.0,0.0,2026-05-06 16:04:18.238
2867,593914,0.0,0.0,0.0,2026-05-06 16:04:18.238
2868,594135,0.0,0.0,0.0,2026-05-06 16:04:18.238
2869,594374,0.0,0.0,0.0,2026-05-06 16:04:18.238
2870,594595,0.0,0.0,0.0,2026-05-06 16:04:18.238
2871,594815,0.0,0.0,0.0,2026-05-06 16:04:18.238
2872,594860,0.0,0.0,0.0,2026-05-06 16:04:18.238
2873,595081,0.0,0.0,0.0,2026-05-06 16:04:18.238
2874,595302,0.0,0.0,0.0,2026-05-06 16:04:18.238
2875,595405,0.0,0.0,0.0,2026-05-06 16:04:18.238
2876,595670,0.0,0.0,0.0,2026-05-06 16:04:18.238
2877,596008,0.0,0.0,0.0,2026-05-06 16:04:18.238
2878,596229,0.0,0.0,0.0,2026-05-06 16:04:18.238
2879,596466,0.0,0.0,0.0,2026-05-06 16:04:18.238
2880,596687,0.0,0.0,0.0,2026-05-06 16:04:18.333
2881,596747,0.0,0.0,0.0,2026-05-06 16:04:18.333
2882,596971,0.0,0.0,0.0,2026-05-06 16:04:18.333
2883,597192,0.0,0.0,0.0,2026-05-06 16:04:18.333
2884,597244,0.0,0.0,0.0,2026-05-06 16:04:18.333
2885,597465,0.0,0.0,0.0,2026-05-06 16:04:18.333
2886,597871,0.0,0.0,0.0,2026-05-06 16:04:18.493
2887,598092,0.0,0.0,0.0,2026-05-06 16:04:18.493
2888,598373,0.0,0.0,0.0,2026-05-06 16:04:18.493
2889,598594,0.0,0.0,0.0,2026-05-06 16:04:18.493
2890,598831,0.0,0.0,0.0,2026-05-06 16:04:18.493
2891,599053,0.0,0.0,0.0,2026-05-06 16:04:18.493
2892,599113,0.0,0.0,0.0,2026-05-06 16:04:18.493
2893,599335,0.0,0.0,0.0,2026-05-06 16:04:18.493
2894,599556,0.0,0.0,0.0,2026-05-06 16:04:19.165
2895,599607,0.0,0.0,0.0,2026-05-06 16:04:19.165
2896,599828,0.0,0.0,0.0,2026-05-06 16:04:19.165
2897,600065,0.0,0.0,0.0,2026-05-06 16:04:19.165
2898,600286,0.0,0.0,0.0,2026-05-06 16:04:19.165
2899,600507,0.0,0.0,0.0,2026-05-06 16:04:19.165
2900,600729,0.0,0.0,0.0,2026-05-06 16:04:19.165
2901,600950,0.0,0.0,0.0,2026-05-06 16:04:19.165
2902,601014,0.0,0.0,0.0,2026-05-06 16:04:19.165
2903,601235,0.0,0.0,0.0,2026-05-06 16:04:19.165
2904,601473,0.0,0.0,0.0,2026-05-06 16:04:19.165
2905,601695,0.0,0.0,0.0,2026-05-06 16:04:19.165
2906,601917,0.0,0.0,0.0,2026-05-06 16:04:19.165
2907,601963,0.0,0.0,0.0,2026-05-06 16:04:19.165
2908,602185,0.0,0.0,0.0,2026-05-06 16:04:19.165
2909,602593,0.0,0.0,0.0,2026-05-06 16:04:19.165
2910,602814,0.0,0.0,0.0,2026-05-06 16:04:19.165
2911,602919,0.0,0.0,0.0,2026-05-06 16:04:19.165
2912,603140,0.0,0.0,0.0,2026-05-06 16:04:19.165
2913,603377,0.0,0.0,0.0,2026-05-06 16:04:19.165
2914,603598,0.0,0.0,0.0,2026-05-06 16:04:19.165
2915,603819,0.0,0.0,0.0,2026-05-06 16:04:19.165
2916,603866,0.0,0.0,0.0,2026-05-06 16:04:19.165
2917,604089,0.0,0.0,0.0,2026-05-06 16:04:19.165
2918,604499,0.0,0.0,0.0,2026-05-06 16:04:19.165
2919,604720,0.0,0.0,0.0,2026-05-06 16:04:19.165
2920,604824,0.0,0.0,0.0,2026-05-06 16:04:19.165
2921,605045,0.0,0.0,0.0,2026-05-06 16:04:19.165
2922,605266,0.0,0.0,0.0,2026-05-06 16:04:19.165
2923,605311,0.0,0.0,0.0,2026-05-06 16:04:19.165
2924,605534,0.0,0.0,0.0,2026-05-06 16:04:19.165
2925,605772,0.0,0.0,0.0,2026-05-06 16:04:19.165
2926,606038,0.0,0.0,0.0,2026-05-06 16:04:19.165
2927,606435,0.0,0.0,0.0,2026-05-06 16:04:19.165
2928,606656,0.0,0.0,0.0,2026-05-06 16:04:19.165
2929,606893,0.0,0.0,0.0,2026-05-06 16:04:19.165
2930,607114,0.0,0.0,0.0,2026-05-06 16:04:19.165
2931,607352,0.0,0.0,0.0,2026-05-06 16:04:19.165
2932,607574,0.0,0.0,0.0,2026-05-06 16:04:19.877
2933,607634,0.0,0.0,0.0,2026-05-06 16:04:19.877
2934,607856,0.0,0.0,0.0,2026-05-06 16:04:19.877
2935,608078,0.0,0.0,0.0,2026-05-06 16:04:19.877
2936,608130,0.0,0.0,0.0,2026-05-06 16:04:19.877
2937,608352,0.0,0.0,0.0,2026-05-06 16:04:19.877
2938,608590,0.0,0.0,0.0,2026-05-06 16:04:19.877
2939,608811,0.0,0.0,0.0,2026-05-06 16:04:19.877
2940,609032,0.0,0.0,0.0,2026-05-06 16:04:19.877
2941,609256,0.0,0.0,0.0,2026-05-06 16:04:19.877
2942,609477,0.0,0.0,0.0,2026-05-06 16:04:19.877
2943,609715,0.0,0.0,0.0,2026-05-06 16:04:19.877
2944,609936,0.0,0.0,0.0,2026-05-06 16:04:19.877
2945,609996,0.0,0.0,0.0,2026-05-06 16:04:19.877
2946,610217,0.0,0.0,0.0,2026-05-06 16:04:19.877
2947,610438,0.0,0.0,0.0,2026-05-06 16:04:19.877
2948,610488,0.0,0.0,0.0,2026-05-06 16:04:19.877
2949,610710,0.0,0.0,0.0,2026-05-06 16:04:19.877
2950,610948,0.0,0.0,0.0,2026-05-06 16:04:19.877
2951,611170,0.0,0.0,0.0,2026-05-06 16:04:19.877
2952,611393,0.0,0.0,0.0,2026-05-06 16:04:19.877
2953,611615,0.0,0.0,0.0,2026-05-06 16:04:19.877
2954,611837,0.0,0.0,0.0,2026-05-06 16:04:19.877
2955,612078,0.0,0.0,0.0,2026-05-06 16:04:19.877
2956,612299,0.0,0.0,0.0,2026-05-06 16:04:19.877
2957,612536,0.0,0.0,0.0,2026-05-06 16:04:19.877
2958,612757,0.0,0.0,0.0,2026-05-06 16:04:19.877
2959,612838,0.0,0.0,0.0,2026-05-06 16:04:19.877
2960,613059,0.0,0.0,0.0,2026-05-06 16:04:19.877
2961,613297,0.0,0.0,0.0,2026-05-06 16:04:19.877
2962,613518,0.0,0.0,0.0,2026-05-06 16:04:19.877
2963,613739,0.0,0.0,0.0,2026-05-06 16:04:19.877
2964,613786,0.0,0.0,0.0,2026-05-06 16:04:19.877
2965,614008,0.0,0.0,0.0,2026-05-06 16:04:19.877
2966,614417,0.0,0.0,0.0,2026-05-06 16:04:19.877
2967,614640,0.0,0.0,0.0,2026-05-06 16:04:19.877
2968,614744,0.0,0.0,0.0,2026-05-06 16:04:19.877
2969,614967,0.0,0.0,0.0,2026-05-06 16:04:19.877
2970,615204,0.0,0.0,0.0,2026-05-06 16:04:19.877
2971,615427,0.0,0.0,0.0,2026-05-06 16:04:20.115
2972,615666,0.0,0.0,0.0,2026-05-06 16:04:20.115
2973,615887,0.0,0.0,0.0,2026-05-06 16:04:20.115
2974,616108,0.0,0.0,0.0,2026-05-06 16:04:20.115
2975,616331,0.0,0.0,0.0,2026-05-06 16:04:20.115
2976,616596,0.0,0.0,0.0,2026-05-06 16:04:20.115
2977,616642,0.0,0.0,0.0,2026-05-06 16:04:20.115
2978,616863,0.0,0.0,0.0,2026-05-06 16:04:20.115
2979,617101,0.0,0.0,0.0,2026-05-06 16:04:20.115
2980,617322,0.0,0.0,0.0,2026-05-06 16:04:20.115
2981,617545,0.0,0.0,0.0,2026-05-06 16:04:20.115
2982,617591,0.0,0.0,0.0,2026-05-06 16:04:20.115
2983,617813,0.0,0.0,0.0,2026-05-06 16:04:20.397
2984,618050,0.0,0.0,0.0,2026-05-06 16:04:20.397
2985,618271,0.0,0.0,0.0,2026-05-06 16:04:20.397
2986,618493,0.0,0.0,0.0,2026-05-06 16:04:20.397
2987,618539,0.0,0.0,0.0,2026-05-06 16:04:20.397
2988,618761,0.0,0.0,0.0,2026-05-06 16:04:20.397
2989,619171,0.0,0.0,0.0,2026-05-06 16:04:20.397
2990,619392,0.0,0.0,0.0,2026-05-06 16:04:20.397
2991,619496,0.0,0.0,0.0,2026-05-06 16:04:20.397
2992,619721,0.0,0.0,0.0,2026-05-06 16:04:20.397
2993,619958,0.0,0.0,0.0,2026-05-06 16:04:20.397
2994,620180,0.0,0.0,0.0,2026-05-06 16:04:20.397
2995,620403,0.0,0.0,0.0,2026-05-06 16:04:20.397
2996,620448,0.0,0.0,0.0,2026-05-06 16:04:20.397
2997,620671,0.0,0.0,0.0,2026-05-06 16:04:20.397
2998,621078,0.0,0.0,0.0,2026-05-06 16:04:20.776
2999,621299,0.0,0.0,0.0,2026-05-06 16:04:20.776
3000,621404,0.0,0.0,0.0,2026-05-06 16:04:20.776
3001,621625,0.0,0.0,0.0,2026-05-06 16:04:20.776
3002,621863,0.0,0.0,0.0,2026-05-06 16:04:20.776
3003,622085,0.0,0.0,0.0,2026-05-06 16:04:20.776
3004,622307,0.0,0.0,0.0,2026-05-06 16:04:20.776
3005,622353,0.0,0.0,0.0,2026-05-06 16:04:20.776
3006,622574,0.0,0.0,0.0,2026-05-06 16:04:20.776
3007,622983,0.0,0.0,0.0,2026-05-06 16:04:20.776
3008,623205,0.0,0.0,0.0,2026-05-06 16:04:20.776
3009,623309,0.0,0.0,0.0,2026-05-06 16:04:20.776
3010,623533,0.0,0.0,0.0,2026-05-06 16:04:20.776
3011,623770,0.0,0.0,0.0,2026-05-06 16:04:20.776
3012,623991,0.0,0.0,0.0,2026-05-06 16:04:20.776
3013,624212,0.0,0.0,0.0,2026-05-06 16:04:20.776
3014,624258,0.0,0.0,0.0,2026-05-06 16:04:20.776
3015,624479,0.0,0.0,0.0,2026-05-06 16:04:20.776
3016,624886,0.0,0.0,0.0,2026-05-06 16:04:20.776
3017,625107,0.0,0.0,0.0,2026-05-06 16:04:20.902
3018,625212,0.0,0.0,0.0,2026-05-06 16:04:20.902
3019,625433,0.0,0.0,0.0,2026-05-06 16:04:20.902
3020,625654,0.0,0.0,0.0,2026-05-06 16:04:20.902
3021,625699,0.0,0.0,0.0,2026-05-06 16:04:20.902
3022,625920,0.0,0.0,0.0,2026-05-06 16:04:20.902
3023,626157,0.0,0.0,0.0,2026-05-06 16:04:20.902
3024,626378,0.0,0.0,0.0,2026-05-06 16:04:20.902
3025,626599,0.0,0.0,0.0,2026-05-06 16:04:21.578
3026,626821,0.0,0.0,0.0,2026-05-06 16:04:21.578
3027,627043,0.0,0.0,0.0,2026-05-06 16:04:21.578
3028,627107,0.0,0.0,0.0,2026-05-06 16:04:21.578
3029,627332,0.0,0.0,0.0,2026-05-06 16:04:21.578
3030,627553,0.0,0.0,0.0,2026-05-06 16:04:21.578
3031,627599,0.0,0.0,0.0,2026-05-06 16:04:21.578
3032,627822,0.0,0.0,0.0,2026-05-06 16:04:21.578
3033,628061,0.0,0.0,0.0,2026-05-06 16:04:21.578
3034,628282,0.0,0.0,0.0,2026-05-06 16:04:21.578
3035,628504,0.0,0.0,0.0,2026-05-06 16:04:21.578
3036,628724,0.0,0.0,0.0,2026-05-06 16:04:21.578
3037,628945,0.0,0.0,0.0,2026-05-06 16:04:21.578
3038,629005,0.0,0.0,0.0,2026-05-06 16:04:21.578
3039,629226,0.0,0.0,0.0,2026-05-06 16:04:21.578
3040,629449,0.0,0.0,0.0,2026-05-06 16:04:21.578
3041,629498,0.0,0.0,0.0,2026-05-06 16:04:21.578
3042,629719,0.0,0.0,0.0,2026-05-06 16:04:21.578
3043,629956,0.0,0.0,0.0,2026-05-06 16:04:21.578
3044,630177,0.0,0.0,0.0,2026-05-06 16:04:21.578
3045,630400,0.0,0.0,0.0,2026-05-06 16:04:21.578
3046,630621,0.0,0.0,0.0,2026-05-06 16:04:21.578
3047,630842,0.0,0.0,0.0,2026-05-06 16:04:21.578
3048,630902,0.0,0.0,0.0,2026-05-06 16:04:21.578
3049,631123,0.0,0.0,0.0,2026-05-06 16:04:21.578
3050,631344,0.0,0.0,0.0,2026-05-06 16:04:21.578
3051,631393,0.0,0.0,0.0,2026-05-06 16:04:21.578
3052,631615,0.0,0.0,0.0,2026-05-06 16:04:21.578
3053,631852,0.0,0.0,0.0,2026-05-06 16:04:21.578
3054,632073,0.0,0.0,0.0,2026-05-06 16:04:21.578
3055,632295,0.0,0.0,0.0,2026-05-06 16:04:21.578
3056,632518,0.0,0.0,0.0,2026-05-06 16:04:21.578
3057,632739,0.0,0.0,0.0,2026-05-06 16:04:21.578
3058,632799,0.0,0.0,0.0,2026-05-06 16:04:21.578
3059,633020,0.0,0.0,0.0,2026-05-06 16:04:21.578
3060,633241,0.0,0.0,0.0,2026-05-06 16:04:21.578
3061,633290,0.0,0.0,0.0,2026-05-06 16:04:21.578
3062,633512,0.0,0.0,0.0,2026-05-06 16:04:21.578
3063,633749,0.0,0.0,0.0,2026-05-06 16:04:21.578
3064,633970,0.0,0.0,0.0,2026-05-06 16:04:21.578
3065,634192,0.0,0.0,0.0,2026-05-06 16:04:21.578
3066,634414,0.0,0.0,0.0,2026-05-06 16:04:21.578
3067,634635,0.0,0.0,0.0,2026-05-06 16:04:22.310
3068,634695,0.0,0.0,0.0,2026-05-06 16:04:22.310
3069,634919,0.0,0.0,0.0,2026-05-06 16:04:22.310
3070,635140,0.0,0.0,0.0,2026-05-06 16:04:22.310
3071,635189,0.0,0.0,0.0,2026-05-06 16:04:22.310
3072,635410,0.0,0.0,0.0,2026-05-06 16:04:22.310
3073,635648,0.0,0.0,0.0,2026-05-06 16:04:22.310
3074,635870,0.0,0.0,0.0,2026-05-06 16:04:22.310
3075,636091,0.0,0.0,0.0,2026-05-06 16:04:22.310
3076,636312,0.0,0.0,0.0,2026-05-06 16:04:22.310
3077,636533,0.0,0.0,0.0,2026-05-06 16:04:22.310
3078,636593,0.0,0.0,0.0,2026-05-06 16:04:22.310
3079,636815,0.0,0.0,0.0,2026-05-06 16:04:22.310
3080,637036,0.0,0.0,0.0,2026-05-06 16:04:22.310
3081,637085,0.0,0.0,0.0,2026-05-06 16:04:22.310
3082,637306,0.0,0.0,0.0,2026-05-06 16:04:22.310
3083,637539,0.0,0.0,0.0,2026-05-06 16:04:22.310
3084,637761,0.0,0.0,0.0,2026-05-06 16:04:22.310
3085,637983,0.0,0.0,0.0,2026-05-06 16:04:22.310
3086,638210,0.0,0.0,0.0,2026-05-06 16:04:22.310
3087,638431,0.0,0.0,0.0,2026-05-06 16:04:22.310
3088,638491,0.0,0.0,0.0,2026-05-06 16:04:22.310
3089,638712,0.0,0.0,0.0,2026-05-06 16:04:22.310
3090,638933,0.0,0.0,0.0,2026-05-06 16:04:22.310
3091,638982,0.0,0.0,0.0,2026-05-06 16:04:22.310
3092,639203,0.0,0.0,0.0,2026-05-06 16:04:22.310
3093,639424,0.0,0.0,0.0,2026-05-06 16:04:22.310
3094,639644,0.0,0.0,0.0,2026-05-06 16:04:22.310
3095,639866,0.0,0.0,0.0,2026-05-06 16:04:22.310
3096,639988,0.0,0.0,0.0,2026-05-06 16:04:22.310
3097,640209,0.0,0.0,0.0,2026-05-06 16:04:22.310
3098,640381,0.0,0.0,0.0,2026-05-06 16:04:22.310
3099,640602,0.0,0.0,0.0,2026-05-06 16:04:22.310
3100,640824,0.0,0.0,0.0,2026-05-06 16:04:22.310
3101,640878,0.0,0.0,0.0,2026-05-06 16:04:22.310
3102,641099,0.0,0.0,0.0,2026-05-06 16:04:22.310
3103,641506,0.0,0.0,0.0,2026-05-06 16:04:22.310
3104,641727,0.0,0.0,0.0,2026-05-06 16:04:22.310
3105,641950,0.0,0.0,0.0,2026-05-06 16:04:22.310
3106,642172,0.0,0.0,0.0,2026-05-06 16:04:22.310
3107,642287,0.0,0.0,0.0,2026-05-06 16:04:22.310
3108,642511,0.0,0.0,0.0,2026-05-06 16:04:22.310
3109,642732,0.0,0.0,0.0,2026-05-06 16:04:23.031
3110,642784,0.0,0.0,0.0,2026-05-06 16:04:23.031
3111,643006,0.0,0.0,0.0,2026-05-06 16:04:23.031
3112,643416,0.0,0.0,0.0,2026-05-06 16:04:23.031
3113,643637,0.0,0.0,0.0,2026-05-06 16:04:23.031
3114,643917,0.0,0.0,0.0,2026-05-06 16:04:23.031
3115,644138,0.0,0.0,0.0,2026-05-06 16:04:23.031
3116,644198,0.0,0.0,0.0,2026-05-06 16:04:23.031
3117,644419,0.0,0.0,0.0,2026-05-06 16:04:23.031
3118,644640,0.0,0.0,0.0,2026-05-06 16:04:23.031
3119,644689,0.0,0.0,0.0,2026-05-06 16:04:23.031
3120,644910,0.0,0.0,0.0,2026-05-06 16:04:23.031
3121,645317,0.0,0.0,0.0,2026-05-06 16:04:23.031
3122,645538,0.0,0.0,0.0,2026-05-06 16:04:23.031
3123,645818,0.0,0.0,0.0,2026-05-06 16:04:23.031
3124,646039,0.0,0.0,0.0,2026-05-06 16:04:23.031
3125,646099,0.0,0.0,0.0,2026-05-06 16:04:23.031
3126,646321,0.0,0.0,0.0,2026-05-06 16:04:23.031
3127,646543,0.0,0.0,0.0,2026-05-06 16:04:23.031
3128,646592,0.0,0.0,0.0,2026-05-06 16:04:23.031
3129,646813,0.0,0.0,0.0,2026-05-06 16:04:23.031
3130,647052,0.0,0.0,0.0,2026-05-06 16:04:23.031
3131,647274,0.0,0.0,0.0,2026-05-06 16:04:23.031
3132,647513,0.0,0.0,0.0,2026-05-06 16:04:23.031
3133,647734,0.0,0.0,0.0,2026-05-06 16:04:23.031
3134,647955,0.0,0.0,0.0,2026-05-06 16:04:23.031
3135,648000,0.0,0.0,0.0,2026-05-06 16:04:23.031
3136,648221,0.0,0.0,0.0,2026-05-06 16:04:23.031
3137,648486,0.0,0.0,0.0,2026-05-06 16:04:23.031
3138,648707,0.0,0.0,0.0,2026-05-06 16:04:23.031
3139,648928,0.0,0.0,0.0,2026-05-06 16:04:23.031
3140,648973,0.0,0.0,0.0,2026-05-06 16:04:23.031
3141,649194,0.0,0.0,0.0,2026-05-06 16:04:23.031
3142,649434,0.0,0.0,0.0,2026-05-06 16:04:23.031
3143,649655,0.0,0.0,0.0,2026-05-06 16:04:23.031
3144,649876,0.0,0.0,0.0,2026-05-06 16:04:23.031
3145,649921,0.0,0.0,0.0,2026-05-06 16:04:23.031
3146,650142,0.0,0.0,0.0,2026-05-06 16:04:23.031
3147,650381,0.0,0.0,0.0,2026-05-06 16:04:23.031
3148,650602,0.0,0.0,0.0,2026-05-06 16:04:23.749
3149,650823,0.0,0.0,0.0,2026-05-06 16:04:23.749
3150,650868,0.0,0.0,0.0,2026-05-06 16:04:23.749
