idx,char_pos,w,cmdA,cmdV,fbA,fbV,ts
0,40,3,-0.0,0.0,0.0,-0.0,2026-05-06 18:23:44.985
1,161,1,-0.0,0.0,-0.0,-0.0,2026-05-06 18:23:44.985
2,221,2,0.02,0.0,0.02,-0.0,2026-05-06 18:23:44.985
3,279,3,-0.0,0.0,-0.0,-0.0,2026-05-06 18:23:44.985
4,385,1,-0.0,0.0,0.0,-0.0,2026-05-06 18:23:44.985
5,444,2,0.02,0.0,0.02,0.0,2026-05-06 18:23:44.985
6,501,3,-0.0,0.0,-0.01,-0.0,2026-05-06 18:23:44.985
7,656,1,-0.0,0.0,-0.0,-0.0,2026-05-06 18:23:44.985
8,716,2,0.02,0.0,0.02,0.0,2026-05-06 18:23:44.985
9,773,3,-0.0,0.0,-0.0,-0.0,2026-05-06 18:23:44.985
10,879,1,-0.0,0.0,-0.0,-0.0,2026-05-06 18:23:44.985
11,939,2,0.02,0.0,0.02,0.0,2026-05-06 18:23:44.985
12,1023,3,-0.0,0.0,0.0,0.0,2026-05-06 18:23:44.985
13,1195,1,0.01,0.0,0.0,0.0,2026-05-06 18:23:44.985
14,1252,2,0.0,0.0,0.0,0.0,2026-05-06 18:23:44.985
15,1530,1,0.01,0.0,0.01,0.0,2026-05-06 18:23:45.235
16,1769,1,0.01,0.0,0.0,0.0,2026-05-06 18:23:45.235
17,1826,2,0.0,0.0,0.0,0.0,2026-05-06 18:23:45.235
18,1883,3,-0.0,0.0,-0.01,-0.0,2026-05-06 18:23:45.235
19,1989,1,0.01,0.0,0.0,0.0,2026-05-06 18:23:45.235
20,2227,1,0.01,0.0,0.01,0.0,2026-05-06 18:23:45.235
21,2284,2,0.0,0.0,0.0,0.0,2026-05-06 18:23:45.235
22,2341,3,-0.0,0.0,0.0,0.0,2026-05-06 18:23:45.235
23,2445,1,0.01,0.0,0.01,0.0,2026-05-06 18:23:45.235
24,2571,1,0.01,0.0,0.0,0.0,2026-05-06 18:23:45.235
25,2628,2,0.0,0.0,0.0,0.0,2026-05-06 18:23:45.235
26,2685,3,-0.0,0.0,-0.0,0.0,2026-05-06 18:23:45.235
27,2903,1,0.01,0.0,0.01,0.0,2026-05-06 18:23:45.235
28,3141,1,0.01,0.0,0.01,0.0,2026-05-06 18:23:45.235
29,3198,2,0.0,0.0,0.0,0.0,2026-05-06 18:23:45.235
30,3255,3,-0.0,0.0,-0.0,0.0,2026-05-06 18:23:45.235
31,3360,1,0.01,0.0,0.01,0.0,2026-05-06 18:23:45.235
32,3599,1,0.01,0.0,0.01,0.0,2026-05-06 18:23:45.235
33,3656,2,0.0,0.0,0.0,0.0,2026-05-06 18:23:45.235
34,3713,3,-0.0,0.0,-0.0,0.0,2026-05-06 18:23:45.235
35,3818,1,0.01,0.0,0.01,0.0,2026-05-06 18:23:45.235
36,4059,1,0.01,0.0,0.01,0.0,2026-05-06 18:23:45.235
37,4116,2,0.0,0.0,0.0,0.0,2026-05-06 18:23:45.235
38,4173,3,-0.0,0.0,-0.0,0.0,2026-05-06 18:23:45.235
39,4407,1,0.01,0.0,0.01,0.0,2026-05-06 18:23:45.269
40,4464,2,0.0,0.0,0.0,0.0,2026-05-06 18:23:45.269
41,4521,3,-0.0,0.0,-0.0,0.0,2026-05-06 18:23:45.269
42,4739,1,0.01,0.0,0.01,0.0,2026-05-06 18:23:45.269
43,4864,1,0.01,0.0,0.0,0.0,2026-05-06 18:23:45.406
44,4921,2,0.0,0.0,0.0,0.0,2026-05-06 18:23:45.406
45,4978,3,-0.0,0.0,-0.0,0.0,2026-05-06 18:23:45.406
46,5196,1,0.01,0.0,0.0,0.0,2026-05-06 18:23:45.406
47,5435,1,0.01,0.0,0.0,0.0,2026-05-06 18:23:45.406
48,5492,2,0.0,0.0,0.0,0.0,2026-05-06 18:23:45.406
49,5549,3,-0.0,0.0,-0.01,0.0,2026-05-06 18:23:45.406
50,5654,1,0.01,0.0,0.0,0.0,2026-05-06 18:23:45.406
51,5784,1,0.01,0.0,0.01,0.0,2026-05-06 18:23:45.406
52,5841,2,0.0,0.0,0.0,0.0,2026-05-06 18:23:45.406
53,5898,3,-0.0,0.0,-0.0,0.0,2026-05-06 18:23:45.406
54,6119,1,0.01,0.0,0.01,0.0,2026-05-06 18:23:45.406
55,6384,1,0.01,0.0,0.01,0.0,2026-05-06 18:23:45.444
56,6441,2,0.0,0.0,0.0,0.0,2026-05-06 18:23:45.444
57,6498,3,-0.0,0.0,-0.0,0.0,2026-05-06 18:23:45.444
58,6603,1,0.01,0.0,0.0,0.0,2026-05-06 18:23:45.444
59,6844,1,0.01,0.0,0.0,0.0,2026-05-06 18:23:45.502
60,6901,2,0.0,0.0,0.0,0.0,2026-05-06 18:23:45.502
61,6958,3,-0.0,0.0,-0.0,0.0,2026-05-06 18:23:45.502
62,7063,1,0.01,0.0,0.0,0.0,2026-05-06 18:23:45.502
63,7302,1,0.01,0.0,0.01,0.0,2026-05-06 18:23:45.502
64,7359,2,0.0,0.0,0.0,0.0,2026-05-06 18:23:45.502
65,7416,3,-0.0,0.0,-0.0,0.0,2026-05-06 18:23:45.502
66,7521,1,0.01,0.0,0.01,0.0,2026-05-06 18:23:45.673
67,7759,1,-50.77,0.0,0.01,0.0,2026-05-06 18:23:45.673
68,7818,2,50.77,0.0,0.0,-0.0,2026-05-06 18:23:45.673
69,7877,3,-90.0,0.0,-0.0,0.0,2026-05-06 18:23:45.673
70,7983,1,-50.77,0.0,0.01,0.0,2026-05-06 18:23:45.673
71,8221,1,-50.77,0.0,-0.42,-0.0,2026-05-06 18:23:45.673
72,8282,2,50.77,0.0,0.34,0.001,2026-05-06 18:23:45.673
73,8340,3,-90.0,0.0,-0.36,-0.001,2026-05-06 18:23:45.673
74,8580,1,-50.77,0.0,-4.71,-0.002,2026-05-06 18:23:45.673
75,8641,2,50.77,0.0,4.29,0.011,2026-05-06 18:23:45.673
76,8699,3,-90.0,0.0,-4.14,-0.001,2026-05-06 18:23:45.673
77,8919,1,-50.77,0.0,-5.61,-0.002,2026-05-06 18:23:45.673
78,9160,1,-50.77,0.0,-13.75,-0.003,2026-05-06 18:23:45.673
79,9222,2,50.77,0.0,13.02,0.02,2026-05-06 18:23:45.673
80,9281,3,-90.0,0.0,-13.26,-0.001,2026-05-06 18:23:45.673
81,9389,1,-50.77,0.0,-13.75,-0.003,2026-05-06 18:23:45.673
82,9626,1,-50.77,0.0,-25.38,-0.006,2026-05-06 18:23:45.733
83,9688,2,50.77,0.0,24.3,0.024,2026-05-06 18:23:45.733
84,9747,3,-90.0,0.0,-24.84,-0.003,2026-05-06 18:23:45.733
85,9984,1,-50.77,0.0,-38.33,-0.008,2026-05-06 18:23:45.733
86,10046,2,50.77,0.0,37.64,0.027,2026-05-06 18:23:45.733
87,10105,3,-90.0,0.0,-42.29,-0.006,2026-05-06 18:23:45.733
88,10326,1,-50.77,0.0,-38.33,-0.008,2026-05-06 18:23:45.906
89,10563,1,-50.77,0.0,-45.86,-0.011,2026-05-06 18:23:45.906
90,10625,2,50.77,0.0,45.5,0.026,2026-05-06 18:23:45.906
91,10684,3,-90.0,0.0,-59.18,-0.0,2026-05-06 18:23:45.906
92,10792,1,-50.77,0.0,-46.7,-0.013,2026-05-06 18:23:45.906
93,11033,1,-50.77,0.0,-50.09,-0.014,2026-05-06 18:23:45.906
94,11095,2,50.77,0.0,50.02,0.024,2026-05-06 18:23:45.906
95,11154,3,-90.0,0.0,-72.27,0.0,2026-05-06 18:23:45.906
96,11390,1,-50.77,0.0,-50.87,-0.015,2026-05-06 18:23:45.906
97,11452,2,50.77,0.0,50.88,0.016,2026-05-06 18:23:45.906
98,11511,3,-90.0,0.0,-82.76,0.0,2026-05-06 18:23:45.906
99,11731,1,-50.77,0.0,-50.87,-0.015,2026-05-06 18:23:45.906
100,11969,1,-50.77,-0.062,-50.83,-0.01,2026-05-06 18:23:45.906
101,12032,2,50.77,0.062,50.86,0.013,2026-05-06 18:23:45.906
102,12091,3,-90.0,0.048,-87.96,0.0,2026-05-06 18:23:45.906
103,12198,1,-50.77,-0.062,-50.82,-0.01,2026-05-06 18:23:46.120
104,12276,2,50.77,0.063,50.78,0.008,2026-05-06 18:23:46.120
105,12335,3,-90.0,0.049,-90.08,0.002,2026-05-06 18:23:46.120
106,12555,1,-50.77,-0.063,-50.8,-0.049,2026-05-06 18:23:46.120
107,12618,2,50.77,0.063,50.77,0.031,2026-05-06 18:23:46.120
108,12677,3,-90.0,0.049,-90.14,0.003,2026-05-06 18:23:46.120
109,12797,1,-50.77,-0.063,-50.82,-0.053,2026-05-06 18:23:46.120
110,12860,2,50.77,0.063,50.77,0.052,2026-05-06 18:23:46.120
111,12919,3,-90.0,0.049,-90.06,0.037,2026-05-06 18:23:46.120
112,13026,1,-50.77,-0.063,-50.83,-0.053,2026-05-06 18:23:46.120
113,13089,2,50.77,0.063,50.77,0.052,2026-05-06 18:23:46.120
114,13383,1,-50.77,-0.063,-50.86,-0.061,2026-05-06 18:23:46.120
115,13446,2,50.77,0.063,50.78,0.063,2026-05-06 18:23:46.120
116,13505,3,-90.0,0.049,-90.09,0.05,2026-05-06 18:23:46.120
117,13612,1,-50.77,-0.063,-50.86,-0.061,2026-05-06 18:23:46.120
118,13853,1,-50.77,-0.063,-50.84,-0.074,2026-05-06 18:23:46.120
119,13916,2,50.77,0.063,50.78,0.075,2026-05-06 18:23:46.120
120,14166,2,50.77,0.063,50.78,0.064,2026-05-06 18:23:46.120
121,14225,3,-90.0,0.049,-90.02,0.048,2026-05-06 18:23:46.120
122,14332,1,-50.77,-0.063,-50.81,-0.065,2026-05-06 18:23:46.120
123,14395,2,50.77,0.063,50.78,0.064,2026-05-06 18:23:46.120
124,14454,3,-90.0,0.049,-90.03,0.047,2026-05-06 18:23:46.120
125,14640,2,50.77,0.063,50.78,0.066,2026-05-06 18:23:46.166
126,14699,3,-90.0,0.049,-90.03,0.047,2026-05-06 18:23:46.166
127,14919,1,-50.77,-0.063,-50.79,-0.067,2026-05-06 18:23:46.166
128,14982,2,50.77,0.063,50.78,0.067,2026-05-06 18:23:46.166
129,15041,3,-90.0,0.049,-90.03,0.05,2026-05-06 18:23:46.166
130,15114,2,50.77,0.063,50.78,0.066,2026-05-06 18:23:46.203
131,15173,3,-90.0,0.049,-90.02,0.051,2026-05-06 18:23:46.203
132,15393,1,-50.77,-0.063,-50.79,-0.067,2026-05-06 18:23:46.203
133,15456,2,50.77,0.063,50.78,0.066,2026-05-06 18:23:46.203
134,15515,3,-90.0,0.049,-90.02,0.051,2026-05-06 18:23:46.353
135,15751,1,-50.77,-0.063,-50.77,-0.066,2026-05-06 18:23:46.353
136,15814,2,50.77,0.063,50.79,0.065,2026-05-06 18:23:46.353
137,15873,3,-90.0,0.049,-90.0,0.048,2026-05-06 18:23:46.353
138,15980,1,-50.77,-0.063,-50.77,-0.066,2026-05-06 18:23:46.353
139,16058,2,50.77,0.063,50.79,0.065,2026-05-06 18:23:46.353
140,16117,3,-90.0,0.049,-90.0,0.051,2026-05-06 18:23:46.353
141,16337,1,-50.77,-0.063,-50.77,-0.064,2026-05-06 18:23:46.353
142,16400,2,50.77,0.063,50.79,0.064,2026-05-06 18:23:46.353
143,16695,1,-50.77,-0.063,-50.77,-0.063,2026-05-06 18:23:46.353
144,16758,2,50.77,0.063,50.78,0.062,2026-05-06 18:23:46.353
145,16817,3,-90.0,0.049,-90.0,0.049,2026-05-06 18:23:46.353
146,16924,1,-50.77,-0.063,-50.77,-0.064,2026-05-06 18:23:46.353
147,17162,1,-50.77,-0.063,-50.77,-0.064,2026-05-06 18:23:46.353
148,17225,2,50.77,0.063,50.78,0.064,2026-05-06 18:23:46.353
149,17284,3,-90.0,0.049,-90.0,0.049,2026-05-06 18:23:46.460
150,17519,1,-50.77,-0.063,-50.77,-0.063,2026-05-06 18:23:46.460
151,17582,2,50.77,0.063,50.78,0.062,2026-05-06 18:23:46.460
152,17641,3,-90.0,0.049,-89.99,0.048,2026-05-06 18:23:46.460
153,17861,1,-50.77,-0.063,-50.77,-0.063,2026-05-06 18:23:46.460
154,18099,1,-50.77,-0.063,-50.77,-0.065,2026-05-06 18:23:46.460
155,18162,2,50.77,0.063,50.78,0.064,2026-05-06 18:23:46.460
156,18221,3,-90.0,0.049,-89.99,0.048,2026-05-06 18:23:46.619
157,18328,1,-50.77,-0.063,-50.77,-0.064,2026-05-06 18:23:46.619
158,18569,1,-50.77,-0.063,-50.77,-0.064,2026-05-06 18:23:46.619
159,18632,2,50.77,0.063,50.78,0.065,2026-05-06 18:23:46.619
160,18691,3,-90.0,0.049,-90.0,0.048,2026-05-06 18:23:46.619
161,19040,1,-50.77,-0.063,-50.78,-0.065,2026-05-06 18:23:46.619
162,19103,2,50.77,0.063,50.78,0.064,2026-05-06 18:23:46.619
163,19162,3,-90.0,0.049,-90.0,0.05,2026-05-06 18:23:46.619
164,19269,1,-50.77,-0.063,-50.78,-0.065,2026-05-06 18:23:46.619
165,19507,1,-50.77,-0.063,-50.77,-0.065,2026-05-06 18:23:46.619
166,19570,2,50.77,0.063,50.78,0.065,2026-05-06 18:23:46.619
167,19629,3,-90.0,0.049,-90.0,0.049,2026-05-06 18:23:46.619
168,19736,1,-50.77,-0.063,-50.77,-0.064,2026-05-06 18:23:46.619
169,19974,1,-50.77,-0.063,-50.77,-0.064,2026-05-06 18:23:46.619
170,20037,2,50.77,0.063,50.78,0.064,2026-05-06 18:23:46.619
171,20447,1,-50.77,-0.063,-50.77,-0.063,2026-05-06 18:23:46.778
172,20510,2,50.77,0.063,50.78,0.062,2026-05-06 18:23:46.778
173,20569,3,-90.0,0.049,-90.0,0.048,2026-05-06 18:23:46.778
174,20676,1,-50.77,-0.063,-50.78,-0.063,2026-05-06 18:23:46.778
175,20914,1,-50.77,-0.063,-50.77,-0.062,2026-05-06 18:23:46.778
176,20977,2,50.77,0.063,50.78,0.062,2026-05-06 18:23:46.778
177,21036,3,-90.0,0.049,-90.0,0.047,2026-05-06 18:23:46.778
178,21272,1,-50.77,-0.063,-50.77,-0.063,2026-05-06 18:23:46.778
179,21335,2,50.77,0.063,50.77,0.062,2026-05-06 18:23:46.778
180,21394,3,-90.0,0.049,-90.0,0.047,2026-05-06 18:23:46.778
181,21614,1,-50.77,-0.063,-50.77,-0.063,2026-05-06 18:23:46.778
182,21852,1,-50.77,-0.063,-50.77,-0.063,2026-05-06 18:23:46.778
183,21915,2,50.77,0.063,50.77,0.062,2026-05-06 18:23:46.778
184,21974,3,-90.0,0.049,-90.0,0.047,2026-05-06 18:23:46.778
185,22081,1,-50.77,-0.063,-50.77,-0.062,2026-05-06 18:23:46.778
186,22319,1,-50.77,-0.063,-50.77,-0.063,2026-05-06 18:23:47.235
187,22382,2,50.77,0.063,50.78,0.063,2026-05-06 18:23:47.235
188,22441,3,-90.0,0.049,-90.0,0.048,2026-05-06 18:23:47.235
189,22676,1,-50.77,-0.063,-50.78,-0.064,2026-05-06 18:23:47.235
190,22739,2,50.77,0.063,50.77,0.063,2026-05-06 18:23:47.235
191,22798,3,-90.0,0.049,-90.0,0.048,2026-05-06 18:23:47.235
192,23018,1,-50.77,-0.063,-50.78,-0.064,2026-05-06 18:23:47.235
193,23256,1,-50.77,-0.063,-50.77,-0.063,2026-05-06 18:23:47.235
194,23319,2,50.77,0.063,50.78,0.064,2026-05-06 18:23:47.235
195,23378,3,-90.0,0.049,-90.0,0.048,2026-05-06 18:23:47.235
196,23485,1,-50.77,-0.063,-50.77,-0.064,2026-05-06 18:23:47.235
197,23609,1,-50.77,-0.063,-50.77,-0.063,2026-05-06 18:23:47.235
198,23672,2,50.77,0.063,50.77,0.063,2026-05-06 18:23:47.235
199,23731,3,-90.0,0.049,-90.0,0.048,2026-05-06 18:23:47.235
200,23951,1,-50.77,-0.063,-50.77,-0.063,2026-05-06 18:23:47.235
201,24190,1,-50.77,-0.063,-50.77,-0.064,2026-05-06 18:23:47.235
202,24253,2,50.77,0.063,50.77,0.063,2026-05-06 18:23:47.235
203,24312,3,-90.0,0.049,-90.0,0.048,2026-05-06 18:23:47.235
204,24419,1,-50.77,-0.063,-50.77,-0.064,2026-05-06 18:23:47.235
205,24657,1,-50.77,-0.063,-50.77,-0.063,2026-05-06 18:23:47.235
206,24720,2,50.77,0.063,50.77,0.063,2026-05-06 18:23:47.235
207,24779,3,-90.0,0.049,-90.0,0.047,2026-05-06 18:23:47.235
208,24971,2,50.77,0.063,50.77,0.062,2026-05-06 18:23:47.235
209,25030,3,-90.0,0.049,-90.0,0.047,2026-05-06 18:23:47.235
210,25137,1,-50.77,-0.063,-50.77,-0.064,2026-05-06 18:23:47.235
211,25200,2,50.77,0.063,50.78,0.063,2026-05-06 18:23:47.235
212,25259,3,-90.0,0.049,-90.0,0.047,2026-05-06 18:23:47.235
213,25605,1,-50.77,-0.063,-50.77,-0.063,2026-05-06 18:23:47.235
214,25668,2,50.77,0.063,50.78,0.063,2026-05-06 18:23:47.235
215,25727,3,-90.0,0.049,-90.0,0.047,2026-05-06 18:23:47.235
216,25834,1,-50.77,-0.063,-50.77,-0.063,2026-05-06 18:23:47.235
217,26072,1,-50.77,-0.063,-50.77,-0.063,2026-05-06 18:23:47.235
218,26135,2,50.77,0.063,50.78,0.064,2026-05-06 18:23:47.235
219,26194,3,-90.0,0.049,-90.0,0.047,2026-05-06 18:23:47.235
220,26385,2,50.77,0.063,50.78,0.062,2026-05-06 18:23:47.235
221,26444,3,-90.0,0.049,-90.0,0.048,2026-05-06 18:23:47.235
222,26551,1,-50.77,-0.063,-50.77,-0.064,2026-05-06 18:23:47.235
223,26614,2,50.77,0.063,50.78,0.062,2026-05-06 18:23:47.235
224,26673,3,-90.0,0.049,-90.0,0.048,2026-05-06 18:23:47.235
225,27019,1,-50.77,-0.063,-50.77,-0.064,2026-05-06 18:23:47.235
226,27082,2,50.77,0.063,50.78,0.063,2026-05-06 18:23:47.235
227,27141,3,-90.0,0.049,-90.0,0.048,2026-05-06 18:23:47.235
228,27248,1,-50.77,-0.063,-50.77,-0.064,2026-05-06 18:23:47.235
229,27375,1,-50.77,-0.063,-50.77,-0.063,2026-05-06 18:23:47.360
230,27438,2,50.77,0.063,50.78,0.063,2026-05-06 18:23:47.360
231,27497,3,-90.0,0.049,-90.0,0.047,2026-05-06 18:23:47.360
232,27717,1,-50.77,-0.063,-50.77,-0.064,2026-05-06 18:23:47.360
233,27955,1,-50.77,-0.063,-50.77,-0.064,2026-05-06 18:23:47.360
234,28018,2,50.77,0.063,50.78,0.062,2026-05-06 18:23:47.360
235,28077,3,-90.0,0.049,-90.0,0.047,2026-05-06 18:23:47.360
236,28184,1,-50.77,-0.063,-50.77,-0.064,2026-05-06 18:23:47.360
237,28262,3,-90.0,0.049,-90.0,0.048,2026-05-06 18:23:47.360
238,28482,1,-50.77,-0.063,-50.77,-0.064,2026-05-06 18:23:47.360
239,28545,2,50.77,0.063,50.77,0.063,2026-05-06 18:23:47.360
240,28604,3,-90.0,0.049,-90.0,0.048,2026-05-06 18:23:47.360
241,28775,1,-50.77,-0.063,-50.77,-0.064,2026-05-06 18:23:47.635
242,28838,2,50.77,0.063,50.77,0.062,2026-05-06 18:23:47.635
243,28897,3,-90.0,0.049,-90.0,0.047,2026-05-06 18:23:47.635
244,29004,1,-50.77,-0.063,-50.77,-0.064,2026-05-06 18:23:47.635
245,29067,2,50.77,0.063,50.77,0.062,2026-05-06 18:23:47.635
246,29126,3,-90.0,0.049,-90.0,0.047,2026-05-06 18:23:47.635
247,29363,1,-50.77,-0.063,-50.77,-0.063,2026-05-06 18:23:47.635
248,29426,2,50.77,0.063,50.77,0.064,2026-05-06 18:23:47.635
249,29485,3,-90.0,0.049,-90.0,0.047,2026-05-06 18:23:47.635
250,29595,1,-50.77,-0.063,-50.77,-0.063,2026-05-06 18:23:47.635
251,29833,1,-50.77,-0.063,-50.77,-0.063,2026-05-06 18:23:47.635
252,29896,2,50.77,0.063,50.77,0.063,2026-05-06 18:23:47.635
253,29955,3,-90.0,0.049,-90.0,0.047,2026-05-06 18:23:47.635
254,30303,1,-50.77,-0.063,-50.77,-0.064,2026-05-06 18:23:47.635
255,30366,2,50.77,0.063,50.77,0.063,2026-05-06 18:23:47.635
256,30425,3,-90.0,0.049,-90.0,0.048,2026-05-06 18:23:47.635
257,30532,1,-50.77,-0.063,-50.77,-0.064,2026-05-06 18:23:47.635
258,30770,1,-50.77,-0.063,-50.77,-0.064,2026-05-06 18:23:47.635
259,30833,2,50.77,0.063,50.77,0.064,2026-05-06 18:23:47.635
260,30892,3,-90.0,0.049,-90.0,0.048,2026-05-06 18:23:47.635
261,31244,1,-50.77,-0.063,-50.77,-0.064,2026-05-06 18:23:47.635
262,31307,2,50.77,0.063,50.77,0.064,2026-05-06 18:23:47.635
263,31366,3,-90.0,0.049,-90.0,0.048,2026-05-06 18:23:47.635
264,31473,1,-50.77,-0.063,-50.77,-0.064,2026-05-06 18:23:47.635
265,31551,2,50.77,0.063,50.77,0.063,2026-05-06 18:23:47.635
266,31610,3,-90.0,0.049,-90.0,0.048,2026-05-06 18:23:47.635
267,31833,1,-50.77,-0.063,-50.77,-0.064,2026-05-06 18:23:47.635
268,31896,2,50.77,0.063,50.77,0.063,2026-05-06 18:23:47.635
269,31955,3,-90.0,0.049,-90.0,0.048,2026-05-06 18:23:47.668
270,32075,1,-50.77,-0.063,-50.77,-0.064,2026-05-06 18:23:47.668
271,32138,2,50.77,0.063,50.77,0.064,2026-05-06 18:23:47.668
272,32197,3,-90.0,0.049,-90.0,0.05,2026-05-06 18:23:47.668
273,32417,1,-50.77,-0.063,-50.77,-0.064,2026-05-06 18:23:47.820
274,32658,1,-50.77,-0.063,-50.77,-0.065,2026-05-06 18:23:47.820
275,32721,2,50.77,0.063,50.77,0.063,2026-05-06 18:23:47.820
276,32780,3,-90.0,0.049,-90.0,0.048,2026-05-06 18:23:47.820
277,32887,1,-50.77,-0.063,-50.77,-0.065,2026-05-06 18:23:47.820
278,33125,1,-50.77,-0.063,-50.77,-0.064,2026-05-06 18:23:47.820
279,33188,2,50.77,0.063,50.77,0.064,2026-05-06 18:23:47.820
280,33247,3,-90.0,0.049,-90.0,0.048,2026-05-06 18:23:47.820
281,33436,2,50.77,0.063,50.77,0.064,2026-05-06 18:23:47.820
282,33495,3,-90.0,0.049,-90.0,0.048,2026-05-06 18:23:47.820
283,33602,1,-50.77,-0.063,-50.77,-0.064,2026-05-06 18:23:47.820
284,33665,2,50.77,0.063,50.77,0.063,2026-05-06 18:23:47.820
285,33724,3,-90.0,0.049,-90.0,0.048,2026-05-06 18:23:47.820
286,34069,1,-50.77,-0.063,-50.77,-0.063,2026-05-06 18:23:47.886
287,34132,2,50.77,0.063,50.77,0.063,2026-05-06 18:23:47.886
288,34191,3,-90.0,0.049,-90.0,0.048,2026-05-06 18:23:47.886
289,34298,1,-50.77,-0.063,-50.77,-0.063,2026-05-06 18:23:47.886
290,34376,3,-90.0,0.049,-90.0,0.048,2026-05-06 18:23:47.886
291,34596,1,-50.77,-0.063,-50.77,-0.063,2026-05-06 18:23:47.886
292,34659,2,50.77,0.063,50.77,0.064,2026-05-06 18:23:47.886
293,34718,3,-90.0,0.049,-90.0,0.048,2026-05-06 18:23:47.886
294,34888,1,-50.77,-0.063,-50.77,-0.064,2026-05-06 18:23:47.961
295,34951,2,50.77,0.063,50.77,0.063,2026-05-06 18:23:47.961
296,35010,3,-90.0,0.049,-90.0,0.049,2026-05-06 18:23:47.961
297,35117,1,-50.77,-0.063,-50.77,-0.064,2026-05-06 18:23:47.961
298,35180,2,50.77,0.063,50.77,0.063,2026-05-06 18:23:47.961
299,35239,3,-90.0,0.049,-90.0,0.049,2026-05-06 18:23:47.961
300,35472,1,-50.77,-0.063,-50.77,-0.064,2026-05-06 18:23:47.961
301,35535,2,50.77,0.063,50.77,0.064,2026-05-06 18:23:47.961
302,35594,3,-90.0,0.049,-90.0,0.049,2026-05-06 18:23:47.961
303,35701,1,-50.77,-0.063,-50.77,-0.064,2026-05-06 18:23:47.961
304,35826,1,-50.77,-0.063,-50.77,-0.063,2026-05-06 18:23:48.619
305,35889,2,50.77,0.063,50.77,0.063,2026-05-06 18:23:48.619
306,35948,3,-90.0,0.049,-90.0,0.048,2026-05-06 18:23:48.619
307,36168,1,-50.77,-0.063,-50.77,-0.064,2026-05-06 18:23:48.619
308,36406,1,-50.77,-0.063,-50.77,-0.063,2026-05-06 18:23:48.619
309,36469,2,50.77,0.063,50.77,0.062,2026-05-06 18:23:48.619
310,36528,3,-90.0,0.049,-90.0,0.048,2026-05-06 18:23:48.619
311,36635,1,-50.77,-0.063,-50.77,-0.063,2026-05-06 18:23:48.619
312,36760,1,-50.77,-0.063,-50.77,-0.064,2026-05-06 18:23:48.619
313,36823,2,50.77,0.063,50.77,0.063,2026-05-06 18:23:48.619
314,36882,3,-90.0,0.049,-90.0,0.048,2026-05-06 18:23:48.619
315,37102,1,-50.77,-0.063,-50.77,-0.064,2026-05-06 18:23:48.619
316,37340,1,-50.77,-0.061,-50.77,-0.064,2026-05-06 18:23:48.619
317,37403,2,50.77,0.061,50.77,0.063,2026-05-06 18:23:48.619
318,37462,3,-90.0,0.047,-90.0,0.048,2026-05-06 18:23:48.619
319,37569,1,-50.77,-0.061,-50.77,-0.064,2026-05-06 18:23:48.619
320,37647,3,-90.0,0.044,-90.0,0.048,2026-05-06 18:23:48.619
321,37867,1,-50.77,-0.055,-50.77,-0.063,2026-05-06 18:23:48.619
322,37930,2,50.77,0.055,50.77,0.061,2026-05-06 18:23:48.619
323,37989,3,-90.0,0.043,-90.0,0.048,2026-05-06 18:23:48.619
324,38113,1,-50.77,-0.041,-50.77,-0.058,2026-05-06 18:23:48.619
325,38176,2,50.77,0.041,50.77,0.059,2026-05-06 18:23:48.619
326,38235,3,-90.0,0.032,-90.0,0.045,2026-05-06 18:23:48.619
327,38342,1,-50.77,-0.041,-50.77,-0.058,2026-05-06 18:23:48.619
328,38405,2,50.77,0.041,50.77,0.059,2026-05-06 18:23:48.619
329,38464,3,-90.0,0.032,-90.0,0.045,2026-05-06 18:23:48.619
330,38583,2,50.77,0.019,50.77,0.052,2026-05-06 18:23:48.619
331,38642,3,-90.0,0.015,-90.0,0.037,2026-05-06 18:23:48.619
332,38862,1,-50.77,-0.016,-50.77,-0.048,2026-05-06 18:23:48.619
333,38925,2,50.77,0.016,50.77,0.048,2026-05-06 18:23:48.619
334,38984,3,-90.0,0.013,-90.0,0.039,2026-05-06 18:23:48.619
335,39057,2,50.77,0.006,50.77,0.032,2026-05-06 18:23:48.619
336,39116,3,-90.0,0.004,-90.0,0.025,2026-05-06 18:23:48.619
337,39336,1,-50.77,-0.005,-50.77,-0.032,2026-05-06 18:23:48.619
338,39399,2,50.77,0.005,50.77,0.032,2026-05-06 18:23:48.619
339,39458,3,-90.0,0.003,-90.0,0.025,2026-05-06 18:23:48.619
340,39592,3,-10.69,0.0,-90.0,0.01,2026-05-06 18:23:48.619
341,39699,1,12.58,0.0,-50.77,-0.015,2026-05-06 18:23:48.619
342,39760,2,9.29,0.0,50.77,0.015,2026-05-06 18:23:48.619
343,39818,3,-10.69,0.0,-90.0,0.01,2026-05-06 18:23:48.619
344,40165,1,0.0,0.0,-50.87,-0.001,2026-05-06 18:23:48.619
345,40225,2,0.0,0.0,50.77,0.001,2026-05-06 18:23:48.619
346,40283,3,0.0,0.0,-90.0,0.0,2026-05-06 18:23:48.619
347,40388,1,0.0,0.0,-50.87,-0.0,2026-05-06 18:23:48.619
348,40630,1,0.0,0.0,-51.61,0.0,2026-05-06 18:23:48.619
349,40689,2,0.0,0.0,48.58,-0.0,2026-05-06 18:23:48.619
350,40748,3,0.0,0.0,-90.0,0.0,2026-05-06 18:23:48.619
351,40853,1,0.0,0.0,-51.61,0.0,2026-05-06 18:23:48.619
352,41091,1,0.0,0.0,-47.86,-0.0,2026-05-06 18:23:48.619
353,41151,2,0.0,0.0,41.74,-0.001,2026-05-06 18:23:48.619
354,41210,3,0.0,0.0,-88.31,-0.0,2026-05-06 18:23:48.619
355,41559,1,0.0,0.0,-41.82,-0.003,2026-05-06 18:23:48.619
356,41619,2,0.0,0.0,33.46,-0.003,2026-05-06 18:23:48.619
357,41678,3,0.0,0.0,-83.78,0.0,2026-05-06 18:23:48.619
358,41783,1,0.0,0.0,-41.82,-0.003,2026-05-06 18:23:48.619
359,42021,1,0.0,0.0,-33.23,-0.002,2026-05-06 18:23:48.619
360,42081,2,0.0,0.0,22.83,-0.006,2026-05-06 18:23:48.619
361,42140,3,0.0,0.0,-76.82,0.003,2026-05-06 18:23:48.619
362,42245,1,0.0,0.0,-33.23,-0.002,2026-05-06 18:23:48.619
363,42483,1,0.0,0.0,-15.97,-0.003,2026-05-06 18:23:48.619
364,42604,3,0.0,0.0,-59.59,0.009,2026-05-06 18:23:48.619
365,42840,1,0.0,0.0,-6.38,0.001,2026-05-06 18:23:48.619
366,42898,2,0.0,0.0,2.08,0.001,2026-05-06 18:23:48.619
367,42955,3,0.0,0.0,-41.42,0.011,2026-05-06 18:23:48.619
368,43414,1,0.0,0.01,-1.38,0.002,2026-05-06 18:23:48.719
369,43472,2,0.0,0.01,0.12,0.006,2026-05-06 18:23:48.719
370,43529,3,0.0,0.01,-26.73,0.005,2026-05-06 18:23:48.719
371,43634,1,0.0,0.0,-0.93,0.002,2026-05-06 18:23:48.719
372,43873,1,0.0,0.035,0.16,0.103,2026-05-06 18:23:48.719
373,43930,2,0.0,0.035,-0.03,0.086,2026-05-06 18:23:48.719
374,43988,3,0.0,0.035,-13.68,0.069,2026-05-06 18:23:48.719
375,44204,2,0.0,0.01,-0.03,0.014,2026-05-06 18:23:48.719
376,44262,3,0.0,0.01,-6.81,0.012,2026-05-06 18:23:48.719
377,44479,1,0.0,0.015,0.07,0.011,2026-05-06 18:23:48.911
378,44536,2,0.0,0.015,-0.03,0.014,2026-05-06 18:23:48.911
379,44594,3,0.0,0.015,-5.09,0.012,2026-05-06 18:23:48.911
380,44830,1,0.0,0.05,0.01,0.006,2026-05-06 18:23:48.911
381,44887,2,0.0,0.05,-0.02,0.009,2026-05-06 18:23:48.911
382,44945,3,0.0,0.05,-0.75,0.011,2026-05-06 18:23:48.911
383,45049,1,0.0,0.05,0.01,0.009,2026-05-06 18:23:48.911
384,45287,1,0.0,0.09,-0.02,0.025,2026-05-06 18:23:48.911
385,45345,2,0.0,0.09,-0.02,0.025,2026-05-06 18:23:48.911
386,45403,3,0.0,0.09,0.05,0.029,2026-05-06 18:23:48.911
387,45506,1,0.0,0.09,-0.02,0.025,2026-05-06 18:23:48.911
388,45745,1,0.0,0.125,0.03,0.057,2026-05-06 18:23:48.911
389,45802,2,0.0,0.125,-0.02,0.055,2026-05-06 18:23:48.911
390,46079,3,0.0,0.16,0.08,0.081,2026-05-06 18:23:48.911
391,46182,1,0.0,0.16,0.05,0.085,2026-05-06 18:23:48.911
392,46239,2,0.0,0.16,-0.03,0.089,2026-05-06 18:23:48.911
393,46297,3,0.0,0.16,0.08,0.086,2026-05-06 18:23:48.911
394,46513,1,0.0,0.165,0.05,0.085,2026-05-06 18:23:48.969
395,46729,1,0.0,0.2,0.04,0.127,2026-05-06 18:23:48.969
396,46786,2,0.0,0.2,-0.02,0.132,2026-05-06 18:23:48.969
397,46844,3,0.0,0.2,0.09,0.0,2026-05-06 18:23:48.969
398,46950,1,0.0,0.2,0.04,0.134,2026-05-06 18:23:48.969
399,47189,1,0.0,0.235,0.02,0.17,2026-05-06 18:23:49.228
400,47246,2,0.0,0.235,-0.0,0.175,2026-05-06 18:23:49.228
401,47304,3,0.0,0.235,0.04,0.171,2026-05-06 18:23:49.228
402,47519,1,0.0,0.27,-0.0,0.199,2026-05-06 18:23:49.228
403,47577,2,0.0,0.27,0.0,0.208,2026-05-06 18:23:49.228
404,47634,3,0.0,0.27,0.02,0.207,2026-05-06 18:23:49.228
405,47911,2,0.0,0.275,0.0,0.208,2026-05-06 18:23:49.228
406,48146,1,0.0,0.31,-0.0,0.253,2026-05-06 18:23:49.228
407,48204,2,0.0,0.31,-0.0,0.26,2026-05-06 18:23:49.228
408,48262,3,0.0,0.31,-0.01,0.255,2026-05-06 18:23:49.228
409,48366,1,0.0,0.31,-0.0,0.253,2026-05-06 18:23:49.228
410,48631,1,0.0,0.35,-0.0,0.288,2026-05-06 18:23:49.228
411,48689,2,0.0,0.35,0.01,0.29,2026-05-06 18:23:49.228
412,48746,3,0.0,0.35,0.0,0.284,2026-05-06 18:23:49.228
413,48849,1,0.0,0.35,-0.0,0.292,2026-05-06 18:23:49.228
414,49088,1,0.0,0.35,-0.0,0.331,2026-05-06 18:23:49.228
415,49146,2,0.0,0.35,0.0,0.34,2026-05-06 18:23:49.228
416,49203,3,0.0,0.35,0.0,0.332,2026-05-06 18:23:49.228
417,49419,3,0.0,0.35,0.0,0.357,2026-05-06 18:23:49.228
418,49522,1,0.0,0.35,0.0,0.355,2026-05-06 18:23:49.228
419,49579,2,0.0,0.35,-0.01,0.366,2026-05-06 18:23:49.228
420,49637,3,0.0,0.35,0.0,0.358,2026-05-06 18:23:49.228
421,49853,1,0.0,0.35,0.0,0.355,2026-05-06 18:23:49.228
422,50069,1,0.0,0.35,0.01,0.361,2026-05-06 18:23:49.228
423,50126,2,0.0,0.35,-0.02,0.371,2026-05-06 18:23:49.318
424,50184,3,0.0,0.35,-0.0,0.364,2026-05-06 18:23:49.318
425,50288,1,0.0,0.35,0.01,0.363,2026-05-06 18:23:49.318
426,50526,1,0.0,0.35,0.0,0.365,2026-05-06 18:23:49.318
427,50583,2,0.0,0.35,-0.01,0.371,2026-05-06 18:23:49.318
428,50641,3,0.0,0.35,0.0,0.366,2026-05-06 18:23:49.318
429,50903,1,0.0,0.35,0.0,0.365,2026-05-06 18:23:49.318
430,50960,2,0.0,0.35,-0.03,0.377,2026-05-06 18:23:49.318
431,51018,3,0.0,0.35,-0.0,0.365,2026-05-06 18:23:49.318
432,51238,1,0.0,0.35,0.0,0.365,2026-05-06 18:23:49.410
433,51295,2,0.0,0.35,-0.03,0.377,2026-05-06 18:23:49.410
434,51511,1,0.0,0.35,0.0,0.359,2026-05-06 18:23:49.410
435,51568,2,0.0,0.35,0.06,0.369,2026-05-06 18:23:49.410
436,51625,3,0.0,0.35,0.0,0.365,2026-05-06 18:23:49.410
437,51728,1,0.0,0.35,0.0,0.359,2026-05-06 18:23:49.410
438,51785,2,0.0,0.35,0.06,0.371,2026-05-06 18:23:49.410
439,52000,1,0.0,0.35,-0.01,0.356,2026-05-06 18:23:49.410
440,52058,2,0.0,0.35,0.02,0.365,2026-05-06 18:23:49.410
441,52115,3,0.0,0.35,0.0,0.358,2026-05-06 18:23:49.410
442,52218,1,0.0,0.35,-0.01,0.356,2026-05-06 18:23:49.723
443,52460,1,0.0,0.35,-0.02,0.349,2026-05-06 18:23:49.723
444,52518,2,0.0,0.35,0.0,0.363,2026-05-06 18:23:49.723
445,52575,3,0.0,0.35,0.0,0.356,2026-05-06 18:23:49.723
446,52791,3,0.0,0.35,0.0,0.35,2026-05-06 18:23:49.723
447,52894,1,0.0,0.35,-0.0,0.349,2026-05-06 18:23:49.723
448,52952,2,0.0,0.35,-0.0,0.359,2026-05-06 18:23:49.723
449,53010,3,0.0,0.35,0.0,0.35,2026-05-06 18:23:49.723
450,53226,1,0.0,0.35,-0.0,0.347,2026-05-06 18:23:49.723
451,53442,1,0.0,0.35,-0.0,0.347,2026-05-06 18:23:49.723
452,53500,2,0.0,0.35,0.0,0.359,2026-05-06 18:23:49.723
453,53557,3,0.0,0.35,-0.0,0.354,2026-05-06 18:23:49.723
454,53684,1,0.0,0.35,-0.01,0.348,2026-05-06 18:23:49.723
455,53913,1,0.0,0.35,-0.0,0.351,2026-05-06 18:23:49.723
456,53971,2,0.0,0.35,-0.0,0.36,2026-05-06 18:23:49.723
457,54029,3,0.0,0.35,0.0,0.352,2026-05-06 18:23:49.723
458,54290,1,0.0,0.35,0.0,0.354,2026-05-06 18:23:49.723
459,54347,2,0.0,0.35,-0.0,0.364,2026-05-06 18:23:49.723
460,54405,3,0.0,0.35,-0.0,0.354,2026-05-06 18:23:49.723
461,54622,1,0.0,0.35,0.0,0.354,2026-05-06 18:23:49.723
462,54679,2,0.0,0.35,-0.0,0.364,2026-05-06 18:23:49.723
463,54895,1,0.0,0.35,0.01,0.356,2026-05-06 18:23:49.723
464,54952,2,0.0,0.35,-0.01,0.364,2026-05-06 18:23:49.723
465,55010,3,0.0,0.35,-0.0,0.359,2026-05-06 18:23:49.723
466,55114,1,0.0,0.35,0.01,0.358,2026-05-06 18:23:49.723
467,55353,1,0.0,0.35,0.01,0.356,2026-05-06 18:23:49.723
468,55410,2,0.0,0.35,-0.0,0.365,2026-05-06 18:23:49.723
469,55468,3,0.0,0.35,0.0,0.359,2026-05-06 18:23:49.723
470,55571,1,0.0,0.35,0.0,0.357,2026-05-06 18:23:49.723
471,55810,1,0.0,0.35,0.0,0.357,2026-05-06 18:23:49.837
472,55867,2,0.0,0.35,0.0,0.365,2026-05-06 18:23:49.837
473,55924,3,0.0,0.35,-0.0,0.359,2026-05-06 18:23:49.837
474,56302,1,0.0,0.35,0.0,0.347,2026-05-06 18:23:49.837
475,56359,2,0.0,0.35,0.0,0.357,2026-05-06 18:23:49.837
476,56416,3,0.0,0.35,0.0,0.351,2026-05-06 18:23:49.837
477,56519,1,0.0,0.35,0.0,0.347,2026-05-06 18:23:49.837
478,56576,2,0.0,0.35,0.0,0.357,2026-05-06 18:23:49.837
479,56793,1,0.0,0.35,-0.0,0.345,2026-05-06 18:23:49.837
480,56851,2,0.0,0.35,0.0,0.357,2026-05-06 18:23:49.837
481,56908,3,0.0,0.35,0.0,0.35,2026-05-06 18:23:49.837
482,57011,1,0.0,0.35,-0.0,0.344,2026-05-06 18:23:49.837
483,57311,2,0.0,0.35,0.0,0.356,2026-05-06 18:23:50.185
484,57368,3,0.0,0.35,-0.0,0.35,2026-05-06 18:23:50.185
485,57631,1,0.0,0.35,0.0,0.349,2026-05-06 18:23:50.185
486,57688,2,0.0,0.35,0.0,0.359,2026-05-06 18:23:50.185
487,57745,3,0.0,0.35,-0.0,0.349,2026-05-06 18:23:50.185
488,57965,1,0.0,0.35,0.01,0.349,2026-05-06 18:23:50.185
489,58022,2,0.0,0.35,0.0,0.359,2026-05-06 18:23:50.185
490,58237,1,0.0,0.35,0.01,0.353,2026-05-06 18:23:50.185
491,58294,2,0.0,0.35,-0.01,0.362,2026-05-06 18:23:50.185
492,58352,3,0.0,0.35,-0.0,0.356,2026-05-06 18:23:50.185
493,58456,1,0.0,0.35,0.01,0.353,2026-05-06 18:23:50.185
494,58534,3,0.0,0.35,-0.0,0.357,2026-05-06 18:23:50.185
495,58754,1,0.0,0.35,0.0,0.355,2026-05-06 18:23:50.185
496,58811,2,0.0,0.35,-0.0,0.362,2026-05-06 18:23:50.185
497,58869,3,0.0,0.35,0.0,0.358,2026-05-06 18:23:50.185
498,58972,1,0.0,0.35,0.0,0.354,2026-05-06 18:23:50.185
499,59188,1,0.0,0.35,-0.0,0.351,2026-05-06 18:23:50.185
500,59246,2,0.0,0.35,-0.0,0.361,2026-05-06 18:23:50.185
501,59304,3,0.0,0.35,-0.0,0.356,2026-05-06 18:23:50.185
502,59678,1,0.0,0.35,-0.0,0.349,2026-05-06 18:23:50.185
503,59736,2,0.0,0.35,0.0,0.356,2026-05-06 18:23:50.185
504,59793,3,0.0,0.35,-0.0,0.352,2026-05-06 18:23:50.185
505,59897,1,0.0,0.35,-0.0,0.348,2026-05-06 18:23:50.185
506,59955,2,0.0,0.35,0.0,0.356,2026-05-06 18:23:50.185
507,60170,1,0.0,0.35,0.0,0.346,2026-05-06 18:23:50.185
508,60227,2,0.0,0.35,0.01,0.352,2026-05-06 18:23:50.185
509,60284,3,0.0,0.35,0.0,0.348,2026-05-06 18:23:50.185
510,60387,1,0.0,0.35,-0.0,0.345,2026-05-06 18:23:50.185
511,60445,2,0.0,0.35,0.01,0.353,2026-05-06 18:23:50.185
512,60663,1,0.0,0.35,-0.0,0.343,2026-05-06 18:23:50.185
513,60721,2,0.0,0.35,0.01,0.35,2026-05-06 18:23:50.185
514,60778,3,0.0,0.35,0.0,0.348,2026-05-06 18:23:50.185
515,61040,1,0.0,0.35,-0.0,0.346,2026-05-06 18:23:50.185
516,61098,2,0.0,0.35,-0.0,0.353,2026-05-06 18:23:50.185
517,61156,3,0.0,0.35,0.0,0.348,2026-05-06 18:23:50.285
518,61372,1,0.0,0.35,-0.0,0.347,2026-05-06 18:23:50.285
519,61611,1,0.0,0.35,0.0,0.352,2026-05-06 18:23:50.285
520,61668,2,0.0,0.35,-0.0,0.355,2026-05-06 18:23:50.285
521,61726,3,0.0,0.35,-0.0,0.353,2026-05-06 18:23:50.285
522,61830,1,0.0,0.35,0.0,0.352,2026-05-06 18:23:50.285
523,61909,1,0.0,0.35,0.0,0.352,2026-05-06 18:23:50.285
524,61966,2,0.0,0.35,-0.0,0.355,2026-05-06 18:23:50.285
525,62304,2,0.0,0.35,-0.0,0.355,2026-05-06 18:23:50.344
526,62540,1,0.0,0.35,0.0,0.352,2026-05-06 18:23:50.344
527,62597,2,0.0,0.35,0.0,0.356,2026-05-06 18:23:50.344
528,62654,3,0.0,0.35,-0.0,0.35,2026-05-06 18:23:50.344
529,63030,1,0.0,0.35,0.0,0.35,2026-05-06 18:23:50.427
530,63087,2,0.0,0.35,0.0,0.355,2026-05-06 18:23:50.427
531,63144,3,0.0,0.35,0.01,0.35,2026-05-06 18:23:50.427
532,63247,1,0.0,0.35,0.0,0.348,2026-05-06 18:23:50.427
533,63304,2,0.0,0.35,0.0,0.354,2026-05-06 18:23:50.427
534,63519,1,0.0,0.35,0.0,0.347,2026-05-06 18:23:50.427
535,63576,2,0.0,0.35,0.0,0.353,2026-05-06 18:23:50.427
536,63633,3,0.0,0.35,-0.0,0.349,2026-05-06 18:23:50.427
537,63737,1,0.0,0.35,0.0,0.347,2026-05-06 18:23:50.427
538,63794,2,0.0,0.35,0.0,0.353,2026-05-06 18:23:50.427
539,64009,1,0.0,0.35,0.0,0.349,2026-05-06 18:23:50.585
540,64066,2,0.0,0.35,0.0,0.354,2026-05-06 18:23:50.585
541,64123,3,0.0,0.35,0.0,0.348,2026-05-06 18:23:50.585
542,64386,1,0.0,0.35,0.0,0.346,2026-05-06 18:23:50.585
543,64443,2,0.0,0.35,-0.0,0.351,2026-05-06 18:23:50.585
544,64501,3,0.0,0.35,-0.0,0.349,2026-05-06 18:23:50.585
545,64724,1,0.0,0.35,0.0,0.346,2026-05-06 18:23:50.585
546,64962,1,0.0,0.35,0.0,0.346,2026-05-06 18:23:50.585
547,65019,2,0.0,0.35,-0.0,0.349,2026-05-06 18:23:50.585
548,65077,3,0.0,0.35,0.0,0.347,2026-05-06 18:23:50.585
549,65180,1,0.0,0.35,0.0,0.346,2026-05-06 18:23:50.585
550,65259,3,0.0,0.35,-0.01,0.347,2026-05-06 18:23:50.585
551,65476,1,0.0,0.35,-0.0,0.345,2026-05-06 18:23:50.585
552,65534,2,0.0,0.35,-0.0,0.353,2026-05-06 18:23:50.585
553,65592,3,0.0,0.35,-0.0,0.347,2026-05-06 18:23:50.585
554,65878,1,0.0,0.35,-0.0,0.349,2026-05-06 18:23:50.727
555,65936,2,0.0,0.35,-0.0,0.352,2026-05-06 18:23:50.727
556,65994,3,0.0,0.35,0.0,0.347,2026-05-06 18:23:50.727
557,66369,1,0.0,0.35,-0.0,0.341,2026-05-06 18:23:50.727
558,66427,2,0.0,0.35,0.0,0.346,2026-05-06 18:23:50.727
559,66484,3,0.0,0.35,-0.06,0.345,2026-05-06 18:23:50.727
560,66588,1,0.0,0.35,0.0,0.343,2026-05-06 18:23:50.727
561,66826,1,0.0,0.35,0.0,0.343,2026-05-06 18:23:50.727
562,66883,2,0.0,0.35,0.0,0.348,2026-05-06 18:23:50.727
563,66940,3,0.0,0.35,0.05,0.347,2026-05-06 18:23:50.727
564,67043,1,0.0,0.35,0.0,0.343,2026-05-06 18:23:50.727
565,67100,2,0.0,0.35,0.0,0.348,2026-05-06 18:23:50.727
566,67315,1,0.0,0.35,0.0,0.351,2026-05-06 18:23:50.727
567,67377,2,0.0,0.35,0.0,0.356,2026-05-06 18:23:50.727
568,67434,3,0.0,0.35,0.04,0.347,2026-05-06 18:23:50.759
569,67697,1,0.0,0.346,0.0,0.352,2026-05-06 18:23:50.968
570,67754,2,0.0,0.346,-0.0,0.356,2026-05-06 18:23:50.968
571,67812,3,0.0,0.346,-0.0,0.35,2026-05-06 18:23:50.968
572,68029,1,0.0,0.345,0.0,0.353,2026-05-06 18:23:50.968
573,68267,1,0.0,0.337,-0.0,0.348,2026-05-06 18:23:50.968
574,68325,2,0.0,0.337,-0.0,0.353,2026-05-06 18:23:50.968
575,68383,3,0.0,0.337,0.0,0.351,2026-05-06 18:23:50.968
576,68486,1,0.0,0.337,-0.0,0.346,2026-05-06 18:23:50.968
577,68568,3,0.0,0.322,-0.0,0.345,2026-05-06 18:23:50.968
578,68785,1,0.0,0.319,-0.0,0.339,2026-05-06 18:23:50.968
579,68843,2,0.0,0.319,0.0,0.342,2026-05-06 18:23:50.968
580,68900,3,0.0,0.319,0.0,0.341,2026-05-06 18:23:50.968
581,69003,1,0.0,0.319,-0.0,0.339,2026-05-06 18:23:50.968
582,69219,1,0.0,0.289,-0.0,0.33,2026-05-06 18:23:50.968
583,69280,2,0.0,0.289,-0.0,0.336,2026-05-06 18:23:50.968
584,69338,3,0.0,0.289,-0.0,0.333,2026-05-06 18:23:50.968
585,69661,1,0.0,0.24,-0.01,0.308,2026-05-06 18:23:50.968
586,69719,2,0.0,0.24,-0.0,0.31,2026-05-06 18:23:50.968
587,69777,3,0.0,0.24,-0.01,0.308,2026-05-06 18:23:50.968
588,70176,1,0.0,0.161,-0.0,0.275,2026-05-06 18:23:50.968
589,70234,2,0.0,0.161,-0.01,0.279,2026-05-06 18:23:51.238
590,70292,3,0.0,0.161,-0.01,0.276,2026-05-06 18:23:51.238
591,70396,1,0.0,0.161,-0.0,0.275,2026-05-06 18:23:51.238
592,70634,1,0.0,0.094,0.0,0.213,2026-05-06 18:23:51.238
593,70691,2,0.0,0.094,-0.01,0.22,2026-05-06 18:23:51.238
594,70749,3,0.0,0.094,-0.01,0.214,2026-05-06 18:23:51.238
595,71015,1,0.0,0.048,0.01,0.153,2026-05-06 18:23:51.238
596,71072,2,0.0,0.048,-0.0,0.152,2026-05-06 18:23:51.238
597,71130,3,0.0,0.048,-0.01,0.14,2026-05-06 18:23:51.238
598,71347,1,0.0,0.044,0.01,0.153,2026-05-06 18:23:51.238
599,71586,1,0.0,0.02,0.01,0.093,2026-05-06 18:23:51.238
600,71643,2,0.0,0.02,0.01,0.094,2026-05-06 18:23:51.238
601,71700,3,0.0,0.02,-0.0,0.085,2026-05-06 18:23:51.238
602,71804,1,0.0,0.02,0.01,0.093,2026-05-06 18:23:51.238
603,72043,1,0.0,0.007,0.0,0.045,2026-05-06 18:23:51.238
604,72100,2,0.0,0.007,0.01,0.044,2026-05-06 18:23:51.238
605,72157,3,0.0,0.007,0.01,0.044,2026-05-06 18:23:51.238
606,72260,1,0.0,0.007,0.0,0.045,2026-05-06 18:23:51.238
607,72317,2,0.0,0.007,0.01,0.044,2026-05-06 18:23:51.238
608,72532,1,0.0,0.001,-0.0,0.001,2026-05-06 18:23:51.238
609,72590,2,0.0,0.001,0.0,0.0,2026-05-06 18:23:51.238
610,72647,3,0.0,0.001,0.02,0.0,2026-05-06 18:23:51.238
611,72909,1,-0.0,0.0,0.0,-0.015,2026-05-06 18:23:51.238
612,72968,2,0.0,0.0,0.0,-0.02,2026-05-06 18:23:51.238
613,73026,3,0.02,0.0,0.01,-0.016,2026-05-06 18:23:51.238
614,73130,1,-0.0,0.0,-0.0,-0.018,2026-05-06 18:23:51.238
615,73190,2,0.0,0.0,0.0,-0.022,2026-05-06 18:23:51.336
616,73248,3,0.02,0.0,0.01,-0.016,2026-05-06 18:23:51.336
617,73368,1,-0.0,0.0,0.0,-0.02,2026-05-06 18:23:51.336
618,73427,2,0.0,0.0,0.0,-0.023,2026-05-06 18:23:51.336
619,73485,3,0.02,0.0,0.01,-0.021,2026-05-06 18:23:51.336
620,73589,1,-0.0,0.0,0.0,-0.019,2026-05-06 18:23:51.336
621,73648,2,0.0,0.0,0.0,-0.02,2026-05-06 18:23:51.336
622,73706,3,0.02,0.0,0.02,-0.02,2026-05-06 18:23:51.336
623,73857,1,-0.0,0.0,0.0,-0.015,2026-05-06 18:23:51.336
624,73916,2,0.0,0.0,0.0,-0.016,2026-05-06 18:23:51.336
625,73974,3,0.02,0.0,0.02,-0.015,2026-05-06 18:23:51.336
626,74078,1,-0.0,0.0,0.0,-0.013,2026-05-06 18:23:51.336
627,74137,2,0.0,0.0,0.0,-0.013,2026-05-06 18:23:51.336
628,74195,3,0.02,0.0,0.01,-0.013,2026-05-06 18:23:51.336
629,74315,1,-0.0,0.0,-0.0,-0.009,2026-05-06 18:23:51.336
630,74375,2,0.0,0.0,0.0,-0.009,2026-05-06 18:23:51.336
631,74433,3,0.02,0.0,0.02,-0.009,2026-05-06 18:23:51.336
632,74537,1,-0.0,0.0,-0.0,-0.007,2026-05-06 18:23:51.402
633,74597,2,0.0,0.0,0.01,-0.008,2026-05-06 18:23:51.402
634,74655,3,0.02,0.0,0.02,-0.008,2026-05-06 18:23:51.402
635,74759,1,-0.0,0.0,-0.0,-0.005,2026-05-06 18:23:51.402
636,74819,2,0.0,0.0,0.01,-0.007,2026-05-06 18:23:51.402
637,74877,3,0.02,0.0,0.02,-0.007,2026-05-06 18:23:51.402
638,74981,1,-0.0,0.0,-0.0,-0.005,2026-05-06 18:23:51.402
639,75041,2,0.0,0.0,0.01,-0.005,2026-05-06 18:23:51.402
640,75160,3,-0.0,0.0,0.0,-0.0,2026-05-06 18:23:51.402
641,75281,1,-0.0,0.0,-0.0,-0.0,2026-05-06 18:23:51.446
642,75341,2,0.02,0.0,0.02,-0.0,2026-05-06 18:23:51.446
643,75399,3,-0.0,0.0,-0.0,-0.0,2026-05-06 18:23:51.446
644,75505,1,-0.0,0.0,0.0,-0.0,2026-05-06 18:23:51.446
645,75564,2,0.02,0.0,0.02,0.0,2026-05-06 18:23:51.446
646,75621,3,-0.0,0.0,-0.01,-0.0,2026-05-06 18:23:51.552
647,75776,1,-0.0,0.0,-0.0,-0.0,2026-05-06 18:23:51.552
648,75836,2,0.02,0.0,0.02,0.0,2026-05-06 18:23:51.552
649,75893,3,-0.0,0.0,-0.0,-0.0,2026-05-06 18:23:51.552
650,75999,1,-0.0,0.0,-0.0,-0.0,2026-05-06 18:23:51.552
651,76059,2,0.02,0.0,0.02,0.0,2026-05-06 18:23:51.552
652,76143,3,-0.0,0.0,0.0,0.0,2026-05-06 18:23:51.552
653,76315,1,0.01,0.0,0.0,0.0,2026-05-06 18:23:51.552
654,76372,2,0.0,0.0,0.0,0.0,2026-05-06 18:23:51.552
655,76650,1,0.01,0.0,0.01,0.0,2026-05-06 18:23:51.552
656,76889,1,0.01,0.0,0.0,0.0,2026-05-06 18:23:51.552
657,76946,2,0.0,0.0,0.0,0.0,2026-05-06 18:23:51.552
658,77003,3,-0.0,0.0,-0.01,-0.0,2026-05-06 18:23:51.552
659,77109,1,0.01,0.0,0.0,0.0,2026-05-06 18:23:51.952
660,77347,1,0.01,0.0,0.01,0.0,2026-05-06 18:23:51.952
661,77404,2,0.0,0.0,0.0,0.0,2026-05-06 18:23:51.952
662,77461,3,-0.0,0.0,0.0,0.0,2026-05-06 18:23:51.952
663,77565,1,0.01,0.0,0.01,0.0,2026-05-06 18:23:51.952
664,77691,1,0.01,0.0,0.0,0.0,2026-05-06 18:23:51.952
665,77748,2,0.0,0.0,0.0,0.0,2026-05-06 18:23:51.952
666,77805,3,-0.0,0.0,-0.0,0.0,2026-05-06 18:23:51.952
667,78023,1,0.01,0.0,0.01,0.0,2026-05-06 18:23:51.952
668,78261,1,0.01,0.0,0.01,0.0,2026-05-06 18:23:51.952
669,78318,2,0.0,0.0,0.0,0.0,2026-05-06 18:23:51.952
670,78375,3,-0.0,0.0,-0.0,0.0,2026-05-06 18:23:51.952
671,78480,1,0.01,0.0,0.01,0.0,2026-05-06 18:23:51.952
672,78719,1,0.01,0.0,0.01,0.0,2026-05-06 18:23:51.952
673,78776,2,0.0,0.0,0.0,0.0,2026-05-06 18:23:51.952
674,78833,3,-0.0,0.0,-0.0,0.0,2026-05-06 18:23:51.952
675,78938,1,0.01,0.0,0.01,0.0,2026-05-06 18:23:51.952
676,79179,1,0.01,0.0,0.01,0.0,2026-05-06 18:23:51.952
677,79236,2,0.0,0.0,0.0,0.0,2026-05-06 18:23:51.952
678,79293,3,-0.0,0.0,-0.0,0.0,2026-05-06 18:23:51.952
679,79527,1,0.01,0.0,0.01,0.0,2026-05-06 18:23:51.952
680,79584,2,0.0,0.0,0.0,0.0,2026-05-06 18:23:51.952
681,79641,3,-0.0,0.0,-0.0,0.0,2026-05-06 18:23:51.952
682,79859,1,0.01,0.0,0.01,0.0,2026-05-06 18:23:51.952
683,79984,1,0.01,0.0,0.0,0.0,2026-05-06 18:23:51.952
684,80041,2,0.0,0.0,0.0,0.0,2026-05-06 18:23:51.952
685,80098,3,-0.0,0.0,-0.0,0.0,2026-05-06 18:23:51.952
686,80316,1,0.01,0.0,0.0,0.0,2026-05-06 18:23:51.952
687,80555,1,0.01,0.0,0.0,0.0,2026-05-06 18:23:51.952
688,80612,2,0.0,0.0,0.0,0.0,2026-05-06 18:23:51.952
689,80669,3,-0.0,0.0,-0.01,0.0,2026-05-06 18:23:51.952
690,80774,1,0.01,0.0,0.0,0.0,2026-05-06 18:23:51.952
691,80904,1,0.01,0.0,0.01,0.0,2026-05-06 18:23:51.952
692,80961,2,0.0,0.0,0.0,0.0,2026-05-06 18:23:51.952
693,81018,3,-0.0,0.0,-0.0,0.0,2026-05-06 18:23:51.952
694,81239,1,0.01,0.0,0.01,0.0,2026-05-06 18:23:51.952
695,81504,1,0.01,0.0,0.01,0.0,2026-05-06 18:23:51.952
696,81561,2,0.0,0.0,0.0,0.0,2026-05-06 18:23:51.952
697,81618,3,-0.0,0.0,-0.0,0.0,2026-05-06 18:23:44.985
698,81723,1,0.01,0.0,0.0,0.0,2026-05-06 18:23:44.985
699,81964,1,0.01,0.0,0.0,0.0,2026-05-06 18:23:44.985
700,82021,2,0.0,0.0,0.0,0.0,2026-05-06 18:23:44.985
701,82078,3,-0.0,0.0,-0.0,0.0,2026-05-06 18:23:44.985
702,82183,1,0.01,0.0,0.0,0.0,2026-05-06 18:23:44.985
703,82422,1,0.01,0.0,0.01,0.0,2026-05-06 18:23:44.985
704,82479,2,0.0,0.0,0.0,0.0,2026-05-06 18:23:44.985
705,82536,3,-0.0,0.0,-0.0,0.0,2026-05-06 18:23:44.985
706,82641,1,0.01,0.0,0.01,0.0,2026-05-06 18:23:44.985
707,82879,1,-50.77,0.0,0.01,0.0,2026-05-06 18:23:44.985
708,82938,2,50.77,0.0,0.0,-0.0,2026-05-06 18:23:44.985
709,82997,3,-90.0,0.0,-0.0,0.0,2026-05-06 18:23:44.985
710,83103,1,-50.77,0.0,0.01,0.0,2026-05-06 18:23:45.235
711,83341,1,-50.77,0.0,-0.42,-0.0,2026-05-06 18:23:45.235
712,83402,2,50.77,0.0,0.34,0.001,2026-05-06 18:23:45.235
713,83460,3,-90.0,0.0,-0.36,-0.001,2026-05-06 18:23:45.235
714,83700,1,-50.77,0.0,-4.71,-0.002,2026-05-06 18:23:45.235
715,83761,2,50.77,0.0,4.29,0.011,2026-05-06 18:23:45.235
716,83819,3,-90.0,0.0,-4.14,-0.001,2026-05-06 18:23:45.235
717,84039,1,-50.77,0.0,-5.61,-0.002,2026-05-06 18:23:45.235
718,84280,1,-50.77,0.0,-13.75,-0.003,2026-05-06 18:23:45.235
719,84342,2,50.77,0.0,13.02,0.02,2026-05-06 18:23:45.235
720,84401,3,-90.0,0.0,-13.26,-0.001,2026-05-06 18:23:45.235
721,84509,1,-50.77,0.0,-13.75,-0.003,2026-05-06 18:23:45.235
722,84746,1,-50.77,0.0,-25.38,-0.006,2026-05-06 18:23:45.235
723,84808,2,50.77,0.0,24.3,0.024,2026-05-06 18:23:45.235
724,84867,3,-90.0,0.0,-24.84,-0.003,2026-05-06 18:23:45.235
725,85104,1,-50.77,0.0,-38.33,-0.008,2026-05-06 18:23:45.235
726,85166,2,50.77,0.0,37.64,0.027,2026-05-06 18:23:45.235
727,85225,3,-90.0,0.0,-42.29,-0.006,2026-05-06 18:23:45.235
728,85446,1,-50.77,0.0,-38.33,-0.008,2026-05-06 18:23:45.235
729,85683,1,-50.77,0.0,-45.86,-0.011,2026-05-06 18:23:45.235
730,85745,2,50.77,0.0,45.5,0.026,2026-05-06 18:23:45.235
731,85804,3,-90.0,0.0,-59.18,-0.0,2026-05-06 18:23:45.235
732,85912,1,-50.77,0.0,-46.7,-0.013,2026-05-06 18:23:45.269
733,86153,1,-50.77,0.0,-50.09,-0.014,2026-05-06 18:23:45.269
734,86215,2,50.77,0.0,50.02,0.024,2026-05-06 18:23:45.269
735,86274,3,-90.0,0.0,-72.27,0.0,2026-05-06 18:23:45.269
736,86510,1,-50.77,0.0,-50.87,-0.015,2026-05-06 18:23:45.406
737,86572,2,50.77,0.0,50.88,0.016,2026-05-06 18:23:45.406
738,86631,3,-90.0,0.0,-82.76,0.0,2026-05-06 18:23:45.406
739,86851,1,-50.77,0.0,-50.87,-0.015,2026-05-06 18:23:45.406
740,87089,1,-50.77,-0.062,-50.83,-0.01,2026-05-06 18:23:45.406
741,87152,2,50.77,0.062,50.86,0.013,2026-05-06 18:23:45.406
742,87211,3,-90.0,0.048,-87.96,0.0,2026-05-06 18:23:45.406
743,87318,1,-50.77,-0.062,-50.82,-0.01,2026-05-06 18:23:45.406
744,87396,2,50.77,0.063,50.78,0.008,2026-05-06 18:23:45.406
745,87455,3,-90.0,0.049,-90.08,0.002,2026-05-06 18:23:45.406
746,87675,1,-50.77,-0.063,-50.8,-0.049,2026-05-06 18:23:45.406
747,87738,2,50.77,0.063,50.77,0.031,2026-05-06 18:23:45.406
748,87797,3,-90.0,0.049,-90.14,0.003,2026-05-06 18:23:45.406
749,87917,1,-50.77,-0.063,-50.82,-0.053,2026-05-06 18:23:45.444
750,87980,2,50.77,0.063,50.77,0.052,2026-05-06 18:23:45.444
751,88039,3,-90.0,0.049,-90.06,0.037,2026-05-06 18:23:45.444
752,88146,1,-50.77,-0.063,-50.83,-0.053,2026-05-06 18:23:45.444
753,88209,2,50.77,0.063,50.77,0.052,2026-05-06 18:23:45.444
754,88503,1,-50.77,-0.063,-50.86,-0.061,2026-05-06 18:23:45.502
755,88566,2,50.77,0.063,50.78,0.063,2026-05-06 18:23:45.502
756,88625,3,-90.0,0.049,-90.09,0.05,2026-05-06 18:23:45.502
757,88732,1,-50.77,-0.063,-50.86,-0.061,2026-05-06 18:23:45.502
758,88973,1,-50.77,-0.063,-50.84,-0.074,2026-05-06 18:23:45.502
759,89036,2,50.77,0.063,50.78,0.075,2026-05-06 18:23:45.673
760,89286,2,50.77,0.063,50.78,0.064,2026-05-06 18:23:45.673
761,89345,3,-90.0,0.049,-90.02,0.048,2026-05-06 18:23:45.673
762,89452,1,-50.77,-0.063,-50.81,-0.065,2026-05-06 18:23:45.673
763,89515,2,50.77,0.063,50.78,0.064,2026-05-06 18:23:45.673
764,89574,3,-90.0,0.049,-90.03,0.047,2026-05-06 18:23:45.673
765,89760,2,50.77,0.063,50.78,0.066,2026-05-06 18:23:45.673
766,89819,3,-90.0,0.049,-90.03,0.047,2026-05-06 18:23:45.673
767,90039,1,-50.77,-0.063,-50.79,-0.067,2026-05-06 18:23:45.673
768,90102,2,50.77,0.063,50.78,0.067,2026-05-06 18:23:45.673
769,90161,3,-90.0,0.049,-90.03,0.05,2026-05-06 18:23:45.673
770,90234,2,50.77,0.063,50.78,0.066,2026-05-06 18:23:45.673
771,90293,3,-90.0,0.049,-90.02,0.051,2026-05-06 18:23:45.673
772,90513,1,-50.77,-0.063,-50.79,-0.067,2026-05-06 18:23:45.673
773,90576,2,50.77,0.063,50.78,0.066,2026-05-06 18:23:45.673
774,90635,3,-90.0,0.049,-90.02,0.051,2026-05-06 18:23:45.673
775,90871,1,-50.77,-0.063,-50.77,-0.066,2026-05-06 18:23:45.673
776,90934,2,50.77,0.063,50.79,0.065,2026-05-06 18:23:45.673
777,90993,3,-90.0,0.049,-90.0,0.048,2026-05-06 18:23:45.733
778,91100,1,-50.77,-0.063,-50.77,-0.066,2026-05-06 18:23:45.733
779,91178,2,50.77,0.063,50.79,0.065,2026-05-06 18:23:45.733
780,91237,3,-90.0,0.049,-90.0,0.051,2026-05-06 18:23:45.733
781,91457,1,-50.77,-0.063,-50.77,-0.064,2026-05-06 18:23:45.733
782,91520,2,50.77,0.063,50.79,0.064,2026-05-06 18:23:45.733
783,91815,1,-50.77,-0.063,-50.77,-0.063,2026-05-06 18:23:45.906
784,91878,2,50.77,0.063,50.78,0.062,2026-05-06 18:23:45.906
785,91937,3,-90.0,0.049,-90.0,0.049,2026-05-06 18:23:45.906
786,92044,1,-50.77,-0.063,-50.77,-0.064,2026-05-06 18:23:45.906
787,92282,1,-50.77,-0.063,-50.77,-0.064,2026-05-06 18:23:45.906
788,92345,2,50.77,0.063,50.78,0.064,2026-05-06 18:23:45.906
789,92404,3,-90.0,0.049,-90.0,0.049,2026-05-06 18:23:45.906
790,92639,1,-50.77,-0.063,-50.77,-0.063,2026-05-06 18:23:45.906
791,92702,2,50.77,0.063,50.78,0.062,2026-05-06 18:23:45.906
792,92761,3,-90.0,0.049,-89.99,0.048,2026-05-06 18:23:45.906
793,92981,1,-50.77,-0.063,-50.77,-0.063,2026-05-06 18:23:45.906
794,93219,1,-50.77,-0.063,-50.77,-0.065,2026-05-06 18:23:45.906
795,93282,2,50.77,0.063,50.78,0.064,2026-05-06 18:23:45.906
796,93341,3,-90.0,0.049,-89.99,0.048,2026-05-06 18:23:45.906
797,93448,1,-50.77,-0.063,-50.77,-0.064,2026-05-06 18:23:45.906
798,93689,1,-50.77,-0.063,-50.77,-0.064,2026-05-06 18:23:46.120
799,93752,2,50.77,0.063,50.78,0.065,2026-05-06 18:23:46.120
800,93811,3,-90.0,0.049,-90.0,0.048,2026-05-06 18:23:46.120
801,94160,1,-50.77,-0.063,-50.78,-0.065,2026-05-06 18:23:46.120
802,94223,2,50.77,0.063,50.78,0.064,2026-05-06 18:23:46.120
803,94282,3,-90.0,0.049,-90.0,0.05,2026-05-06 18:23:46.120
804,94389,1,-50.77,-0.063,-50.78,-0.065,2026-05-06 18:23:46.120
805,94627,1,-50.77,-0.063,-50.77,-0.065,2026-05-06 18:23:46.120
806,94690,2,50.77,0.063,50.78,0.065,2026-05-06 18:23:46.120
807,94749,3,-90.0,0.049,-90.0,0.049,2026-05-06 18:23:46.120
808,94856,1,-50.77,-0.063,-50.77,-0.064,2026-05-06 18:23:46.120
809,95094,1,-50.77,-0.063,-50.77,-0.064,2026-05-06 18:23:46.120
810,95157,2,50.77,0.063,50.78,0.064,2026-05-06 18:23:46.120
811,95567,1,-50.77,-0.063,-50.77,-0.063,2026-05-06 18:23:46.120
812,95630,2,50.77,0.063,50.78,0.062,2026-05-06 18:23:46.120
813,95689,3,-90.0,0.049,-90.0,0.048,2026-05-06 18:23:46.120
814,95796,1,-50.77,-0.063,-50.78,-0.063,2026-05-06 18:23:46.120
815,96034,1,-50.77,-0.063,-50.77,-0.062,2026-05-06 18:23:46.120
816,96097,2,50.77,0.063,50.78,0.062,2026-05-06 18:23:46.166
817,96156,3,-90.0,0.049,-90.0,0.047,2026-05-06 18:23:46.166
818,96392,1,-50.77,-0.063,-50.77,-0.063,2026-05-06 18:23:46.166
819,96455,2,50.77,0.063,50.77,0.062,2026-05-06 18:23:46.166
820,96514,3,-90.0,0.049,-90.0,0.047,2026-05-06 18:23:46.166
821,96734,1,-50.77,-0.063,-50.77,-0.063,2026-05-06 18:23:46.203
822,96972,1,-50.77,-0.063,-50.77,-0.063,2026-05-06 18:23:46.203
823,97035,2,50.77,0.063,50.77,0.062,2026-05-06 18:23:46.203
824,97094,3,-90.0,0.049,-90.0,0.047,2026-05-06 18:23:46.353
825,97201,1,-50.77,-0.063,-50.77,-0.062,2026-05-06 18:23:46.353
826,97439,1,-50.77,-0.063,-50.77,-0.063,2026-05-06 18:23:46.353
827,97502,2,50.77,0.063,50.78,0.063,2026-05-06 18:23:46.353
828,97561,3,-90.0,0.049,-90.0,0.048,2026-05-06 18:23:46.353
829,97796,1,-50.77,-0.063,-50.78,-0.064,2026-05-06 18:23:46.353
830,97859,2,50.77,0.063,50.77,0.063,2026-05-06 18:23:46.353
831,97918,3,-90.0,0.049,-90.0,0.048,2026-05-06 18:23:46.353
832,98138,1,-50.77,-0.063,-50.78,-0.064,2026-05-06 18:23:46.353
833,98376,1,-50.77,-0.063,-50.77,-0.063,2026-05-06 18:23:46.353
834,98439,2,50.77,0.063,50.78,0.064,2026-05-06 18:23:46.353
835,98498,3,-90.0,0.049,-90.0,0.048,2026-05-06 18:23:46.353
836,98605,1,-50.77,-0.063,-50.77,-0.064,2026-05-06 18:23:46.353
837,98729,1,-50.77,-0.063,-50.77,-0.063,2026-05-06 18:23:46.353
838,98792,2,50.77,0.063,50.77,0.063,2026-05-06 18:23:46.353
839,98851,3,-90.0,0.049,-90.0,0.048,2026-05-06 18:23:46.460
840,99071,1,-50.77,-0.063,-50.77,-0.063,2026-05-06 18:23:46.460
841,99310,1,-50.77,-0.063,-50.77,-0.064,2026-05-06 18:23:46.460
842,99373,2,50.77,0.063,50.77,0.063,2026-05-06 18:23:46.460
843,99432,3,-90.0,0.049,-90.0,0.048,2026-05-06 18:23:46.460
844,99539,1,-50.77,-0.063,-50.77,-0.064,2026-05-06 18:23:46.460
845,99777,1,-50.77,-0.063,-50.77,-0.063,2026-05-06 18:23:46.460
846,99840,2,50.77,0.063,50.77,0.063,2026-05-06 18:23:46.619
847,99899,3,-90.0,0.049,-90.0,0.047,2026-05-06 18:23:46.619
848,100091,2,50.77,0.063,50.77,0.062,2026-05-06 18:23:46.619
849,100150,3,-90.0,0.049,-90.0,0.047,2026-05-06 18:23:46.619
850,100257,1,-50.77,-0.063,-50.77,-0.064,2026-05-06 18:23:46.619
851,100320,2,50.77,0.063,50.78,0.063,2026-05-06 18:23:46.619
852,100379,3,-90.0,0.049,-90.0,0.047,2026-05-06 18:23:46.619
853,100725,1,-50.77,-0.063,-50.77,-0.063,2026-05-06 18:23:46.619
854,100788,2,50.77,0.063,50.78,0.063,2026-05-06 18:23:46.619
855,100847,3,-90.0,0.049,-90.0,0.047,2026-05-06 18:23:46.619
856,100954,1,-50.77,-0.063,-50.77,-0.063,2026-05-06 18:23:46.619
857,101192,1,-50.77,-0.063,-50.77,-0.063,2026-05-06 18:23:46.619
858,101255,2,50.77,0.063,50.78,0.064,2026-05-06 18:23:46.619
859,101314,3,-90.0,0.049,-90.0,0.047,2026-05-06 18:23:46.619
860,101505,2,50.77,0.063,50.78,0.062,2026-05-06 18:23:46.619
861,101564,3,-90.0,0.049,-90.0,0.048,2026-05-06 18:23:46.619
862,101671,1,-50.77,-0.063,-50.77,-0.064,2026-05-06 18:23:46.619
863,101734,2,50.77,0.063,50.78,0.062,2026-05-06 18:23:46.619
864,101793,3,-90.0,0.049,-90.0,0.048,2026-05-06 18:23:46.619
865,102139,1,-50.77,-0.063,-50.77,-0.064,2026-05-06 18:23:46.778
866,102202,2,50.77,0.063,50.78,0.063,2026-05-06 18:23:46.778
867,102261,3,-90.0,0.049,-90.0,0.048,2026-05-06 18:23:46.778
868,102368,1,-50.77,-0.063,-50.77,-0.064,2026-05-06 18:23:46.778
869,102495,1,-50.77,-0.063,-50.77,-0.063,2026-05-06 18:23:46.778
870,102558,2,50.77,0.063,50.78,0.063,2026-05-06 18:23:46.778
871,102617,3,-90.0,0.049,-90.0,0.047,2026-05-06 18:23:46.778
872,102837,1,-50.77,-0.063,-50.77,-0.064,2026-05-06 18:23:46.778
873,103075,1,-50.77,-0.063,-50.77,-0.064,2026-05-06 18:23:46.778
874,103138,2,50.77,0.063,50.78,0.062,2026-05-06 18:23:46.778
875,103197,3,-90.0,0.049,-90.0,0.047,2026-05-06 18:23:46.778
876,103304,1,-50.77,-0.063,-50.77,-0.064,2026-05-06 18:23:46.778
877,103382,3,-90.0,0.049,-90.0,0.048,2026-05-06 18:23:46.778
878,103602,1,-50.77,-0.063,-50.77,-0.064,2026-05-06 18:23:46.778
879,103665,2,50.77,0.063,50.77,0.063,2026-05-06 18:23:46.778
880,103724,3,-90.0,0.049,-90.0,0.048,2026-05-06 18:23:46.778
881,103895,1,-50.77,-0.063,-50.77,-0.064,2026-05-06 18:23:47.235
882,103958,2,50.77,0.063,50.77,0.062,2026-05-06 18:23:47.235
883,104017,3,-90.0,0.049,-90.0,0.047,2026-05-06 18:23:47.235
884,104124,1,-50.77,-0.063,-50.77,-0.064,2026-05-06 18:23:47.235
885,104187,2,50.77,0.063,50.77,0.062,2026-05-06 18:23:47.235
886,104246,3,-90.0,0.049,-90.0,0.047,2026-05-06 18:23:47.235
887,104483,1,-50.77,-0.063,-50.77,-0.063,2026-05-06 18:23:47.235
888,104546,2,50.77,0.063,50.77,0.064,2026-05-06 18:23:47.235
889,104605,3,-90.0,0.049,-90.0,0.047,2026-05-06 18:23:47.235
890,104715,1,-50.77,-0.063,-50.77,-0.063,2026-05-06 18:23:47.235
891,104953,1,-50.77,-0.063,-50.77,-0.063,2026-05-06 18:23:47.235
892,105016,2,50.77,0.063,50.77,0.063,2026-05-06 18:23:47.235
893,105075,3,-90.0,0.049,-90.0,0.047,2026-05-06 18:23:47.235
894,105423,1,-50.77,-0.063,-50.77,-0.064,2026-05-06 18:23:47.235
895,105486,2,50.77,0.063,50.77,0.063,2026-05-06 18:23:47.235
896,105545,3,-90.0,0.049,-90.0,0.048,2026-05-06 18:23:47.235
897,105652,1,-50.77,-0.063,-50.77,-0.064,2026-05-06 18:23:47.235
898,105890,1,-50.77,-0.063,-50.77,-0.064,2026-05-06 18:23:47.235
899,105953,2,50.77,0.063,50.77,0.064,2026-05-06 18:23:47.235
900,106012,3,-90.0,0.049,-90.0,0.048,2026-05-06 18:23:47.235
901,106364,1,-50.77,-0.063,-50.77,-0.064,2026-05-06 18:23:47.235
902,106427,2,50.77,0.063,50.77,0.064,2026-05-06 18:23:47.235
903,106486,3,-90.0,0.049,-90.0,0.048,2026-05-06 18:23:47.235
904,106593,1,-50.77,-0.063,-50.77,-0.064,2026-05-06 18:23:47.235
905,106671,2,50.77,0.063,50.77,0.063,2026-05-06 18:23:47.235
906,106730,3,-90.0,0.049,-90.0,0.048,2026-05-06 18:23:47.235
907,106953,1,-50.77,-0.063,-50.77,-0.064,2026-05-06 18:23:47.235
908,107016,2,50.77,0.063,50.77,0.063,2026-05-06 18:23:47.235
909,107075,3,-90.0,0.049,-90.0,0.048,2026-05-06 18:23:47.235
910,107195,1,-50.77,-0.063,-50.77,-0.064,2026-05-06 18:23:47.235
911,107258,2,50.77,0.063,50.77,0.064,2026-05-06 18:23:47.235
912,107317,3,-90.0,0.049,-90.0,0.05,2026-05-06 18:23:47.235
913,107537,1,-50.77,-0.063,-50.77,-0.064,2026-05-06 18:23:47.235
914,107778,1,-50.77,-0.063,-50.77,-0.065,2026-05-06 18:23:47.235
915,107841,2,50.77,0.063,50.77,0.063,2026-05-06 18:23:47.235
916,107900,3,-90.0,0.049,-90.0,0.048,2026-05-06 18:23:47.235
917,108007,1,-50.77,-0.063,-50.77,-0.065,2026-05-06 18:23:47.235
918,108245,1,-50.77,-0.063,-50.77,-0.064,2026-05-06 18:23:47.235
919,108308,2,50.77,0.063,50.77,0.064,2026-05-06 18:23:47.235
920,108367,3,-90.0,0.049,-90.0,0.048,2026-05-06 18:23:47.235
921,108556,2,50.77,0.063,50.77,0.064,2026-05-06 18:23:47.235
922,108615,3,-90.0,0.049,-90.0,0.048,2026-05-06 18:23:47.235
923,108722,1,-50.77,-0.063,-50.77,-0.064,2026-05-06 18:23:47.235
924,108785,2,50.77,0.063,50.77,0.063,2026-05-06 18:23:47.235
925,108844,3,-90.0,0.049,-90.0,0.048,2026-05-06 18:23:47.235
926,109189,1,-50.77,-0.063,-50.77,-0.063,2026-05-06 18:23:47.360
927,109252,2,50.77,0.063,50.77,0.063,2026-05-06 18:23:47.360
928,109311,3,-90.0,0.049,-90.0,0.048,2026-05-06 18:23:47.360
929,109418,1,-50.77,-0.063,-50.77,-0.063,2026-05-06 18:23:47.360
930,109496,3,-90.0,0.049,-90.0,0.048,2026-05-06 18:23:47.360
931,109716,1,-50.77,-0.063,-50.77,-0.063,2026-05-06 18:23:47.360
932,109779,2,50.77,0.063,50.77,0.064,2026-05-06 18:23:47.360
933,109838,3,-90.0,0.049,-90.0,0.048,2026-05-06 18:23:47.360
934,110008,1,-50.77,-0.063,-50.77,-0.064,2026-05-06 18:23:47.360
935,110071,2,50.77,0.063,50.77,0.063,2026-05-06 18:23:47.360
936,110130,3,-90.0,0.049,-90.0,0.049,2026-05-06 18:23:47.360
937,110237,1,-50.77,-0.063,-50.77,-0.064,2026-05-06 18:23:47.360
938,110300,2,50.77,0.063,50.77,0.063,2026-05-06 18:23:47.360
939,110359,3,-90.0,0.049,-90.0,0.049,2026-05-06 18:23:47.635
940,110592,1,-50.77,-0.063,-50.77,-0.064,2026-05-06 18:23:47.635
941,110655,2,50.77,0.063,50.77,0.064,2026-05-06 18:23:47.635
942,110714,3,-90.0,0.049,-90.0,0.049,2026-05-06 18:23:47.635
943,110821,1,-50.77,-0.063,-50.77,-0.064,2026-05-06 18:23:47.635
944,110946,1,-50.77,-0.063,-50.77,-0.063,2026-05-06 18:23:47.635
945,111009,2,50.77,0.063,50.77,0.063,2026-05-06 18:23:47.635
946,111068,3,-90.0,0.049,-90.0,0.048,2026-05-06 18:23:47.635
947,111288,1,-50.77,-0.063,-50.77,-0.064,2026-05-06 18:23:47.635
948,111526,1,-50.77,-0.063,-50.77,-0.063,2026-05-06 18:23:47.635
949,111589,2,50.77,0.063,50.77,0.062,2026-05-06 18:23:47.635
950,111648,3,-90.0,0.049,-90.0,0.048,2026-05-06 18:23:47.635
951,111755,1,-50.77,-0.063,-50.77,-0.063,2026-05-06 18:23:47.635
952,111880,1,-50.77,-0.063,-50.77,-0.064,2026-05-06 18:23:47.635
953,111943,2,50.77,0.063,50.77,0.063,2026-05-06 18:23:47.635
954,112002,3,-90.0,0.049,-90.0,0.048,2026-05-06 18:23:47.635
955,112222,1,-50.77,-0.063,-50.77,-0.064,2026-05-06 18:23:47.635
956,112460,1,-50.77,-0.061,-50.77,-0.064,2026-05-06 18:23:47.635
957,112523,2,50.77,0.061,50.77,0.063,2026-05-06 18:23:47.635
958,112582,3,-90.0,0.047,-90.0,0.048,2026-05-06 18:23:47.635
959,112689,1,-50.77,-0.061,-50.77,-0.064,2026-05-06 18:23:47.635
960,112767,3,-90.0,0.044,-90.0,0.048,2026-05-06 18:23:47.635
961,112987,1,-50.77,-0.055,-50.77,-0.063,2026-05-06 18:23:47.635
962,113050,2,50.77,0.055,50.77,0.061,2026-05-06 18:23:47.635
963,113109,3,-90.0,0.043,-90.0,0.048,2026-05-06 18:23:47.635
964,113233,1,-50.77,-0.041,-50.77,-0.058,2026-05-06 18:23:47.635
965,113296,2,50.77,0.041,50.77,0.059,2026-05-06 18:23:47.635
966,113355,3,-90.0,0.032,-90.0,0.045,2026-05-06 18:23:47.635
967,113462,1,-50.77,-0.041,-50.77,-0.058,2026-05-06 18:23:47.635
968,113525,2,50.77,0.041,50.77,0.059,2026-05-06 18:23:47.668
969,113584,3,-90.0,0.032,-90.0,0.045,2026-05-06 18:23:47.668
970,113703,2,50.77,0.019,50.77,0.052,2026-05-06 18:23:47.668
971,113762,3,-90.0,0.015,-90.0,0.037,2026-05-06 18:23:47.668
972,113982,1,-50.77,-0.016,-50.77,-0.048,2026-05-06 18:23:47.820
973,114045,2,50.77,0.016,50.77,0.048,2026-05-06 18:23:47.820
974,114104,3,-90.0,0.013,-90.0,0.039,2026-05-06 18:23:47.820
975,114177,2,50.77,0.006,50.77,0.032,2026-05-06 18:23:47.820
976,114236,3,-90.0,0.004,-90.0,0.025,2026-05-06 18:23:47.820
977,114456,1,-50.77,-0.005,-50.77,-0.032,2026-05-06 18:23:47.820
978,114519,2,50.77,0.005,50.77,0.032,2026-05-06 18:23:47.820
979,114578,3,-90.0,0.003,-90.0,0.025,2026-05-06 18:23:47.820
980,114712,3,-10.69,0.0,-90.0,0.01,2026-05-06 18:23:47.820
981,114819,1,12.58,0.0,-50.77,-0.015,2026-05-06 18:23:47.820
982,114880,2,9.29,0.0,50.77,0.015,2026-05-06 18:23:47.820
983,114938,3,-10.69,0.0,-90.0,0.01,2026-05-06 18:23:47.820
984,115285,1,0.0,0.0,-50.87,-0.001,2026-05-06 18:23:47.820
985,115345,2,0.0,0.0,50.77,0.001,2026-05-06 18:23:47.820
986,115403,3,0.0,0.0,-90.0,0.0,2026-05-06 18:23:47.820
987,115508,1,0.0,0.0,-50.87,-0.0,2026-05-06 18:23:47.820
988,115750,1,0.0,0.0,-51.61,0.0,2026-05-06 18:23:47.886
989,115809,2,0.0,0.0,48.58,-0.0,2026-05-06 18:23:47.886
990,115868,3,0.0,0.0,-90.0,0.0,2026-05-06 18:23:47.886
991,115973,1,0.0,0.0,-51.61,0.0,2026-05-06 18:23:47.886
992,116211,1,0.0,0.0,-47.86,-0.0,2026-05-06 18:23:47.886
993,116271,2,0.0,0.0,41.74,-0.001,2026-05-06 18:23:47.886
994,116330,3,0.0,0.0,-88.31,-0.0,2026-05-06 18:23:47.886
995,116679,1,0.0,0.0,-41.82,-0.003,2026-05-06 18:23:47.961
996,116739,2,0.0,0.0,33.46,-0.003,2026-05-06 18:23:47.961
997,116798,3,0.0,0.0,-83.78,0.0,2026-05-06 18:23:47.961
998,116903,1,0.0,0.0,-41.82,-0.003,2026-05-06 18:23:47.961
999,117141,1,0.0,0.0,-33.23,-0.002,2026-05-06 18:23:47.961
1000,117201,2,0.0,0.0,22.83,-0.006,2026-05-06 18:23:47.961
1001,117260,3,0.0,0.0,-76.82,0.003,2026-05-06 18:23:47.961
1002,117365,1,0.0,0.0,-33.23,-0.002,2026-05-06 18:23:48.619
1003,117603,1,0.0,0.0,-15.97,-0.003,2026-05-06 18:23:48.619
1004,117724,3,0.0,0.0,-59.59,0.009,2026-05-06 18:23:48.619
1005,117960,1,0.0,0.0,-6.38,0.001,2026-05-06 18:23:48.619
1006,118018,2,0.0,0.0,2.08,0.001,2026-05-06 18:23:48.619
1007,118075,3,0.0,0.0,-41.42,0.011,2026-05-06 18:23:48.619
1008,118534,1,0.0,0.01,-1.38,0.002,2026-05-06 18:23:48.619
1009,118592,2,0.0,0.01,0.12,0.006,2026-05-06 18:23:48.619
1010,118649,3,0.0,0.01,-26.73,0.005,2026-05-06 18:23:48.619
1011,118754,1,0.0,0.0,-0.93,0.002,2026-05-06 18:23:48.619
1012,118993,1,0.0,0.035,0.16,0.103,2026-05-06 18:23:48.619
1013,119050,2,0.0,0.035,-0.03,0.086,2026-05-06 18:23:48.619
1014,119108,3,0.0,0.035,-13.68,0.069,2026-05-06 18:23:48.619
1015,119324,2,0.0,0.01,-0.03,0.014,2026-05-06 18:23:48.619
1016,119382,3,0.0,0.01,-6.81,0.012,2026-05-06 18:23:48.619
1017,119599,1,0.0,0.015,0.07,0.011,2026-05-06 18:23:48.619
1018,119656,2,0.0,0.015,-0.03,0.014,2026-05-06 18:23:48.619
1019,119714,3,0.0,0.015,-5.09,0.012,2026-05-06 18:23:48.619
1020,119950,1,0.0,0.05,0.01,0.006,2026-05-06 18:23:48.619
1021,120007,2,0.0,0.05,-0.02,0.009,2026-05-06 18:23:48.619
1022,120065,3,0.0,0.05,-0.75,0.011,2026-05-06 18:23:48.619
1023,120169,1,0.0,0.05,0.01,0.009,2026-05-06 18:23:48.619
1024,120407,1,0.0,0.09,-0.02,0.025,2026-05-06 18:23:48.619
1025,120465,2,0.0,0.09,-0.02,0.025,2026-05-06 18:23:48.619
1026,120523,3,0.0,0.09,0.05,0.029,2026-05-06 18:23:48.619
1027,120626,1,0.0,0.09,-0.02,0.025,2026-05-06 18:23:48.619
1028,120865,1,0.0,0.125,0.03,0.057,2026-05-06 18:23:48.619
1029,120922,2,0.0,0.125,-0.02,0.055,2026-05-06 18:23:48.619
1030,121199,3,0.0,0.16,0.08,0.081,2026-05-06 18:23:48.619
1031,121302,1,0.0,0.16,0.05,0.085,2026-05-06 18:23:48.619
1032,121359,2,0.0,0.16,-0.03,0.089,2026-05-06 18:23:48.619
1033,121417,3,0.0,0.16,0.08,0.086,2026-05-06 18:23:48.619
1034,121633,1,0.0,0.165,0.05,0.085,2026-05-06 18:23:48.619
1035,121849,1,0.0,0.2,0.04,0.127,2026-05-06 18:23:48.619
1036,121906,2,0.0,0.2,-0.02,0.132,2026-05-06 18:23:48.619
1037,121964,3,0.0,0.2,0.09,0.0,2026-05-06 18:23:48.619
1038,122070,1,0.0,0.2,0.04,0.134,2026-05-06 18:23:48.619
1039,122309,1,0.0,0.235,0.02,0.17,2026-05-06 18:23:48.619
1040,122366,2,0.0,0.235,-0.0,0.175,2026-05-06 18:23:48.619
1041,122424,3,0.0,0.235,0.04,0.171,2026-05-06 18:23:48.619
1042,122639,1,0.0,0.27,-0.0,0.199,2026-05-06 18:23:48.619
1043,122697,2,0.0,0.27,0.0,0.208,2026-05-06 18:23:48.619
1044,122754,3,0.0,0.27,0.02,0.207,2026-05-06 18:23:48.619
1045,123031,2,0.0,0.275,0.0,0.208,2026-05-06 18:23:48.619
1046,123266,1,0.0,0.31,-0.0,0.253,2026-05-06 18:23:48.619
1047,123324,2,0.0,0.31,-0.0,0.26,2026-05-06 18:23:48.619
1048,123382,3,0.0,0.31,-0.01,0.255,2026-05-06 18:23:48.619
1049,123486,1,0.0,0.31,-0.0,0.253,2026-05-06 18:23:48.619
1050,123751,1,0.0,0.35,-0.0,0.288,2026-05-06 18:23:48.619
1051,123809,2,0.0,0.35,0.01,0.29,2026-05-06 18:23:48.619
1052,123866,3,0.0,0.35,0.0,0.284,2026-05-06 18:23:48.619
1053,123969,1,0.0,0.35,-0.0,0.292,2026-05-06 18:23:48.619
1054,124208,1,0.0,0.35,-0.0,0.331,2026-05-06 18:23:48.619
1055,124266,2,0.0,0.35,0.0,0.34,2026-05-06 18:23:48.619
1056,124323,3,0.0,0.35,0.0,0.332,2026-05-06 18:23:48.619
1057,124539,3,0.0,0.35,0.0,0.357,2026-05-06 18:23:48.619
1058,124642,1,0.0,0.35,0.0,0.355,2026-05-06 18:23:48.619
1059,124699,2,0.0,0.35,-0.01,0.366,2026-05-06 18:23:48.719
1060,124757,3,0.0,0.35,0.0,0.358,2026-05-06 18:23:48.719
1061,124973,1,0.0,0.35,0.0,0.355,2026-05-06 18:23:48.719
1062,125189,1,0.0,0.35,0.01,0.361,2026-05-06 18:23:48.719
1063,125246,2,0.0,0.35,-0.02,0.371,2026-05-06 18:23:48.719
1064,125304,3,0.0,0.35,-0.0,0.364,2026-05-06 18:23:48.719
1065,125408,1,0.0,0.35,0.01,0.363,2026-05-06 18:23:48.719
1066,125646,1,0.0,0.35,0.0,0.365,2026-05-06 18:23:48.719
1067,125703,2,0.0,0.35,-0.01,0.371,2026-05-06 18:23:48.719
1068,125761,3,0.0,0.35,0.0,0.366,2026-05-06 18:23:48.719
1069,126023,1,0.0,0.35,0.0,0.365,2026-05-06 18:23:48.911
1070,126080,2,0.0,0.35,-0.03,0.377,2026-05-06 18:23:48.911
1071,126138,3,0.0,0.35,-0.0,0.365,2026-05-06 18:23:48.911
1072,126358,1,0.0,0.35,0.0,0.365,2026-05-06 18:23:48.911
1073,126415,2,0.0,0.35,-0.03,0.377,2026-05-06 18:23:48.911
1074,126631,1,0.0,0.35,0.0,0.359,2026-05-06 18:23:48.911
1075,126688,2,0.0,0.35,0.06,0.369,2026-05-06 18:23:48.911
1076,126745,3,0.0,0.35,0.0,0.365,2026-05-06 18:23:48.911
1077,126848,1,0.0,0.35,0.0,0.359,2026-05-06 18:23:48.911
1078,126905,2,0.0,0.35,0.06,0.371,2026-05-06 18:23:48.911
1079,127120,1,0.0,0.35,-0.01,0.356,2026-05-06 18:23:48.911
1080,127178,2,0.0,0.35,0.02,0.365,2026-05-06 18:23:48.911
1081,127235,3,0.0,0.35,0.0,0.358,2026-05-06 18:23:48.911
1082,127338,1,0.0,0.35,-0.01,0.356,2026-05-06 18:23:48.911
1083,127580,1,0.0,0.35,-0.02,0.349,2026-05-06 18:23:48.911
1084,127638,2,0.0,0.35,0.0,0.363,2026-05-06 18:23:48.911
1085,127695,3,0.0,0.35,0.0,0.356,2026-05-06 18:23:48.911
1086,127911,3,0.0,0.35,0.0,0.35,2026-05-06 18:23:48.911
1087,128014,1,0.0,0.35,-0.0,0.349,2026-05-06 18:23:48.911
1088,128072,2,0.0,0.35,-0.0,0.359,2026-05-06 18:23:48.969
1089,128130,3,0.0,0.35,0.0,0.35,2026-05-06 18:23:48.969
1090,128346,1,0.0,0.35,-0.0,0.347,2026-05-06 18:23:48.969
1091,128562,1,0.0,0.35,-0.0,0.347,2026-05-06 18:23:48.969
1092,128620,2,0.0,0.35,0.0,0.359,2026-05-06 18:23:48.969
1093,128677,3,0.0,0.35,-0.0,0.354,2026-05-06 18:23:48.969
1094,128804,1,0.0,0.35,-0.01,0.348,2026-05-06 18:23:49.228
1095,129033,1,0.0,0.35,-0.0,0.351,2026-05-06 18:23:49.228
1096,129091,2,0.0,0.35,-0.0,0.36,2026-05-06 18:23:49.228
1097,129149,3,0.0,0.35,0.0,0.352,2026-05-06 18:23:49.228
1098,129410,1,0.0,0.35,0.0,0.354,2026-05-06 18:23:49.228
1099,129467,2,0.0,0.35,-0.0,0.364,2026-05-06 18:23:49.228
1100,129525,3,0.0,0.35,-0.0,0.354,2026-05-06 18:23:49.228
1101,129742,1,0.0,0.35,0.0,0.354,2026-05-06 18:23:49.228
1102,129799,2,0.0,0.35,-0.0,0.364,2026-05-06 18:23:49.228
1103,130015,1,0.0,0.35,0.01,0.356,2026-05-06 18:23:49.228
1104,130072,2,0.0,0.35,-0.01,0.364,2026-05-06 18:23:49.228
1105,130130,3,0.0,0.35,-0.0,0.359,2026-05-06 18:23:49.228
1106,130234,1,0.0,0.35,0.01,0.358,2026-05-06 18:23:49.228
1107,130473,1,0.0,0.35,0.01,0.356,2026-05-06 18:23:49.228
1108,130530,2,0.0,0.35,-0.0,0.365,2026-05-06 18:23:49.228
1109,130588,3,0.0,0.35,0.0,0.359,2026-05-06 18:23:49.228
1110,130691,1,0.0,0.35,0.0,0.357,2026-05-06 18:23:49.228
1111,130930,1,0.0,0.35,0.0,0.357,2026-05-06 18:23:49.228
1112,130987,2,0.0,0.35,0.0,0.365,2026-05-06 18:23:49.228
1113,131044,3,0.0,0.35,-0.0,0.359,2026-05-06 18:23:49.228
1114,131422,1,0.0,0.35,0.0,0.347,2026-05-06 18:23:49.228
1115,131479,2,0.0,0.35,0.0,0.357,2026-05-06 18:23:49.228
1116,131536,3,0.0,0.35,0.0,0.351,2026-05-06 18:23:49.228
1117,131639,1,0.0,0.35,0.0,0.347,2026-05-06 18:23:49.228
1118,131696,2,0.0,0.35,0.0,0.357,2026-05-06 18:23:49.318
1119,131913,1,0.0,0.35,-0.0,0.345,2026-05-06 18:23:49.318
1120,131971,2,0.0,0.35,0.0,0.357,2026-05-06 18:23:49.318
1121,132028,3,0.0,0.35,0.0,0.35,2026-05-06 18:23:49.318
1122,132131,1,0.0,0.35,-0.0,0.344,2026-05-06 18:23:49.318
1123,132431,2,0.0,0.35,0.0,0.356,2026-05-06 18:23:49.318
1124,132488,3,0.0,0.35,-0.0,0.35,2026-05-06 18:23:49.318
1125,132751,1,0.0,0.35,0.0,0.349,2026-05-06 18:23:49.410
1126,132808,2,0.0,0.35,0.0,0.359,2026-05-06 18:23:49.410
1127,132865,3,0.0,0.35,-0.0,0.349,2026-05-06 18:23:49.410
1128,133085,1,0.0,0.35,0.01,0.349,2026-05-06 18:23:49.410
1129,133142,2,0.0,0.35,0.0,0.359,2026-05-06 18:23:49.410
1130,133357,1,0.0,0.35,0.01,0.353,2026-05-06 18:23:49.410
1131,133414,2,0.0,0.35,-0.01,0.362,2026-05-06 18:23:49.410
1132,133472,3,0.0,0.35,-0.0,0.356,2026-05-06 18:23:49.410
1133,133576,1,0.0,0.35,0.01,0.353,2026-05-06 18:23:49.410
1134,133654,3,0.0,0.35,-0.0,0.357,2026-05-06 18:23:49.410
1135,133874,1,0.0,0.35,0.0,0.355,2026-05-06 18:23:49.723
1136,133931,2,0.0,0.35,-0.0,0.362,2026-05-06 18:23:49.723
1137,133989,3,0.0,0.35,0.0,0.358,2026-05-06 18:23:49.723
1138,134092,1,0.0,0.35,0.0,0.354,2026-05-06 18:23:49.723
1139,134308,1,0.0,0.35,-0.0,0.351,2026-05-06 18:23:49.723
1140,134366,2,0.0,0.35,-0.0,0.361,2026-05-06 18:23:49.723
1141,134424,3,0.0,0.35,-0.0,0.356,2026-05-06 18:23:49.723
1142,134798,1,0.0,0.35,-0.0,0.349,2026-05-06 18:23:49.723
1143,134856,2,0.0,0.35,0.0,0.356,2026-05-06 18:23:49.723
1144,134913,3,0.0,0.35,-0.0,0.352,2026-05-06 18:23:49.723
1145,135017,1,0.0,0.35,-0.0,0.348,2026-05-06 18:23:49.723
1146,135075,2,0.0,0.35,0.0,0.356,2026-05-06 18:23:49.723
1147,135290,1,0.0,0.35,0.0,0.346,2026-05-06 18:23:49.723
1148,135347,2,0.0,0.35,0.01,0.352,2026-05-06 18:23:49.723
1149,135404,3,0.0,0.35,0.0,0.348,2026-05-06 18:23:49.723
1150,135507,1,0.0,0.35,-0.0,0.345,2026-05-06 18:23:49.723
1151,135565,2,0.0,0.35,0.01,0.353,2026-05-06 18:23:49.723
1152,135783,1,0.0,0.35,-0.0,0.343,2026-05-06 18:23:49.723
1153,135841,2,0.0,0.35,0.01,0.35,2026-05-06 18:23:49.723
1154,135898,3,0.0,0.35,0.0,0.348,2026-05-06 18:23:49.723
1155,136160,1,0.0,0.35,-0.0,0.346,2026-05-06 18:23:49.723
1156,136218,2,0.0,0.35,-0.0,0.353,2026-05-06 18:23:49.723
1157,136276,3,0.0,0.35,0.0,0.348,2026-05-06 18:23:49.723
1158,136492,1,0.0,0.35,-0.0,0.347,2026-05-06 18:23:49.723
1159,136731,1,0.0,0.35,0.0,0.352,2026-05-06 18:23:49.723
1160,136788,2,0.0,0.35,-0.0,0.355,2026-05-06 18:23:49.723
1161,136846,3,0.0,0.35,-0.0,0.353,2026-05-06 18:23:49.723
1162,136950,1,0.0,0.35,0.0,0.352,2026-05-06 18:23:49.723
1163,137029,1,0.0,0.35,0.0,0.352,2026-05-06 18:23:49.723
1164,137086,2,0.0,0.35,-0.0,0.355,2026-05-06 18:23:49.723
1165,137424,2,0.0,0.35,-0.0,0.355,2026-05-06 18:23:49.837
1166,137660,1,0.0,0.35,0.0,0.352,2026-05-06 18:23:49.837
1167,137717,2,0.0,0.35,0.0,0.356,2026-05-06 18:23:49.837
1168,137774,3,0.0,0.35,-0.0,0.35,2026-05-06 18:23:49.837
1169,138150,1,0.0,0.35,0.0,0.35,2026-05-06 18:23:49.837
1170,138207,2,0.0,0.35,0.0,0.355,2026-05-06 18:23:49.837
1171,138264,3,0.0,0.35,0.01,0.35,2026-05-06 18:23:49.837
1172,138367,1,0.0,0.35,0.0,0.348,2026-05-06 18:23:49.837
1173,138424,2,0.0,0.35,0.0,0.354,2026-05-06 18:23:49.837
1174,138639,1,0.0,0.35,0.0,0.347,2026-05-06 18:23:49.837
1175,138696,2,0.0,0.35,0.0,0.353,2026-05-06 18:23:50.185
1176,138753,3,0.0,0.35,-0.0,0.349,2026-05-06 18:23:50.185
1177,138857,1,0.0,0.35,0.0,0.347,2026-05-06 18:23:50.185
1178,138914,2,0.0,0.35,0.0,0.353,2026-05-06 18:23:50.185
1179,139129,1,0.0,0.35,0.0,0.349,2026-05-06 18:23:50.185
1180,139186,2,0.0,0.35,0.0,0.354,2026-05-06 18:23:50.185
1181,139243,3,0.0,0.35,0.0,0.348,2026-05-06 18:23:50.185
1182,139506,1,0.0,0.35,0.0,0.346,2026-05-06 18:23:50.185
1183,139563,2,0.0,0.35,-0.0,0.351,2026-05-06 18:23:50.185
1184,139621,3,0.0,0.35,-0.0,0.349,2026-05-06 18:23:50.185
1185,139844,1,0.0,0.35,0.0,0.346,2026-05-06 18:23:50.185
1186,140082,1,0.0,0.35,0.0,0.346,2026-05-06 18:23:50.185
1187,140139,2,0.0,0.35,-0.0,0.349,2026-05-06 18:23:50.185
1188,140197,3,0.0,0.35,0.0,0.347,2026-05-06 18:23:50.185
1189,140300,1,0.0,0.35,0.0,0.346,2026-05-06 18:23:50.185
1190,140379,3,0.0,0.35,-0.01,0.347,2026-05-06 18:23:50.185
1191,140596,1,0.0,0.35,-0.0,0.345,2026-05-06 18:23:50.185
1192,140654,2,0.0,0.35,-0.0,0.353,2026-05-06 18:23:50.185
1193,140712,3,0.0,0.35,-0.0,0.347,2026-05-06 18:23:50.185
1194,140998,1,0.0,0.35,-0.0,0.349,2026-05-06 18:23:50.185
1195,141056,2,0.0,0.35,-0.0,0.352,2026-05-06 18:23:50.185
1196,141114,3,0.0,0.35,0.0,0.347,2026-05-06 18:23:50.185
1197,141489,1,0.0,0.35,-0.0,0.341,2026-05-06 18:23:50.185
1198,141547,2,0.0,0.35,0.0,0.346,2026-05-06 18:23:50.185
1199,141604,3,0.0,0.35,-0.06,0.345,2026-05-06 18:23:50.185
1200,141708,1,0.0,0.35,0.0,0.343,2026-05-06 18:23:50.185
1201,141946,1,0.0,0.35,0.0,0.343,2026-05-06 18:23:50.185
1202,142003,2,0.0,0.35,0.0,0.348,2026-05-06 18:23:50.185
1203,142060,3,0.0,0.35,0.05,0.347,2026-05-06 18:23:50.185
1204,142163,1,0.0,0.35,0.0,0.343,2026-05-06 18:23:50.185
1205,142220,2,0.0,0.35,0.0,0.348,2026-05-06 18:23:50.185
1206,142435,1,0.0,0.35,0.0,0.351,2026-05-06 18:23:50.185
1207,142497,2,0.0,0.35,0.0,0.356,2026-05-06 18:23:50.185
1208,142554,3,0.0,0.35,0.04,0.347,2026-05-06 18:23:50.185
1209,142817,1,0.0,0.346,0.0,0.352,2026-05-06 18:23:50.285
1210,142874,2,0.0,0.346,-0.0,0.356,2026-05-06 18:23:50.285
1211,142932,3,0.0,0.346,-0.0,0.35,2026-05-06 18:23:50.285
1212,143149,1,0.0,0.345,0.0,0.353,2026-05-06 18:23:50.285
1213,143387,1,0.0,0.337,-0.0,0.348,2026-05-06 18:23:50.285
1214,143445,2,0.0,0.337,-0.0,0.353,2026-05-06 18:23:50.285
1215,143503,3,0.0,0.337,0.0,0.351,2026-05-06 18:23:50.285
1216,143606,1,0.0,0.337,-0.0,0.346,2026-05-06 18:23:50.285
1217,143688,3,0.0,0.322,-0.0,0.345,2026-05-06 18:23:50.285
1218,143905,1,0.0,0.319,-0.0,0.339,2026-05-06 18:23:50.344
1219,143963,2,0.0,0.319,0.0,0.342,2026-05-06 18:23:50.344
1220,144020,3,0.0,0.319,0.0,0.341,2026-05-06 18:23:50.344
1221,144123,1,0.0,0.319,-0.0,0.339,2026-05-06 18:23:50.344
1222,144339,1,0.0,0.289,-0.0,0.33,2026-05-06 18:23:50.344
1223,144400,2,0.0,0.289,-0.0,0.336,2026-05-06 18:23:50.344
1224,144458,3,0.0,0.289,-0.0,0.333,2026-05-06 18:23:50.344
1225,144781,1,0.0,0.24,-0.01,0.308,2026-05-06 18:23:50.427
1226,144839,2,0.0,0.24,-0.0,0.31,2026-05-06 18:23:50.427
1227,144897,3,0.0,0.24,-0.01,0.308,2026-05-06 18:23:50.427
1228,145296,1,0.0,0.161,-0.0,0.275,2026-05-06 18:23:50.427
1229,145354,2,0.0,0.161,-0.01,0.279,2026-05-06 18:23:50.427
1230,145412,3,0.0,0.161,-0.01,0.276,2026-05-06 18:23:50.585
1231,145516,1,0.0,0.161,-0.0,0.275,2026-05-06 18:23:50.585
1232,145754,1,0.0,0.094,0.0,0.213,2026-05-06 18:23:50.585
1233,145811,2,0.0,0.094,-0.01,0.22,2026-05-06 18:23:50.585
1234,145869,3,0.0,0.094,-0.01,0.214,2026-05-06 18:23:50.585
1235,146135,1,0.0,0.048,0.01,0.153,2026-05-06 18:23:50.585
1236,146192,2,0.0,0.048,-0.0,0.152,2026-05-06 18:23:50.585
1237,146250,3,0.0,0.048,-0.01,0.14,2026-05-06 18:23:50.585
1238,146467,1,0.0,0.044,0.01,0.153,2026-05-06 18:23:50.585
1239,146706,1,0.0,0.02,0.01,0.093,2026-05-06 18:23:50.585
1240,146763,2,0.0,0.02,0.01,0.094,2026-05-06 18:23:50.585
1241,146820,3,0.0,0.02,-0.0,0.085,2026-05-06 18:23:50.585
1242,146924,1,0.0,0.02,0.01,0.093,2026-05-06 18:23:50.585
1243,147163,1,0.0,0.007,0.0,0.045,2026-05-06 18:23:50.585
1244,147220,2,0.0,0.007,0.01,0.044,2026-05-06 18:23:50.585
1245,147277,3,0.0,0.007,0.01,0.044,2026-05-06 18:23:50.585
1246,147380,1,0.0,0.007,0.0,0.045,2026-05-06 18:23:50.727
1247,147437,2,0.0,0.007,0.01,0.044,2026-05-06 18:23:50.727
1248,147652,1,0.0,0.001,-0.0,0.001,2026-05-06 18:23:50.727
1249,147710,2,0.0,0.001,0.0,0.0,2026-05-06 18:23:50.727
1250,147767,3,0.0,0.001,0.02,0.0,2026-05-06 18:23:50.727
1251,148029,1,-0.0,0.0,0.0,-0.015,2026-05-06 18:23:50.727
1252,148088,2,0.0,0.0,0.0,-0.02,2026-05-06 18:23:50.727
1253,148146,3,0.02,0.0,0.01,-0.016,2026-05-06 18:23:50.727
1254,148250,1,-0.0,0.0,-0.0,-0.018,2026-05-06 18:23:50.727
1255,148310,2,0.0,0.0,0.0,-0.022,2026-05-06 18:23:50.727
1256,148368,3,0.02,0.0,0.01,-0.016,2026-05-06 18:23:50.727
1257,148488,1,-0.0,0.0,0.0,-0.02,2026-05-06 18:23:50.727
1258,148547,2,0.0,0.0,0.0,-0.023,2026-05-06 18:23:50.727
1259,148605,3,0.02,0.0,0.01,-0.021,2026-05-06 18:23:50.727
1260,148709,1,-0.0,0.0,0.0,-0.019,2026-05-06 18:23:50.727
1261,148768,2,0.0,0.0,0.0,-0.02,2026-05-06 18:23:50.727
1262,148826,3,0.02,0.0,0.02,-0.02,2026-05-06 18:23:50.727
1263,148977,1,-0.0,0.0,0.0,-0.015,2026-05-06 18:23:50.759
1264,149036,2,0.0,0.0,0.0,-0.016,2026-05-06 18:23:50.759
1265,149094,3,0.02,0.0,0.02,-0.015,2026-05-06 18:23:50.759
1266,149198,1,-0.0,0.0,0.0,-0.013,2026-05-06 18:23:50.759
1267,149257,2,0.0,0.0,0.0,-0.013,2026-05-06 18:23:50.968
1268,149315,3,0.02,0.0,0.01,-0.013,2026-05-06 18:23:50.968
1269,149435,1,-0.0,0.0,-0.0,-0.009,2026-05-06 18:23:50.968
1270,149495,2,0.0,0.0,0.0,-0.009,2026-05-06 18:23:50.968
1271,149553,3,0.02,0.0,0.02,-0.009,2026-05-06 18:23:50.968
1272,149657,1,-0.0,0.0,-0.0,-0.007,2026-05-06 18:23:50.968
1273,149717,2,0.0,0.0,0.01,-0.008,2026-05-06 18:23:50.968
1274,149775,3,0.02,0.0,0.02,-0.008,2026-05-06 18:23:50.968
1275,149879,1,-0.0,0.0,-0.0,-0.005,2026-05-06 18:23:50.968
1276,149939,2,0.0,0.0,0.01,-0.007,2026-05-06 18:23:50.968
1277,149997,3,0.02,0.0,0.02,-0.007,2026-05-06 18:23:50.968
1278,150101,1,-0.0,0.0,-0.0,-0.005,2026-05-06 18:23:50.968
1279,150161,2,0.0,0.0,0.01,-0.005,2026-05-06 18:23:50.968
1280,150282,2,0.0,0.0,0.01,-0.003,2026-05-06 18:23:50.968
1281,150340,3,0.02,0.0,0.02,-0.003,2026-05-06 18:23:50.968
1282,150492,1,-0.0,0.0,0.0,-0.003,2026-05-06 18:23:50.968
1283,150551,2,0.0,0.0,0.0,-0.003,2026-05-06 18:23:50.968
1284,150609,3,0.02,0.0,0.02,-0.003,2026-05-06 18:23:50.968
1285,150713,1,-0.0,0.0,0.0,-0.003,2026-05-06 18:23:50.968
1286,150772,2,0.0,0.0,0.0,-0.003,2026-05-06 18:23:50.968
1287,150830,3,0.02,0.0,0.02,-0.003,2026-05-06 18:23:50.968
1288,150950,1,-0.0,0.0,-0.0,-0.003,2026-05-06 18:23:50.968
1289,151010,2,0.0,0.0,0.0,-0.004,2026-05-06 18:23:50.968
1290,151068,3,0.02,0.0,0.02,-0.003,2026-05-06 18:23:50.968
1291,155666,1,-54.78,0.0,0.01,0.0,2026-05-06 18:23:51.336
1292,155725,2,47.18,0.0,0.01,0.0,2026-05-06 18:23:51.336
1293,155783,3,-83.71,0.0,0.0,0.0,2026-05-06 18:23:51.336
1294,156013,1,1.97,-0.337,0.01,0.0,2026-05-06 18:23:51.336
1295,156071,2,1.86,-0.356,0.01,0.0,2026-05-06 18:23:51.402
1296,156129,3,-1.92,-0.346,0.0,0.0,2026-05-06 18:23:51.402
1297,156236,1,1.97,-0.337,0.01,0.0,2026-05-06 18:23:51.402
1298,156294,2,1.86,-0.356,0.01,0.0,2026-05-06 18:23:51.402
1299,156352,3,-1.92,-0.346,0.0,0.0,2026-05-06 18:23:51.402
1300,156582,1,-56.46,0.0,0.0,-0.097,2026-05-06 18:23:51.402
1301,156642,2,45.88,0.0,0.02,-0.097,2026-05-06 18:23:51.402
1302,156701,3,-81.28,0.0,-0.0,-0.071,2026-05-06 18:23:51.402
1303,156933,1,-78.32,0.0,0.0,-0.097,2026-05-06 18:23:51.446
1304,156993,2,35.04,0.0,0.02,-0.097,2026-05-06 18:23:51.446
1305,157052,3,-58.64,0.0,-0.0,-0.071,2026-05-06 18:23:51.446
1306,157161,1,-78.32,0.0,-0.21,0.069,2026-05-06 18:23:51.446
1307,157221,2,35.04,0.0,0.15,0.107,2026-05-06 18:23:51.552
1308,157279,3,-58.64,0.0,-0.21,0.066,2026-05-06 18:23:51.552
1309,157510,1,57.1,0.0,-0.27,0.037,2026-05-06 18:23:51.552
1310,157569,2,23.69,0.0,0.32,0.015,2026-05-06 18:23:51.552
1311,157627,3,-34.35,0.0,-0.34,0.003,2026-05-06 18:23:51.552
1312,157858,1,28.59,0.0,-0.27,0.037,2026-05-06 18:23:51.552
1313,157917,2,16.09,0.0,0.32,0.015,2026-05-06 18:23:51.552
1314,157975,3,-20.67,0.0,-0.34,0.003,2026-05-06 18:23:51.552
1315,158214,1,4.44,-0.02,-0.16,-0.015,2026-05-06 18:23:51.552
1316,158274,2,3.95,-0.022,4.04,-0.017,2026-05-06 18:23:51.552
1317,158333,3,-4.18,-0.021,-3.87,-0.016,2026-05-06 18:23:51.552
1318,158442,1,4.44,-0.02,-0.02,-0.015,2026-05-06 18:23:51.552
1319,158563,1,0.08,-0.03,3.19,-0.014,2026-05-06 18:23:51.552
1320,158622,2,0.08,-0.03,8.3,-0.017,2026-05-06 18:23:51.952
1321,158681,3,-0.08,-0.03,-8.67,-0.019,2026-05-06 18:23:51.952
1322,158914,1,0.3,-0.031,3.19,-0.014,2026-05-06 18:23:51.952
1323,158985,1,1.39,-0.046,3.53,-0.028,2026-05-06 18:23:51.952
1324,159044,2,1.34,-0.048,9.38,-0.03,2026-05-06 18:23:51.952
1325,159103,3,-1.37,-0.047,-10.07,-0.031,2026-05-06 18:23:51.952
1326,159337,1,1.49,-0.051,3.37,-0.028,2026-05-06 18:23:51.952
1327,159396,2,1.43,-0.053,8.9,-0.031,2026-05-06 18:23:51.952
1328,159463,1,2.13,-0.08,1.12,-0.029,2026-05-06 18:23:51.952
1329,159522,2,2.01,-0.085,6.18,-0.038,2026-05-06 18:23:51.952
1330,159581,3,-2.07,-0.082,-7.08,-0.032,2026-05-06 18:23:51.952
1331,159690,1,2.13,-0.08,1.12,-0.029,2026-05-06 18:23:51.952
1332,159749,2,2.01,-0.085,6.18,-0.038,2026-05-06 18:23:51.952
1333,159808,3,-2.07,-0.082,-7.08,-0.032,2026-05-06 18:23:51.952
1334,160104,1,2.31,-0.114,1.93,-0.049,2026-05-06 18:23:51.952
1335,160163,2,2.17,-0.121,2.16,-0.06,2026-05-06 18:23:51.952
1336,160222,3,-2.24,-0.117,-2.49,-0.054,2026-05-06 18:23:51.952
1337,160583,1,0.0,-0.102,2.84,-0.088,2026-05-06 18:23:51.952
1338,160642,2,0.0,-0.102,1.97,-0.097,2026-05-06 18:23:51.952
1339,160701,3,0.0,-0.102,-1.61,-0.091,2026-05-06 18:23:51.952
1340,160808,1,0.0,-0.102,2.84,-0.095,2026-05-06 18:23:51.952
1341,160881,1,0.0,-0.053,1.3,-0.105,2026-05-06 18:23:51.952
1342,160940,2,0.0,-0.053,1.82,-0.111,2026-05-06 18:23:51.952
1343,160999,3,0.0,-0.053,-1.61,-0.11,2026-05-06 18:23:51.952
1344,161228,1,0.0,-0.048,0.89,-0.105,2026-05-06 18:23:51.952
1345,161287,2,0.0,-0.048,1.52,-0.114,2026-05-06 18:23:51.952
1346,161527,1,0.0,-0.023,0.07,-0.075,2026-05-06 18:23:51.952
1347,161586,2,0.0,-0.023,0.01,-0.093,2026-05-06 18:23:51.952
1348,161645,3,0.0,-0.023,-0.02,-0.087,2026-05-06 18:23:51.952
1349,162006,1,0.0,-0.009,-0.03,-0.061,2026-05-06 18:23:51.952
1350,162066,2,0.0,-0.009,-0.06,-0.067,2026-05-06 18:23:51.952
1351,162126,3,0.0,-0.009,0.04,-0.065,2026-05-06 18:23:51.952
1352,162232,1,0.0,-0.009,-0.03,-0.057,2026-05-06 18:23:51.952
1353,162475,1,0.0,-0.001,-0.02,-0.03,2026-05-06 18:23:51.952
1354,162535,2,0.0,-0.001,-0.04,-0.032,2026-05-06 18:23:51.952
1355,162595,3,0.0,-0.001,0.04,-0.03,2026-05-06 18:23:51.952
1356,162701,1,0.0,-0.001,-0.02,-0.03,2026-05-06 18:23:51.952
1357,162822,1,-0.02,0.0,-0.01,-0.004,2026-05-06 18:23:51.952
1358,162882,2,-0.04,0.0,-0.02,-0.006,2026-05-06 18:23:51.952
1359,162942,3,0.04,0.0,0.03,-0.005,2026-05-06 18:23:51.952
1360,163046,1,-0.02,0.0,-0.0,-0.002,2026-05-06 18:23:51.952
1361,163168,3,0.04,0.0,0.02,0.0,2026-05-06 18:46:39.581
1362,163279,1,-0.02,0.0,-0.01,0.001,2026-05-06 18:46:39.581
1363,163338,2,-0.04,0.0,-0.03,0.0,2026-05-06 18:46:39.581
1364,163397,3,0.04,0.0,0.03,0.001,2026-05-06 18:46:39.581
1365,163500,1,-0.02,0.0,-0.01,0.001,2026-05-06 18:46:39.581
1366,163559,2,-0.04,0.0,-0.03,0.002,2026-05-06 18:46:39.581
1367,163618,3,0.04,0.0,0.03,0.003,2026-05-06 18:46:39.581
1368,163774,1,-0.02,0.0,-0.02,-0.0,2026-05-06 18:46:39.581
1369,163834,2,-0.04,0.0,-0.04,-0.0,2026-05-06 18:46:39.581
1370,163894,3,0.04,0.0,0.03,-0.001,2026-05-06 18:46:39.581
1371,164118,1,0.0,0.001,-0.02,-0.0,2026-05-06 18:46:39.581
1372,164240,1,0.0,0.003,-0.01,0.001,2026-05-06 18:46:40.455
1373,164298,2,0.0,0.003,-0.02,0.0,2026-05-06 18:46:41.454
1374,164356,3,0.0,0.003,0.02,0.0,2026-05-06 18:46:41.454
1375,164579,1,0.0,0.004,-0.01,0.001,2026-05-06 18:46:44.451
1376,164822,1,0.0,0.009,0.0,0.001,2026-05-06 18:46:46.458
1377,164879,2,0.0,0.009,-0.0,0.002,2026-05-06 18:46:46.458
1378,164937,3,0.0,0.009,0.0,0.002,2026-05-06 18:46:47.455
1379,165040,1,0.0,0.009,0.0,0.001,2026-05-06 18:46:48.452
1380,165283,1,0.0,0.017,0.0,0.003,2026-05-06 18:46:50.464
1381,165340,2,0.0,0.017,0.0,0.002,2026-05-06 18:46:51.456
1382,165397,3,0.0,0.017,-0.01,0.002,2026-05-06 18:46:51.456
1383,165588,1,0.0,0.027,0.0,0.008,2026-05-06 18:46:52.502
1384,165645,2,0.0,0.027,0.0,0.006,2026-05-06 18:46:52.502
1385,165702,3,0.0,0.027,-0.0,0.008,2026-05-06 18:46:52.502
1386,165926,1,0.0,0.029,0.0,0.008,2026-05-06 18:46:52.502
1387,165983,2,0.0,0.029,0.0,0.006,2026-05-06 18:46:52.502
1388,166223,1,0.0,0.043,0.0,0.016,2026-05-06 18:46:52.502
1389,166280,2,0.0,0.043,0.0,0.017,2026-05-06 18:46:52.502
1390,166337,3,0.0,0.043,0.0,0.016,2026-05-06 18:46:52.502
1391,166440,1,0.0,0.043,0.0,0.017,2026-05-06 18:46:52.598
1392,166683,1,0.0,0.065,0.0,0.031,2026-05-06 18:46:52.661
1393,166740,2,0.0,0.065,0.0,0.031,2026-05-06 18:46:52.661
1394,166797,3,0.0,0.065,-0.01,0.03,2026-05-06 18:46:52.661
1395,166901,1,0.0,0.065,0.0,0.031,2026-05-06 18:46:52.739
1396,167144,1,0.0,0.09,0.0,0.05,2026-05-06 18:46:52.802
1397,167201,2,0.0,0.09,0.0,0.049,2026-05-06 18:46:52.802
1398,167258,3,0.0,0.09,-0.01,0.048,2026-05-06 18:46:52.863
1399,167616,1,0.0,0.121,0.0,0.069,2026-05-06 18:46:52.976
1400,167673,2,0.0,0.121,-0.0,0.071,2026-05-06 18:46:53.022
1401,167731,3,0.0,0.121,-0.0,0.069,2026-05-06 18:46:53.022
1402,167835,1,0.0,0.121,0.0,0.074,2026-05-06 18:46:53.022
1403,168079,1,0.0,0.163,0.0,0.1,2026-05-06 18:46:53.162
1404,168136,2,0.0,0.163,-0.01,0.104,2026-05-06 18:46:53.162
1405,168194,3,0.0,0.163,-0.0,0.1,2026-05-06 18:46:53.303
1406,168298,1,0.0,0.163,0.0,0.1,2026-05-06 18:46:53.443
1407,168540,1,0.0,0.201,0.01,0.131,2026-05-06 18:46:53.537
1408,168597,2,0.0,0.201,-0.01,0.136,2026-05-06 18:46:53.537
1409,168655,3,0.0,0.201,0.01,0.132,2026-05-06 18:46:53.713
1410,168893,1,0.0,0.237,0.01,0.178,2026-05-06 18:46:54.307
1411,168950,2,0.0,0.237,-0.01,0.182,2026-05-06 18:46:54.307
1412,169008,3,0.0,0.237,0.01,0.178,2026-05-06 18:46:54.307
1413,169231,1,0.0,0.242,0.01,0.178,2026-05-06 18:46:54.372
1414,169474,1,0.0,0.272,0.03,0.219,2026-05-06 18:46:54.418
1415,169531,2,0.0,0.272,-0.0,0.225,2026-05-06 18:46:54.450
1416,169589,3,0.0,0.272,0.01,0.223,2026-05-06 18:46:54.591
1417,169692,1,0.0,0.272,0.03,0.227,2026-05-06 18:46:54.720
1418,169768,3,0.0,0.292,-0.0,0.254,2026-05-06 18:46:54.720
1419,169992,1,0.0,0.291,0.02,0.261,2026-05-06 18:46:56.438
1420,170049,2,0.0,0.291,-0.01,0.269,2026-05-06 18:46:56.438
1421,170107,3,0.0,0.291,-0.0,0.264,2026-05-06 18:46:56.438
1422,170397,1,0.0,0.285,-0.01,0.283,2026-05-06 18:46:56.438
1423,170455,2,0.0,0.285,0.0,0.29,2026-05-06 18:46:56.438
1424,170512,3,0.0,0.285,0.01,0.283,2026-05-06 18:46:56.438
1425,170873,1,0.0,0.273,-0.05,0.298,2026-05-06 18:46:56.438
1426,170931,2,0.0,0.273,0.0,0.302,2026-05-06 18:46:56.438
1427,170988,3,0.0,0.273,-0.0,0.301,2026-05-06 18:46:56.438
1428,171092,1,0.0,0.273,-0.05,0.298,2026-05-06 18:46:56.438
1429,171335,1,0.0,0.243,-0.02,0.296,2026-05-06 18:46:56.438
1430,171393,2,0.0,0.243,0.0,0.302,2026-05-06 18:46:56.438
1431,171450,3,0.0,0.243,-0.0,0.296,2026-05-06 18:46:56.438
1432,171554,1,0.0,0.243,-0.02,0.296,2026-05-06 18:46:56.438
1433,171799,1,-0.12,0.194,-0.01,0.279,2026-05-06 18:46:56.438
1434,171858,2,-0.12,0.194,-0.0,0.288,2026-05-06 18:46:56.438
1435,171917,3,0.12,0.194,0.0,0.285,2026-05-06 18:46:56.438
1436,172275,1,-0.81,0.125,-0.05,0.231,2026-05-06 18:46:56.438
1437,172334,2,-0.83,0.122,-0.06,0.242,2026-05-06 18:46:56.438
1438,172393,3,0.82,0.123,0.05,0.238,2026-05-06 18:46:56.438
1439,172497,1,-0.81,0.125,-0.05,0.231,2026-05-06 18:46:56.438
1440,172741,1,-3.6,0.065,-0.51,0.174,2026-05-06 18:46:56.438
1441,172800,2,-4.01,0.058,-0.52,0.178,2026-05-06 18:46:56.438
1442,172859,3,3.79,0.062,0.49,0.173,2026-05-06 18:46:56.438
1443,173217,1,-13.68,0.033,-2.35,0.105,2026-05-06 18:46:56.438
1444,173277,2,-22.0,0.021,-2.47,0.106,2026-05-06 18:46:56.438
1445,173337,3,16.9,0.027,2.28,0.101,2026-05-06 18:46:56.438
1446,173442,1,-13.68,0.033,-2.35,0.105,2026-05-06 18:46:56.438
1447,173685,1,-34.1,0.0,-7.52,0.054,2026-05-06 18:46:56.438
1448,173745,2,81.14,0.0,-8.18,0.044,2026-05-06 18:46:56.438
1449,173804,3,56.56,0.0,7.19,0.05,2026-05-06 18:46:56.438
1450,174231,1,-48.38,0.0,-15.88,0.008,2026-05-06 18:46:56.438
1451,174292,2,53.34,0.0,-17.36,-0.001,2026-05-06 18:46:56.438
1452,174353,3,85.88,0.0,15.6,0.003,2026-05-06 18:46:56.438
1453,174468,1,-50.77,0.0,-27.8,-0.003,2026-05-06 18:46:56.438
1454,174530,2,50.77,0.0,-25.17,-0.013,2026-05-06 18:46:56.438
1455,174591,3,90.0,0.0,28.12,-0.009,2026-05-06 18:46:56.438
1456,174819,1,-50.77,0.0,-29.33,-0.005,2026-05-06 18:46:56.438
1457,174881,2,50.77,0.0,-25.94,-0.013,2026-05-06 18:46:56.438
1458,174949,3,90.0,0.0,42.73,-0.012,2026-05-06 18:46:56.438
1459,175177,1,-50.77,0.0,-40.1,-0.008,2026-05-06 18:46:56.438
1460,175239,2,50.77,0.0,-29.82,-0.012,2026-05-06 18:46:56.438
1461,175300,3,90.0,0.0,46.18,-0.014,2026-05-06 18:46:56.438
1462,175590,1,-50.77,0.0,-46.73,-0.007,2026-05-06 18:46:56.438
1463,175652,2,50.77,0.0,-30.31,-0.008,2026-05-06 18:46:56.438
1464,175713,3,90.0,0.0,61.37,-0.011,2026-05-06 18:46:56.438
1465,175820,1,-50.77,0.0,-46.73,-0.007,2026-05-06 18:46:56.438
1466,176062,1,-50.77,0.0,-50.47,-0.002,2026-05-06 18:46:56.438
1467,176124,2,50.77,0.0,-26.22,0.0,2026-05-06 18:46:56.438
1468,176184,3,90.0,0.0,75.47,-0.004,2026-05-06 18:46:56.438
1469,176291,1,-50.77,0.0,-50.47,-0.002,2026-05-06 18:46:56.438
1470,176534,1,-50.77,0.0,-50.83,0.0,2026-05-06 18:46:56.438
1471,176595,2,50.77,0.0,-18.84,0.001,2026-05-06 18:46:56.438
1472,176655,3,90.0,0.0,83.68,0.0,2026-05-06 18:46:56.438
1473,176845,3,90.0,0.0,88.59,0.0,2026-05-06 18:46:56.438
1474,176951,1,-50.77,0.0,-50.79,0.0,2026-05-06 18:46:56.438
1475,177012,2,50.77,0.0,-6.11,0.001,2026-05-06 18:46:56.438
1476,177071,3,90.0,0.0,88.94,0.0,2026-05-06 18:46:56.438
1477,177481,1,-50.77,0.0,-50.78,0.0,2026-05-06 18:46:56.438
1478,177542,2,50.77,0.0,8.42,0.002,2026-05-06 18:46:56.438
1479,177600,3,90.0,0.0,90.08,0.0,2026-05-06 18:46:56.438
1480,177706,1,-50.77,0.0,-50.78,0.0,2026-05-06 18:46:56.438
1481,177950,1,-50.77,0.0,-50.77,0.0,2026-05-06 18:46:56.438
1482,178011,2,50.77,0.0,24.24,0.002,2026-05-06 18:46:56.438
1483,178310,1,-50.77,0.0,-50.77,0.0,2026-05-06 18:46:57.161
1484,178371,2,50.77,0.0,37.56,0.001,2026-05-06 18:46:57.161
1485,178430,3,90.0,0.0,90.01,0.0,2026-05-06 18:46:57.161
1486,178657,1,-50.77,0.0,-50.77,0.0,2026-05-06 18:46:57.161
1487,178901,1,-50.77,0.0,-50.77,0.001,2026-05-06 18:46:57.161
1488,178962,2,50.77,0.0,45.93,0.0,2026-05-06 18:46:57.161
1489,179021,3,90.0,0.0,90.0,-0.0,2026-05-06 18:46:57.161
1490,179128,1,-50.77,0.0,-50.77,0.001,2026-05-06 18:46:57.161
1491,179371,1,-50.77,0.063,-50.77,0.001,2026-05-06 18:46:57.161
1492,179432,2,50.77,-0.063,49.86,-0.0,2026-05-06 18:46:57.161
1493,179493,3,90.0,0.049,89.99,0.0,2026-05-06 18:46:57.161
1494,179729,1,-50.77,0.063,-50.78,0.033,2026-05-06 18:46:57.161
1495,179790,2,50.77,-0.063,50.83,-0.033,2026-05-06 18:46:57.161
1496,179851,3,90.0,0.049,90.0,0.017,2026-05-06 18:46:57.161
1497,180078,1,-50.77,0.063,-50.78,0.033,2026-05-06 18:46:57.161
1498,180321,1,-50.77,0.063,-50.79,0.045,2026-05-06 18:46:57.161
1499,180382,2,50.77,-0.063,50.87,-0.042,2026-05-06 18:46:57.161
1500,180443,3,90.0,0.049,90.04,0.038,2026-05-06 18:46:57.161
1501,180549,1,-50.77,0.063,-50.79,0.045,2026-05-06 18:46:57.161
1502,180791,1,-50.77,0.063,-50.8,0.058,2026-05-06 18:46:57.161
1503,180852,2,50.77,-0.063,50.89,-0.059,2026-05-06 18:46:57.161
1504,180913,3,90.0,0.049,90.11,0.056,2026-05-06 18:46:57.161
1505,181102,2,50.77,-0.063,50.89,-0.061,2026-05-06 18:46:57.161
1506,181163,3,90.0,0.049,90.1,0.047,2026-05-06 18:46:57.161
1507,181269,1,-50.77,0.063,-50.81,0.062,2026-05-06 18:46:57.161
1508,181330,2,50.77,-0.063,50.88,-0.061,2026-05-06 18:46:57.161
1509,181391,3,90.0,0.049,90.09,0.045,2026-05-06 18:46:57.161
1510,181749,1,-50.77,0.063,-50.79,0.063,2026-05-06 18:46:57.161
1511,181810,2,50.77,-0.063,50.83,-0.063,2026-05-06 18:46:57.161
1512,181871,3,90.0,0.049,90.02,0.042,2026-05-06 18:46:57.161
1513,181977,1,-50.77,0.063,-50.79,0.064,2026-05-06 18:46:57.161
1514,182219,1,-50.77,0.063,-50.78,0.065,2026-05-06 18:46:57.161
1515,182280,2,50.77,-0.063,50.81,-0.066,2026-05-06 18:46:57.161
1516,182341,3,90.0,0.049,90.03,0.052,2026-05-06 18:46:57.161
1517,182530,1,-50.77,0.063,-50.77,0.061,2026-05-06 18:46:57.161
1518,182591,2,50.77,-0.063,50.78,-0.062,2026-05-06 18:46:57.161
1519,182652,3,90.0,0.049,90.03,0.05,2026-05-06 18:46:57.161
1520,182758,1,-50.77,0.063,-50.77,0.061,2026-05-06 18:46:57.161
1521,182819,2,50.77,-0.063,50.78,-0.061,2026-05-06 18:46:57.161
1522,182880,3,90.0,0.049,90.02,0.05,2026-05-06 18:46:57.161
1523,183168,1,-50.77,0.063,-50.77,0.061,2026-05-06 18:46:57.161
1524,183229,2,50.77,-0.063,50.76,-0.06,2026-05-06 18:46:57.161
1525,183290,3,90.0,0.049,90.01,0.048,2026-05-06 18:46:57.161
1526,183396,1,-50.77,0.063,-50.77,0.06,2026-05-06 18:46:57.161
1527,183469,3,90.0,0.049,90.0,0.047,2026-05-06 18:46:57.161
1528,183696,1,-50.77,0.063,-50.77,0.06,2026-05-06 18:46:57.161
1529,183757,2,50.77,-0.063,50.76,-0.058,2026-05-06 18:46:57.161
1530,183818,3,90.0,0.049,90.0,0.047,2026-05-06 18:46:57.161
1531,184108,1,-50.77,0.063,-50.77,0.06,2026-05-06 18:46:57.161
1532,184169,2,50.77,-0.063,50.76,-0.061,2026-05-06 18:46:57.161
1533,184230,3,90.0,0.049,90.0,0.045,2026-05-06 18:46:57.161
1534,184336,1,-50.77,0.063,-50.77,0.06,2026-05-06 18:46:57.161
1535,184409,2,50.77,-0.061,50.77,-0.062,2026-05-06 18:46:57.161
1536,184470,3,90.0,0.047,90.0,0.048,2026-05-06 18:46:57.161
1537,184697,1,-50.77,0.061,-50.77,0.061,2026-05-06 18:46:57.161
1538,184758,2,50.77,-0.061,50.77,-0.06,2026-05-06 18:46:57.161
1539,184819,3,90.0,0.047,90.0,0.048,2026-05-06 18:46:57.161
1540,184935,1,-50.77,0.055,-50.78,0.058,2026-05-06 18:46:57.161
1541,184996,2,50.77,-0.055,50.77,-0.06,2026-05-06 18:46:57.161
1542,185057,3,90.0,0.043,89.99,0.049,2026-05-06 18:46:57.161
1543,185284,1,-50.77,0.054,-50.78,0.058,2026-05-06 18:46:57.161
1544,185527,1,-50.77,0.038,-50.79,0.053,2026-05-06 18:46:57.161
1545,185588,2,50.77,-0.038,50.77,-0.055,2026-05-06 18:46:57.161
1546,185758,1,-50.77,0.038,-50.79,0.053,2026-05-06 18:46:57.161
1547,185879,1,-44.92,0.021,-50.81,0.039,2026-05-06 18:46:57.161
1548,185940,2,57.79,-0.017,50.77,-0.044,2026-05-06 18:46:57.161
1549,186001,3,79.45,0.015,90.0,0.037,2026-05-06 18:46:57.161
1550,186228,1,-42.71,0.019,-50.81,0.038,2026-05-06 18:46:57.866
1551,186471,1,-17.0,0.0,-49.22,0.03,2026-05-06 18:46:57.866
1552,186532,2,-31.41,0.0,52.24,-0.022,2026-05-06 18:46:57.866
1553,186593,3,22.17,0.0,88.44,0.018,2026-05-06 18:46:57.866
1554,186699,1,-17.0,0.0,-49.22,0.03,2026-05-06 18:46:57.866
1555,186772,3,2.99,0.0,84.07,0.001,2026-05-06 18:46:57.866
1556,186877,1,-2.87,0.0,-44.45,0.023,2026-05-06 18:46:57.866
1557,186937,2,-3.12,0.0,56.57,-0.01,2026-05-06 18:46:57.866
1558,186997,3,2.99,0.0,84.07,0.001,2026-05-06 18:46:57.866
1559,187420,1,0.0,0.0,-34.07,0.016,2026-05-06 18:46:57.866
1560,187479,2,0.0,0.0,60.64,-0.003,2026-05-06 18:46:57.866
1561,187538,3,0.0,0.0,73.9,-0.01,2026-05-06 18:46:57.866
1562,187643,1,0.0,0.0,-34.07,0.016,2026-05-06 18:46:57.866
1563,187718,2,0.0,0.0,61.06,0.001,2026-05-06 18:46:57.866
1564,187776,3,0.0,0.0,62.98,-0.017,2026-05-06 18:46:57.866
1565,188001,1,0.0,0.0,-20.28,0.013,2026-05-06 18:46:57.866
1566,188060,2,0.0,0.0,60.65,0.001,2026-05-06 18:46:57.866
1567,188118,3,0.0,0.0,60.02,-0.017,2026-05-06 18:46:57.866
1568,188357,1,0.0,0.0,-10.33,0.005,2026-05-06 18:46:57.866
1569,188416,2,0.0,0.0,56.49,0.0,2026-05-06 18:46:57.866
1570,188474,3,0.0,0.0,43.17,-0.017,2026-05-06 18:46:57.866
1571,188832,1,0.0,0.0,-3.32,-0.001,2026-05-06 18:46:57.866
1572,188891,2,0.0,0.0,47.74,-0.003,2026-05-06 18:46:57.866
1573,188950,3,0.0,0.0,27.03,-0.013,2026-05-06 18:46:57.866
1574,189055,1,0.0,0.0,-3.32,-0.001,2026-05-06 18:46:57.866
1575,189297,1,0.0,0.0,-0.28,-0.002,2026-05-06 18:46:57.866
1576,189356,2,0.0,0.0,35.5,-0.012,2026-05-06 18:46:57.866
1577,189415,3,0.0,0.0,14.28,-0.006,2026-05-06 18:46:57.866
1578,189520,1,0.0,0.0,-0.28,-0.001,2026-05-06 18:46:57.866
1579,189762,1,0.0,0.0,0.09,-0.001,2026-05-06 18:46:57.866
1580,189820,2,0.0,0.0,21.09,-0.012,2026-05-06 18:46:57.866
1581,189879,3,0.0,0.0,5.73,-0.001,2026-05-06 18:46:57.866
1582,190116,1,0.0,0.0,0.03,0.0,2026-05-06 18:46:57.866
1583,190173,2,0.0,0.0,10.71,-0.009,2026-05-06 18:46:57.866
1584,190232,3,0.0,0.0,1.02,0.0,2026-05-06 18:46:57.866
1585,190455,1,0.0,0.002,0.02,0.0,2026-05-06 18:46:57.866
1586,190698,1,0.0,0.012,0.04,-0.004,2026-05-06 18:46:57.866
1587,190756,2,0.0,0.012,2.87,-0.009,2026-05-06 18:46:57.866
1588,190814,3,0.0,0.012,-0.23,0.001,2026-05-06 18:46:57.866
1589,190918,1,0.0,0.012,0.04,-0.001,2026-05-06 18:46:57.866
1590,191162,1,0.0,0.035,-0.0,0.002,2026-05-06 18:46:57.866
1591,191220,2,0.0,0.035,-0.23,0.0,2026-05-06 18:46:57.866
1592,191278,3,0.0,0.035,-0.04,0.001,2026-05-06 18:46:57.866
1593,191382,1,0.0,0.035,-0.0,0.002,2026-05-06 18:46:57.866
1594,191625,1,0.0,0.07,-0.0,0.016,2026-05-06 18:46:57.866
1595,191683,2,0.0,0.07,-0.01,0.015,2026-05-06 18:46:57.866
1596,191741,3,0.0,0.07,-0.01,0.01,2026-05-06 18:46:57.866
1597,192100,1,0.0,0.105,0.04,0.042,2026-05-06 18:46:57.866
1598,192157,2,0.0,0.105,-0.01,0.04,2026-05-06 18:46:57.866
1599,192215,3,0.0,0.105,-0.0,0.039,2026-05-06 18:46:57.866
1600,192319,1,0.0,0.105,0.04,0.042,2026-05-06 18:46:57.866
1601,192562,1,0.0,0.145,0.11,0.07,2026-05-06 18:46:57.866
1602,192619,2,0.0,0.145,-0.05,0.069,2026-05-06 18:46:57.866
1603,192677,3,0.0,0.145,-0.05,0.067,2026-05-06 18:46:57.866
1604,192781,1,0.0,0.145,0.11,0.07,2026-05-06 18:46:57.866
1605,193024,1,0.0,0.18,0.08,0.109,2026-05-06 18:46:57.866
1606,193081,2,0.0,0.18,-0.06,0.11,2026-05-06 18:46:57.866
1607,193139,3,0.0,0.18,-0.09,0.11,2026-05-06 18:46:57.866
1608,193380,1,0.0,0.215,0.0,0.16,2026-05-06 18:46:57.866
1609,193437,2,0.0,0.215,-0.05,0.166,2026-05-06 18:46:57.866
1610,193495,3,0.0,0.215,-0.06,0.163,2026-05-06 18:46:57.866
1611,193720,1,0.0,0.22,-0.0,0.16,2026-05-06 18:46:57.866
1612,193964,1,0.0,0.255,-0.01,0.199,2026-05-06 18:46:57.866
1613,194022,2,0.0,0.255,-0.01,0.202,2026-05-06 18:46:57.866
1614,194080,3,0.0,0.255,-0.01,0.2,2026-05-06 18:46:58.576
1615,194184,1,0.0,0.255,-0.01,0.199,2026-05-06 18:46:58.576
1616,194426,1,0.0,0.29,-0.01,0.233,2026-05-06 18:46:58.576
1617,194484,2,0.0,0.29,0.0,0.236,2026-05-06 18:46:58.576
1618,194541,3,0.0,0.29,0.0,0.233,2026-05-06 18:46:58.576
1619,194901,1,0.0,0.33,-0.03,0.279,2026-05-06 18:46:58.576
1620,194959,2,0.0,0.33,0.0,0.284,2026-05-06 18:46:58.576
1621,195016,3,0.0,0.33,0.01,0.281,2026-05-06 18:46:58.576
1622,195373,1,0.0,0.35,-0.04,0.31,2026-05-06 18:46:58.576
1623,195431,2,0.0,0.35,0.0,0.317,2026-05-06 18:46:58.576
1624,195488,3,0.0,0.35,0.0,0.313,2026-05-06 18:46:58.576
1625,195591,1,0.0,0.35,-0.04,0.31,2026-05-06 18:46:58.576
1626,195834,1,0.0,0.35,-0.03,0.333,2026-05-06 18:46:58.576
1627,195892,2,0.0,0.35,-0.0,0.341,2026-05-06 18:46:58.576
1628,195950,3,0.0,0.35,-0.0,0.334,2026-05-06 18:46:58.576
1629,196054,1,0.0,0.35,-0.03,0.333,2026-05-06 18:46:58.576
1630,196297,1,0.0,0.35,-0.01,0.358,2026-05-06 18:46:58.576
1631,196355,2,0.0,0.35,-0.0,0.366,2026-05-06 18:46:58.576
1632,196413,3,0.0,0.35,-0.01,0.363,2026-05-06 18:46:58.576
1633,196585,3,0.0,0.35,0.01,0.371,2026-05-06 18:46:58.576
1634,196688,1,0.0,0.35,-0.01,0.363,2026-05-06 18:46:58.576
1635,196746,2,0.0,0.35,-0.0,0.376,2026-05-06 18:46:58.576
1636,196804,3,0.0,0.35,0.01,0.371,2026-05-06 18:46:58.576
1637,197214,1,0.0,0.35,-0.0,0.365,2026-05-06 18:46:58.576
1638,197272,2,0.0,0.35,-0.01,0.374,2026-05-06 18:46:58.576
1639,197330,3,0.0,0.35,0.0,0.373,2026-05-06 18:46:58.576
1640,197433,1,0.0,0.35,-0.0,0.365,2026-05-06 18:46:58.576
1641,197676,1,0.0,0.344,-0.0,0.363,2026-05-06 18:46:58.576
1642,197734,2,0.0,0.344,-0.01,0.37,2026-05-06 18:46:58.576
1643,197792,3,0.0,0.344,0.0,0.368,2026-05-06 18:46:58.576
1644,197995,2,0.0,0.335,-0.01,0.363,2026-05-06 18:46:58.576
1645,198053,3,0.0,0.335,-0.0,0.362,2026-05-06 18:46:58.576
1646,198277,1,0.0,0.334,0.0,0.356,2026-05-06 18:46:58.576
1647,198334,2,0.0,0.334,-0.01,0.362,2026-05-06 18:46:58.576
1648,198392,3,0.0,0.334,-0.0,0.359,2026-05-06 18:46:58.576
1649,198632,1,0.0,0.316,-0.0,0.349,2026-05-06 18:46:58.576
1650,198690,2,0.0,0.316,0.0,0.355,2026-05-06 18:46:58.576
1651,198747,3,0.0,0.316,0.0,0.351,2026-05-06 18:46:58.576
1652,198850,1,0.0,0.316,-0.0,0.349,2026-05-06 18:46:58.576
1653,199093,1,0.0,0.283,0.0,0.333,2026-05-06 18:46:58.576
1654,199150,2,0.0,0.283,0.0,0.34,2026-05-06 18:46:58.576
1655,199207,3,0.0,0.283,0.0,0.337,2026-05-06 18:46:58.576
1656,199310,1,0.0,0.283,0.0,0.333,2026-05-06 18:46:58.576
1657,199554,1,0.0,0.279,0.01,0.312,2026-05-06 18:46:58.576
1658,199611,2,0.0,0.279,-0.0,0.319,2026-05-06 18:46:58.576
1659,199669,3,0.0,0.279,0.0,0.312,2026-05-06 18:46:58.576
1660,199859,3,0.0,0.275,0.0,0.301,2026-05-06 18:46:58.576
1661,199962,1,0.0,0.275,0.0,0.296,2026-05-06 18:46:58.576
1662,200019,2,0.0,0.275,-0.0,0.303,2026-05-06 18:46:58.576
1663,200077,3,0.0,0.275,0.0,0.301,2026-05-06 18:46:58.576
1664,200487,1,0.0,0.268,0.0,0.28,2026-05-06 18:46:58.576
1665,200544,2,0.0,0.268,-0.0,0.283,2026-05-06 18:46:58.576
1666,200602,3,0.0,0.268,-0.0,0.284,2026-05-06 18:46:58.576
1667,200709,1,0.0,0.268,0.0,0.28,2026-05-06 18:46:58.576
1668,200952,1,0.0,0.262,0.0,0.27,2026-05-06 18:46:58.576
1669,201009,2,0.0,0.262,-0.0,0.275,2026-05-06 18:46:58.576
1670,201067,3,0.0,0.262,-0.01,0.272,2026-05-06 18:46:58.576
1671,201258,1,0.0,0.254,-0.0,0.262,2026-05-06 18:46:58.576
1672,201316,2,0.0,0.254,0.0,0.266,2026-05-06 18:46:58.576
1673,201373,3,0.0,0.254,-0.0,0.265,2026-05-06 18:46:58.576
1674,201597,1,0.0,0.253,-0.0,0.262,2026-05-06 18:46:58.576
1675,201655,2,0.0,0.253,0.0,0.266,2026-05-06 18:46:58.576
1676,201894,1,0.0,0.243,-0.0,0.253,2026-05-06 18:46:58.576
1677,201952,2,0.0,0.243,0.01,0.259,2026-05-06 18:46:58.576
1678,202009,3,0.0,0.243,0.0,0.257,2026-05-06 18:46:58.576
1679,202112,1,0.0,0.243,-0.0,0.253,2026-05-06 18:46:59.287
1680,202355,1,0.0,0.23,0.0,0.241,2026-05-06 18:46:59.287
1681,202412,2,0.0,0.23,0.0,0.247,2026-05-06 18:46:59.287
1682,202469,3,0.0,0.23,0.0,0.247,2026-05-06 18:46:59.287
1683,202572,1,0.0,0.23,0.0,0.241,2026-05-06 18:46:59.287
1684,202816,1,0.0,0.216,-0.0,0.233,2026-05-06 18:46:59.287
1685,202874,2,0.0,0.216,-0.0,0.239,2026-05-06 18:46:59.287
1686,202932,3,0.0,0.216,0.0,0.239,2026-05-06 18:46:59.287
1687,203122,2,0.0,0.2,-0.01,0.233,2026-05-06 18:46:59.287
1688,203180,3,0.0,0.2,-0.0,0.231,2026-05-06 18:46:59.287
1689,203284,1,0.0,0.2,-0.0,0.227,2026-05-06 18:46:59.287
1690,203342,2,0.0,0.2,-0.01,0.233,2026-05-06 18:46:59.287
1691,203400,3,0.0,0.2,-0.0,0.231,2026-05-06 18:46:59.287
1692,203759,1,0.0,0.179,-0.0,0.208,2026-05-06 18:46:59.287
1693,203817,2,0.0,0.179,-0.01,0.211,2026-05-06 18:46:59.287
1694,203875,3,0.0,0.179,-0.0,0.21,2026-05-06 18:46:59.287
1695,203979,1,0.0,0.179,-0.0,0.208,2026-05-06 18:46:59.287
1696,204222,1,0.0,0.156,-0.0,0.2,2026-05-06 18:46:59.287
1697,204280,2,0.0,0.156,-0.0,0.202,2026-05-06 18:46:59.287
1698,204338,3,0.0,0.156,0.0,0.202,2026-05-06 18:46:59.287
1699,204528,1,0.0,0.131,0.0,0.173,2026-05-06 18:46:59.287
1700,204585,2,0.0,0.131,0.0,0.176,2026-05-06 18:46:59.287
1701,204642,3,0.0,0.131,0.0,0.175,2026-05-06 18:46:59.287
1702,204865,1,0.0,0.127,0.0,0.173,2026-05-06 18:46:59.287
1703,204922,2,0.0,0.127,0.0,0.176,2026-05-06 18:46:59.287
1704,205162,1,0.0,0.097,0.0,0.143,2026-05-06 18:46:59.287
1705,205219,2,0.0,0.097,0.0,0.15,2026-05-06 18:46:59.287
1706,205276,3,0.0,0.097,0.0,0.15,2026-05-06 18:46:59.287
1707,205654,1,0.0,0.06,0.0,0.112,2026-05-06 18:46:59.287
1708,205711,2,0.0,0.06,-0.0,0.115,2026-05-06 18:46:59.287
1709,205769,3,0.0,0.06,0.0,0.115,2026-05-06 18:46:59.287
1710,205872,1,0.0,0.06,0.0,0.112,2026-05-06 18:46:59.287
1711,206115,1,0.0,0.024,0.0,0.096,2026-05-06 18:46:59.287
1712,206172,2,0.0,0.024,-0.0,0.099,2026-05-06 18:46:59.287
1713,206230,3,0.0,0.024,-0.0,0.098,2026-05-06 18:46:59.287
1714,206469,1,0.0,-0.014,-0.0,0.053,2026-05-06 18:46:59.287
1715,206528,2,0.0,-0.014,0.0,0.055,2026-05-06 18:46:59.287
1716,206586,3,0.0,-0.014,0.0,0.053,2026-05-06 18:46:59.287
1717,206813,1,0.0,-0.019,-0.0,0.041,2026-05-06 18:46:59.287
1718,207057,1,0.0,-0.058,-0.0,0.01,2026-05-06 18:46:59.287
1719,207116,2,0.0,-0.058,0.0,0.01,2026-05-06 18:46:59.287
1720,207174,3,0.0,-0.058,-0.01,0.011,2026-05-06 18:46:59.287
1721,207280,1,0.0,-0.058,-0.0,0.01,2026-05-06 18:46:59.287
1722,207524,1,0.0,-0.101,-0.0,-0.034,2026-05-06 18:46:59.287
1723,207584,2,0.0,-0.101,0.0,-0.034,2026-05-06 18:46:59.287
1724,207643,3,0.0,-0.101,-0.0,-0.034,2026-05-06 18:46:59.287
1725,207750,1,0.0,-0.101,-0.0,-0.034,2026-05-06 18:46:59.287
1726,207994,1,0.0,-0.136,0.01,-0.051,2026-05-06 18:46:59.287
1727,208053,2,0.0,-0.136,0.0,-0.052,2026-05-06 18:46:59.287
1728,208305,3,0.0,-0.169,-0.0,-0.104,2026-05-06 18:46:59.287
1729,208412,1,0.0,-0.169,0.01,-0.105,2026-05-06 18:46:59.287
1730,208471,2,0.0,-0.169,-0.0,-0.107,2026-05-06 18:46:59.287
1731,208531,3,0.0,-0.169,-0.0,-0.104,2026-05-06 18:46:59.287
1732,208945,1,0.0,-0.202,0.0,-0.147,2026-05-06 18:46:59.287
1733,209004,2,0.0,-0.202,0.0,-0.154,2026-05-06 18:46:59.287
1734,209063,3,0.0,-0.202,0.01,-0.146,2026-05-06 18:46:59.287
1735,209169,1,0.0,-0.202,0.0,-0.147,2026-05-06 18:46:59.287
1736,209412,1,0.0,-0.228,0.0,-0.175,2026-05-06 18:46:59.287
1737,209471,2,0.0,-0.228,0.0,-0.184,2026-05-06 18:46:59.287
1738,209530,3,0.0,-0.228,0.0,-0.176,2026-05-06 18:46:59.287
1739,209721,1,0.0,-0.25,-0.0,-0.206,2026-05-06 18:46:59.287
1740,209781,2,0.0,-0.25,0.0,-0.213,2026-05-06 18:46:59.287
1741,209840,3,0.0,-0.25,-0.0,-0.207,2026-05-06 18:46:59.287
1742,210069,1,0.0,-0.253,0.0,-0.221,2026-05-06 18:46:59.287
1743,210128,2,0.0,-0.253,0.0,-0.233,2026-05-06 18:47:00.000
1744,210367,1,0.0,-0.271,0.0,-0.242,2026-05-06 18:47:00.000
1745,210426,2,0.0,-0.271,0.0,-0.253,2026-05-06 18:47:00.000
1746,210485,3,0.0,-0.271,-0.0,-0.245,2026-05-06 18:47:00.000
1747,210592,1,0.0,-0.271,0.0,-0.242,2026-05-06 18:47:00.000
1748,210835,1,0.0,-0.289,-0.0,-0.267,2026-05-06 18:47:00.000
1749,210895,2,0.0,-0.289,0.0,-0.275,2026-05-06 18:47:00.000
1750,210954,3,0.0,-0.289,-0.0,-0.27,2026-05-06 18:47:00.000
1751,211061,1,0.0,-0.289,-0.0,-0.267,2026-05-06 18:47:00.000
1752,211304,1,0.0,-0.302,0.0,-0.286,2026-05-06 18:47:00.000
1753,211363,2,0.0,-0.302,0.0,-0.295,2026-05-06 18:47:00.000
1754,211422,3,0.0,-0.302,0.01,-0.287,2026-05-06 18:47:00.000
1755,211613,3,0.0,-0.313,-0.0,-0.305,2026-05-06 18:47:00.000
1756,211720,1,0.0,-0.313,-0.0,-0.302,2026-05-06 18:47:00.000
1757,211780,2,0.0,-0.313,0.01,-0.313,2026-05-06 18:47:00.000
1758,211839,3,0.0,-0.313,-0.0,-0.305,2026-05-06 18:47:00.000
1759,212252,1,0.0,-0.323,-0.0,-0.313,2026-05-06 18:47:00.000
1760,212312,2,0.0,-0.323,0.01,-0.326,2026-05-06 18:47:00.000
1761,212371,3,0.0,-0.323,-0.0,-0.316,2026-05-06 18:47:00.000
1762,212478,1,0.0,-0.323,-0.0,-0.313,2026-05-06 18:47:00.000
1763,212722,1,0.0,-0.331,0.0,-0.32,2026-05-06 18:47:00.000
1764,212781,2,0.0,-0.331,0.01,-0.333,2026-05-06 18:47:00.000
1765,212840,3,0.0,-0.331,0.0,-0.324,2026-05-06 18:47:00.000
1766,213030,2,0.0,-0.337,0.0,-0.344,2026-05-06 18:47:00.000
1767,213089,3,0.0,-0.337,0.0,-0.334,2026-05-06 18:47:00.000
1768,213317,1,0.0,-0.338,-0.0,-0.335,2026-05-06 18:47:00.000
1769,213377,2,0.0,-0.338,0.0,-0.344,2026-05-06 18:47:00.000
1770,213436,3,0.0,-0.338,0.0,-0.336,2026-05-06 18:47:00.000
1771,213676,1,0.0,-0.343,-0.0,-0.338,2026-05-06 18:47:00.000
1772,213736,2,0.0,-0.343,-0.0,-0.347,2026-05-06 18:47:00.000
1773,213796,3,0.0,-0.343,0.0,-0.34,2026-05-06 18:47:00.000
1774,213902,1,0.0,-0.343,-0.0,-0.338,2026-05-06 18:47:00.000
1775,214145,1,0.0,-0.348,-0.0,-0.345,2026-05-06 18:47:00.000
1776,214205,2,0.0,-0.348,-0.01,-0.353,2026-05-06 18:47:00.000
1777,214265,3,0.0,-0.348,0.01,-0.345,2026-05-06 18:47:00.000
1778,214371,1,0.0,-0.348,-0.0,-0.345,2026-05-06 18:47:00.000
1779,214615,1,0.0,-0.35,-0.0,-0.35,2026-05-06 18:47:00.000
1780,214675,2,0.0,-0.35,-0.0,-0.36,2026-05-06 18:47:00.000
1781,214735,3,0.0,-0.35,-0.0,-0.351,2026-05-06 18:47:00.000
1782,214925,3,0.0,-0.35,-0.0,-0.356,2026-05-06 18:47:00.000
1783,215032,1,0.0,-0.35,0.0,-0.353,2026-05-06 18:47:00.000
1784,215091,2,0.0,-0.35,-0.0,-0.365,2026-05-06 18:47:00.000
1785,215151,3,0.0,-0.35,-0.0,-0.356,2026-05-06 18:47:00.000
1786,215564,1,0.0,-0.35,-0.0,-0.354,2026-05-06 18:47:00.000
1787,215624,2,0.0,-0.35,0.0,-0.365,2026-05-06 18:47:00.000
1788,215793,1,0.0,-0.35,-0.0,-0.354,2026-05-06 18:47:00.000
1789,215867,3,0.0,-0.348,0.01,-0.358,2026-05-06 18:47:00.000
1790,216095,1,0.0,-0.348,-0.0,-0.355,2026-05-06 18:47:00.000
1791,216155,2,0.0,-0.348,0.0,-0.366,2026-05-06 18:47:00.000
1792,216214,3,0.0,-0.348,0.0,-0.358,2026-05-06 18:47:00.000
1793,216505,1,0.0,-0.341,-0.0,-0.351,2026-05-06 18:47:00.000
1794,216565,2,0.0,-0.341,0.0,-0.362,2026-05-06 18:47:00.000
1795,216624,3,0.0,-0.341,0.01,-0.355,2026-05-06 18:47:00.000
1796,216814,3,0.0,-0.329,0.01,-0.345,2026-05-06 18:47:00.000
1797,216920,1,0.0,-0.329,0.0,-0.342,2026-05-06 18:47:00.000
1798,216979,2,0.0,-0.329,-0.02,-0.353,2026-05-06 18:47:00.000
1799,217039,3,0.0,-0.329,0.01,-0.345,2026-05-06 18:47:00.000
1800,217453,1,0.0,-0.304,0.0,-0.338,2026-05-06 18:47:00.000
1801,217512,2,0.0,-0.304,0.01,-0.35,2026-05-06 18:47:00.000
1802,217571,3,0.0,-0.304,-0.0,-0.341,2026-05-06 18:47:00.000
1803,217678,1,0.0,-0.304,0.0,-0.335,2026-05-06 18:47:00.000
1804,217921,1,0.0,-0.264,0.0,-0.326,2026-05-06 18:47:00.000
1805,217980,2,0.0,-0.264,-0.01,-0.337,2026-05-06 18:47:00.000
1806,218040,3,0.0,-0.264,-0.01,-0.329,2026-05-06 18:47:00.000
1807,218230,2,0.0,-0.202,0.0,-0.307,2026-05-06 18:47:00.726
1808,218289,3,0.0,-0.202,-0.0,-0.303,2026-05-06 18:47:00.726
1809,218518,1,0.0,-0.192,0.0,-0.299,2026-05-06 18:47:00.726
1810,218577,2,0.0,-0.192,0.0,-0.307,2026-05-06 18:47:00.726
1811,218636,3,0.0,-0.192,-0.0,-0.303,2026-05-06 18:47:00.726
1812,218878,1,0.34,-0.12,0.01,-0.25,2026-05-06 18:47:00.726
1813,218937,2,0.34,-0.121,0.01,-0.26,2026-05-06 18:47:00.726
1814,218996,3,-0.34,-0.12,-0.0,-0.264,2026-05-06 18:47:00.726
1815,219105,1,0.34,-0.12,0.01,-0.25,2026-05-06 18:47:00.726
1816,219349,1,2.09,-0.063,0.19,-0.177,2026-05-06 18:47:00.726
1817,219408,2,1.97,-0.067,0.08,-0.19,2026-05-06 18:47:00.726
1818,219467,3,-2.03,-0.065,-0.03,-0.186,2026-05-06 18:47:00.726
1819,219658,1,10.22,-0.028,0.86,-0.112,2026-05-06 18:47:00.726
1820,219718,2,7.93,-0.036,0.79,-0.128,2026-05-06 18:47:00.726
1821,219777,3,-8.93,-0.032,-0.32,-0.128,2026-05-06 18:47:00.726
1822,219886,1,10.22,-0.028,0.86,-0.112,2026-05-06 18:47:00.726
1823,219946,2,7.93,-0.036,0.79,-0.128,2026-05-06 18:47:00.726
1824,220005,3,-8.93,-0.032,-0.32,-0.128,2026-05-06 18:47:00.726
1825,220299,1,69.97,0.0,3.91,-0.044,2026-05-06 18:47:00.726
1826,220358,2,26.6,0.0,3.28,-0.054,2026-05-06 18:47:00.726
1827,220417,3,-40.26,0.0,-2.99,-0.055,2026-05-06 18:47:00.726
1828,220526,1,69.97,0.0,3.91,-0.044,2026-05-06 18:47:00.726
1829,220647,1,-61.58,0.0,9.06,-0.006,2026-05-06 18:47:00.726
1830,220707,2,42.5,0.0,7.25,-0.017,2026-05-06 18:47:00.726
1831,220766,3,-74.62,0.0,-7.35,-0.021,2026-05-06 18:47:00.726
1832,220998,1,-58.55,0.0,11.47,0.004,2026-05-06 18:47:00.726
1833,221239,1,-50.77,0.0,19.85,0.02,2026-05-06 18:47:00.726
1834,221299,2,50.77,0.0,16.56,0.014,2026-05-06 18:47:00.726
1835,221358,3,-90.0,0.0,-16.94,0.004,2026-05-06 18:47:00.726
1836,221466,1,-50.77,0.0,19.85,0.02,2026-05-06 18:47:00.726
1837,221708,1,-50.77,0.0,28.5,0.018,2026-05-06 18:47:00.726
1838,221768,2,50.77,0.0,31.05,0.022,2026-05-06 18:47:00.726
1839,221827,3,-90.0,0.0,-32.08,0.009,2026-05-06 18:47:00.726
1840,222018,2,50.77,0.0,39.96,0.017,2026-05-06 18:47:00.726
1841,222077,3,-90.0,0.0,-45.74,0.011,2026-05-06 18:47:00.726
1842,222185,1,-50.77,0.0,31.3,0.01,2026-05-06 18:47:00.726
1843,222245,2,50.77,0.0,39.96,0.017,2026-05-06 18:47:00.726
1844,222304,3,-90.0,0.0,-45.74,0.011,2026-05-06 18:47:00.726
1845,222665,1,-50.77,0.0,31.69,0.0,2026-05-06 18:47:00.726
1846,222725,2,50.77,0.0,47.62,0.014,2026-05-06 18:47:00.726
1847,222784,3,-90.0,0.0,-63.27,0.011,2026-05-06 18:47:00.726
1848,222892,1,-50.77,0.0,31.69,0.0,2026-05-06 18:47:00.726
1849,223134,1,-50.77,0.0,27.02,-0.006,2026-05-06 18:47:00.726
1850,223195,2,50.77,0.0,50.73,0.008,2026-05-06 18:47:00.726
1851,223496,1,-50.77,0.0,20.63,-0.012,2026-05-06 18:47:00.726
1852,223557,2,50.77,0.0,50.83,0.005,2026-05-06 18:47:00.726
1853,223616,3,-90.0,0.0,-83.9,0.001,2026-05-06 18:47:00.726
1854,223845,1,-50.77,0.0,20.63,-0.012,2026-05-06 18:47:00.726
1855,224087,1,-50.77,0.0,7.5,-0.017,2026-05-06 18:47:00.726
1856,224147,2,50.77,0.0,50.83,0.003,2026-05-06 18:47:00.726
1857,224206,3,-90.0,0.0,-89.26,-0.004,2026-05-06 18:47:00.726
1858,224315,1,-50.77,0.0,7.5,-0.017,2026-05-06 18:47:00.726
1859,224557,1,-50.77,0.0,-9.96,-0.024,2026-05-06 18:47:00.726
1860,224618,2,50.77,0.0,50.83,-0.001,2026-05-06 18:47:00.726
1861,224678,3,-90.0,0.0,-90.14,-0.005,2026-05-06 18:47:00.726
1862,224917,1,-50.77,0.063,-23.85,-0.02,2026-05-06 18:47:00.726
1863,224979,2,50.77,-0.063,50.81,-0.005,2026-05-06 18:47:00.726
1864,225040,3,-90.0,-0.049,-90.05,-0.002,2026-05-06 18:47:00.726
1865,225271,1,-50.77,0.063,-27.19,-0.019,2026-05-06 18:47:00.726
1866,225512,1,-50.77,0.063,-37.21,0.023,2026-05-06 18:47:00.726
1867,225573,2,50.77,-0.063,50.77,-0.035,2026-05-06 18:47:00.726
1868,225634,3,-90.0,-0.049,-89.98,-0.021,2026-05-06 18:47:00.726
1869,225744,1,-50.77,0.063,-37.21,0.023,2026-05-06 18:47:00.726
1870,225985,1,-50.77,0.063,-46.11,0.042,2026-05-06 18:47:00.726
1871,226046,2,50.77,-0.063,50.78,-0.039,2026-05-06 18:47:00.726
1872,226107,3,-90.0,-0.049,-89.99,-0.041,2026-05-06 18:47:01.435
1873,226346,1,-50.77,0.063,-49.97,0.049,2026-05-06 18:47:01.435
1874,226407,2,50.77,-0.063,50.83,-0.048,2026-05-06 18:47:01.435
1875,226468,3,-90.0,-0.049,-90.02,-0.056,2026-05-06 18:47:01.435
1876,226699,1,-50.77,0.063,-50.47,0.056,2026-05-06 18:47:01.435
1877,226940,1,-50.77,0.063,-50.96,0.063,2026-05-06 18:47:01.435
1878,227001,2,50.77,-0.063,50.85,-0.06,2026-05-06 18:47:01.435
1879,227062,3,-90.0,-0.049,-90.05,-0.054,2026-05-06 18:47:01.435
1880,227172,1,-50.77,0.063,-50.96,0.063,2026-05-06 18:47:01.435
1881,227413,1,-50.77,0.063,-50.83,0.066,2026-05-06 18:47:01.435
1882,227474,2,50.77,-0.063,50.84,-0.062,2026-05-06 18:47:01.435
1883,227535,3,-90.0,-0.049,-90.03,-0.042,2026-05-06 18:47:01.435
1884,227895,1,-50.77,0.063,-50.79,0.071,2026-05-06 18:47:01.435
1885,227956,2,50.77,-0.063,50.82,-0.07,2026-05-06 18:47:01.435
1886,228017,3,-90.0,-0.049,-90.0,-0.047,2026-05-06 18:47:01.435
1887,228127,1,-50.77,0.063,-50.79,0.071,2026-05-06 18:47:01.435
1888,228199,2,50.77,-0.063,50.79,-0.066,2026-05-06 18:47:01.435
1889,228260,3,-90.0,-0.049,-89.99,-0.05,2026-05-06 18:47:01.435
1890,228491,1,-50.77,0.063,-50.78,0.067,2026-05-06 18:47:01.435
1891,228552,2,50.77,-0.063,50.79,-0.066,2026-05-06 18:47:01.435
1892,228613,3,-90.0,-0.049,-89.99,-0.05,2026-05-06 18:47:01.435
1893,228682,3,-90.0,-0.049,-90.0,-0.051,2026-05-06 18:47:01.435
1894,228792,1,-50.77,0.063,-50.78,0.068,2026-05-06 18:47:01.435
1895,228853,2,50.77,-0.063,50.78,-0.064,2026-05-06 18:47:01.435
1896,228914,3,-90.0,-0.049,-89.99,-0.051,2026-05-06 18:47:01.435
1897,229328,1,-50.77,0.06,-50.77,0.066,2026-05-06 18:47:01.435
1898,229389,2,50.77,-0.06,50.76,-0.064,2026-05-06 18:47:01.435
1899,229450,3,-90.0,-0.046,-90.0,-0.051,2026-05-06 18:47:01.435
1900,229560,1,-50.77,0.06,-50.77,0.066,2026-05-06 18:47:01.435
1901,229806,1,-50.77,0.052,-50.76,0.063,2026-05-06 18:47:01.435
1902,229867,2,50.77,-0.052,50.76,-0.061,2026-05-06 18:47:01.435
1903,229928,3,-90.0,-0.041,-90.0,-0.045,2026-05-06 18:47:01.435
1904,230288,1,-50.77,0.035,-50.76,0.062,2026-05-06 18:47:01.435
1905,230349,2,50.77,-0.035,50.76,-0.059,2026-05-06 18:47:01.435
1906,230410,3,-90.0,-0.027,-90.0,-0.043,2026-05-06 18:47:01.435
1907,230520,1,-50.77,0.035,-50.76,0.062,2026-05-06 18:47:01.435
1908,230761,1,-41.49,0.016,-50.77,0.055,2026-05-06 18:47:01.435
1909,230822,2,63.34,-0.012,50.76,-0.053,2026-05-06 18:47:01.435
1910,230883,3,-107.44,-0.011,-90.0,-0.038,2026-05-06 18:47:01.435
1911,231244,1,-14.56,0.0,-50.61,0.034,2026-05-06 18:47:01.435
1912,231305,2,-24.29,0.0,50.95,-0.032,2026-05-06 18:47:01.435
1913,231366,3,18.25,0.0,-90.16,-0.025,2026-05-06 18:47:01.435
1914,231474,1,-14.56,0.0,-50.61,0.034,2026-05-06 18:47:01.435
1915,231716,1,-0.48,0.0,-46.28,0.013,2026-05-06 18:47:01.435
1916,231776,2,-0.48,0.0,55.23,-0.012,2026-05-06 18:47:01.435
1917,231836,3,0.48,0.0,-94.07,-0.009,2026-05-06 18:47:01.435
1918,231943,1,-0.48,0.0,-46.28,0.013,2026-05-06 18:47:01.435
1919,232183,1,0.0,0.0,-38.95,0.008,2026-05-06 18:47:01.435
1920,232242,2,0.0,0.0,57.96,-0.002,2026-05-06 18:47:01.435
1921,232301,3,0.0,0.0,-94.77,0.0,2026-05-06 18:47:01.435
1922,232539,1,0.0,0.0,-27.0,0.0,2026-05-06 18:47:01.435
1923,232598,2,0.0,0.0,57.57,0.0,2026-05-06 18:47:01.435
1924,232656,3,0.0,0.0,-92.22,-0.0,2026-05-06 18:47:01.435
1925,232882,1,0.0,0.0,-27.0,0.0,2026-05-06 18:47:01.435
1926,233124,1,0.0,0.0,-15.83,0.001,2026-05-06 18:47:01.435
1927,233183,2,0.0,0.0,53.78,0.0,2026-05-06 18:47:01.435
1928,233241,3,0.0,0.0,-86.37,-0.0,2026-05-06 18:47:01.435
1929,233347,1,0.0,0.0,-15.83,0.001,2026-05-06 18:47:01.435
1930,233589,1,0.0,0.0,-4.61,0.004,2026-05-06 18:47:01.435
1931,233647,2,0.0,0.0,41.35,-0.0,2026-05-06 18:47:01.435
1932,233706,3,0.0,0.0,-71.24,0.005,2026-05-06 18:47:01.435
1933,233811,1,0.0,0.0,-4.61,0.004,2026-05-06 18:47:01.435
1934,234053,1,0.0,0.0,-1.57,0.004,2026-05-06 18:47:01.435
1935,234111,2,0.0,0.0,34.26,-0.0,2026-05-06 18:47:01.435
1936,234170,3,0.0,0.0,-63.4,0.006,2026-05-06 18:47:02.147
1937,234528,1,0.0,0.0,0.1,0.006,2026-05-06 18:47:02.147
1938,234585,2,0.0,0.0,16.37,0.001,2026-05-06 18:47:02.147
1939,234643,3,0.0,0.0,-38.9,0.012,2026-05-06 18:47:02.147
1940,234748,1,0.0,0.0,0.1,0.006,2026-05-06 18:47:02.147
1941,234990,1,0.0,0.0,0.04,0.008,2026-05-06 18:47:02.147
1942,235047,2,0.0,0.0,6.49,0.003,2026-05-06 18:47:02.147
1943,235104,3,0.0,0.0,-22.76,0.011,2026-05-06 18:47:02.147
1944,235209,1,0.0,0.0,0.04,0.008,2026-05-06 18:47:02.147
1945,235451,1,0.0,0.0,0.01,0.008,2026-05-06 18:47:02.147
1946,235508,2,0.0,0.0,2.94,0.004,2026-05-06 18:47:02.147
1947,235565,3,0.0,0.0,-16.18,0.01,2026-05-06 18:47:02.147
1948,235804,1,0.0,0.016,0.0,0.007,2026-05-06 18:47:02.147
1949,235861,2,0.0,0.016,0.1,0.007,2026-05-06 18:47:02.147
1950,235918,3,0.0,0.016,-6.76,0.007,2026-05-06 18:47:02.147
1951,236142,1,0.0,0.017,0.0,0.007,2026-05-06 18:47:02.147
1952,236386,1,0.0,0.028,0.09,0.022,2026-05-06 18:47:02.147
1953,236443,2,0.0,0.028,-0.16,0.023,2026-05-06 18:47:02.147
1954,236501,3,0.0,0.028,-0.48,0.029,2026-05-06 18:47:02.147
1955,236605,1,0.0,0.028,0.09,0.022,2026-05-06 18:47:02.147
1956,236849,1,0.0,0.061,0.02,0.027,2026-05-06 18:47:02.147
1957,236906,2,0.0,0.061,-0.03,0.03,2026-05-06 18:47:02.147
1958,236964,3,0.0,0.061,0.05,0.024,2026-05-06 18:47:02.147
1959,237067,1,0.0,0.061,0.02,0.027,2026-05-06 18:47:02.147
1960,237313,1,0.0,0.096,0.01,0.037,2026-05-06 18:47:02.147
1961,237370,2,0.0,0.096,-0.02,0.037,2026-05-06 18:47:02.147
1962,237428,3,0.0,0.096,0.08,0.034,2026-05-06 18:47:02.147
1963,237786,1,0.0,0.131,0.02,0.069,2026-05-06 18:47:02.147
1964,237843,2,0.0,0.131,-0.01,0.071,2026-05-06 18:47:02.147
1965,237901,3,0.0,0.131,0.08,0.069,2026-05-06 18:47:02.147
1966,238004,1,0.0,0.131,0.02,0.069,2026-05-06 18:47:02.147
1967,238248,1,0.0,0.171,0.04,0.088,2026-05-06 18:47:02.147
1968,238305,2,0.0,0.171,-0.02,0.093,2026-05-06 18:47:02.147
1969,238363,3,0.0,0.171,0.06,0.091,2026-05-06 18:47:02.147
1970,238466,1,0.0,0.171,0.04,0.088,2026-05-06 18:47:02.147
1971,238709,1,0.0,0.206,0.03,0.129,2026-05-06 18:47:02.147
1972,238766,2,0.0,0.206,-0.01,0.131,2026-05-06 18:47:02.147
1973,238824,3,0.0,0.206,0.04,0.13,2026-05-06 18:47:02.147
1974,239062,1,0.0,0.241,0.0,0.18,2026-05-06 18:47:02.147
1975,239119,2,0.0,0.241,-0.0,0.182,2026-05-06 18:47:02.147
1976,239177,3,0.0,0.241,0.03,0.179,2026-05-06 18:47:02.147
1977,239401,1,0.0,0.246,0.0,0.18,2026-05-06 18:47:02.147
1978,239644,1,0.0,0.281,-0.01,0.224,2026-05-06 18:47:02.147
1979,239702,2,0.0,0.281,0.0,0.231,2026-05-06 18:47:02.147
1980,239759,3,0.0,0.281,-0.0,0.228,2026-05-06 18:47:02.147
1981,239863,1,0.0,0.281,-0.01,0.224,2026-05-06 18:47:02.147
1982,239939,1,0.0,0.316,-0.01,0.253,2026-05-06 18:47:02.147
1983,239997,2,0.0,0.316,0.0,0.258,2026-05-06 18:47:02.147
1984,240054,3,0.0,0.316,0.0,0.251,2026-05-06 18:47:02.147
1985,240278,1,0.0,0.321,-0.01,0.263,2026-05-06 18:47:02.147
1986,240336,2,0.0,0.321,0.0,0.266,2026-05-06 18:47:02.147
1987,240575,1,0.0,0.35,-0.0,0.303,2026-05-06 18:47:02.147
1988,240633,2,0.0,0.35,0.0,0.307,2026-05-06 18:47:02.147
1989,240690,3,0.0,0.35,-0.01,0.302,2026-05-06 18:47:02.147
1990,241048,1,0.0,0.35,-0.01,0.339,2026-05-06 18:47:02.147
1991,241106,2,0.0,0.35,0.0,0.346,2026-05-06 18:47:02.147
1992,241163,3,0.0,0.35,-0.01,0.339,2026-05-06 18:47:02.147
1993,241267,1,0.0,0.35,-0.01,0.339,2026-05-06 18:47:02.147
1994,241510,1,0.0,0.35,0.0,0.357,2026-05-06 18:47:02.147
1995,241567,2,0.0,0.35,-0.0,0.362,2026-05-06 18:47:02.147
1996,241625,3,0.0,0.35,-0.0,0.36,2026-05-06 18:47:02.147
1997,241729,1,0.0,0.35,0.0,0.357,2026-05-06 18:47:02.147
1998,241971,1,0.0,0.348,0.01,0.365,2026-05-06 18:47:02.147
1999,242028,2,0.0,0.348,-0.0,0.377,2026-05-06 18:47:02.147
2000,242086,3,0.0,0.348,-0.01,0.369,2026-05-06 18:47:02.147
2001,242277,3,0.0,0.342,0.01,0.375,2026-05-06 18:47:02.744
2002,242380,1,0.0,0.342,0.0,0.369,2026-05-06 18:47:02.744
2003,242437,2,0.0,0.342,-0.01,0.381,2026-05-06 18:47:02.744
2004,242495,3,0.0,0.342,0.01,0.375,2026-05-06 18:47:02.744
2005,242905,1,0.0,0.329,-0.01,0.368,2026-05-06 18:47:02.744
2006,242963,2,0.0,0.329,-0.01,0.373,2026-05-06 18:47:02.744
2007,243021,3,0.0,0.329,0.0,0.369,2026-05-06 18:47:02.744
2008,243124,1,0.0,0.329,-0.01,0.368,2026-05-06 18:47:02.744
2009,243202,3,0.0,0.308,-0.0,0.357,2026-05-06 18:47:02.744
2010,243426,1,0.0,0.304,0.01,0.349,2026-05-06 18:47:02.744
2011,243483,2,0.0,0.304,-0.01,0.353,2026-05-06 18:47:02.744
2012,243541,3,0.0,0.304,0.0,0.351,2026-05-06 18:47:02.744
2013,243829,1,0.0,0.264,0.0,0.332,2026-05-06 18:47:02.744
2014,243886,2,0.0,0.264,0.0,0.345,2026-05-06 18:47:02.744
2015,243943,3,0.0,0.264,0.01,0.34,2026-05-06 18:47:02.744
2016,244301,1,0.0,0.202,-0.0,0.321,2026-05-06 18:47:02.744
2017,244359,2,0.0,0.202,0.0,0.333,2026-05-06 18:47:02.744
2018,244416,3,0.0,0.202,0.01,0.326,2026-05-06 18:47:02.744
2019,244519,1,0.0,0.202,-0.0,0.321,2026-05-06 18:47:02.744
2020,244765,1,0.0,0.12,0.01,0.244,2026-05-06 18:47:02.744
2021,244822,2,0.0,0.12,-0.01,0.251,2026-05-06 18:47:02.744
2022,244880,3,0.0,0.12,0.0,0.249,2026-05-06 18:47:02.744
2023,244983,1,0.0,0.12,0.01,0.244,2026-05-06 18:47:02.744
2024,245226,1,0.0,0.065,0.01,0.233,2026-05-06 18:47:02.744
2025,245283,2,0.0,0.065,-0.01,0.242,2026-05-06 18:47:02.744
2026,245341,3,0.0,0.065,-0.0,0.239,2026-05-06 18:47:02.744
2027,245579,1,0.0,0.061,-0.0,0.143,2026-05-06 18:47:02.744
2028,245637,2,0.0,0.061,-0.01,0.155,2026-05-06 18:47:02.744
2029,245695,3,0.0,0.061,0.01,0.148,2026-05-06 18:47:02.744
2030,245918,1,0.0,0.06,-0.0,0.143,2026-05-06 18:47:02.744
2031,246161,1,0.0,0.055,-0.0,0.073,2026-05-06 18:47:02.744
2032,246219,2,0.0,0.055,0.01,0.075,2026-05-06 18:47:02.744
2033,246276,3,0.0,0.055,-0.0,0.075,2026-05-06 18:47:02.744
2034,246380,1,0.0,0.055,-0.0,0.073,2026-05-06 18:47:02.744
2035,246623,1,0.0,0.047,-0.01,0.042,2026-05-06 18:47:02.744
2036,246681,2,0.0,0.047,0.03,0.041,2026-05-06 18:47:02.744
2037,246738,3,0.0,0.047,-0.0,0.042,2026-05-06 18:47:02.744
2038,246842,1,0.0,0.047,-0.01,0.042,2026-05-06 18:47:02.744
2039,247085,1,0.0,0.038,-0.01,0.028,2026-05-06 18:47:02.744
2040,247143,2,0.0,0.038,0.02,0.028,2026-05-06 18:47:02.744
2041,247200,3,0.0,0.038,0.0,0.027,2026-05-06 18:47:02.744
2042,247438,1,0.0,0.026,0.0,0.022,2026-05-06 18:47:02.744
2043,247495,2,0.0,0.026,0.0,0.021,2026-05-06 18:47:02.744
2044,247552,3,0.0,0.026,0.0,0.022,2026-05-06 18:47:02.744
2045,247775,1,0.0,0.024,0.0,0.022,2026-05-06 18:47:02.744
2046,248018,1,0.0,0.008,0.0,0.02,2026-05-06 18:47:02.744
2047,248075,2,0.0,0.008,-0.0,0.02,2026-05-06 18:47:02.744
2048,248133,3,0.0,0.008,-0.0,0.022,2026-05-06 18:47:02.744
2049,248237,1,0.0,0.008,0.0,0.02,2026-05-06 18:47:02.744
2050,248483,1,0.0,-0.012,0.01,0.014,2026-05-06 18:47:02.902
2051,248541,2,0.0,-0.012,-0.01,0.015,2026-05-06 18:47:02.902
2052,248600,3,0.0,-0.012,-0.0,0.015,2026-05-06 18:47:02.902
2053,248791,3,0.0,-0.036,-0.0,-0.001,2026-05-06 18:47:02.902
2054,249020,1,0.0,-0.04,0.01,-0.002,2026-05-06 18:47:03.456
2055,249079,2,0.0,-0.04,-0.0,-0.0,2026-05-06 18:47:03.456
2056,249139,3,0.0,-0.04,-0.0,-0.001,2026-05-06 18:47:03.456
2057,249430,1,0.0,-0.071,0.0,-0.013,2026-05-06 18:47:03.456
2058,249489,2,0.0,-0.071,0.0,-0.013,2026-05-06 18:47:03.456
2059,249548,3,0.0,-0.071,-0.01,-0.013,2026-05-06 18:47:03.456
2060,249655,1,0.0,-0.071,0.0,-0.013,2026-05-06 18:47:03.456
2061,249898,1,0.0,-0.112,0.0,-0.047,2026-05-06 18:47:03.456
2062,249957,2,0.0,-0.112,0.0,-0.049,2026-05-06 18:47:03.456
2063,250016,3,0.0,-0.112,-0.0,-0.048,2026-05-06 18:47:03.456
2064,250123,1,0.0,-0.112,0.0,-0.047,2026-05-06 18:47:03.456
2065,250366,1,0.0,-0.15,0.0,-0.083,2026-05-06 18:47:03.456
2066,250425,2,0.0,-0.15,-0.0,-0.084,2026-05-06 18:47:03.456
2067,250485,3,0.0,-0.15,-0.0,-0.082,2026-05-06 18:47:03.456
2068,250678,3,0.0,-0.188,0.0,-0.11,2026-05-06 18:47:03.456
2069,250784,1,0.0,-0.188,-0.0,-0.107,2026-05-06 18:47:03.456
2070,250844,2,0.0,-0.188,-0.01,-0.112,2026-05-06 18:47:03.456
2071,250904,3,0.0,-0.188,0.0,-0.11,2026-05-06 18:47:03.456
2072,251317,1,0.0,-0.227,0.0,-0.161,2026-05-06 18:47:03.456
2073,251376,2,0.0,-0.227,-0.0,-0.161,2026-05-06 18:47:03.456
2074,251436,3,0.0,-0.227,0.0,-0.159,2026-05-06 18:47:03.456
2075,251542,1,0.0,-0.227,0.0,-0.161,2026-05-06 18:47:03.456
2076,251785,1,0.0,-0.256,-0.0,-0.192,2026-05-06 18:47:03.456
2077,251845,2,0.0,-0.256,0.0,-0.194,2026-05-06 18:47:03.456
2078,251904,3,0.0,-0.256,0.01,-0.191,2026-05-06 18:47:03.456
2079,252097,2,0.0,-0.28,0.01,-0.242,2026-05-06 18:47:03.456
2080,252156,3,0.0,-0.28,-0.0,-0.235,2026-05-06 18:47:03.456
2081,252385,1,0.0,-0.283,-0.0,-0.233,2026-05-06 18:47:03.456
2082,252445,2,0.0,-0.283,0.01,-0.242,2026-05-06 18:47:03.456
2083,252504,3,0.0,-0.283,-0.0,-0.235,2026-05-06 18:47:03.456
2084,252744,1,0.0,-0.302,-0.0,-0.254,2026-05-06 18:47:03.456
2085,252804,2,0.0,-0.302,0.01,-0.263,2026-05-06 18:47:03.456
2086,252863,3,0.0,-0.302,-0.0,-0.255,2026-05-06 18:47:03.456
2087,252970,1,0.0,-0.302,-0.0,-0.254,2026-05-06 18:47:03.456
2088,253213,1,0.0,-0.318,-0.01,-0.3,2026-05-06 18:47:03.456
2089,253273,2,0.0,-0.318,0.0,-0.31,2026-05-06 18:47:03.456
2090,253332,3,0.0,-0.318,-0.01,-0.304,2026-05-06 18:47:03.456
2091,253439,1,0.0,-0.318,-0.01,-0.3,2026-05-06 18:47:03.456
2092,253683,1,0.0,-0.329,-0.0,-0.318,2026-05-06 18:47:03.456
2093,253743,2,0.0,-0.329,0.0,-0.326,2026-05-06 18:47:03.456
2094,253802,3,0.0,-0.329,-0.0,-0.318,2026-05-06 18:47:03.456
2095,253992,3,0.0,-0.337,0.0,-0.333,2026-05-06 18:47:03.456
2096,254098,1,0.0,-0.337,0.0,-0.33,2026-05-06 18:47:03.456
2097,254157,2,0.0,-0.337,0.01,-0.344,2026-05-06 18:47:03.456
2098,254216,3,0.0,-0.337,0.0,-0.333,2026-05-06 18:47:03.456
2099,254630,1,0.0,-0.344,0.01,-0.335,2026-05-06 18:47:03.456
2100,254689,2,0.0,-0.344,0.01,-0.347,2026-05-06 18:47:03.456
2101,254748,3,0.0,-0.344,0.01,-0.334,2026-05-06 18:47:03.456
2102,254854,1,0.0,-0.344,0.01,-0.335,2026-05-06 18:47:03.456
2103,255097,1,0.0,-0.345,-0.0,-0.351,2026-05-06 18:47:03.456
2104,255157,2,0.0,-0.345,0.0,-0.361,2026-05-06 18:47:03.456
2105,255216,3,0.0,-0.345,0.01,-0.352,2026-05-06 18:47:03.456
2106,255406,1,0.0,-0.339,0.01,-0.356,2026-05-06 18:47:03.456
2107,255465,2,0.0,-0.339,-0.02,-0.365,2026-05-06 18:47:03.456
2108,255525,3,0.0,-0.339,0.01,-0.351,2026-05-06 18:47:03.456
2109,255753,1,0.0,-0.338,0.01,-0.353,2026-05-06 18:47:03.456
2110,255812,2,0.0,-0.338,0.02,-0.361,2026-05-06 18:47:03.456
2111,256052,1,0.0,-0.326,0.0,-0.35,2026-05-06 18:47:03.456
2112,256111,2,0.0,-0.326,0.01,-0.36,2026-05-06 18:47:03.456
2113,256170,3,0.0,-0.326,-0.01,-0.351,2026-05-06 18:47:03.456
2114,256277,1,0.0,-0.326,0.0,-0.35,2026-05-06 18:47:03.456
2115,256520,1,0.0,-0.3,0.0,-0.348,2026-05-06 18:47:03.456
2116,256579,2,0.0,-0.3,0.0,-0.357,2026-05-06 18:47:03.456
2117,256638,3,0.0,-0.3,-0.01,-0.351,2026-05-06 18:47:03.456
2118,256745,1,0.0,-0.3,0.0,-0.348,2026-05-06 18:47:03.456
2119,256988,1,0.0,-0.259,-0.01,-0.326,2026-05-06 18:47:04.167
2120,257048,2,0.0,-0.259,-0.0,-0.338,2026-05-06 18:47:04.167
2121,257108,3,0.0,-0.259,0.01,-0.331,2026-05-06 18:47:04.167
2122,257297,3,0.0,-0.197,0.01,-0.309,2026-05-06 18:47:04.167
2123,257403,1,0.0,-0.197,-0.0,-0.299,2026-05-06 18:47:04.167
2124,257463,2,0.0,-0.197,0.01,-0.316,2026-05-06 18:47:04.167
2125,257522,3,0.0,-0.197,0.01,-0.309,2026-05-06 18:47:04.167
2126,257938,1,0.36,-0.114,0.0,-0.26,2026-05-06 18:47:04.167
2127,257997,2,0.36,-0.116,0.0,-0.271,2026-05-06 18:47:04.167
2128,258056,3,-0.36,-0.115,0.01,-0.266,2026-05-06 18:47:04.167
2129,258164,1,0.36,-0.114,0.0,-0.26,2026-05-06 18:47:04.167
2130,258408,1,2.23,-0.059,0.13,-0.168,2026-05-06 18:47:04.167
2131,258467,2,2.09,-0.063,0.11,-0.18,2026-05-06 18:47:04.167
2132,258526,3,-2.16,-0.061,0.0,-0.177,2026-05-06 18:47:04.167
2133,258717,1,11.13,-0.026,0.82,-0.118,2026-05-06 18:47:04.167
2134,258777,2,8.47,-0.034,0.71,-0.127,2026-05-06 18:47:04.167
2135,258836,3,-9.62,-0.03,-0.61,-0.121,2026-05-06 18:47:04.167
2136,258945,1,11.13,-0.026,0.82,-0.118,2026-05-06 18:47:04.167
2137,259005,2,8.47,-0.034,0.71,-0.127,2026-05-06 18:47:04.167
2138,259064,3,-9.62,-0.03,-0.61,-0.121,2026-05-06 18:47:04.167
2139,259358,1,76.1,0.0,3.78,-0.049,2026-05-06 18:47:04.167
2140,259417,2,28.01,0.0,3.11,-0.051,2026-05-06 18:47:04.167
2141,259476,3,-43.23,0.0,-3.01,-0.05,2026-05-06 18:47:04.167
2142,259585,1,76.1,0.0,3.78,-0.049,2026-05-06 18:47:04.167
2143,259831,1,-57.02,0.0,10.32,-0.005,2026-05-06 18:47:04.167
2144,259892,2,45.47,0.0,8.33,0.001,2026-05-06 18:47:04.167
2145,259950,3,-80.5,0.0,-8.88,-0.005,2026-05-06 18:47:04.167
2146,260136,2,50.77,0.0,15.48,0.012,2026-05-06 18:47:04.167
2147,260195,3,-90.0,0.0,-16.77,0.009,2026-05-06 18:47:04.167
2148,260303,1,-50.77,0.0,18.07,0.008,2026-05-06 18:47:04.167
2149,260363,2,50.77,0.0,15.48,0.012,2026-05-06 18:47:04.167
2150,260422,3,-90.0,0.0,-16.77,0.009,2026-05-06 18:47:04.167
2151,260783,1,-50.77,0.0,24.49,0.009,2026-05-06 18:47:04.167
2152,260843,2,50.77,0.0,30.27,0.019,2026-05-06 18:47:04.167
2153,260902,3,-90.0,0.0,-32.38,0.01,2026-05-06 18:47:04.167
2154,261010,1,-50.77,0.0,24.49,0.009,2026-05-06 18:47:04.167
2155,261252,1,-50.77,0.0,25.33,0.006,2026-05-06 18:47:04.167
2156,261312,2,50.77,0.0,38.47,0.018,2026-05-06 18:47:04.167
2157,261371,3,-90.0,0.0,-45.38,0.008,2026-05-06 18:47:04.167
2158,261610,1,-50.77,0.0,23.83,0.005,2026-05-06 18:47:04.167
2159,261670,2,50.77,0.0,46.26,0.012,2026-05-06 18:47:04.167
2160,261729,3,-90.0,0.0,-62.07,0.006,2026-05-06 18:47:04.167
2161,261958,1,-50.77,0.0,22.53,0.006,2026-05-06 18:47:04.167
2162,262201,1,-50.77,0.0,16.81,0.003,2026-05-06 18:47:04.167
2163,262261,2,50.77,0.0,50.38,0.006,2026-05-06 18:47:04.167
2164,262320,3,-90.0,0.0,-76.17,0.002,2026-05-06 18:47:04.167
2165,262428,1,-50.77,0.0,16.81,0.003,2026-05-06 18:47:04.167
2166,262669,1,-50.77,0.0,5.61,0.004,2026-05-06 18:47:04.167
2167,262728,2,50.77,0.0,50.9,0.002,2026-05-06 18:47:04.167
2168,262787,3,-90.0,0.0,-84.93,0.001,2026-05-06 18:47:04.167
2169,262981,3,-90.0,0.0,-89.06,0.003,2026-05-06 18:47:04.167
2170,263210,1,-50.77,0.0,-10.19,0.003,2026-05-06 18:47:04.167
2171,263271,2,50.77,0.0,50.78,-0.001,2026-05-06 18:47:04.167
2172,263331,3,-90.0,0.0,-89.34,0.004,2026-05-06 18:47:04.167
2173,263620,1,-50.77,0.0,-23.78,0.005,2026-05-06 18:47:04.167
2174,263681,2,50.77,0.0,50.77,-0.001,2026-05-06 18:47:04.167
2175,263741,3,-90.0,0.0,-90.12,0.005,2026-05-06 18:47:04.167
2176,263849,1,-50.77,0.0,-23.78,0.005,2026-05-06 18:47:04.167
2177,264091,1,-50.77,0.0,-37.2,0.001,2026-05-06 18:47:04.167
2178,264152,2,50.77,0.0,50.77,-0.001,2026-05-06 18:47:04.167
2179,264212,3,-90.0,0.0,-90.02,0.005,2026-05-06 18:47:04.167
2180,264320,1,-50.77,0.0,-37.2,0.001,2026-05-06 18:47:04.167
2181,264562,1,-50.77,0.0,-46.05,0.0,2026-05-06 18:47:04.167
2182,264623,2,50.77,0.0,50.76,0.002,2026-05-06 18:47:04.167
2183,264682,3,-90.0,0.0,-90.0,0.002,2026-05-06 18:47:04.167
2184,265041,1,-50.77,0.063,-49.83,-0.0,2026-05-06 18:47:04.879
2185,265103,2,50.77,-0.063,50.76,0.002,2026-05-06 18:47:04.879
2186,265163,3,-90.0,-0.049,-90.0,0.001,2026-05-06 18:47:04.879
2187,265272,1,-50.77,0.063,-49.83,-0.0,2026-05-06 18:47:04.879
2188,265514,1,-50.77,0.063,-50.81,0.022,2026-05-06 18:47:04.879
2189,265575,2,50.77,-0.063,50.76,-0.021,2026-05-06 18:47:04.879
2190,265636,3,-90.0,-0.049,-89.98,-0.016,2026-05-06 18:47:04.879
2191,265746,1,-50.77,0.063,-50.81,0.022,2026-05-06 18:47:04.879
2192,265818,1,-50.77,0.063,-50.86,0.047,2026-05-06 18:47:04.879
2193,265879,2,50.77,-0.063,50.78,-0.044,2026-05-06 18:47:04.879
2194,265940,3,-90.0,-0.049,-89.97,-0.03,2026-05-06 18:47:04.879
2195,266171,1,-50.77,0.063,-50.86,0.048,2026-05-06 18:47:04.879
2196,266232,2,50.77,-0.063,50.78,-0.044,2026-05-06 18:47:04.879
2197,266469,1,-50.77,0.063,-50.84,0.058,2026-05-06 18:47:04.879
2198,266530,2,50.77,-0.063,50.87,-0.056,2026-05-06 18:47:04.879
2199,266591,3,-90.0,-0.049,-90.0,-0.046,2026-05-06 18:47:04.879
2200,266701,1,-50.77,0.063,-50.84,0.058,2026-05-06 18:47:04.879
2201,266942,1,-50.77,0.063,-50.82,0.071,2026-05-06 18:47:04.879
2202,267003,2,50.77,-0.063,50.87,-0.065,2026-05-06 18:47:04.879
2203,267064,3,-90.0,-0.049,-90.04,-0.052,2026-05-06 18:47:04.879
2204,267427,1,-50.77,0.063,-50.78,0.062,2026-05-06 18:47:04.879
2205,267488,2,50.77,-0.063,50.84,-0.062,2026-05-06 18:47:04.879
2206,267549,3,-90.0,-0.049,-90.03,-0.043,2026-05-06 18:47:04.879
2207,267659,1,-50.77,0.063,-50.78,0.062,2026-05-06 18:47:04.879
2208,267900,1,-50.77,0.063,-50.77,0.065,2026-05-06 18:47:04.879
2209,267961,2,50.77,-0.063,50.78,-0.062,2026-05-06 18:47:04.879
2210,268022,3,-90.0,-0.049,-90.02,-0.049,2026-05-06 18:47:04.879
2211,268132,1,-50.77,0.063,-50.77,0.065,2026-05-06 18:47:04.879
2212,268204,3,-90.0,-0.049,-90.01,-0.049,2026-05-06 18:47:04.879
2213,268435,1,-50.77,0.063,-50.77,0.061,2026-05-06 18:47:04.879
2214,268496,2,50.77,-0.063,50.77,-0.059,2026-05-06 18:47:04.879
2215,268557,3,-90.0,-0.049,-90.01,-0.046,2026-05-06 18:47:04.879
2216,268847,1,-50.77,0.063,-50.77,0.063,2026-05-06 18:47:04.879
2217,268908,2,50.77,-0.063,50.77,-0.06,2026-05-06 18:47:04.879
2218,268969,3,-90.0,-0.049,-89.99,-0.046,2026-05-06 18:47:04.879
2219,269079,1,-50.77,0.063,-50.77,0.063,2026-05-06 18:47:04.879
2220,269320,1,-50.77,0.063,-50.77,0.063,2026-05-06 18:47:04.879
2221,269381,2,50.77,-0.063,50.77,-0.062,2026-05-06 18:47:04.879
2222,269442,3,-90.0,-0.049,-89.99,-0.047,2026-05-06 18:47:04.879
2223,269552,1,-50.77,0.063,-50.77,0.063,2026-05-06 18:47:04.879
2224,269624,2,50.77,-0.063,50.77,-0.062,2026-05-06 18:47:04.879
2225,269685,3,-90.0,-0.049,-90.0,-0.047,2026-05-06 18:47:04.879
2226,269916,1,-50.77,0.063,-50.77,0.063,2026-05-06 18:47:04.879
2227,269977,2,50.77,-0.063,50.77,-0.062,2026-05-06 18:47:04.879
2228,270038,3,-90.0,-0.049,-90.0,-0.047,2026-05-06 18:47:04.879
2229,270276,1,-50.77,0.063,-50.78,0.065,2026-05-06 18:47:04.879
2230,270337,2,50.77,-0.063,50.77,-0.062,2026-05-06 18:47:04.879
2231,270398,3,-90.0,-0.049,-90.0,-0.047,2026-05-06 18:47:04.879
2232,270508,1,-50.77,0.063,-50.78,0.065,2026-05-06 18:47:04.879
2233,270582,2,50.77,-0.063,50.77,-0.062,2026-05-06 18:47:04.879
2234,270643,3,-90.0,-0.049,-90.0,-0.047,2026-05-06 18:47:04.879
2235,270874,1,-50.77,0.063,-50.78,0.062,2026-05-06 18:47:04.879
2236,270935,2,50.77,-0.063,50.77,-0.062,2026-05-06 18:47:04.879
2237,270996,3,-90.0,-0.049,-90.0,-0.047,2026-05-06 18:47:04.879
2238,271113,1,-50.77,0.063,-50.78,0.062,2026-05-06 18:47:04.879
2239,271174,2,50.77,-0.063,50.77,-0.061,2026-05-06 18:47:04.879
2240,271235,3,-90.0,-0.049,-90.0,-0.047,2026-05-06 18:47:04.879
2241,271466,1,-50.77,0.063,-50.78,0.063,2026-05-06 18:47:04.879
2242,271707,1,-50.77,0.063,-50.78,0.062,2026-05-06 18:47:04.879
2243,271768,2,50.77,-0.063,50.77,-0.063,2026-05-06 18:47:04.879
2244,271829,3,-90.0,-0.049,-90.0,-0.047,2026-05-06 18:47:04.879
2245,271939,1,-50.77,0.063,-50.78,0.062,2026-05-06 18:47:04.879
2246,272059,1,-50.77,0.063,-50.78,0.064,2026-05-06 18:47:04.879
2247,272120,2,50.77,-0.063,50.77,-0.063,2026-05-06 18:47:04.879
2248,272181,3,-90.0,-0.049,-90.0,-0.047,2026-05-06 18:47:04.879
2249,272412,1,-50.77,0.063,-50.78,0.064,2026-05-06 18:47:04.879
2250,272484,2,50.77,-0.063,50.77,-0.063,2026-05-06 18:47:04.879
2251,272545,3,-90.0,-0.049,-90.0,-0.048,2026-05-06 18:47:04.879
2252,272655,1,-50.77,0.063,-50.78,0.064,2026-05-06 18:47:04.879
2253,272716,2,50.77,-0.063,50.77,-0.063,2026-05-06 18:47:04.879
2254,272777,3,-90.0,-0.049,-90.0,-0.048,2026-05-06 18:47:04.879
2255,273136,1,-50.77,0.063,-50.78,0.064,2026-05-06 18:47:05.588
2256,273197,2,50.77,-0.063,50.77,-0.063,2026-05-06 18:47:05.588
2257,273258,3,-90.0,-0.049,-90.0,-0.049,2026-05-06 18:47:05.588
2258,273368,1,-50.77,0.063,-50.78,0.064,2026-05-06 18:47:05.588
2259,273440,2,50.77,-0.063,50.77,-0.063,2026-05-06 18:47:05.588
2260,273501,3,-90.0,-0.049,-90.0,-0.048,2026-05-06 18:47:05.588
2261,273732,1,-50.77,0.063,-50.77,0.064,2026-05-06 18:47:05.588
2262,273793,2,50.77,-0.063,50.77,-0.062,2026-05-06 18:47:05.588
2263,273854,3,-90.0,-0.049,-90.0,-0.048,2026-05-06 18:47:05.588
2264,274092,1,-50.77,0.063,-50.77,0.063,2026-05-06 18:47:05.588
2265,274153,2,50.77,-0.063,50.77,-0.06,2026-05-06 18:47:05.588
2266,274214,3,-90.0,-0.049,-90.0,-0.048,2026-05-06 18:47:05.588
2267,274324,1,-50.77,0.063,-50.77,0.063,2026-05-06 18:47:05.588
2268,274565,1,-50.77,0.063,-50.77,0.063,2026-05-06 18:47:05.588
2269,274626,2,50.77,-0.063,50.77,-0.06,2026-05-06 18:47:05.588
2270,274687,3,-90.0,-0.049,-90.0,-0.047,2026-05-06 18:47:05.588
2271,274881,2,50.77,-0.063,50.77,-0.063,2026-05-06 18:47:05.588
2272,274942,3,-90.0,-0.049,-90.0,-0.047,2026-05-06 18:47:05.588
2273,275052,1,-50.77,0.063,-50.77,0.063,2026-05-06 18:47:05.588
2274,275113,2,50.77,-0.063,50.77,-0.063,2026-05-06 18:47:05.588
2275,275174,3,-90.0,-0.049,-90.0,-0.047,2026-05-06 18:47:05.588
2276,275533,1,-50.77,0.063,-50.77,0.064,2026-05-06 18:47:05.588
2277,275594,2,50.77,-0.063,50.77,-0.062,2026-05-06 18:47:05.588
2278,275655,3,-90.0,-0.049,-90.0,-0.048,2026-05-06 18:47:05.588
2279,275765,1,-50.77,0.063,-50.77,0.064,2026-05-06 18:47:05.588
2280,276006,1,-50.77,0.063,-50.77,0.065,2026-05-06 18:47:05.588
2281,276067,2,50.77,-0.063,50.77,-0.063,2026-05-06 18:47:05.588
2282,276128,3,-90.0,-0.049,-90.0,-0.048,2026-05-06 18:47:05.588
2283,276367,1,-50.77,0.063,-50.77,0.064,2026-05-06 18:47:05.588
2284,276428,2,50.77,-0.063,50.77,-0.062,2026-05-06 18:47:05.588
2285,276489,3,-90.0,-0.049,-90.0,-0.048,2026-05-06 18:47:05.588
2286,276599,1,-50.77,0.063,-50.77,0.064,2026-05-06 18:47:05.588
2287,276660,2,50.77,-0.063,50.77,-0.062,2026-05-06 18:47:05.588
2288,276721,3,-90.0,-0.049,-90.0,-0.048,2026-05-06 18:47:05.588
2289,276961,1,-50.77,0.063,-50.77,0.063,2026-05-06 18:47:05.588
2290,277022,2,50.77,-0.063,50.77,-0.062,2026-05-06 18:47:05.588
2291,277083,3,-90.0,-0.049,-90.0,-0.048,2026-05-06 18:47:05.588
2292,277193,1,-50.77,0.063,-50.77,0.063,2026-05-06 18:47:05.588
2293,277434,1,-50.77,0.063,-50.77,0.065,2026-05-06 18:47:05.588
2294,277495,2,50.77,-0.063,50.77,-0.063,2026-05-06 18:47:05.588
2295,277556,3,-90.0,-0.049,-90.0,-0.048,2026-05-06 18:47:05.588
2296,277747,2,50.77,-0.061,50.77,-0.064,2026-05-06 18:47:05.588
2297,277808,3,-90.0,-0.047,-90.0,-0.048,2026-05-06 18:47:05.588
2298,277918,1,-50.77,0.061,-50.77,0.065,2026-05-06 18:47:05.588
2299,277979,2,50.77,-0.061,50.77,-0.064,2026-05-06 18:47:05.588
2300,278040,3,-90.0,-0.047,-90.0,-0.048,2026-05-06 18:47:05.588
2301,278399,1,-50.77,0.054,-50.77,0.063,2026-05-06 18:47:05.588
2302,278460,2,50.77,-0.054,50.77,-0.062,2026-05-06 18:47:05.588
2303,278521,3,-90.0,-0.042,-90.0,-0.048,2026-05-06 18:47:05.588
2304,278631,1,-50.77,0.054,-50.77,0.063,2026-05-06 18:47:05.588
2305,278872,1,-50.77,0.038,-50.77,0.059,2026-05-06 18:47:05.588
2306,278933,2,50.77,-0.038,50.77,-0.058,2026-05-06 18:47:05.588
2307,278994,3,-90.0,-0.03,-90.0,-0.045,2026-05-06 18:47:05.588
2308,279354,1,-50.77,0.016,-50.77,0.052,2026-05-06 18:47:05.588
2309,279415,2,50.77,-0.016,50.78,-0.05,2026-05-06 18:47:05.588
2310,279476,3,-90.0,-0.013,-90.0,-0.04,2026-05-06 18:47:05.588
2311,279586,1,-50.77,0.016,-50.77,0.052,2026-05-06 18:47:05.588
2312,279827,1,-50.77,0.004,-50.78,0.032,2026-05-06 18:47:05.588
2313,279888,2,50.77,-0.004,50.78,-0.032,2026-05-06 18:47:05.588
2314,279949,3,-90.0,-0.003,-90.0,-0.025,2026-05-06 18:47:05.588
2315,280059,1,-50.77,0.004,-50.78,0.032,2026-05-06 18:47:05.588
2316,280300,1,-50.77,0.0,-50.78,0.016,2026-05-06 18:47:05.588
2317,280361,2,50.77,-0.0,50.78,-0.015,2026-05-06 18:47:05.588
2318,280422,3,-90.0,-0.0,-90.0,-0.012,2026-05-06 18:47:05.588
2319,280660,1,-50.78,0.0,-50.78,-0.0,2026-05-06 18:47:05.588
2320,280722,2,50.78,0.0,50.78,0.0,2026-05-06 18:47:05.588
2321,280781,3,-90.0,0.0,-90.0,0.001,2026-05-06 18:47:05.588
2322,280888,1,-50.78,0.0,-50.78,-0.0,2026-05-06 18:47:05.588
2323,280950,2,50.78,0.0,50.78,0.0,2026-05-06 18:47:06.299
2324,281009,3,-90.0,0.0,-90.0,0.0,2026-05-06 18:47:06.299
2325,281130,1,-50.78,0.0,-50.78,-0.0,2026-05-06 18:47:06.299
2326,281192,2,50.78,0.0,50.78,0.0,2026-05-06 18:47:06.299
2327,281251,3,-90.0,0.0,-90.0,-0.0,2026-05-06 18:47:06.299
2328,281359,1,-50.78,0.0,-50.78,-0.0,2026-05-06 18:47:06.299
2329,281421,2,50.78,0.0,50.78,0.0,2026-05-06 18:47:06.299
2330,281480,3,-90.0,0.0,-90.0,-0.0,2026-05-06 18:47:06.299
2331,281601,1,-50.78,0.0,-50.78,-0.001,2026-05-06 18:47:06.299
2332,281663,2,50.78,0.0,50.77,0.0,2026-05-06 18:47:06.299
2333,281722,3,-90.0,0.0,-90.0,0.0,2026-05-06 18:47:06.299
2334,281829,1,-50.78,0.0,-50.78,-0.001,2026-05-06 18:47:06.299
2335,281891,2,50.78,0.0,50.77,0.0,2026-05-06 18:47:06.299
2336,281950,3,-90.0,0.0,-90.0,0.0,2026-05-06 18:47:06.299
2337,282070,1,-50.78,0.0,-50.78,0.0,2026-05-06 18:47:06.299
2338,282131,2,50.78,0.0,50.77,0.0,2026-05-06 18:47:06.299
2339,282190,3,-90.0,0.0,-90.0,0.0,2026-05-06 18:47:06.299
2340,282297,1,-50.78,0.0,-50.78,0.0,2026-05-06 18:47:06.299
2341,282358,2,50.78,0.0,50.77,0.0,2026-05-06 18:47:06.299
2342,282417,3,-90.0,0.0,-90.0,0.0,2026-05-06 18:47:06.299
2343,282540,1,-50.78,0.0,-50.78,0.0,2026-05-06 18:47:06.299
2344,282601,2,50.78,0.0,50.77,0.0,2026-05-06 18:47:06.299
2345,282660,3,-90.0,0.0,-90.0,0.0,2026-05-06 18:47:06.299
2346,282767,1,-50.78,0.0,-50.78,0.0,2026-05-06 18:47:06.299
2347,282828,2,50.78,0.0,50.77,0.0,2026-05-06 18:47:06.299
2348,282887,3,-90.0,0.0,-90.0,-0.0,2026-05-06 18:47:06.299
2349,283008,1,-50.78,0.0,-50.78,0.001,2026-05-06 18:47:06.299
2350,283069,2,50.78,0.0,50.77,0.0,2026-05-06 18:47:06.299
2351,283128,3,-90.0,0.0,-90.0,-0.0,2026-05-06 18:47:06.299
2352,283356,1,0.0,0.0,-50.78,0.001,2026-05-06 18:47:06.299
2353,283429,2,0.0,0.0,50.62,0.0,2026-05-06 18:47:06.299
2354,283487,3,0.0,0.0,-89.83,-0.0,2026-05-06 18:47:06.299
2355,283713,1,0.0,0.0,-50.53,-0.0,2026-05-06 18:47:06.299
2356,283773,2,0.0,0.0,50.62,0.0,2026-05-06 18:47:06.299
2357,283831,3,0.0,0.0,-89.83,-0.0,2026-05-06 18:47:06.299
2358,284070,1,0.0,0.0,-47.68,-0.0,2026-05-06 18:47:06.299
2359,284130,2,0.0,0.0,47.37,-0.002,2026-05-06 18:47:06.299
2360,284189,3,0.0,0.0,-87.1,0.0,2026-05-06 18:47:06.299
2361,284294,1,0.0,0.0,-45.95,-0.0,2026-05-06 18:47:06.299
2362,284536,1,0.0,0.0,-38.23,-0.0,2026-05-06 18:47:06.299
2363,284596,2,0.0,0.0,38.36,-0.005,2026-05-06 18:47:06.299
2364,284655,3,0.0,0.0,-78.05,-0.0,2026-05-06 18:47:06.299
2365,284761,1,0.0,0.0,-36.57,0.0,2026-05-06 18:47:06.299
2366,285003,1,0.0,0.0,-25.38,0.0,2026-05-06 18:47:06.299
2367,285062,2,0.0,0.0,25.69,-0.006,2026-05-06 18:47:06.299
2368,285121,3,0.0,0.0,-65.36,0.0,2026-05-06 18:47:06.299
2369,285358,1,0.0,0.0,-15.63,0.001,2026-05-06 18:47:06.299
2370,285417,2,0.0,0.0,15.83,-0.002,2026-05-06 18:47:06.299
2371,285476,3,0.0,0.0,-53.25,0.001,2026-05-06 18:47:06.299
2372,285701,1,0.0,0.0,-15.63,0.001,2026-05-06 18:47:06.299
2373,285943,1,0.0,0.0,-5.92,0.001,2026-05-06 18:47:06.299
2374,286001,2,0.0,0.0,6.03,0.0,2026-05-06 18:47:06.299
2375,286058,3,0.0,0.0,-33.75,0.002,2026-05-06 18:47:06.299
2376,286163,1,0.0,0.0,-5.92,0.001,2026-05-06 18:47:06.299
2377,286406,1,0.0,0.0,-1.24,0.004,2026-05-06 18:47:06.299
2378,286464,2,0.0,0.0,1.44,0.002,2026-05-06 18:47:06.299
2379,286521,3,0.0,0.0,-20.69,0.003,2026-05-06 18:47:06.299
2380,286712,2,0.0,0.0,-0.01,0.005,2026-05-06 18:47:06.299
2381,286770,3,0.0,0.0,-9.91,0.0,2026-05-06 18:47:06.299
2382,286994,1,0.0,0.0,0.1,0.002,2026-05-06 18:47:06.299
2383,287051,2,0.0,0.0,-0.02,0.004,2026-05-06 18:47:06.299
2384,287109,3,0.0,0.0,-7.65,0.001,2026-05-06 18:47:06.299
2385,287349,1,0.0,0.003,0.06,0.001,2026-05-06 18:47:06.299
2386,287406,2,0.0,0.003,-0.02,0.001,2026-05-06 18:47:06.299
2387,287464,3,0.0,0.003,-2.83,0.0,2026-05-06 18:47:06.299
2388,287568,1,0.0,0.003,0.06,0.001,2026-05-06 18:47:06.299
2389,287810,1,0.0,0.015,0.01,-0.0,2026-05-06 18:47:06.299
2390,287868,2,0.0,0.015,-0.02,-0.0,2026-05-06 18:47:06.299
2391,287927,3,0.0,0.015,-0.03,0.0,2026-05-06 18:47:06.299
2392,288031,1,0.0,0.015,0.01,-0.0,2026-05-06 18:47:06.299
2393,288275,1,0.0,0.029,0.02,0.01,2026-05-06 18:47:06.299
2394,288332,2,0.0,0.029,-0.03,0.011,2026-05-06 18:47:06.299
2395,288390,3,0.0,0.029,0.06,0.013,2026-05-06 18:47:06.299
2396,288627,1,0.0,0.064,0.01,0.013,2026-05-06 18:47:06.299
2397,288684,2,0.0,0.064,-0.02,0.014,2026-05-06 18:47:06.299
2398,288742,3,0.0,0.064,0.02,0.013,2026-05-06 18:47:06.299
2399,288966,1,0.0,0.069,0.01,0.013,2026-05-06 18:47:07.026
2400,289210,1,0.0,0.104,0.01,0.035,2026-05-06 18:47:07.026
2401,289267,2,0.0,0.104,-0.01,0.037,2026-05-06 18:47:07.026
2402,289325,3,0.0,0.104,0.02,0.034,2026-05-06 18:47:07.026
2403,289428,1,0.0,0.104,0.01,0.035,2026-05-06 18:47:07.026
2404,289670,1,0.0,0.139,0.04,0.067,2026-05-06 18:47:07.026
2405,289727,2,0.0,0.139,-0.03,0.069,2026-05-06 18:47:07.026
2406,289785,3,0.0,0.139,0.03,0.067,2026-05-06 18:47:07.026
2407,290148,1,0.0,0.179,0.07,0.089,2026-05-06 18:47:07.026
2408,290205,2,0.0,0.179,-0.05,0.093,2026-05-06 18:47:07.026
2409,290263,3,0.0,0.179,0.07,0.091,2026-05-06 18:47:07.026
2410,290621,1,0.0,0.214,0.04,0.147,2026-05-06 18:47:07.026
2411,290678,2,0.0,0.214,-0.03,0.152,2026-05-06 18:47:07.026
2412,290736,3,0.0,0.214,0.07,0.147,2026-05-06 18:47:07.026
2413,290839,1,0.0,0.214,0.04,0.154,2026-05-06 18:47:07.026
2414,291083,1,0.0,0.254,-0.0,0.192,2026-05-06 18:47:07.026
2415,291141,2,0.0,0.254,-0.01,0.199,2026-05-06 18:47:07.026
2416,291199,3,0.0,0.254,0.03,0.195,2026-05-06 18:47:07.026
2417,291302,1,0.0,0.254,-0.0,0.199,2026-05-06 18:47:07.026
2418,291546,1,0.0,0.289,-0.01,0.219,2026-05-06 18:47:07.026
2419,291604,2,0.0,0.289,-0.0,0.224,2026-05-06 18:47:07.026
2420,291662,3,0.0,0.289,0.0,0.218,2026-05-06 18:47:07.026
2421,291833,3,0.0,0.324,-0.0,0.264,2026-05-06 18:47:07.026
2422,291937,1,0.0,0.324,-0.0,0.271,2026-05-06 18:47:07.026
2423,291995,2,0.0,0.324,0.0,0.275,2026-05-06 18:47:07.026
2424,292052,3,0.0,0.324,-0.0,0.272,2026-05-06 18:47:07.026
2425,292463,1,0.0,0.35,0.0,0.311,2026-05-06 18:47:07.026
2426,292520,2,0.0,0.35,0.0,0.317,2026-05-06 18:47:07.026
2427,292577,3,0.0,0.35,-0.01,0.31,2026-05-06 18:47:07.026
2428,292681,1,0.0,0.35,0.0,0.311,2026-05-06 18:47:07.026
2429,292924,1,0.0,0.35,0.01,0.347,2026-05-06 18:47:07.026
2430,292981,2,0.0,0.35,-0.0,0.353,2026-05-06 18:47:07.026
2431,293039,3,0.0,0.35,0.0,0.348,2026-05-06 18:47:07.026
2432,293229,1,0.0,0.35,-0.0,0.362,2026-05-06 18:47:07.026
2433,293287,2,0.0,0.35,-0.0,0.362,2026-05-06 18:47:07.026
2434,293345,3,0.0,0.35,-0.01,0.362,2026-05-06 18:47:07.026
2435,293569,1,0.0,0.35,-0.0,0.362,2026-05-06 18:47:07.026
2436,293627,2,0.0,0.35,-0.0,0.362,2026-05-06 18:47:07.026
2437,293866,1,0.0,0.35,0.0,0.367,2026-05-06 18:47:07.026
2438,293923,2,0.0,0.35,-0.01,0.37,2026-05-06 18:47:07.026
2439,293981,3,0.0,0.35,-0.0,0.367,2026-05-06 18:47:07.026
2440,294085,1,0.0,0.35,0.0,0.365,2026-05-06 18:47:07.026
2441,294328,1,0.0,0.35,0.0,0.37,2026-05-06 18:47:07.026
2442,294385,2,0.0,0.35,-0.01,0.379,2026-05-06 18:47:07.026
2443,294443,3,0.0,0.35,0.0,0.373,2026-05-06 18:47:07.026
2444,294546,1,0.0,0.35,0.0,0.369,2026-05-06 18:47:07.026
2445,294789,1,0.0,0.35,-0.0,0.367,2026-05-06 18:47:07.026
2446,294847,2,0.0,0.35,-0.0,0.376,2026-05-06 18:47:07.026
2447,294905,3,0.0,0.35,0.01,0.372,2026-05-06 18:47:07.026
2448,295095,3,0.0,0.35,-0.0,0.358,2026-05-06 18:47:07.026
2449,295199,1,0.0,0.35,-0.01,0.353,2026-05-06 18:47:07.026
2450,295257,2,0.0,0.35,0.01,0.362,2026-05-06 18:47:07.026
2451,295314,3,0.0,0.35,-0.0,0.355,2026-05-06 18:47:07.026
2452,295724,1,0.0,0.35,-0.0,0.353,2026-05-06 18:47:07.026
2453,295782,2,0.0,0.35,0.01,0.36,2026-05-06 18:47:07.026
2454,295839,3,0.0,0.35,-0.0,0.357,2026-05-06 18:47:07.026
2455,295943,1,0.0,0.35,-0.0,0.353,2026-05-06 18:47:07.026
2456,296186,1,0.0,0.35,0.0,0.36,2026-05-06 18:47:07.026
2457,296243,2,0.0,0.35,-0.01,0.369,2026-05-06 18:47:07.026
2458,296301,3,0.0,0.35,-0.0,0.36,2026-05-06 18:47:07.026
2459,296492,3,0.0,0.35,0.0,0.361,2026-05-06 18:47:07.026
2460,296715,1,0.0,0.35,0.01,0.362,2026-05-06 18:47:07.026
2461,296772,2,0.0,0.35,-0.01,0.364,2026-05-06 18:47:07.026
2462,296830,3,0.0,0.35,0.0,0.361,2026-05-06 18:47:07.026
2463,297120,1,0.0,0.35,0.0,0.351,2026-05-06 18:47:07.738
2464,297177,2,0.0,0.35,0.0,0.356,2026-05-06 18:47:07.738
2465,297234,3,0.0,0.35,-0.01,0.356,2026-05-06 18:47:07.738
2466,297338,1,0.0,0.35,0.0,0.35,2026-05-06 18:47:07.738
2467,297586,1,0.0,0.35,-0.0,0.347,2026-05-06 18:47:07.738
2468,297644,2,0.0,0.35,0.0,0.356,2026-05-06 18:47:07.738
2469,297701,3,0.0,0.35,-0.01,0.351,2026-05-06 18:47:07.738
2470,297805,1,0.0,0.35,-0.0,0.349,2026-05-06 18:47:07.738
2471,298048,1,0.0,0.35,-0.0,0.347,2026-05-06 18:47:07.738
2472,298106,2,0.0,0.35,-0.0,0.355,2026-05-06 18:47:07.738
2473,298164,3,0.0,0.35,-0.0,0.352,2026-05-06 18:47:07.738
2474,298355,3,0.0,0.344,-0.01,0.348,2026-05-06 18:47:07.738
2475,298459,1,0.0,0.344,0.0,0.346,2026-05-06 18:47:07.738
2476,298516,2,0.0,0.344,-0.0,0.352,2026-05-06 18:47:07.738
2477,298574,3,0.0,0.344,-0.01,0.348,2026-05-06 18:47:07.738
2478,298984,1,0.0,0.334,-0.0,0.344,2026-05-06 18:47:07.738
2479,299042,2,0.0,0.334,-0.0,0.353,2026-05-06 18:47:07.738
2480,299100,3,0.0,0.334,-0.0,0.348,2026-05-06 18:47:07.738
2481,299204,1,0.0,0.334,-0.0,0.344,2026-05-06 18:47:07.738
2482,299447,1,0.0,0.316,-0.0,0.343,2026-05-06 18:47:07.738
2483,299505,2,0.0,0.316,-0.0,0.349,2026-05-06 18:47:07.738
2484,299563,3,0.0,0.316,-0.01,0.342,2026-05-06 18:47:07.738
2485,299920,1,0.0,0.277,-0.0,0.328,2026-05-06 18:47:07.738
2486,299978,2,0.0,0.277,-0.0,0.335,2026-05-06 18:47:07.738
2487,300036,3,0.0,0.277,-0.0,0.331,2026-05-06 18:47:07.738
2488,300394,1,0.0,0.222,0.0,0.31,2026-05-06 18:47:07.738
2489,300451,2,0.0,0.222,-0.0,0.319,2026-05-06 18:47:07.738
2490,300509,3,0.0,0.222,0.0,0.314,2026-05-06 18:47:07.738
2491,300612,1,0.0,0.222,0.0,0.302,2026-05-06 18:47:07.738
2492,300855,1,0.0,0.14,0.0,0.25,2026-05-06 18:47:07.738
2493,300912,2,0.0,0.14,-0.01,0.264,2026-05-06 18:47:07.738
2494,300970,3,0.0,0.14,0.0,0.26,2026-05-06 18:47:07.738
2495,301073,1,0.0,0.14,0.0,0.25,2026-05-06 18:47:07.738
2496,301316,1,0.0,0.078,0.0,0.216,2026-05-06 18:47:07.738
2497,301373,2,0.0,0.078,-0.01,0.222,2026-05-06 18:47:07.738
2498,301431,3,0.0,0.078,0.0,0.219,2026-05-06 18:47:07.738
2499,301668,1,0.0,0.039,0.0,0.137,2026-05-06 18:47:07.738
2500,301725,2,0.0,0.039,-0.01,0.14,2026-05-06 18:47:07.738
2501,301783,3,0.0,0.039,0.0,0.139,2026-05-06 18:47:07.738
2502,302006,1,0.0,0.035,0.0,0.132,2026-05-06 18:47:07.738
2503,302249,1,0.0,0.016,0.0,0.066,2026-05-06 18:47:07.738
2504,302306,2,0.0,0.016,-0.0,0.069,2026-05-06 18:47:07.738
2505,302364,3,0.0,0.016,-0.0,0.066,2026-05-06 18:47:07.738
2506,302468,1,0.0,0.016,0.0,0.066,2026-05-06 18:47:07.738
2507,302711,1,0.0,0.004,-0.0,0.023,2026-05-06 18:47:07.738
2508,302769,2,0.0,0.004,0.01,0.022,2026-05-06 18:47:07.738
2509,302826,3,0.0,0.004,-0.0,0.022,2026-05-06 18:47:07.738
2510,302930,1,0.0,0.004,-0.0,0.023,2026-05-06 18:47:07.738
2511,303173,1,0.0,0.0,-0.0,-0.003,2026-05-06 18:47:07.738
2512,303232,2,0.0,0.0,0.02,-0.007,2026-05-06 18:47:07.738
2513,303290,3,0.0,0.0,0.0,-0.008,2026-05-06 18:47:07.738
2514,303651,1,0.0,-0.005,0.0,-0.014,2026-05-06 18:47:07.738
2515,303710,2,0.0,-0.005,0.01,-0.018,2026-05-06 18:47:07.738
2516,303769,3,0.0,-0.005,0.0,-0.016,2026-05-06 18:47:07.738
2517,303875,1,0.0,-0.005,-0.0,-0.015,2026-05-06 18:47:07.738
2518,304119,1,0.0,-0.013,0.0,-0.016,2026-05-06 18:47:07.738
2519,304178,2,0.0,-0.013,0.0,-0.018,2026-05-06 18:47:07.738
2520,304237,3,0.0,-0.013,-0.0,-0.017,2026-05-06 18:47:07.738
2521,304344,1,0.0,-0.013,0.0,-0.016,2026-05-06 18:47:07.738
2522,304587,1,0.0,-0.023,0.0,-0.017,2026-05-06 18:47:07.738
2523,304646,2,0.0,-0.023,-0.01,-0.017,2026-05-06 18:47:07.738
2524,304706,3,0.0,-0.023,-0.0,-0.017,2026-05-06 18:47:07.738
2525,304948,1,0.0,-0.036,0.01,-0.021,2026-05-06 18:47:07.738
2526,305007,2,0.0,-0.036,-0.01,-0.022,2026-05-06 18:47:07.738
2527,305067,3,0.0,-0.036,0.0,-0.021,2026-05-06 18:47:08.442
2528,305295,1,0.0,-0.039,0.01,-0.021,2026-05-06 18:47:08.442
2529,305538,1,0.0,-0.057,0.0,-0.031,2026-05-06 18:47:08.442
2530,305597,2,0.0,-0.057,-0.0,-0.032,2026-05-06 18:47:08.442
2531,305663,3,0.0,-0.057,-0.01,-0.03,2026-05-06 18:47:08.442
2532,305770,1,0.0,-0.057,0.0,-0.031,2026-05-06 18:47:08.442
2533,306012,1,0.0,-0.081,-0.0,-0.046,2026-05-06 18:47:08.442
2534,306072,2,0.0,-0.081,-0.0,-0.045,2026-05-06 18:47:08.442
2535,306132,3,0.0,-0.081,0.01,-0.044,2026-05-06 18:47:08.442
2536,306493,1,0.0,-0.116,0.0,-0.062,2026-05-06 18:47:08.442
2537,306552,2,0.0,-0.116,0.0,-0.064,2026-05-06 18:47:08.442
2538,306611,3,0.0,-0.116,0.0,-0.061,2026-05-06 18:47:08.442
2539,306971,1,0.0,-0.152,0.0,-0.086,2026-05-06 18:47:08.442
2540,307030,2,0.0,-0.152,0.0,-0.09,2026-05-06 18:47:08.442
2541,307089,3,0.0,-0.152,0.0,-0.087,2026-05-06 18:47:08.442
2542,307195,1,0.0,-0.152,0.0,-0.091,2026-05-06 18:47:08.442
2543,307439,1,0.0,-0.196,-0.0,-0.122,2026-05-06 18:47:08.442
2544,307499,2,0.0,-0.196,0.0,-0.126,2026-05-06 18:47:08.442
2545,307558,3,0.0,-0.196,0.0,-0.122,2026-05-06 18:47:08.442
2546,307664,1,0.0,-0.196,-0.0,-0.127,2026-05-06 18:47:08.442
2547,307908,1,0.0,-0.232,0.0,-0.16,2026-05-06 18:47:08.442
2548,307967,2,0.0,-0.232,0.01,-0.164,2026-05-06 18:47:08.442
2549,308026,3,0.0,-0.232,-0.0,-0.16,2026-05-06 18:47:08.442
2550,308217,1,0.0,-0.263,0.0,-0.201,2026-05-06 18:47:08.442
2551,308276,2,0.0,-0.263,0.01,-0.207,2026-05-06 18:47:08.442
2552,308335,3,0.0,-0.263,-0.0,-0.204,2026-05-06 18:47:08.442
2553,308442,1,0.0,-0.263,0.0,-0.201,2026-05-06 18:47:08.442
2554,308501,2,0.0,-0.263,0.01,-0.207,2026-05-06 18:47:08.442
2555,308560,3,0.0,-0.263,-0.0,-0.204,2026-05-06 18:47:08.442
2556,308852,1,0.0,-0.272,-0.0,-0.238,2026-05-06 18:47:08.442
2557,308912,2,0.0,-0.272,0.0,-0.248,2026-05-06 18:47:08.442
2558,308971,3,0.0,-0.272,0.0,-0.243,2026-05-06 18:47:08.442
2559,309077,1,0.0,-0.272,-0.0,-0.246,2026-05-06 18:47:08.442
2560,309321,1,0.0,-0.263,-0.0,-0.267,2026-05-06 18:47:08.442
2561,309381,2,0.0,-0.263,0.0,-0.276,2026-05-06 18:47:08.442
2562,309440,3,0.0,-0.263,-0.01,-0.271,2026-05-06 18:47:08.442
2563,309678,1,0.0,-0.245,0.0,-0.278,2026-05-06 18:47:08.442
2564,309737,2,0.0,-0.245,0.0,-0.29,2026-05-06 18:47:08.442
2565,309796,3,0.0,-0.245,0.0,-0.283,2026-05-06 18:47:08.442
2566,310024,1,0.0,-0.241,0.0,-0.278,2026-05-06 18:47:08.442
2567,310268,1,0.0,-0.201,0.0,-0.271,2026-05-06 18:47:08.442
2568,310327,2,0.0,-0.201,0.01,-0.283,2026-05-06 18:47:08.442
2569,310386,3,0.0,-0.201,0.0,-0.277,2026-05-06 18:47:08.442
2570,310492,1,0.0,-0.201,0.0,-0.271,2026-05-06 18:47:08.442
2571,310735,1,0.0,-0.125,-0.01,-0.245,2026-05-06 18:47:08.442
2572,310795,2,0.0,-0.125,0.01,-0.257,2026-05-06 18:47:08.442
2573,310854,3,0.0,-0.125,0.01,-0.252,2026-05-06 18:47:08.442
2574,310960,1,0.0,-0.125,-0.0,-0.24,2026-05-06 18:47:08.442
2575,311204,1,0.0,-0.061,-0.01,-0.196,2026-05-06 18:47:08.442
2576,311264,2,0.0,-0.061,0.01,-0.208,2026-05-06 18:47:08.442
2577,311323,3,0.0,-0.061,0.01,-0.206,2026-05-06 18:47:08.442
2578,311683,1,0.0,-0.025,-0.01,-0.133,2026-05-06 18:47:08.442
2579,311743,2,0.0,-0.025,0.02,-0.14,2026-05-06 18:47:08.442
2580,311802,3,0.0,-0.025,0.0,-0.136,2026-05-06 18:47:08.442
2581,311908,1,0.0,-0.025,-0.01,-0.123,2026-05-06 18:47:08.442
2582,312152,1,-8.25,-0.008,0.0,-0.066,2026-05-06 18:47:08.442
2583,312212,2,-10.75,-0.006,0.0,-0.072,2026-05-06 18:47:08.442
2584,312273,3,9.33,-0.007,-0.0,-0.068,2026-05-06 18:47:08.442
2585,312380,1,-8.25,-0.008,-0.0,-0.06,2026-05-06 18:47:08.442
2586,312623,1,-47.14,0.0,-0.38,-0.025,2026-05-06 18:47:08.442
2587,312684,2,54.83,0.0,-0.25,-0.027,2026-05-06 18:47:08.442
2588,312744,3,83.63,0.0,-0.02,-0.025,2026-05-06 18:47:08.442
2589,312932,2,50.77,0.0,-4.86,-0.0,2026-05-06 18:47:08.442
2590,312992,3,90.0,0.0,1.49,0.005,2026-05-06 18:47:08.442
2591,313096,1,-50.77,0.0,-4.95,0.011,2026-05-06 18:47:09.164
2592,313156,2,50.77,0.0,-4.86,-0.0,2026-05-06 18:47:09.164
2593,313576,1,-50.77,0.0,-14.22,0.018,2026-05-06 18:47:09.164
2594,313637,2,50.77,0.0,-7.45,0.011,2026-05-06 18:47:09.164
2595,313696,3,90.0,0.0,6.11,0.012,2026-05-06 18:47:09.164
2596,313803,1,-50.77,0.0,-14.22,0.018,2026-05-06 18:47:09.164
2597,314046,1,-50.77,0.0,-25.05,0.016,2026-05-06 18:47:09.164
2598,314107,2,50.77,0.0,-6.58,0.009,2026-05-06 18:47:09.164
2599,314166,3,90.0,0.0,6.47,0.009,2026-05-06 18:47:09.164
2600,314402,1,-50.77,0.0,-37.22,0.01,2026-05-06 18:47:09.164
2601,314463,2,50.77,0.0,-1.08,0.008,2026-05-06 18:47:09.164
2602,314522,3,90.0,0.0,3.11,0.005,2026-05-06 18:47:09.164
2603,314746,1,-50.77,0.0,-38.35,0.009,2026-05-06 18:47:09.164
2604,314989,1,-50.77,0.0,-45.77,0.004,2026-05-06 18:47:09.164
2605,315050,2,50.77,0.0,8.5,0.005,2026-05-06 18:47:09.164
2606,315108,3,-90.0,0.0,-4.69,-0.0,2026-05-06 18:47:09.164
2607,315215,1,-50.77,0.0,-45.77,0.005,2026-05-06 18:47:09.164
2608,315457,1,-50.77,0.0,-50.15,0.005,2026-05-06 18:47:09.164
2609,315518,2,50.77,0.0,22.55,0.008,2026-05-06 18:47:09.164
2610,315577,3,-90.0,0.0,-17.06,0.0,2026-05-06 18:47:09.164
2611,315684,1,-50.77,0.0,-50.3,0.006,2026-05-06 18:47:09.164
2612,315926,1,-50.77,0.0,-50.9,0.008,2026-05-06 18:47:09.164
2613,315987,2,50.77,0.0,34.82,0.004,2026-05-06 18:47:09.164
2614,316046,3,-90.0,0.0,-32.12,0.0,2026-05-06 18:47:09.164
2615,316284,1,-50.77,0.0,-50.82,0.01,2026-05-06 18:47:09.164
2616,316345,2,50.77,0.0,43.7,0.001,2026-05-06 18:47:09.164
2617,316404,3,-90.0,0.0,-49.96,-0.0,2026-05-06 18:47:09.164
2618,316512,1,-50.77,0.0,-50.82,0.01,2026-05-06 18:47:09.164
2619,316573,2,50.77,0.0,44.35,0.001,2026-05-06 18:47:09.164
2620,316632,3,-90.0,0.0,-51.95,0.0,2026-05-06 18:47:09.164
2621,316872,1,-50.77,0.0,-50.79,0.005,2026-05-06 18:47:09.164
2622,316933,2,50.77,0.0,49.6,-0.0,2026-05-06 18:47:09.164
2623,316993,3,-90.0,0.0,-67.36,-0.0,2026-05-06 18:47:09.164
2624,317101,1,-50.77,0.0,-50.79,0.005,2026-05-06 18:47:09.164
2625,317342,1,-50.77,0.0,-50.78,0.003,2026-05-06 18:47:09.164
2626,317403,2,50.77,0.0,51.02,-0.0,2026-05-06 18:47:09.164
2627,317463,3,-90.0,0.0,-77.26,-0.0,2026-05-06 18:47:09.164
2628,317701,1,-50.77,0.0,-50.78,0.002,2026-05-06 18:47:09.164
2629,317762,2,50.77,0.0,50.85,0.0,2026-05-06 18:47:09.164
2630,317821,3,-90.0,0.0,-83.76,-0.0,2026-05-06 18:47:09.164
2631,318049,1,-50.77,0.0,-50.78,0.001,2026-05-06 18:47:09.164
2632,318290,1,-50.77,-0.063,-50.78,0.0,2026-05-06 18:47:09.164
2633,318352,2,50.77,0.063,50.78,-0.0,2026-05-06 18:47:09.164
2634,318412,3,-90.0,0.049,-89.14,0.0,2026-05-06 18:47:09.164
2635,318519,1,-50.77,-0.063,-50.77,0.0,2026-05-06 18:47:09.164
2636,318594,2,50.77,0.063,50.76,0.033,2026-05-06 18:47:09.164
2637,318653,3,-90.0,0.049,-90.1,0.007,2026-05-06 18:47:09.164
2638,318880,1,-50.77,-0.063,-50.75,-0.022,2026-05-06 18:47:09.164
2639,318943,2,50.77,0.063,50.74,0.027,2026-05-06 18:47:09.164
2640,319002,3,-90.0,0.049,-90.11,0.013,2026-05-06 18:47:09.164
2641,319119,1,-50.77,-0.063,-50.77,-0.043,2026-05-06 18:47:09.164
2642,319182,2,50.77,0.063,50.74,0.043,2026-05-06 18:47:09.164
2643,319241,3,-90.0,0.049,-90.08,0.033,2026-05-06 18:47:09.164
2644,319468,1,-50.77,-0.063,-50.77,-0.043,2026-05-06 18:47:09.164
2645,319710,1,-50.77,-0.063,-50.86,-0.055,2026-05-06 18:47:09.164
2646,319773,2,50.77,0.063,50.76,0.055,2026-05-06 18:47:09.164
2647,319832,3,-90.0,0.049,-90.07,0.052,2026-05-06 18:47:09.164
2648,319939,1,-50.77,-0.063,-50.86,-0.055,2026-05-06 18:47:09.164
2649,320014,2,50.77,0.063,50.81,0.063,2026-05-06 18:47:09.164
2650,320073,3,-90.0,0.049,-90.1,0.05,2026-05-06 18:47:09.164
2651,320300,1,-50.77,-0.063,-50.86,-0.064,2026-05-06 18:47:09.164
2652,320363,2,50.77,0.063,50.81,0.062,2026-05-06 18:47:09.164
2653,320422,3,-90.0,0.049,-90.1,0.047,2026-05-06 18:47:09.164
2654,320539,1,-50.77,-0.063,-50.81,-0.064,2026-05-06 18:47:09.164
2655,320602,2,50.77,0.063,50.81,0.061,2026-05-06 18:47:09.164
2656,320661,3,-90.0,0.049,-90.05,0.04,2026-05-06 18:47:09.164
2657,320888,1,-50.77,-0.063,-50.81,-0.064,2026-05-06 18:47:09.164
2658,321130,1,-50.77,-0.063,-50.81,-0.066,2026-05-06 18:47:09.877
2659,321193,2,50.77,0.063,50.81,0.066,2026-05-06 18:47:09.877
2660,321252,3,-90.0,0.049,-90.01,0.051,2026-05-06 18:47:09.877
2661,321362,1,-50.77,-0.063,-50.81,-0.066,2026-05-06 18:47:09.877
2662,321604,1,-50.77,-0.063,-50.8,-0.061,2026-05-06 18:47:09.877
2663,321667,2,50.77,0.063,50.8,0.06,2026-05-06 18:47:09.877
2664,321726,3,-90.0,0.049,-90.02,0.051,2026-05-06 18:47:09.877
2665,321963,1,-50.77,-0.063,-50.78,-0.06,2026-05-06 18:47:09.877
2666,322026,2,50.77,0.063,50.78,0.06,2026-05-06 18:47:09.877
2667,322085,3,-90.0,0.049,-90.02,0.048,2026-05-06 18:47:09.877
2668,322312,1,-50.77,-0.063,-50.78,-0.061,2026-05-06 18:47:09.877
2669,322554,1,-50.77,-0.063,-50.77,-0.06,2026-05-06 18:47:09.877
2670,322617,2,50.77,0.063,50.76,0.059,2026-05-06 18:47:09.877
2671,322676,3,-90.0,0.049,-90.01,0.048,2026-05-06 18:47:09.877
2672,322783,1,-50.77,-0.063,-50.77,-0.06,2026-05-06 18:47:09.877
2673,323025,1,-50.77,-0.063,-50.77,-0.06,2026-05-06 18:47:09.877
2674,323088,2,50.77,0.063,50.76,0.06,2026-05-06 18:47:09.877
2675,323147,3,-90.0,0.049,-90.01,0.046,2026-05-06 18:47:09.877
2676,323337,2,50.77,0.063,50.76,0.062,2026-05-06 18:47:09.877
2677,323396,3,-90.0,0.049,-90.0,0.048,2026-05-06 18:47:09.877
2678,323503,1,-50.77,-0.063,-50.77,-0.065,2026-05-06 18:47:09.877
2679,323566,2,50.77,0.063,50.76,0.062,2026-05-06 18:47:09.877
2680,323625,3,-90.0,0.049,-90.0,0.048,2026-05-06 18:47:09.877
2681,323982,1,-50.77,-0.063,-50.77,-0.064,2026-05-06 18:47:09.877
2682,324045,2,50.77,0.063,50.77,0.063,2026-05-06 18:47:09.877
2683,324104,3,-90.0,0.049,-90.0,0.05,2026-05-06 18:47:09.877
2684,324211,1,-50.77,-0.063,-50.77,-0.064,2026-05-06 18:47:09.877
2685,324453,1,-50.77,-0.063,-50.78,-0.063,2026-05-06 18:47:09.877
2686,324516,2,50.77,0.063,50.77,0.062,2026-05-06 18:47:09.877
2687,324575,3,-90.0,0.049,-90.0,0.051,2026-05-06 18:47:09.877
2688,324765,2,50.77,0.063,50.77,0.063,2026-05-06 18:47:09.877
2689,324824,3,-90.0,0.049,-90.0,0.05,2026-05-06 18:47:09.877
2690,324931,1,-50.77,-0.063,-50.77,-0.062,2026-05-06 18:47:09.877
2691,324994,2,50.77,0.063,50.77,0.061,2026-05-06 18:47:09.877
2692,325053,3,-90.0,0.049,-90.0,0.05,2026-05-06 18:47:09.877
2693,325410,1,-50.77,-0.063,-50.77,-0.062,2026-05-06 18:47:09.877
2694,325473,2,50.77,0.063,50.77,0.061,2026-05-06 18:47:09.877
2695,325532,3,-90.0,0.049,-90.0,0.049,2026-05-06 18:47:09.877
2696,325639,1,-50.77,-0.063,-50.77,-0.063,2026-05-06 18:47:09.877
2697,325881,1,-50.77,-0.063,-50.77,-0.064,2026-05-06 18:47:09.877
2698,325944,2,50.77,0.063,50.77,0.062,2026-05-06 18:47:09.877
2699,326003,3,-90.0,0.049,-90.0,0.048,2026-05-06 18:47:09.877
2700,326360,1,-50.77,-0.063,-50.77,-0.064,2026-05-06 18:47:09.877
2701,326423,2,50.77,0.063,50.77,0.064,2026-05-06 18:47:09.877
2702,326482,3,-90.0,0.049,-90.0,0.049,2026-05-06 18:47:09.877
2703,326589,1,-50.77,-0.063,-50.77,-0.064,2026-05-06 18:47:09.877
2704,326831,1,-50.77,-0.063,-50.77,-0.064,2026-05-06 18:47:09.877
2705,326894,2,50.77,0.063,50.78,0.064,2026-05-06 18:47:09.877
2706,326953,3,-90.0,0.049,-90.0,0.05,2026-05-06 18:47:09.877
2707,327190,1,-50.77,-0.063,-50.77,-0.064,2026-05-06 18:47:09.877
2708,327253,2,50.77,0.063,50.78,0.062,2026-05-06 18:47:09.877
2709,327312,3,-90.0,0.049,-90.0,0.05,2026-05-06 18:47:09.877
2710,327539,1,-50.77,-0.063,-50.77,-0.064,2026-05-06 18:47:09.877
2711,327781,1,-50.77,-0.063,-50.77,-0.062,2026-05-06 18:47:09.877
2712,327844,2,50.77,0.063,50.78,0.062,2026-05-06 18:47:09.877
2713,327903,3,-90.0,0.049,-90.0,0.05,2026-05-06 18:47:09.877
2714,328010,1,-50.77,-0.063,-50.77,-0.062,2026-05-06 18:47:09.877
2715,328086,2,50.77,0.063,50.78,0.061,2026-05-06 18:47:09.877
2716,328145,3,-90.0,0.049,-90.0,0.049,2026-05-06 18:47:09.877
2717,328252,1,-50.77,-0.063,-50.77,-0.063,2026-05-06 18:47:09.877
2718,328315,2,50.77,0.063,50.78,0.061,2026-05-06 18:47:09.877
2719,328374,3,-90.0,0.049,-90.0,0.05,2026-05-06 18:47:09.877
2720,328730,1,-50.77,-0.063,-50.77,-0.064,2026-05-06 18:47:09.877
2721,328793,2,50.77,0.063,50.77,0.063,2026-05-06 18:47:09.877
2722,328852,3,-90.0,0.049,-90.0,0.049,2026-05-06 18:47:09.877
2723,328962,1,-50.77,-0.063,-50.77,-0.063,2026-05-06 18:47:09.877
2724,329204,1,-50.77,-0.063,-50.78,-0.064,2026-05-06 18:47:09.971
2725,329267,2,50.77,0.063,50.77,0.063,2026-05-06 18:47:09.971
2726,329326,3,-90.0,0.049,-90.0,0.049,2026-05-06 18:47:09.971
2727,329516,2,50.77,0.063,50.77,0.062,2026-05-06 18:47:09.971
2728,329575,3,-90.0,0.049,-90.0,0.049,2026-05-06 18:47:09.971
2729,329682,1,-50.77,-0.063,-50.78,-0.064,2026-05-06 18:47:09.971
2730,329745,2,50.77,0.063,50.77,0.062,2026-05-06 18:47:09.971
2731,329804,3,-90.0,0.049,-90.0,0.049,2026-05-06 18:47:09.971
2732,330161,1,-50.77,-0.063,-50.77,-0.063,2026-05-06 18:47:10.651
2733,330224,2,50.77,0.063,50.77,0.062,2026-05-06 18:47:10.651
2734,330283,3,-90.0,0.049,-90.0,0.049,2026-05-06 18:47:10.651
2735,330390,1,-50.77,-0.063,-50.77,-0.063,2026-05-06 18:47:10.651
2736,330511,1,-50.77,-0.063,-50.77,-0.063,2026-05-06 18:47:10.651
2737,330574,2,50.77,0.063,50.77,0.061,2026-05-06 18:47:10.651
2738,330633,3,-90.0,0.049,-90.0,0.049,2026-05-06 18:47:10.651
2739,330860,1,-50.77,-0.063,-50.77,-0.063,2026-05-06 18:47:10.651
2740,331103,1,-50.77,-0.063,-50.77,-0.063,2026-05-06 18:47:10.651
2741,331166,2,50.77,0.063,50.77,0.061,2026-05-06 18:47:10.651
2742,331225,3,-90.0,0.049,-90.0,0.049,2026-05-06 18:47:10.651
2743,331332,1,-50.77,-0.063,-50.77,-0.063,2026-05-06 18:47:10.651
2744,331574,1,-50.77,-0.063,-50.77,-0.063,2026-05-06 18:47:10.651
2745,331637,2,50.77,0.063,50.77,0.062,2026-05-06 18:47:10.651
2746,331696,3,-90.0,0.049,-90.0,0.049,2026-05-06 18:47:10.651
2747,331803,1,-50.77,-0.063,-50.77,-0.063,2026-05-06 18:47:10.651
2748,331878,2,50.77,0.063,50.77,0.062,2026-05-06 18:47:10.651
2749,331937,3,-90.0,0.049,-90.0,0.049,2026-05-06 18:47:10.651
2750,332164,1,-50.77,-0.062,-50.78,-0.063,2026-05-06 18:47:10.651
2751,332227,2,50.77,0.062,50.77,0.061,2026-05-06 18:47:10.651
2752,332286,3,-90.0,0.048,-90.0,0.048,2026-05-06 18:47:10.651
2753,332523,1,-50.77,-0.059,-50.77,-0.063,2026-05-06 18:47:10.651
2754,332586,2,50.77,0.059,50.77,0.061,2026-05-06 18:47:10.651
2755,332645,3,-90.0,0.046,-90.0,0.049,2026-05-06 18:47:10.651
2756,332752,1,-50.77,-0.059,-50.77,-0.062,2026-05-06 18:47:10.651
2757,332994,1,-50.77,-0.049,-50.77,-0.06,2026-05-06 18:47:10.651
2758,333057,2,50.77,0.049,50.77,0.059,2026-05-06 18:47:10.651
2759,333116,3,-90.0,0.038,-90.0,0.048,2026-05-06 18:47:10.651
2760,333223,1,-50.77,-0.049,-50.77,-0.06,2026-05-06 18:47:10.651
2761,333345,1,-50.77,-0.032,-50.77,-0.055,2026-05-06 18:47:10.651
2762,333408,2,50.77,0.032,50.77,0.053,2026-05-06 18:47:10.651
2763,333467,3,-90.0,0.025,-90.0,0.044,2026-05-06 18:47:10.651
2764,333694,1,-50.77,-0.028,-50.77,-0.055,2026-05-06 18:47:10.651
2765,333936,1,-50.77,-0.01,-50.77,-0.043,2026-05-06 18:47:10.651
2766,333999,2,50.77,0.01,50.77,0.039,2026-05-06 18:47:10.651
2767,334058,3,-90.0,0.008,-90.0,0.035,2026-05-06 18:47:10.651
2768,334165,1,-50.77,-0.01,-50.77,-0.043,2026-05-06 18:47:10.651
2769,334407,1,-50.77,-0.002,-50.77,-0.025,2026-05-06 18:47:10.651
2770,334470,2,50.77,0.002,50.77,0.025,2026-05-06 18:47:10.651
2771,334529,3,-90.0,0.002,-90.0,0.02,2026-05-06 18:47:10.651
2772,334719,1,-50.77,0.0,-50.77,-0.013,2026-05-06 18:47:10.651
2773,334781,2,50.77,0.0,50.77,0.01,2026-05-06 18:47:10.651
2774,334840,3,-90.0,0.0,-90.0,0.006,2026-05-06 18:47:10.651
2775,334947,1,-50.77,0.0,-50.77,-0.01,2026-05-06 18:47:10.651
2776,335009,2,50.77,0.0,50.77,0.01,2026-05-06 18:47:10.651
2777,335068,3,-90.0,0.0,-90.0,0.006,2026-05-06 18:47:10.651
2778,335235,1,-50.77,0.0,-50.77,-0.0,2026-05-06 18:47:10.651
2779,335297,2,50.77,0.0,50.78,0.0,2026-05-06 18:47:10.651
2780,335356,3,-90.0,0.0,-90.0,-0.0,2026-05-06 18:47:10.651
2781,335464,1,-50.77,0.0,-50.77,-0.0,2026-05-06 18:47:10.651
2782,335526,2,50.77,0.0,50.78,-0.0,2026-05-06 18:47:10.651
2783,335586,3,-90.0,0.0,-90.0,-0.0,2026-05-06 18:47:10.651
2784,335702,1,-50.77,0.0,-50.76,-0.0,2026-05-06 18:47:10.651
2785,335764,2,50.77,0.0,50.78,0.0,2026-05-06 18:47:10.651
2786,335823,3,-90.0,0.0,-90.0,0.0,2026-05-06 18:47:10.651
2787,335930,1,-50.77,0.0,-50.76,0.0,2026-05-06 18:47:10.651
2788,335991,2,50.77,0.0,50.78,0.0,2026-05-06 18:47:10.651
2789,336050,3,-90.0,0.0,-90.0,0.001,2026-05-06 18:47:10.651
2790,336173,1,-50.77,0.0,-50.76,0.0,2026-05-06 18:47:10.651
2791,336234,2,50.77,0.0,50.78,-0.0,2026-05-06 18:47:10.651
2792,336294,3,-90.0,0.0,-89.99,0.0,2026-05-06 18:47:10.651
2793,336401,1,-50.77,0.0,-50.76,0.0,2026-05-06 18:47:10.651
2794,336525,3,-90.0,0.0,-90.0,-0.0,2026-05-06 18:47:10.651
2795,336766,1,0.0,0.0,-50.76,0.0,2026-05-06 18:47:10.651
2796,336825,2,0.0,0.0,50.78,0.0,2026-05-06 18:47:10.651
2797,336883,3,0.0,0.0,-90.0,0.0,2026-05-06 18:47:10.651
2798,337121,1,0.0,0.0,-49.86,-0.0,2026-05-06 18:47:10.651
2799,337181,2,0.0,0.0,49.86,-0.0,2026-05-06 18:47:10.651
2800,337240,3,0.0,0.0,-89.16,0.0,2026-05-06 18:47:10.651
2801,337465,1,0.0,0.0,-48.68,-0.0,2026-05-06 18:47:10.651
2802,337707,1,0.0,0.0,-45.89,-0.003,2026-05-06 18:47:10.651
2803,337767,2,0.0,0.0,45.94,-0.0,2026-05-06 18:47:10.651
2804,337826,3,0.0,0.0,-85.23,0.001,2026-05-06 18:47:10.651
2805,337931,1,0.0,0.0,-45.89,-0.003,2026-05-06 18:47:10.651
2806,338174,1,0.0,0.0,-33.56,-0.005,2026-05-06 18:47:10.745
2807,338234,2,0.0,0.0,33.44,-0.0,2026-05-06 18:47:10.745
2808,338293,3,0.0,0.0,-72.99,0.004,2026-05-06 18:47:10.745
2809,338398,1,0.0,0.0,-33.56,-0.005,2026-05-06 18:47:10.745
2810,338640,1,0.0,0.0,-19.4,-0.002,2026-05-06 18:47:11.425
2811,338700,2,0.0,0.0,19.29,0.0,2026-05-06 18:47:11.425
2812,338758,3,0.0,0.0,-58.54,0.006,2026-05-06 18:47:11.425
2813,339116,1,0.0,0.0,-10.78,-0.0,2026-05-06 18:47:11.425
2814,339176,2,0.0,0.0,11.13,0.001,2026-05-06 18:47:11.425
2815,339234,3,0.0,0.0,-44.07,0.005,2026-05-06 18:47:11.425
2816,339339,1,0.0,0.0,-10.78,0.0,2026-05-06 18:47:11.425
2817,339581,1,0.0,0.0,-2.16,0.0,2026-05-06 18:47:11.425
2818,339639,2,0.0,0.0,2.17,0.001,2026-05-06 18:47:11.425
2819,339696,3,0.0,0.0,-23.37,0.006,2026-05-06 18:47:11.425
2820,339801,1,0.0,0.086,-2.16,0.0,2026-05-06 18:47:11.425
2821,340044,1,0.0,0.0,-0.23,0.002,2026-05-06 18:47:11.425
2822,340102,2,0.0,0.0,0.23,0.004,2026-05-06 18:47:11.425
2823,340159,3,0.0,0.0,-13.24,0.004,2026-05-06 18:47:11.425
2824,340397,1,0.0,0.0,0.05,0.003,2026-05-06 18:47:11.425
2825,340454,2,0.0,0.0,-0.07,-0.0,2026-05-06 18:47:11.425
2826,340513,3,0.0,0.0,-5.02,0.003,2026-05-06 18:47:11.425
2827,340737,1,0.0,0.0,0.05,0.002,2026-05-06 18:47:11.425
2828,340979,1,0.0,0.009,0.04,-0.003,2026-05-06 18:47:11.425
2829,341037,2,0.0,0.009,-0.02,0.001,2026-05-06 18:47:11.425
2830,341095,3,0.0,0.009,-1.01,-0.001,2026-05-06 18:47:11.425
2831,341200,1,0.0,0.009,0.04,-0.003,2026-05-06 18:47:11.425
2832,341276,3,0.0,0.019,0.14,0.003,2026-05-06 18:47:11.425
2833,341503,1,0.0,0.021,0.02,-0.002,2026-05-06 18:47:11.425
2834,341561,2,0.0,0.021,-0.0,0.0,2026-05-06 18:47:11.425
2835,341619,3,0.0,0.021,0.14,0.003,2026-05-06 18:47:11.425
2836,341909,1,0.0,0.049,0.0,0.01,2026-05-06 18:47:11.425
2837,341966,2,0.0,0.049,-0.0,0.009,2026-05-06 18:47:11.425
2838,342024,3,0.0,0.049,0.03,0.009,2026-05-06 18:47:11.425
2839,342383,1,0.0,0.084,0.0,0.023,2026-05-06 18:47:11.425
2840,342440,2,0.0,0.084,-0.0,0.022,2026-05-06 18:47:11.425
2841,342498,3,0.0,0.084,0.02,0.021,2026-05-06 18:47:11.425
2842,342601,1,0.0,0.084,0.0,0.027,2026-05-06 18:47:11.425
2843,342847,1,0.0,0.124,0.03,0.053,2026-05-06 18:47:11.425
2844,342904,2,0.0,0.124,-0.04,0.054,2026-05-06 18:47:11.425
2845,342962,3,0.0,0.124,0.02,0.05,2026-05-06 18:47:11.425
2846,343312,1,0.0,0.159,0.05,0.084,2026-05-06 18:47:11.425
2847,343369,2,0.0,0.159,-0.06,0.084,2026-05-06 18:47:11.425
2848,343427,3,0.0,0.159,0.07,0.083,2026-05-06 18:47:11.425
2849,343664,1,0.0,0.194,0.05,0.125,2026-05-06 18:47:11.425
2850,343721,2,0.0,0.194,-0.05,0.129,2026-05-06 18:47:11.425
2851,343779,3,0.0,0.194,0.09,0.127,2026-05-06 18:47:11.425
2852,344003,1,0.0,0.199,0.05,0.125,2026-05-06 18:47:11.425
2853,344247,1,0.0,0.234,0.03,0.174,2026-05-06 18:47:11.425
2854,344304,2,0.0,0.234,-0.01,0.177,2026-05-06 18:47:11.425
2855,344362,3,0.0,0.234,0.04,0.173,2026-05-06 18:47:11.425
2856,344465,1,0.0,0.234,0.03,0.174,2026-05-06 18:47:11.425
2857,344542,1,0.0,0.269,0.0,0.212,2026-05-06 18:47:11.425
2858,344599,2,0.0,0.269,0.0,0.217,2026-05-06 18:47:11.425
2859,344656,3,0.0,0.269,0.0,0.212,2026-05-06 18:47:11.425
2860,344880,1,0.0,0.274,0.0,0.215,2026-05-06 18:47:11.425
2861,344937,2,0.0,0.274,0.0,0.222,2026-05-06 18:47:11.425
2862,345178,1,0.0,0.309,-0.0,0.25,2026-05-06 18:47:11.425
2863,345236,2,0.0,0.309,0.0,0.256,2026-05-06 18:47:11.425
2864,345293,3,0.0,0.309,0.0,0.251,2026-05-06 18:47:11.425
2865,345650,1,0.0,0.35,0.0,0.286,2026-05-06 18:47:11.425
2866,345707,2,0.0,0.35,0.0,0.291,2026-05-06 18:47:11.425
2867,345764,3,0.0,0.35,0.0,0.284,2026-05-06 18:47:11.425
2868,345867,1,0.0,0.35,0.0,0.29,2026-05-06 18:47:11.425
2869,346111,1,0.0,0.35,0.0,0.332,2026-05-06 18:47:11.425
2870,346168,2,0.0,0.35,0.0,0.338,2026-05-06 18:47:11.425
2871,346225,3,0.0,0.35,-0.0,0.331,2026-05-06 18:47:11.425
2872,346329,1,0.0,0.35,0.0,0.332,2026-05-06 18:47:11.425
2873,346572,1,0.0,0.35,-0.01,0.352,2026-05-06 18:47:11.425
2874,346630,2,0.0,0.35,0.0,0.36,2026-05-06 18:47:11.425
2875,346687,3,0.0,0.35,-0.0,0.355,2026-05-06 18:47:12.134
2876,346925,1,0.0,0.35,-0.0,0.363,2026-05-06 18:47:12.134
2877,346983,2,0.0,0.35,-0.0,0.369,2026-05-06 18:47:12.134
2878,347041,3,0.0,0.35,-0.0,0.367,2026-05-06 18:47:12.134
2879,347265,1,0.0,0.35,0.0,0.364,2026-05-06 18:47:12.134
2880,347507,1,0.0,0.35,-0.0,0.372,2026-05-06 18:47:12.134
2881,347565,2,0.0,0.35,-0.0,0.381,2026-05-06 18:47:12.134
2882,347623,3,0.0,0.35,0.0,0.373,2026-05-06 18:47:12.134
2883,347726,1,0.0,0.35,-0.0,0.372,2026-05-06 18:47:12.134
2884,347802,3,0.0,0.35,0.0,0.373,2026-05-06 18:47:12.134
2885,348025,1,0.0,0.35,-0.0,0.368,2026-05-06 18:47:12.134
2886,348083,2,0.0,0.35,-0.0,0.377,2026-05-06 18:47:12.134
2887,348141,3,0.0,0.35,-0.0,0.37,2026-05-06 18:47:12.134
2888,348431,1,0.0,0.344,-0.0,0.358,2026-05-06 18:47:12.134
2889,348489,2,0.0,0.344,-0.0,0.368,2026-05-06 18:47:12.134
2890,348547,3,0.0,0.344,-0.0,0.367,2026-05-06 18:47:12.134
2891,348785,1,0.0,0.335,0.0,0.355,2026-05-06 18:47:12.134
2892,348842,2,0.0,0.335,0.0,0.364,2026-05-06 18:47:12.134
2893,348899,3,0.0,0.335,0.0,0.36,2026-05-06 18:47:12.134
2894,349122,1,0.0,0.334,-0.0,0.355,2026-05-06 18:47:12.134
2895,349366,1,0.0,0.316,0.0,0.348,2026-05-06 18:47:12.134
2896,349423,2,0.0,0.316,0.0,0.359,2026-05-06 18:47:12.134
2897,349480,3,0.0,0.316,0.0,0.352,2026-05-06 18:47:12.134
2898,349583,1,0.0,0.316,0.01,0.345,2026-05-06 18:47:12.134
2899,349826,1,0.0,0.309,0.0,0.33,2026-05-06 18:47:12.134
2900,349883,2,0.0,0.309,-0.0,0.342,2026-05-06 18:47:12.134
2901,349941,3,0.0,0.309,0.0,0.336,2026-05-06 18:47:12.134
2902,350132,1,0.0,0.304,-0.0,0.319,2026-05-06 18:47:12.134
2903,350190,2,0.0,0.304,-0.0,0.328,2026-05-06 18:47:12.134
2904,350248,3,0.0,0.304,0.01,0.324,2026-05-06 18:47:12.134
2905,350471,1,0.0,0.304,0.0,0.317,2026-05-06 18:47:12.134
2906,350771,1,0.0,0.299,-0.0,0.31,2026-05-06 18:47:12.134
2907,350829,2,0.0,0.299,0.0,0.317,2026-05-06 18:47:12.134
2908,350886,3,0.0,0.299,-0.0,0.312,2026-05-06 18:47:12.134
2909,350990,1,0.0,0.299,-0.0,0.31,2026-05-06 18:47:12.134
2910,351233,1,0.0,0.291,-0.0,0.299,2026-05-06 18:47:12.134
2911,351291,2,0.0,0.291,0.0,0.308,2026-05-06 18:47:12.134
2912,351348,3,0.0,0.291,-0.0,0.303,2026-05-06 18:47:12.134
2913,351452,1,0.0,0.291,-0.0,0.299,2026-05-06 18:47:12.134
2914,351695,1,0.0,0.284,-0.0,0.292,2026-05-06 18:47:12.134
2915,351753,2,0.0,0.284,0.0,0.3,2026-05-06 18:47:12.134
2916,351810,3,0.0,0.284,-0.0,0.296,2026-05-06 18:47:12.134
2917,352001,3,0.0,0.275,-0.0,0.293,2026-05-06 18:47:12.134
2918,352105,1,0.0,0.275,-0.0,0.289,2026-05-06 18:47:12.134
2919,352163,2,0.0,0.275,0.0,0.296,2026-05-06 18:47:12.134
2920,352220,3,0.0,0.275,-0.0,0.293,2026-05-06 18:47:12.134
2921,352630,1,0.0,0.263,0.0,0.28,2026-05-06 18:47:12.134
2922,352687,2,0.0,0.263,0.0,0.288,2026-05-06 18:47:12.134
2923,352744,3,0.0,0.263,0.01,0.282,2026-05-06 18:47:12.134
2924,352847,1,0.0,0.263,-0.0,0.277,2026-05-06 18:47:12.134
2925,353091,1,0.0,0.251,-0.0,0.27,2026-05-06 18:47:12.134
2926,353149,2,0.0,0.251,0.0,0.276,2026-05-06 18:47:12.134
2927,353206,3,0.0,0.251,-0.0,0.273,2026-05-06 18:47:12.134
2928,353443,1,0.0,0.237,0.0,0.263,2026-05-06 18:47:12.134
2929,353500,2,0.0,0.237,-0.0,0.268,2026-05-06 18:47:12.134
2930,353558,3,0.0,0.237,0.0,0.265,2026-05-06 18:47:12.134
2931,353781,1,0.0,0.234,0.0,0.257,2026-05-06 18:47:12.134
2932,354025,1,0.0,0.217,0.0,0.244,2026-05-06 18:47:12.134
2933,354082,2,0.0,0.217,-0.0,0.249,2026-05-06 18:47:12.134
2934,354140,3,0.0,0.217,0.0,0.245,2026-05-06 18:47:12.134
2935,354243,1,0.0,0.217,0.0,0.244,2026-05-06 18:47:12.134
2936,354486,1,0.0,0.194,0.0,0.226,2026-05-06 18:47:12.134
2937,354543,2,0.0,0.194,0.0,0.231,2026-05-06 18:47:12.134
2938,354600,3,0.0,0.194,0.0,0.228,2026-05-06 18:47:12.134
2939,354703,1,0.0,0.194,0.0,0.226,2026-05-06 18:47:12.848
2940,354947,1,0.0,0.171,0.0,0.206,2026-05-06 18:47:12.848
2941,355004,2,0.0,0.171,0.0,0.211,2026-05-06 18:47:12.848
2942,355061,3,0.0,0.171,-0.0,0.208,2026-05-06 18:47:12.848
2943,355255,3,0.0,0.144,-0.0,0.191,2026-05-06 18:47:12.848
2944,355359,1,0.0,0.144,0.0,0.189,2026-05-06 18:47:12.848
2945,355416,2,0.0,0.144,0.0,0.192,2026-05-06 18:47:12.848
2946,355473,3,0.0,0.144,-0.0,0.191,2026-05-06 18:47:12.848
2947,355884,1,0.0,0.11,0.0,0.162,2026-05-06 18:47:12.848
2948,355941,2,0.0,0.11,-0.0,0.165,2026-05-06 18:47:12.848
2949,355999,3,0.0,0.11,0.0,0.163,2026-05-06 18:47:12.848
2950,356102,1,0.0,0.11,0.0,0.155,2026-05-06 18:47:12.848
2951,356345,1,0.0,0.076,0.0,0.129,2026-05-06 18:47:12.848
2952,356402,2,0.0,0.076,-0.0,0.138,2026-05-06 18:47:12.848
2953,356460,3,0.0,0.076,-0.01,0.137,2026-05-06 18:47:12.848
2954,356651,1,0.0,0.041,0.0,0.104,2026-05-06 18:47:12.848
2955,356708,2,0.0,0.041,-0.0,0.111,2026-05-06 18:47:12.848
2956,356766,3,0.0,0.041,0.0,0.111,2026-05-06 18:47:12.848
2957,356989,1,0.0,0.035,0.0,0.104,2026-05-06 18:47:12.848
2958,357046,2,0.0,0.035,-0.0,0.111,2026-05-06 18:47:12.848
2959,357289,1,0.0,-0.003,0.0,0.075,2026-05-06 18:47:12.848
2960,357347,2,0.0,-0.003,-0.0,0.077,2026-05-06 18:47:12.848
2961,357406,3,0.0,-0.003,0.01,0.076,2026-05-06 18:47:12.848
2962,357511,1,0.0,-0.003,-0.0,0.063,2026-05-06 18:47:12.848
2963,357756,1,0.0,-0.047,-0.0,0.035,2026-05-06 18:47:12.848
2964,357815,2,0.0,-0.047,0.0,0.038,2026-05-06 18:47:12.848
2965,357873,3,0.0,-0.047,0.0,0.038,2026-05-06 18:47:12.848
2966,357978,1,0.0,-0.047,-0.0,0.035,2026-05-06 18:47:12.848
2967,358222,1,0.0,-0.084,-0.0,-0.014,2026-05-06 18:47:12.848
2968,358282,2,0.0,-0.084,0.0,-0.013,2026-05-06 18:47:12.848
2969,358341,3,0.0,-0.084,-0.0,-0.013,2026-05-06 18:47:12.848
2970,358702,1,0.0,-0.12,0.01,-0.056,2026-05-06 18:47:12.848
2971,358761,2,0.0,-0.12,-0.0,-0.056,2026-05-06 18:47:12.848
2972,358821,3,0.0,-0.12,0.0,-0.056,2026-05-06 18:47:12.848
2973,358927,1,0.0,-0.12,0.01,-0.056,2026-05-06 18:47:12.848
2974,359239,1,0.0,-0.158,0.01,-0.097,2026-05-06 18:47:12.848
2975,359298,2,0.0,-0.158,-0.0,-0.101,2026-05-06 18:47:12.848
2976,359358,3,0.0,-0.158,0.0,-0.097,2026-05-06 18:47:12.848
2977,359644,1,0.0,-0.188,0.0,-0.131,2026-05-06 18:47:12.848
2978,359703,2,0.0,-0.188,-0.0,-0.134,2026-05-06 18:47:12.848
2979,359763,3,0.0,-0.188,0.0,-0.133,2026-05-06 18:47:12.848
2980,360001,1,0.0,-0.214,-0.0,-0.168,2026-05-06 18:47:12.848
2981,360061,2,0.0,-0.214,0.0,-0.176,2026-05-06 18:47:12.848
2982,360120,3,0.0,-0.214,0.0,-0.169,2026-05-06 18:47:12.848
2983,360348,1,0.0,-0.218,-0.0,-0.168,2026-05-06 18:47:12.848
2984,360592,1,0.0,-0.24,0.0,-0.201,2026-05-06 18:47:12.848
2985,360651,2,0.0,-0.24,0.0,-0.21,2026-05-06 18:47:12.848
2986,360710,3,0.0,-0.24,-0.0,-0.204,2026-05-06 18:47:12.848
2987,360817,1,0.0,-0.24,0.0,-0.201,2026-05-06 18:47:12.848
2988,360890,3,0.0,-0.26,-0.0,-0.233,2026-05-06 18:47:12.848
2989,361119,1,0.0,-0.263,0.0,-0.236,2026-05-06 18:47:12.848
2990,361178,2,0.0,-0.263,0.0,-0.246,2026-05-06 18:47:12.848
2991,361237,3,0.0,-0.263,-0.0,-0.239,2026-05-06 18:47:12.848
2992,361529,1,0.0,-0.279,0.0,-0.259,2026-05-06 18:47:12.848
2993,361588,2,0.0,-0.279,0.01,-0.269,2026-05-06 18:47:12.848
2994,361647,3,0.0,-0.279,0.0,-0.264,2026-05-06 18:47:12.848
2995,362007,1,0.0,-0.293,0.0,-0.274,2026-05-06 18:47:12.848
2996,362066,2,0.0,-0.293,0.0,-0.284,2026-05-06 18:47:12.848
2997,362125,3,0.0,-0.293,0.0,-0.278,2026-05-06 18:47:12.848
2998,362231,1,0.0,-0.293,0.0,-0.278,2026-05-06 18:47:12.848
2999,362475,1,0.0,-0.307,-0.0,-0.296,2026-05-06 18:47:12.848
3000,362535,2,0.0,-0.307,0.0,-0.308,2026-05-06 18:47:12.848
3001,362594,3,0.0,-0.307,-0.0,-0.297,2026-05-06 18:47:12.848
3002,363009,2,0.0,-0.317,0.01,-0.32,2026-05-06 18:47:13.351
3003,363068,3,0.0,-0.317,-0.0,-0.31,2026-05-06 18:47:13.351
3004,363307,1,0.0,-0.325,0.0,-0.319,2026-05-06 18:47:13.351
3005,363366,2,0.0,-0.325,0.01,-0.331,2026-05-06 18:47:13.351
3006,363425,3,0.0,-0.325,0.0,-0.322,2026-05-06 18:47:13.351
3007,363653,1,0.0,-0.326,0.0,-0.319,2026-05-06 18:47:13.351
3008,363897,1,0.0,-0.333,0.0,-0.325,2026-05-06 18:47:13.351
3009,363956,2,0.0,-0.333,0.0,-0.337,2026-05-06 18:47:13.351
3010,364015,3,0.0,-0.333,0.0,-0.329,2026-05-06 18:47:13.351
3011,364121,1,0.0,-0.333,-0.0,-0.327,2026-05-06 18:47:13.351
3012,364195,3,0.0,-0.339,0.0,-0.336,2026-05-06 18:47:13.351
3013,364423,1,0.0,-0.34,0.0,-0.334,2026-05-06 18:47:13.351
3014,364482,2,0.0,-0.34,-0.0,-0.347,2026-05-06 18:47:13.351
3015,364542,3,0.0,-0.34,0.0,-0.338,2026-05-06 18:47:13.351
3016,364833,1,0.0,-0.345,0.0,-0.34,2026-05-06 18:47:13.351
3017,364892,2,0.0,-0.345,0.0,-0.353,2026-05-06 18:47:13.351
3018,364951,3,0.0,-0.345,-0.0,-0.345,2026-05-06 18:47:13.351
3019,365312,1,0.0,-0.349,-0.0,-0.346,2026-05-06 18:47:13.351
3020,365372,2,0.0,-0.349,0.0,-0.359,2026-05-06 18:47:13.351
3021,365431,3,0.0,-0.349,-0.0,-0.351,2026-05-06 18:47:13.351
3022,365538,1,0.0,-0.349,-0.0,-0.346,2026-05-06 18:47:13.351
3023,365784,1,0.0,-0.35,-0.0,-0.352,2026-05-06 18:47:13.351
3024,365844,2,0.0,-0.35,-0.0,-0.365,2026-05-06 18:47:13.351
3025,365904,3,0.0,-0.35,-0.0,-0.355,2026-05-06 18:47:13.351
3026,366011,1,0.0,-0.35,-0.0,-0.352,2026-05-06 18:47:13.351
3027,366254,1,0.0,-0.35,-0.0,-0.354,2026-05-06 18:47:13.351
3028,366314,2,0.0,-0.35,0.0,-0.365,2026-05-06 18:47:13.351
3029,366373,3,0.0,-0.35,-0.0,-0.358,2026-05-06 18:47:13.351
3030,366611,1,0.0,-0.35,0.0,-0.351,2026-05-06 18:47:13.351
3031,366670,2,0.0,-0.35,0.0,-0.368,2026-05-06 18:47:13.351
3032,366729,3,0.0,-0.35,-0.0,-0.357,2026-05-06 18:47:13.351
3033,366958,1,0.0,-0.35,0.0,-0.351,2026-05-06 18:47:13.351
3034,367201,1,0.0,-0.35,0.0,-0.353,2026-05-06 18:47:13.351
3035,367260,2,0.0,-0.35,0.0,-0.365,2026-05-06 18:47:13.351
3036,367319,3,0.0,-0.35,-0.0,-0.358,2026-05-06 18:47:13.351
3037,367426,1,0.0,-0.35,0.0,-0.353,2026-05-06 18:47:13.351
3038,367499,3,0.0,-0.35,0.0,-0.353,2026-05-06 18:47:13.351
3039,367727,1,0.0,-0.35,0.0,-0.347,2026-05-06 18:47:13.351
3040,367786,2,0.0,-0.35,-0.0,-0.363,2026-05-06 18:47:13.351
3041,367846,3,0.0,-0.35,0.0,-0.353,2026-05-06 18:47:13.351
3042,368138,1,0.0,-0.35,0.0,-0.347,2026-05-06 18:47:13.477
3043,368197,2,0.0,-0.35,0.0,-0.36,2026-05-06 18:47:13.477
3044,368256,3,0.0,-0.35,-0.0,-0.352,2026-05-06 18:47:13.477
3045,368617,1,0.0,-0.35,-0.0,-0.349,2026-05-06 18:47:13.477
3046,368677,2,0.0,-0.35,-0.0,-0.36,2026-05-06 18:47:13.477
3047,368737,3,0.0,-0.35,0.0,-0.352,2026-05-06 18:47:13.477
3048,368843,1,0.0,-0.35,-0.0,-0.348,2026-05-06 18:47:13.477
3049,369086,1,0.0,-0.35,0.0,-0.346,2026-05-06 18:47:13.477
3050,369145,2,0.0,-0.35,-0.0,-0.359,2026-05-06 18:47:13.477
3051,369205,3,0.0,-0.35,-0.0,-0.351,2026-05-06 18:47:13.477
3052,369312,1,0.0,-0.35,0.0,-0.347,2026-05-06 18:47:13.477
3053,369555,1,0.0,-0.35,0.0,-0.348,2026-05-06 18:47:13.507
3054,369614,2,0.0,-0.35,-0.0,-0.358,2026-05-06 18:47:13.507
3055,369674,3,0.0,-0.35,0.0,-0.35,2026-05-06 18:47:13.507
3056,369912,1,0.0,-0.35,-0.0,-0.351,2026-05-06 18:47:14.185
3057,369972,2,0.0,-0.35,0.0,-0.362,2026-05-06 18:47:14.185
3058,370031,3,0.0,-0.35,-0.01,-0.353,2026-05-06 18:47:14.185
3059,370260,1,0.0,-0.35,-0.0,-0.349,2026-05-06 18:47:14.185
3060,370565,2,0.0,-0.35,0.0,-0.361,2026-05-06 18:47:14.185
3061,370624,3,0.0,-0.35,0.0,-0.354,2026-05-06 18:47:14.185
3062,370730,1,0.0,-0.35,0.0,-0.35,2026-05-06 18:47:14.185
3063,370804,3,0.0,-0.35,0.0,-0.35,2026-05-06 18:47:14.185
3064,371032,1,0.0,-0.35,0.0,-0.348,2026-05-06 18:47:14.185
3065,371091,2,0.0,-0.35,0.0,-0.358,2026-05-06 18:47:14.185
3066,371150,3,0.0,-0.35,-0.0,-0.351,2026-05-06 18:47:14.185
3067,371442,1,0.0,-0.35,0.0,-0.347,2026-05-06 18:47:14.185
3068,371501,2,0.0,-0.35,0.0,-0.357,2026-05-06 18:47:14.185
3069,371560,3,0.0,-0.35,0.0,-0.347,2026-05-06 18:47:14.185
3070,371921,1,0.0,-0.35,0.0,-0.346,2026-05-06 18:47:14.185
3071,371980,2,0.0,-0.35,-0.0,-0.355,2026-05-06 18:47:14.185
3072,372040,3,0.0,-0.35,0.01,-0.35,2026-05-06 18:47:14.185
3073,372146,1,0.0,-0.35,0.0,-0.346,2026-05-06 18:47:14.185
3074,372389,1,0.0,-0.35,0.0,-0.345,2026-05-06 18:47:14.185
3075,372448,2,0.0,-0.35,0.0,-0.357,2026-05-06 18:47:14.185
3076,372507,3,0.0,-0.35,0.0,-0.348,2026-05-06 18:47:14.185
3077,372613,1,0.0,-0.35,0.0,-0.345,2026-05-06 18:47:14.185
3078,372856,1,0.0,-0.348,0.0,-0.347,2026-05-06 18:47:14.185
3079,372915,2,0.0,-0.348,-0.0,-0.354,2026-05-06 18:47:14.185
3080,372975,3,0.0,-0.348,-0.0,-0.347,2026-05-06 18:47:14.185
3081,373214,1,0.0,-0.341,-0.0,-0.347,2026-05-06 18:47:14.185
3082,373274,2,0.0,-0.341,-0.0,-0.355,2026-05-06 18:47:14.185
3083,373334,3,0.0,-0.341,0.0,-0.35,2026-05-06 18:47:14.185
3084,373562,1,0.0,-0.34,-0.0,-0.347,2026-05-06 18:47:14.185
3085,373808,1,0.0,-0.327,-0.0,-0.344,2026-05-06 18:47:14.185
3086,373868,2,0.0,-0.327,0.0,-0.353,2026-05-06 18:47:14.185
3087,373927,3,0.0,-0.327,-0.0,-0.345,2026-05-06 18:47:14.185
3088,374034,1,0.0,-0.327,-0.0,-0.344,2026-05-06 18:47:14.185
3089,374108,3,0.0,-0.304,-0.0,-0.34,2026-05-06 18:47:14.185
3090,374337,1,0.0,-0.299,-0.0,-0.337,2026-05-06 18:47:14.185
3091,374397,2,0.0,-0.299,0.0,-0.343,2026-05-06 18:47:14.185
3092,374456,3,0.0,-0.299,-0.0,-0.338,2026-05-06 18:47:14.185
3093,374747,1,0.0,-0.256,0.01,-0.318,2026-05-06 18:47:14.185
3094,374806,2,0.0,-0.256,0.0,-0.325,2026-05-06 18:47:14.185
3095,374865,3,0.0,-0.256,-0.01,-0.314,2026-05-06 18:47:14.185
3096,375226,1,0.0,-0.192,-0.01,-0.287,2026-05-06 18:47:14.185
3097,375286,2,0.0,-0.192,0.0,-0.295,2026-05-06 18:47:14.185
3098,375345,3,0.0,-0.192,0.02,-0.29,2026-05-06 18:47:14.185
3099,375451,1,0.0,-0.192,-0.01,-0.287,2026-05-06 18:47:14.185
3100,375695,1,0.0,-0.111,-0.01,-0.231,2026-05-06 18:47:14.185
3101,375755,2,0.0,-0.111,0.0,-0.238,2026-05-06 18:47:14.185
3102,375814,3,0.0,-0.111,0.01,-0.235,2026-05-06 18:47:14.185
3103,375920,1,0.0,-0.111,-0.01,-0.231,2026-05-06 18:47:14.185
3104,376164,1,0.0,-0.059,-0.01,-0.168,2026-05-06 18:47:14.185
3105,376224,2,0.0,-0.059,-0.02,-0.17,2026-05-06 18:47:14.185
3106,376284,3,0.0,-0.059,0.01,-0.171,2026-05-06 18:47:14.185
3107,376521,1,0.0,-0.028,-0.0,-0.092,2026-05-06 18:47:14.185
3108,376581,2,0.0,-0.028,-0.0,-0.098,2026-05-06 18:47:14.185
3109,376641,3,0.0,-0.028,0.0,-0.093,2026-05-06 18:47:14.185
3110,376869,1,0.0,-0.025,-0.0,-0.083,2026-05-06 18:47:14.185
3111,377113,1,0.0,-0.01,0.0,-0.043,2026-05-06 18:47:14.185
3112,377172,2,0.0,-0.01,0.02,-0.045,2026-05-06 18:47:14.185
3113,377231,3,0.0,-0.01,-0.01,-0.046,2026-05-06 18:47:14.185
3114,377338,1,0.0,-0.01,0.0,-0.039,2026-05-06 18:47:14.185
3115,377459,1,0.0,-0.003,0.0,-0.008,2026-05-06 18:47:14.185
3116,377518,2,0.0,-0.003,0.01,-0.008,2026-05-06 18:47:14.185
3117,377577,3,0.0,-0.003,-0.02,-0.006,2026-05-06 18:47:14.185
3118,377806,1,0.0,-0.002,0.0,-0.005,2026-05-06 18:47:14.185
3119,377926,1,-0.0,0.0,0.0,0.003,2026-05-06 18:47:14.672
3120,377984,2,0.0,0.0,-0.0,0.01,2026-05-06 18:47:14.672
3121,378042,3,-0.02,0.0,-0.0,0.008,2026-05-06 18:47:14.672
3122,378216,1,-0.0,0.0,0.0,0.003,2026-05-06 18:47:14.672
3123,378274,2,0.0,0.0,-0.0,0.01,2026-05-06 18:47:14.672
3124,378388,1,-0.0,0.0,0.0,0.012,2026-05-06 18:47:14.672
3125,378446,2,0.0,0.0,-0.0,0.016,2026-05-06 18:47:14.672
3126,378504,3,-0.02,0.0,0.0,0.013,2026-05-06 18:47:14.672
3127,378608,1,-0.0,0.0,0.0,0.012,2026-05-06 18:47:14.672
3128,378666,2,0.0,0.0,-0.0,0.016,2026-05-06 18:47:14.672
3129,378724,3,-0.02,0.0,0.0,0.014,2026-05-06 18:47:14.672
3130,378878,1,-0.0,0.0,0.0,0.014,2026-05-06 18:47:14.672
3131,378936,2,0.0,0.0,-0.01,0.016,2026-05-06 18:47:14.672
3132,378994,3,-0.02,0.0,-0.01,0.016,2026-05-06 18:47:14.672
3133,379099,1,-0.0,0.0,0.0,0.014,2026-05-06 18:47:14.672
3134,379157,2,0.0,0.0,-0.0,0.015,2026-05-06 18:47:14.672
3135,379215,3,-0.02,0.0,-0.01,0.015,2026-05-06 18:47:14.672
3136,379336,1,-0.0,0.0,0.0,0.012,2026-05-06 18:47:14.672
3137,379394,2,0.0,0.0,0.0,0.013,2026-05-06 18:47:14.672
3138,379451,3,-0.02,0.0,-0.02,0.012,2026-05-06 18:47:14.672
3139,379556,1,-0.0,0.0,0.0,0.011,2026-05-06 18:47:14.672
3140,379614,2,0.0,0.0,0.0,0.012,2026-05-06 18:47:14.672
3141,379671,3,-0.02,0.0,-0.02,0.011,2026-05-06 18:47:14.672
3142,379824,1,-0.0,0.0,0.0,0.008,2026-05-06 18:47:14.672
3143,379882,2,0.0,0.0,0.0,0.009,2026-05-06 18:47:14.672
3144,379939,3,-0.02,0.0,-0.02,0.008,2026-05-06 18:47:14.672
3145,380044,1,-0.0,0.0,-0.0,0.007,2026-05-06 18:47:14.672
3146,380103,2,0.0,0.0,0.0,0.006,2026-05-06 18:47:14.672
3147,380160,3,-0.02,0.0,-0.02,0.007,2026-05-06 18:47:14.672
3148,380310,1,-0.0,0.0,0.0,0.004,2026-05-06 18:47:14.672
3149,380368,2,0.0,0.0,0.0,0.005,2026-05-06 18:47:14.672
3150,380425,3,-0.02,0.0,-0.02,0.004,2026-05-06 18:47:14.672
3151,380530,1,-0.0,0.0,0.0,0.003,2026-05-06 18:47:14.672
3152,380588,2,0.0,0.0,0.0,0.005,2026-05-06 18:47:14.672
3153,380645,3,-0.02,0.0,-0.02,0.004,2026-05-06 18:47:14.672
3154,380795,1,-0.0,0.0,-0.0,0.002,2026-05-06 18:47:14.672
3155,380854,2,0.0,0.0,0.0,0.003,2026-05-06 18:47:14.672
3156,380911,3,-0.02,0.0,-0.01,0.003,2026-05-06 18:47:14.672
3157,381016,1,-0.0,0.0,-0.0,0.003,2026-05-06 18:47:14.672
3158,381075,2,0.0,0.0,0.0,0.004,2026-05-06 18:47:14.672
3159,381132,3,-0.02,0.0,-0.01,0.003,2026-05-06 18:47:14.672
3160,381344,2,0.0,0.0,0.0,0.005,2026-05-06 18:47:14.672
3161,381401,3,-0.02,0.0,-0.01,0.005,2026-05-06 18:47:14.672
3162,381506,1,-0.0,0.0,0.0,0.004,2026-05-06 18:47:14.672
3163,381564,2,0.0,0.0,0.0,0.005,2026-05-06 18:47:14.672
3164,381621,3,-0.02,0.0,-0.01,0.005,2026-05-06 18:47:14.672
3165,381725,1,-0.0,0.0,0.0,0.006,2026-05-06 18:47:14.672
3166,381783,2,0.0,0.0,-0.0,0.007,2026-05-06 18:47:14.672
3167,381841,3,-0.02,0.0,-0.02,0.006,2026-05-06 18:47:14.672
3168,381946,1,-0.0,0.0,-0.0,0.006,2026-05-06 18:47:14.672
3169,382005,2,0.0,0.0,0.0,0.006,2026-05-06 18:47:14.672
3170,382062,3,-0.02,0.0,-0.02,0.006,2026-05-06 18:47:14.672
3171,382183,1,-0.0,0.0,-0.0,0.004,2026-05-06 18:47:14.672
3172,382242,2,0.0,0.0,0.0,0.004,2026-05-06 18:47:14.672
3173,382299,3,-0.02,0.0,-0.01,0.004,2026-05-06 18:47:14.672
3174,382404,1,-0.0,0.0,0.0,0.004,2026-05-06 18:47:14.672
3175,382462,2,0.0,0.0,0.01,0.004,2026-05-06 18:47:14.672
3176,382519,3,-0.02,0.0,-0.01,0.004,2026-05-06 18:47:14.672
3177,382691,1,90.0,0.0,0.0,0.002,2026-05-06 18:47:14.672
3178,382749,2,90.0,0.0,0.0,0.002,2026-05-06 18:47:14.672
3179,382807,3,-90.0,0.0,-0.02,0.002,2026-05-06 18:47:14.672
3180,383033,1,90.0,0.0,0.0,0.002,2026-05-06 18:47:15.353
3181,383275,1,90.0,0.0,2.3,-0.0,2026-05-06 18:47:15.353
3182,383334,2,90.0,0.0,2.24,0.001,2026-05-06 18:47:15.353
3183,383392,3,-90.0,0.0,-1.92,-0.0,2026-05-06 18:47:15.353
3184,383499,1,90.0,0.0,2.3,-0.0,2026-05-06 18:47:15.353
3185,383741,1,90.0,0.0,8.79,-0.003,2026-05-06 18:47:15.353
3186,383800,2,90.0,0.0,8.2,0.001,2026-05-06 18:47:15.353
3187,383858,3,-90.0,0.0,-7.77,0.001,2026-05-06 18:47:15.353
3188,384049,2,90.0,0.0,16.57,0.001,2026-05-06 18:47:15.353
3189,384108,3,-90.0,0.0,-15.92,0.004,2026-05-06 18:47:15.353
3190,384335,1,90.0,0.0,17.35,-0.004,2026-05-06 18:47:15.353
3191,384395,2,90.0,0.0,16.57,0.001,2026-05-06 18:47:15.353
3192,384454,3,-90.0,0.0,-15.92,0.004,2026-05-06 18:47:15.353
3193,384692,1,90.0,0.0,28.31,-0.002,2026-05-06 18:47:15.353
3194,384752,2,90.0,0.0,27.42,-0.002,2026-05-06 18:47:15.353
3195,384812,3,-90.0,0.0,-26.68,0.008,2026-05-06 18:47:15.353
3196,384919,1,90.0,0.0,28.31,-0.002,2026-05-06 18:47:15.353
3197,385160,1,90.0,0.0,51.88,0.001,2026-05-06 18:47:15.353
3198,385219,2,90.0,0.0,50.75,-0.006,2026-05-06 18:47:15.353
3199,385279,3,-90.0,0.0,-49.81,0.01,2026-05-06 18:47:15.353
3200,385386,1,90.0,0.0,51.88,0.001,2026-05-06 18:47:15.353
3201,385627,1,90.0,0.0,64.86,0.005,2026-05-06 18:47:15.353
3202,385686,2,90.0,0.0,64.39,-0.004,2026-05-06 18:47:15.353
3203,385746,3,-90.0,0.0,-63.29,0.002,2026-05-06 18:47:15.353
3204,385937,3,-90.0,0.0,-76.15,-0.001,2026-05-06 18:47:15.353
3205,386045,1,90.0,0.0,77.26,0.007,2026-05-06 18:47:15.353
3206,386104,2,90.0,0.0,76.64,-0.002,2026-05-06 18:47:15.353
3207,386164,3,-90.0,0.0,-76.15,-0.001,2026-05-06 18:47:15.353
3208,386574,1,90.0,0.0,85.26,0.004,2026-05-06 18:47:15.353
3209,386633,2,90.0,0.0,84.84,-0.003,2026-05-06 18:47:15.353
3210,386693,3,-90.0,0.0,-84.59,-0.01,2026-05-06 18:47:15.353
3211,386801,1,90.0,0.0,86.49,0.002,2026-05-06 18:47:15.353
3212,387041,1,90.0,0.034,89.58,0.0,2026-05-06 18:47:15.353
3213,387100,2,90.0,0.034,89.51,-0.002,2026-05-06 18:47:15.353
3214,387160,3,-90.0,-0.034,-89.38,-0.005,2026-05-06 18:47:15.353
3215,387400,1,90.0,0.087,90.05,0.002,2026-05-06 18:47:15.353
3216,387459,2,90.0,0.087,90.04,-0.009,2026-05-06 18:47:15.353
3217,387519,3,-90.0,-0.087,-90.19,0.009,2026-05-06 18:47:15.353
3218,387747,1,90.0,0.1,90.06,0.011,2026-05-06 18:47:15.353
3219,387987,1,90.0,0.1,90.06,0.047,2026-05-06 18:47:15.353
3220,388046,2,90.0,0.1,90.05,0.044,2026-05-06 18:47:15.353
3221,388105,3,-90.0,-0.1,-90.06,-0.04,2026-05-06 18:47:15.353
3222,388214,1,90.0,0.1,90.06,0.047,2026-05-06 18:47:15.353
3223,388455,1,90.0,0.1,90.08,0.076,2026-05-06 18:47:15.353
3224,388514,2,90.0,0.1,90.04,0.076,2026-05-06 18:47:15.353
3225,388573,3,-90.0,-0.1,-90.07,-0.077,2026-05-06 18:47:15.353
3226,388875,2,90.0,0.091,90.05,0.088,2026-05-06 18:47:15.353
3227,388934,3,-90.0,-0.091,-90.07,-0.088,2026-05-06 18:47:15.353
3228,389163,1,90.0,0.088,90.06,0.089,2026-05-06 18:47:15.353
3229,389403,1,90.0,0.032,90.01,0.098,2026-05-06 18:47:15.353
3230,389462,2,90.0,0.032,90.05,0.1,2026-05-06 18:47:15.353
3231,389521,3,-90.0,-0.032,-90.03,-0.092,2026-05-06 18:47:15.353
3232,389630,1,90.0,0.032,90.01,0.098,2026-05-06 18:47:15.353
3233,389704,3,-90.0,-0.001,-90.01,-0.086,2026-05-06 18:47:15.353
3234,389933,1,90.0,0.0,90.01,0.086,2026-05-06 18:47:15.353
3235,389992,2,90.0,0.0,90.04,0.086,2026-05-06 18:47:15.353
3236,390051,3,-90.0,-0.0,-90.01,-0.086,2026-05-06 18:47:15.353
3237,390221,1,-0.0,0.0,90.01,0.037,2026-05-06 18:47:15.353
3238,390280,2,0.0,0.0,90.04,0.039,2026-05-06 18:47:15.353
3239,390338,3,-0.02,0.0,-90.0,-0.038,2026-05-06 18:47:15.353
3240,390445,1,-0.0,0.0,90.01,0.028,2026-05-06 18:47:15.353
3241,390504,2,0.0,0.0,90.04,0.032,2026-05-06 18:47:15.353
3242,390562,3,-0.02,0.0,-90.0,-0.027,2026-05-06 18:47:15.353
3243,390685,1,-0.0,0.0,89.32,0.019,2026-05-06 18:47:15.353
3244,390744,2,0.0,0.0,89.27,0.023,2026-05-06 18:47:15.353
3245,390802,3,-0.02,0.0,-89.81,-0.017,2026-05-06 18:47:15.353
3246,390909,1,-0.0,0.0,87.82,0.014,2026-05-06 18:47:15.415
3247,390968,2,0.0,0.0,87.73,0.024,2026-05-06 18:47:15.415
3248,391026,3,-0.02,0.0,-88.84,-0.012,2026-05-06 18:47:15.415
3249,391141,1,-0.0,0.0,85.25,0.002,2026-05-06 18:47:15.415
3250,391200,2,0.0,0.0,85.53,0.019,2026-05-06 18:47:16.087
3251,391258,3,-0.02,0.0,-87.04,-0.006,2026-05-06 18:47:16.087
3252,391365,1,-0.0,0.0,83.59,-0.001,2026-05-06 18:47:16.087
3253,391425,2,0.0,0.0,84.14,0.016,2026-05-06 18:47:16.087
3254,391483,3,-0.02,0.0,-85.76,-0.002,2026-05-06 18:47:16.087
3255,391640,1,-0.0,0.0,75.75,-0.014,2026-05-06 18:47:16.087
3256,391700,2,0.0,0.0,76.31,0.008,2026-05-06 18:47:16.087
3257,391758,3,-0.02,0.0,-78.75,0.001,2026-05-06 18:47:16.087
3258,391864,1,-0.0,0.0,74.01,-0.015,2026-05-06 18:47:16.087
3259,391924,2,0.0,0.0,74.64,0.007,2026-05-06 18:47:16.087
3260,391982,3,-0.02,0.0,-77.22,0.004,2026-05-06 18:47:16.087
3261,392104,1,-0.0,0.0,65.21,-0.016,2026-05-06 18:47:16.087
3262,392164,2,0.0,0.0,65.88,0.005,2026-05-06 18:47:16.087
3263,392222,3,-0.02,0.0,-69.09,0.01,2026-05-06 18:47:16.087
3264,392328,1,-0.0,0.0,61.71,-0.013,2026-05-06 18:47:16.087
3265,392388,2,0.0,0.0,62.34,0.01,2026-05-06 18:47:16.087
3266,392446,3,-0.02,0.0,-65.9,0.008,2026-05-06 18:47:16.087
3267,392568,1,-0.0,0.0,44.99,-0.007,2026-05-06 18:47:16.087
3268,392628,2,0.0,0.0,45.64,0.017,2026-05-06 18:47:16.087
3269,392686,3,-0.02,0.0,-50.22,0.003,2026-05-06 18:47:16.087
3270,392792,1,-0.0,0.0,40.7,-0.003,2026-05-06 18:47:16.087
3271,392852,2,0.0,0.0,41.38,0.017,2026-05-06 18:47:16.087
3272,392910,3,-0.02,0.0,-46.22,-0.001,2026-05-06 18:47:16.087
3273,392981,1,-0.0,0.0,29.32,-0.001,2026-05-06 18:47:16.087
3274,393041,2,0.0,0.0,33.53,0.013,2026-05-06 18:47:16.087
3275,393099,3,-0.02,0.0,-37.22,-0.0,2026-05-06 18:47:16.087
3276,393206,1,-0.0,0.0,25.83,-0.0,2026-05-06 18:47:16.087
3277,393266,2,0.0,0.0,26.39,0.014,2026-05-06 18:47:16.087
3278,393324,3,-0.02,0.0,-33.13,-0.002,2026-05-06 18:47:16.087
3279,393611,1,0.0,0.0,16.97,0.0,2026-05-06 18:47:16.087
3280,393669,2,0.0,0.0,17.55,0.005,2026-05-06 18:47:16.087
3281,393727,3,0.0,0.0,-20.48,-0.002,2026-05-06 18:47:16.087
3282,393833,1,0.0,0.0,14.95,0.0,2026-05-06 18:47:16.087
3283,393891,2,0.0,0.0,15.45,0.005,2026-05-06 18:47:16.087
3284,394115,1,0.0,0.0,6.53,0.0,2026-05-06 18:47:16.087
3285,394172,2,0.0,0.0,7.15,0.001,2026-05-06 18:47:16.087
3286,394229,3,0.0,0.0,-8.87,0.0,2026-05-06 18:47:16.087
3287,394468,1,0.0,0.0,2.44,0.001,2026-05-06 18:47:16.087
3288,394525,2,0.0,0.0,2.73,0.002,2026-05-06 18:47:16.087
3289,394582,3,0.0,0.0,-4.11,0.001,2026-05-06 18:47:16.087
3290,394806,1,0.0,0.0,0.94,0.002,2026-05-06 18:47:16.087
3291,395049,1,0.0,0.019,0.12,0.002,2026-05-06 18:47:16.087
3292,395106,2,0.0,0.019,0.08,0.002,2026-05-06 18:47:16.087
3293,395163,3,0.0,0.019,-0.43,0.001,2026-05-06 18:47:16.087
3294,395267,1,0.0,0.019,0.12,0.002,2026-05-06 18:47:16.087
3295,395513,1,0.0,0.032,-0.05,0.007,2026-05-06 18:47:16.087
3296,395571,2,0.0,0.032,-0.02,0.007,2026-05-06 18:47:16.087
3297,395629,3,0.0,0.032,0.07,0.009,2026-05-06 18:47:16.087
3298,395732,1,0.0,0.032,-0.05,0.007,2026-05-06 18:47:16.087
3299,395975,1,0.0,0.048,-0.04,0.019,2026-05-06 18:47:16.087
3300,396033,2,0.0,0.048,-0.03,0.02,2026-05-06 18:47:16.087
3301,396091,3,0.0,0.048,0.02,0.018,2026-05-06 18:47:16.087
3302,396448,1,0.0,0.068,-0.03,0.027,2026-05-06 18:47:16.087
3303,396506,2,0.0,0.068,-0.03,0.027,2026-05-06 18:47:16.087
3304,396564,3,0.0,0.068,0.01,0.026,2026-05-06 18:47:16.087
3305,396667,1,0.0,0.068,-0.03,0.027,2026-05-06 18:47:16.087
3306,396910,1,0.0,0.098,-0.03,0.049,2026-05-06 18:47:16.087
3307,396968,2,0.0,0.098,-0.03,0.053,2026-05-06 18:47:16.087
3308,397026,3,0.0,0.098,0.02,0.051,2026-05-06 18:47:16.087
3309,397129,1,0.0,0.098,-0.03,0.049,2026-05-06 18:47:16.087
3310,397374,1,0.0,0.131,-0.05,0.073,2026-05-06 18:47:16.087
3311,397432,2,0.0,0.131,-0.07,0.074,2026-05-06 18:47:16.087
3312,397490,3,0.0,0.131,0.06,0.073,2026-05-06 18:47:16.087
3313,397727,1,0.0,0.168,-0.05,0.097,2026-05-06 18:47:16.087
3314,397785,2,0.0,0.168,-0.14,0.103,2026-05-06 18:47:16.087
3315,397843,3,0.0,0.168,0.07,0.103,2026-05-06 18:47:16.087
3316,398066,1,0.0,0.174,-0.05,0.102,2026-05-06 18:47:16.087
3317,398309,1,0.0,0.212,-0.01,0.137,2026-05-06 18:47:16.087
3318,398367,2,0.0,0.212,-0.04,0.139,2026-05-06 18:47:16.087
3319,398425,3,0.0,0.212,0.03,0.136,2026-05-06 18:47:16.087
3320,398528,1,0.0,0.212,-0.01,0.141,2026-05-06 18:47:16.087
3321,398651,1,0.0,0.246,0.0,0.178,2026-05-06 18:47:16.087
3322,398708,2,0.0,0.246,0.0,0.183,2026-05-06 18:47:16.087
3323,398765,3,0.0,0.246,0.02,0.179,2026-05-06 18:47:16.087
3324,398988,1,0.0,0.251,0.0,0.183,2026-05-06 18:47:16.087
3325,399064,3,0.0,0.275,0.0,0.221,2026-05-06 18:47:16.087
3326,399287,1,0.0,0.279,-0.0,0.22,2026-05-06 18:47:16.433
3327,399345,2,0.0,0.279,0.01,0.227,2026-05-06 18:47:16.433
3328,399402,3,0.0,0.279,0.0,0.221,2026-05-06 18:47:16.433
3329,399692,1,0.0,0.301,-0.0,0.254,2026-05-06 18:47:16.433
3330,399750,2,0.0,0.301,0.01,0.262,2026-05-06 18:47:16.433
3331,399807,3,0.0,0.301,-0.0,0.255,2026-05-06 18:47:16.433
3332,399911,1,0.0,0.301,-0.0,0.254,2026-05-06 18:47:16.433
3333,400154,1,0.0,0.311,-0.04,0.285,2026-05-06 18:47:16.433
3334,400212,2,0.0,0.311,0.0,0.294,2026-05-06 18:47:16.433
3335,400269,3,0.0,0.311,-0.01,0.288,2026-05-06 18:47:16.433
3336,400373,1,0.0,0.311,-0.02,0.293,2026-05-06 18:47:16.433
3337,400616,1,0.0,0.305,0.01,0.316,2026-05-06 18:47:16.433
3338,400673,2,0.0,0.305,-0.0,0.321,2026-05-06 18:47:16.433
3339,400731,3,0.0,0.305,0.0,0.316,2026-05-06 18:47:16.433
3340,400922,2,0.0,0.293,-0.01,0.333,2026-05-06 18:47:16.433
3341,400980,3,0.0,0.293,0.01,0.327,2026-05-06 18:47:16.433
3342,401083,1,0.0,0.293,0.01,0.323,2026-05-06 18:47:16.433
3343,401140,2,0.0,0.293,-0.01,0.333,2026-05-06 18:47:16.433
3344,401198,3,0.0,0.293,0.01,0.327,2026-05-06 18:47:16.433
3345,401557,1,0.0,0.264,0.01,0.311,2026-05-06 18:47:16.433
3346,401614,2,0.0,0.264,-0.0,0.323,2026-05-06 18:47:16.433
3347,401672,3,0.0,0.264,0.0,0.316,2026-05-06 18:47:16.433
3348,401775,1,0.0,0.264,0.01,0.311,2026-05-06 18:47:16.433
3349,402018,1,0.0,0.217,-0.0,0.295,2026-05-06 18:47:16.433
3350,402076,2,0.0,0.217,-0.0,0.307,2026-05-06 18:47:16.433
3351,402134,3,0.0,0.217,-0.0,0.301,2026-05-06 18:47:16.433
3352,402325,1,0.0,0.149,-0.0,0.259,2026-05-06 18:47:16.433
3353,402383,2,0.0,0.149,-0.0,0.274,2026-05-06 18:47:16.433
3354,402441,3,0.0,0.149,0.0,0.267,2026-05-06 18:47:16.433
3355,402664,1,0.0,0.138,-0.0,0.259,2026-05-06 18:47:17.112
3356,402722,2,0.0,0.138,-0.0,0.274,2026-05-06 18:47:17.112
3357,402966,1,0.0,0.074,0.0,0.207,2026-05-06 18:47:17.112
3358,403023,2,0.0,0.074,-0.0,0.217,2026-05-06 18:47:17.112
3359,403081,3,0.0,0.074,-0.0,0.215,2026-05-06 18:47:17.112
3360,403185,1,0.0,0.074,0.0,0.207,2026-05-06 18:47:17.112
3361,403428,1,0.0,0.03,0.01,0.136,2026-05-06 18:47:17.112
3362,403485,2,0.0,0.03,-0.01,0.145,2026-05-06 18:47:17.112
3363,403543,3,0.0,0.03,0.0,0.139,2026-05-06 18:47:17.112
3364,403646,1,0.0,0.03,0.01,0.136,2026-05-06 18:47:17.112
3365,403889,1,0.0,0.012,0.0,0.078,2026-05-06 18:47:17.112
3366,403946,2,0.0,0.012,-0.0,0.082,2026-05-06 18:47:17.112
3367,404004,3,0.0,0.012,0.0,0.08,2026-05-06 18:47:17.112
3368,404241,1,0.0,0.003,-0.0,0.033,2026-05-06 18:47:17.112
3369,404299,2,0.0,0.003,0.0,0.034,2026-05-06 18:47:17.112
3370,404356,3,0.0,0.003,0.0,0.035,2026-05-06 18:47:17.112
3371,404579,1,0.0,0.002,0.0,0.019,2026-05-06 18:47:17.112
3372,404702,1,-0.0,0.0,-0.0,0.003,2026-05-06 18:47:17.112
3373,404761,2,0.01,0.0,0.01,0.002,2026-05-06 18:47:17.112
3374,404818,3,-0.0,0.0,-0.0,0.002,2026-05-06 18:47:17.112
3375,404923,1,-0.0,0.0,-0.0,-0.006,2026-05-06 18:47:17.112
3376,404983,2,0.01,0.0,0.01,-0.006,2026-05-06 18:47:17.112
3377,405041,3,-0.0,0.0,-0.0,-0.005,2026-05-06 18:47:17.112
3378,405163,1,-0.0,0.0,0.0,-0.012,2026-05-06 18:47:17.112
3379,405222,2,0.01,0.0,0.01,-0.011,2026-05-06 18:47:17.112
3380,405280,3,-0.0,0.0,-0.0,-0.011,2026-05-06 18:47:17.112
3381,405386,1,-0.0,0.0,0.0,-0.012,2026-05-06 18:47:17.112
3382,405445,2,0.01,0.0,0.01,-0.01,2026-05-06 18:47:17.112
3383,405503,3,-0.0,0.0,-0.0,-0.011,2026-05-06 18:47:17.112
3384,405617,1,-0.0,0.0,0.0,-0.011,2026-05-06 18:47:17.112
3385,405676,2,0.01,0.0,0.01,-0.008,2026-05-06 18:47:17.112
3386,405734,3,-0.0,0.0,-0.01,-0.011,2026-05-06 18:47:17.112
3387,405840,1,-0.0,0.0,-0.0,-0.011,2026-05-06 18:47:17.112
3388,405900,2,0.01,0.0,0.01,-0.01,2026-05-06 18:47:17.112
3389,405958,3,-0.0,0.0,-0.01,-0.011,2026-05-06 18:47:17.112
3390,406117,1,-0.0,0.0,0.0,-0.008,2026-05-06 18:47:17.112
3391,406176,2,0.01,0.0,0.01,-0.009,2026-05-06 18:47:17.112
3392,406234,3,-0.0,0.0,0.0,-0.009,2026-05-06 18:47:17.112
3393,406339,1,-0.0,0.0,-0.0,-0.008,2026-05-06 18:47:17.112
3394,406399,2,0.01,0.0,0.01,-0.008,2026-05-06 18:47:17.112
3395,406457,3,-0.0,0.0,-0.0,-0.008,2026-05-06 18:47:17.112
3396,406579,1,-0.0,0.0,-0.0,-0.006,2026-05-06 18:47:17.112
3397,406639,2,0.01,0.0,0.01,-0.007,2026-05-06 18:47:17.112
3398,406697,3,-0.0,0.0,0.0,-0.007,2026-05-06 18:47:17.112
3399,406802,1,-0.0,0.0,-0.0,-0.006,2026-05-06 18:47:17.112
3400,406862,2,0.01,0.0,0.01,-0.007,2026-05-06 18:47:17.112
3401,406920,3,-0.0,0.0,0.0,-0.006,2026-05-06 18:47:17.112
3402,407041,1,-0.0,0.0,-0.0,-0.005,2026-05-06 18:47:17.112
3403,407101,2,0.01,0.0,0.01,-0.006,2026-05-06 18:47:17.112
3404,407159,3,-0.0,0.0,0.0,-0.005,2026-05-06 18:47:17.112
3405,407264,1,-0.0,0.0,-0.0,-0.005,2026-05-06 18:47:17.112
3406,407324,2,0.01,0.0,0.01,-0.006,2026-05-06 18:47:17.112
3407,407382,3,-0.0,0.0,-0.0,-0.005,2026-05-06 18:47:17.112
3408,407486,1,-0.0,0.0,-0.0,-0.004,2026-05-06 18:47:17.112
3409,407546,2,0.01,0.0,0.01,-0.006,2026-05-06 18:47:17.112
3410,407604,3,-0.0,0.0,0.0,-0.004,2026-05-06 18:47:17.112
3411,407709,1,-0.0,0.0,-0.0,-0.004,2026-05-06 18:47:17.112
3412,407769,2,0.01,0.0,0.01,-0.005,2026-05-06 18:47:17.112
3413,407827,3,-0.0,0.0,-0.0,-0.004,2026-05-06 18:47:17.112
3414,407993,1,-0.0,0.0,0.0,-0.002,2026-05-06 18:47:17.112
3415,408052,2,0.01,0.0,0.01,-0.003,2026-05-06 18:47:17.112
3416,408110,3,-0.0,0.0,-0.0,-0.003,2026-05-06 18:47:17.112
3417,408216,1,-0.0,0.0,0.0,-0.002,2026-05-06 18:47:17.112
3418,408275,2,0.01,0.0,0.01,-0.002,2026-05-06 18:47:17.112
3419,408333,3,-0.0,0.0,-0.0,-0.002,2026-05-06 18:47:17.112
3420,408484,1,-0.0,0.0,0.0,-0.002,2026-05-06 18:47:17.112
3421,408543,2,0.01,0.0,0.01,-0.002,2026-05-06 18:47:17.112
3422,408601,3,-0.0,0.0,-0.0,-0.002,2026-05-06 18:47:17.112
3423,408707,1,-0.0,0.0,0.0,-0.002,2026-05-06 18:47:17.112
3424,408766,2,0.01,0.0,0.01,-0.002,2026-05-06 18:47:17.112
3425,408824,3,-0.0,0.0,-0.0,-0.001,2026-05-06 18:47:17.112
3426,408960,1,-0.0,0.0,-0.0,-0.001,2026-05-06 18:47:17.112
3427,409020,2,0.01,0.0,0.01,-0.001,2026-05-06 18:47:17.112
3428,409078,3,-0.0,0.0,-0.0,-0.001,2026-05-06 18:47:17.112
3429,409184,1,-0.0,0.0,0.0,-0.001,2026-05-06 18:47:17.112
3430,409243,2,0.01,0.0,0.01,-0.001,2026-05-06 18:47:17.112
3431,409301,3,-0.0,0.0,0.0,-0.002,2026-05-06 18:47:17.112
3432,409370,1,-0.0,0.0,-0.0,-0.001,2026-05-06 18:47:17.112
3433,409430,2,0.01,0.0,0.01,-0.002,2026-05-06 18:47:17.112
3434,409488,3,-0.0,0.0,0.0,-0.001,2026-05-06 18:47:17.112
3435,409593,1,-0.0,0.0,0.0,-0.001,2026-05-06 18:47:17.112
3436,409652,2,0.01,0.0,0.01,-0.001,2026-05-06 18:47:17.112
3437,409710,3,-0.0,0.0,-0.0,-0.001,2026-05-06 18:47:17.112
3438,409816,1,-0.0,0.0,0.0,-0.001,2026-05-06 18:47:17.112
3439,409874,1,-0.0,0.0,0.0,-0.001,2026-05-06 18:47:17.112
3440,409933,2,0.01,0.0,0.01,-0.001,2026-05-06 18:47:17.112
3441,409991,3,-0.0,0.0,-0.0,-0.001,2026-05-06 18:47:17.112
3442,410097,1,-0.0,0.0,0.0,-0.001,2026-05-06 18:47:17.112
3443,410156,2,0.01,0.0,0.01,-0.001,2026-05-06 18:47:17.112
3444,410214,3,-0.0,0.0,-0.0,-0.001,2026-05-06 18:47:17.112
3445,410383,1,-0.0,0.0,-0.0,-0.001,2026-05-06 18:47:17.112
3446,410443,2,0.01,0.0,0.01,-0.001,2026-05-06 18:47:17.112
3447,410501,3,-0.0,0.0,0.0,-0.001,2026-05-06 18:47:17.112
3448,410606,1,-0.0,0.0,-0.0,-0.0,2026-05-06 18:47:17.112
3449,410666,2,0.01,0.0,0.01,-0.001,2026-05-06 18:47:17.112
3450,410724,3,-0.0,0.0,0.0,-0.0,2026-05-06 18:47:17.822
3451,410875,1,-0.0,0.0,0.0,-0.0,2026-05-06 18:47:17.822
3452,410934,2,0.01,0.0,0.01,-0.0,2026-05-06 18:47:17.822
3453,410992,3,-0.0,0.0,-0.0,-0.0,2026-05-06 18:47:17.822
3454,411098,1,-0.0,0.0,-0.0,-0.0,2026-05-06 18:47:17.822
3455,411158,2,0.01,0.0,0.01,-0.0,2026-05-06 18:47:17.822
3456,411216,3,-0.0,0.0,0.0,-0.0,2026-05-06 18:47:17.822
3457,411289,3,-0.0,0.0,-0.0,0.0,2026-05-06 18:47:17.822
3458,411394,1,-0.0,0.0,-0.0,-0.0,2026-05-06 18:47:17.822
3459,411454,2,0.01,0.0,0.01,0.0,2026-05-06 18:47:17.822
3460,411511,3,-0.0,0.0,-0.0,-0.0,2026-05-06 18:47:17.822
3461,411617,1,-0.0,0.0,0.0,-0.0,2026-05-06 18:47:17.822
3462,411676,2,0.01,0.0,0.01,0.0,2026-05-06 18:47:17.822
3463,411745,1,-0.0,0.0,-0.0,0.0,2026-05-06 18:47:17.822
3464,411804,2,0.01,0.0,0.01,0.0,2026-05-06 18:47:17.822
3465,411861,3,-0.0,0.0,-0.0,-0.0,2026-05-06 18:47:17.822
3466,411967,1,-0.0,0.0,-0.0,0.0,2026-05-06 18:47:17.822
3467,412026,2,0.01,0.0,0.01,-0.0,2026-05-06 18:47:17.822
3468,412084,3,-0.0,0.0,-0.0,-0.0,2026-05-06 18:47:17.822
3469,412190,1,-0.0,0.0,-0.0,0.0,2026-05-06 18:47:17.822
3470,412250,1,-0.0,0.0,-0.0,-0.0,2026-05-06 18:47:17.822
3471,412310,2,0.01,0.0,0.01,-0.001,2026-05-06 18:47:17.822
3472,412368,3,-0.0,0.0,-0.0,-0.0,2026-05-06 18:47:17.822
3473,412474,1,-0.0,0.0,0.0,-0.0,2026-05-06 18:47:17.822
3474,412533,2,0.01,0.0,0.01,-0.0,2026-05-06 18:47:17.822
3475,412591,3,-0.0,0.0,0.0,-0.0,2026-05-06 18:47:17.822
3476,412712,1,-0.0,0.0,0.0,-0.0,2026-05-06 18:47:17.822
3477,412771,2,0.01,0.0,0.01,0.0,2026-05-06 18:47:17.822
3478,412828,3,-0.0,0.0,-0.0,-0.0,2026-05-06 18:47:17.822
3479,412934,1,-0.0,0.0,0.0,-0.0,2026-05-06 18:47:17.822
3480,412993,2,0.01,0.0,0.01,0.0,2026-05-06 18:47:17.822
3481,413050,3,-0.0,0.0,-0.0,-0.0,2026-05-06 18:47:17.822
3482,413172,1,-0.0,0.0,0.0,-0.0,2026-05-06 18:47:17.822
3483,413231,2,0.01,0.0,0.01,-0.0,2026-05-06 18:47:17.822
3484,413289,3,-0.0,0.0,-0.0,0.0,2026-05-06 18:47:17.822
3485,413394,1,-0.0,0.0,-0.0,0.0,2026-05-06 18:47:17.822
3486,413453,2,0.01,0.0,0.01,0.0,2026-05-06 18:47:17.822
3487,413510,3,-0.0,0.0,-0.0,0.0,2026-05-06 18:47:17.822
3488,413631,1,-0.0,0.0,0.0,0.0,2026-05-06 18:47:17.822
3489,413689,2,0.01,0.0,0.01,0.0,2026-05-06 18:47:17.822
3490,413746,3,-0.0,0.0,-0.0,0.0,2026-05-06 18:47:17.822
3491,413851,1,-0.0,0.0,0.0,0.0,2026-05-06 18:47:17.822
3492,413909,2,0.01,0.0,0.01,0.0,2026-05-06 18:47:17.822
3493,413966,3,-0.0,0.0,0.0,0.0,2026-05-06 18:47:17.822
3494,414070,1,-0.0,0.0,0.0,0.0,2026-05-06 18:47:17.822
3495,414173,1,-0.0,0.0,-0.0,-0.0,2026-05-06 18:47:17.822
3496,414233,2,0.01,0.0,0.01,-0.0,2026-05-06 18:47:17.822
3497,414291,3,-0.0,0.0,-0.0,-0.0,2026-05-06 18:47:17.822
3498,414397,1,-0.0,0.0,0.0,-0.0,2026-05-06 18:47:17.822
3499,414456,2,0.01,0.0,0.01,-0.0,2026-05-06 18:47:17.822
3500,414514,3,-0.0,0.0,-0.0,0.0,2026-05-06 18:47:17.822
3501,414635,1,-0.0,0.0,-0.0,0.0,2026-05-06 18:47:17.822
3502,414694,2,0.01,0.0,0.01,-0.0,2026-05-06 18:47:17.822
3503,414752,3,-0.0,0.0,0.0,-0.0,2026-05-06 18:47:17.822
3504,414857,1,-0.0,0.0,0.0,-0.0,2026-05-06 18:47:17.822
3505,414916,2,0.01,0.0,0.01,-0.0,2026-05-06 18:47:17.822
3506,414974,3,-0.0,0.0,0.0,-0.0,2026-05-06 18:47:17.822
3507,415078,1,-0.0,0.0,-0.0,0.0,2026-05-06 18:47:17.822
3508,415137,2,0.01,0.0,0.01,-0.0,2026-05-06 18:47:17.822
3509,415195,3,-0.0,0.0,-0.0,0.0,2026-05-06 18:47:17.822
3510,415300,1,-0.0,0.0,0.0,-0.0,2026-05-06 18:47:17.822
3511,415359,2,0.01,0.0,0.01,-0.0,2026-05-06 18:47:17.822
3512,415417,3,-0.0,0.0,0.0,0.0,2026-05-06 18:47:17.822
3513,415537,1,-0.0,0.0,0.0,0.0,2026-05-06 18:47:17.822
3514,415595,2,0.01,0.0,0.01,-0.0,2026-05-06 18:47:17.822
3515,415653,3,-0.0,0.0,0.0,0.0,2026-05-06 18:47:17.822
3516,415757,1,-0.0,0.0,0.0,0.0,2026-05-06 18:47:17.822
3517,415815,2,0.01,0.0,0.01,0.0,2026-05-06 18:47:17.822
3518,415872,3,-0.0,0.0,-0.0,0.0,2026-05-06 18:47:17.822
3519,416037,1,-0.0,0.0,0.0,0.0,2026-05-06 18:47:17.822
3520,416095,2,0.01,0.0,0.01,0.0,2026-05-06 18:47:17.822
3521,416152,3,-0.0,0.0,0.0,-0.0,2026-05-06 18:47:17.822
3522,416257,1,-0.0,0.0,0.0,0.0,2026-05-06 18:47:17.822
3523,416315,2,0.01,0.0,0.01,0.0,2026-05-06 18:47:17.822
3524,416372,3,-0.0,0.0,-0.0,0.0,2026-05-06 18:47:17.822
3525,416530,1,-0.0,0.0,0.0,0.0,2026-05-06 18:47:17.822
3526,416588,2,0.01,0.0,0.01,0.0,2026-05-06 18:47:17.822
3527,416645,3,-0.0,0.0,0.0,-0.0,2026-05-06 18:47:17.822
3528,416750,1,-0.0,0.0,0.0,-0.0,2026-05-06 18:47:17.822
3529,416809,2,0.01,0.0,0.01,0.0,2026-05-06 18:47:17.822
3530,416866,3,-0.0,0.0,-0.0,0.0,2026-05-06 18:47:17.822
3531,416970,1,-0.0,0.0,0.0,0.0,2026-05-06 18:47:17.822
3532,417028,2,0.01,0.0,0.01,0.0,2026-05-06 18:47:17.822
3533,417085,3,-0.0,0.0,-0.0,0.0,2026-05-06 18:47:17.822
3534,417190,1,-0.0,0.0,0.0,0.0,2026-05-06 18:47:17.822
3535,417248,2,0.01,0.0,0.01,-0.0,2026-05-06 18:47:17.822
3536,417306,3,-0.0,0.0,-0.0,0.0,2026-05-06 18:47:17.822
3537,417427,1,-0.0,0.0,-0.0,0.0,2026-05-06 18:47:17.822
3538,417486,2,0.01,0.0,0.01,0.0,2026-05-06 18:47:17.822
3539,417543,3,-0.0,0.0,-0.0,0.0,2026-05-06 18:47:17.822
3540,417648,1,-0.0,0.0,-0.0,0.0,2026-05-06 18:47:17.822
3541,417707,2,0.01,0.0,0.01,-0.0,2026-05-06 18:47:17.822
3542,417765,3,-0.0,0.0,0.0,-0.0,2026-05-06 18:47:17.822
3543,417937,1,-0.0,0.0,0.0,0.0,2026-05-06 18:47:17.822
3544,417995,2,0.01,0.0,0.01,-0.0,2026-05-06 18:47:17.822
3545,418053,3,-0.0,0.0,-0.0,-0.0,2026-05-06 18:47:17.822
3546,418159,1,-0.0,0.0,0.0,0.0,2026-05-06 18:47:17.822
3547,418217,2,0.01,0.0,0.01,-0.0,2026-05-06 18:47:17.822
3548,418275,3,-0.0,0.0,0.0,-0.0,2026-05-06 18:47:17.822
3549,418429,1,-0.0,0.0,-0.0,0.0,2026-05-06 18:47:17.822
3550,418488,2,0.01,0.0,0.01,0.0,2026-05-06 18:47:17.822
3551,418545,3,-0.0,0.0,0.0,0.0,2026-05-06 18:47:17.822
3552,418649,1,-0.0,0.0,-0.0,0.0,2026-05-06 18:47:17.822
3553,418708,2,0.01,0.0,0.01,0.0,2026-05-06 18:47:17.822
3554,418765,3,-0.0,0.0,0.0,0.0,2026-05-06 18:47:18.478
3555,418914,1,-0.0,0.0,-0.0,0.0,2026-05-06 18:47:18.478
3556,418973,2,0.01,0.0,0.01,0.0,2026-05-06 18:47:18.478
3557,419030,3,-0.0,0.0,0.0,0.0,2026-05-06 18:47:18.478
3558,419134,1,-0.0,0.0,-0.0,0.0,2026-05-06 18:47:18.478
3559,419193,2,0.01,0.0,0.01,0.0,2026-05-06 18:47:18.478
3560,419250,3,-0.0,0.0,-0.0,0.0,2026-05-06 18:47:18.478
3561,419400,1,-0.0,0.0,0.0,0.0,2026-05-06 18:47:18.478
3562,419458,2,0.01,0.0,0.01,0.0,2026-05-06 18:47:18.478
3563,419515,3,-0.0,0.0,-0.0,0.0,2026-05-06 18:47:18.478
3564,419620,1,-0.0,0.0,0.0,0.0,2026-05-06 18:47:18.478
3565,419678,2,0.01,0.0,0.01,0.0,2026-05-06 18:47:18.478
3566,419735,3,-0.0,0.0,0.0,0.0,2026-05-06 18:47:18.478
3567,419886,1,-0.0,0.0,-0.0,-0.0,2026-05-06 18:47:18.478
3568,419946,2,0.01,0.0,0.01,0.0,2026-05-06 18:47:18.478
3569,420003,3,-0.0,0.0,0.0,0.0,2026-05-06 18:47:18.478
3570,420107,1,-0.0,0.0,0.0,0.0,2026-05-06 18:47:18.478
3571,420165,2,0.01,0.0,0.01,-0.0,2026-05-06 18:47:18.478
3572,420223,3,-0.0,0.0,-0.0,0.0,2026-05-06 18:47:18.478
3573,420336,1,-0.0,0.0,-0.0,0.0,2026-05-06 18:47:18.478
3574,420395,2,0.01,0.0,0.01,0.0,2026-05-06 18:47:18.478
3575,420452,3,-0.0,0.0,0.0,0.0,2026-05-06 18:47:18.478
3576,420556,1,-0.0,0.0,-0.0,0.0,2026-05-06 18:47:18.478
3577,420615,2,0.01,0.0,0.01,0.0,2026-05-06 18:47:18.478
3578,420672,3,-0.0,0.0,0.01,-0.0,2026-05-06 18:47:18.478
3579,420832,1,-0.0,0.0,0.0,0.0,2026-05-06 18:47:18.478
3580,420890,2,0.01,0.0,0.01,0.0,2026-05-06 18:47:18.478
3581,420947,3,-0.0,0.0,0.0,0.0,2026-05-06 18:47:18.478
3582,421051,1,-0.0,0.0,0.0,-0.0,2026-05-06 18:47:18.478
3583,421110,2,0.01,0.0,0.01,0.0,2026-05-06 18:47:18.478
3584,421167,3,-0.0,0.0,-0.0,0.0,2026-05-06 18:47:18.478
3585,421317,1,-0.0,0.0,0.0,0.0,2026-05-06 18:47:18.478
3586,421375,2,0.01,0.0,0.01,0.0,2026-05-06 18:47:18.478
3587,421432,3,-0.0,0.0,0.01,0.0,2026-05-06 18:47:18.478
3588,421536,1,-0.0,0.0,0.0,0.0,2026-05-06 18:47:18.478
3589,421594,2,0.01,0.0,0.01,0.0,2026-05-06 18:47:18.478
3590,421651,3,-0.0,0.0,0.0,0.0,2026-05-06 18:47:18.478
3591,421802,1,-0.0,0.0,-0.0,-0.0,2026-05-06 18:47:18.478
3592,421862,2,0.01,0.0,0.01,0.0,2026-05-06 18:47:18.478
3593,421919,3,-0.0,0.0,-0.0,0.0,2026-05-06 18:47:18.478
3594,422024,1,-0.0,0.0,-0.0,0.0,2026-05-06 18:47:18.478
3595,422083,2,0.01,0.0,0.01,0.0,2026-05-06 18:47:18.478
3596,422140,3,-0.0,0.0,0.0,0.0,2026-05-06 18:47:18.478
3597,422260,1,-0.0,0.0,-0.0,-0.0,2026-05-06 18:47:18.478
3598,422320,2,0.01,0.0,0.01,-0.0,2026-05-06 18:47:18.478
3599,422378,3,-0.0,0.0,-0.0,0.0,2026-05-06 18:47:18.478
3600,422483,1,-0.0,0.0,-0.0,0.0,2026-05-06 18:47:18.478
3601,422542,2,0.01,0.0,0.01,0.0,2026-05-06 18:47:18.478
3602,422599,3,-0.0,0.0,0.0,0.0,2026-05-06 18:47:18.478
3603,422750,1,-0.0,0.0,-0.0,0.0,2026-05-06 18:47:18.478
3604,422809,2,0.01,0.0,0.01,0.0,2026-05-06 18:47:18.478
3605,422866,3,-0.0,0.0,-0.0,0.0,2026-05-06 18:47:18.478
3606,422971,1,-0.0,0.0,0.0,0.0,2026-05-06 18:47:18.478
3607,423029,2,0.01,0.0,0.01,0.0,2026-05-06 18:47:18.478
3608,423086,3,-0.0,0.0,-0.0,0.0,2026-05-06 18:47:18.478
3609,423236,1,-0.0,0.0,0.0,-0.0,2026-05-06 18:47:18.478
3610,423295,2,0.01,0.0,0.01,-0.0,2026-05-06 18:47:18.478
3611,423353,3,-0.0,0.0,0.0,-0.0,2026-05-06 18:47:18.478
3612,423458,1,-0.0,0.0,0.0,-0.0,2026-05-06 18:47:18.478
3613,423517,2,0.01,0.0,0.01,0.0,2026-05-06 18:47:18.478
3614,423574,3,-0.0,0.0,0.01,0.0,2026-05-06 18:47:18.478
3615,423694,1,-0.0,0.0,-0.0,-0.0,2026-05-06 18:47:18.478
3616,423754,2,0.01,0.0,0.01,0.0,2026-05-06 18:47:18.478
3617,423811,3,-0.0,0.0,-0.0,0.0,2026-05-06 18:47:18.478
3618,423916,1,-0.0,0.0,0.0,0.0,2026-05-06 18:47:18.478
3619,423974,2,0.01,0.0,0.01,0.0,2026-05-06 18:47:18.478
3620,424031,3,-0.0,0.0,-0.0,0.0,2026-05-06 18:47:18.478
3621,424137,1,-0.0,0.0,-0.0,0.0,2026-05-06 18:47:18.478
3622,424196,2,0.01,0.0,0.01,0.0,2026-05-06 18:47:18.478
3623,424253,3,-0.0,0.0,0.0,0.0,2026-05-06 18:47:18.478
3624,424357,1,-0.0,0.0,0.0,0.0,2026-05-06 18:47:18.478
3625,424415,2,0.01,0.0,0.01,0.0,2026-05-06 18:47:18.478
3626,424472,3,-0.0,0.0,-0.0,0.0,2026-05-06 18:47:18.478
3627,424593,1,-0.0,0.0,-0.0,0.0,2026-05-06 18:47:18.478
3628,424652,2,0.01,0.0,0.01,0.0,2026-05-06 18:47:18.478
3629,424709,3,-0.0,0.0,-0.0,0.0,2026-05-06 18:47:18.478
3630,424814,1,-0.0,0.0,0.0,0.0,2026-05-06 18:47:18.478
3631,424872,2,0.01,0.0,0.01,0.0,2026-05-06 18:47:18.478
3632,424929,3,-0.0,0.0,-0.0,0.0,2026-05-06 18:47:18.478
3633,425050,1,-0.0,0.0,0.0,0.0,2026-05-06 18:47:18.478
3634,425108,2,0.01,0.0,0.01,0.0,2026-05-06 18:47:18.478
3635,425165,3,-0.0,0.0,-0.0,0.0,2026-05-06 18:47:18.478
3636,425270,1,-0.0,0.0,-0.0,0.0,2026-05-06 18:47:18.478
3637,425329,2,0.01,0.0,0.01,-0.0,2026-05-06 18:47:18.478
3638,425387,3,-0.0,0.0,-0.0,0.0,2026-05-06 18:47:18.478
3639,425599,1,-0.0,0.0,0.0,-0.0,2026-05-06 18:47:18.478
3640,425658,2,0.01,0.0,0.01,-0.0,2026-05-06 18:47:19.145
3641,425716,3,-0.0,0.0,-0.0,0.0,2026-05-06 18:47:19.145
3642,425821,1,-0.0,0.0,0.0,-0.0,2026-05-06 18:47:19.145
3643,425880,2,0.01,0.0,0.01,0.0,2026-05-06 18:47:19.145
3644,425937,3,-0.0,0.0,-0.0,-0.0,2026-05-06 18:47:19.145
3645,426059,1,-0.0,0.0,0.0,0.0,2026-05-06 18:47:19.145
3646,426117,2,0.01,0.0,0.01,0.0,2026-05-06 18:47:19.145
3647,426174,3,-0.0,0.0,-0.01,0.0,2026-05-06 18:47:19.145
3648,426279,1,-0.0,0.0,-0.0,-0.0,2026-05-06 18:47:19.145
3649,426339,2,0.01,0.0,0.01,0.0,2026-05-06 18:47:19.145
3650,426396,3,-0.0,0.0,0.0,0.0,2026-05-06 18:47:19.145
3651,426501,1,-0.0,0.0,-0.0,0.0,2026-05-06 18:47:19.145
3652,426560,2,0.01,0.0,0.01,0.0,2026-05-06 18:47:19.145
3653,426617,3,-0.0,0.0,0.0,0.0,2026-05-06 18:47:19.145
3654,426721,1,-0.0,0.0,0.0,0.0,2026-05-06 18:47:19.145
3655,426779,2,0.01,0.0,0.01,0.0,2026-05-06 18:47:19.145
3656,426836,3,-0.0,0.0,-0.0,0.0,2026-05-06 18:47:19.145
3657,426959,2,0.01,0.0,0.01,0.0,2026-05-06 18:47:19.145
3658,427016,3,-0.0,0.0,-0.0,0.0,2026-05-06 18:47:19.145
3659,427121,1,-0.0,0.0,-0.0,0.0,2026-05-06 18:47:19.145
3660,427180,2,0.01,0.0,0.01,0.0,2026-05-06 18:47:19.145
3661,427237,3,-0.0,0.0,-0.0,0.0,2026-05-06 18:47:19.145
3662,427342,1,-0.0,0.0,-0.0,0.0,2026-05-06 18:47:19.145
3663,427459,1,-0.0,0.0,0.0,0.0,2026-05-06 18:47:19.145
3664,427517,2,0.01,0.0,0.01,0.0,2026-05-06 18:47:19.145
3665,427574,3,-0.0,0.0,0.0,0.0,2026-05-06 18:47:19.145
3666,427678,1,-0.0,0.0,-0.0,0.0,2026-05-06 18:47:19.145
3667,427737,2,0.01,0.0,0.01,0.0,2026-05-06 18:47:19.145
3668,427794,3,-0.0,0.0,0.0,0.0,2026-05-06 18:47:19.145
3669,427951,1,-0.0,0.0,-0.0,0.0,2026-05-06 18:47:19.145
3670,428010,2,0.01,0.0,0.01,0.0,2026-05-06 18:47:19.145
3671,428067,3,-0.0,0.0,0.0,-0.0,2026-05-06 18:47:19.145
3672,428172,1,-0.0,0.0,-0.0,-0.0,2026-05-06 18:47:19.145
3673,428232,2,0.01,0.0,0.01,0.0,2026-05-06 18:47:19.145
3674,428289,3,-0.0,0.0,0.0,-0.0,2026-05-06 18:47:19.145
3675,428406,1,-0.0,0.0,-0.0,0.0,2026-05-06 18:47:19.145
3676,428465,2,0.01,0.0,0.01,0.0,2026-05-06 18:47:19.145
3677,428522,3,-0.0,0.0,-0.0,0.0,2026-05-06 18:47:19.145
3678,428627,1,-0.0,0.0,-0.0,0.0,2026-05-06 18:47:19.145
3679,428686,2,0.01,0.0,0.01,0.0,2026-05-06 18:47:19.145
3680,428743,3,-0.0,0.0,-0.0,-0.0,2026-05-06 18:47:19.145
3681,428856,1,-0.0,0.0,0.0,0.0,2026-05-06 18:47:19.145
3682,428914,2,0.01,0.0,0.01,0.0,2026-05-06 18:47:19.145
3683,428971,3,-0.0,0.0,-0.0,0.0,2026-05-06 18:47:19.145
3684,429076,1,-0.0,0.0,-0.0,-0.0,2026-05-06 18:47:19.145
3685,429136,2,0.01,0.0,0.01,0.0,2026-05-06 18:47:19.145
3686,429193,3,-0.0,0.0,0.0,0.0,2026-05-06 18:47:19.145
3687,429313,1,-0.0,0.0,-0.0,0.0,2026-05-06 18:47:19.145
3688,429372,2,0.01,0.0,0.01,0.0,2026-05-06 18:47:19.145
3689,429429,3,-0.0,0.0,-0.0,0.0,2026-05-06 18:47:19.145
3690,429534,1,-0.0,0.0,-0.0,0.0,2026-05-06 18:47:19.145
3691,429593,2,0.01,0.0,0.01,0.0,2026-05-06 18:47:19.145
3692,429650,3,-0.0,0.0,-0.0,-0.0,2026-05-06 18:47:19.145
3693,429816,1,-0.0,0.0,0.0,0.0,2026-05-06 18:47:19.145
3694,429874,2,0.01,0.0,0.01,0.0,2026-05-06 18:47:19.145
3695,429931,3,-0.0,0.0,-0.0,0.0,2026-05-06 18:47:19.145
3696,430036,1,-0.0,0.0,0.0,0.0,2026-05-06 18:47:19.145
3697,430094,2,0.01,0.0,0.01,0.0,2026-05-06 18:47:19.145
3698,430151,3,-0.0,0.0,0.0,0.0,2026-05-06 18:47:19.145
3699,430308,1,-0.0,0.0,-0.0,0.0,2026-05-06 18:47:19.145
3700,430367,2,0.01,0.0,0.01,0.0,2026-05-06 18:47:19.145
3701,430424,3,-0.0,0.0,-0.0,0.0,2026-05-06 18:47:19.145
3702,430529,1,-0.0,0.0,-0.0,0.0,2026-05-06 18:47:19.145
3703,430588,2,0.01,0.0,0.01,-0.0,2026-05-06 18:47:19.145
3704,430646,3,-0.0,0.0,0.0,0.0,2026-05-06 18:47:19.145
3705,430714,1,-0.0,0.0,0.0,0.0,2026-05-06 18:47:19.145
3706,430772,2,0.01,0.0,0.01,-0.0,2026-05-06 18:47:19.145
3707,430830,3,-0.0,0.0,0.0,0.0,2026-05-06 18:47:19.145
3708,430934,1,-0.0,0.0,-0.0,0.0,2026-05-06 18:47:19.145
3709,430993,2,0.01,0.0,0.01,0.0,2026-05-06 18:47:19.145
3710,431050,3,-0.0,0.0,-0.0,-0.0,2026-05-06 18:47:19.145
3711,431156,1,-0.0,0.0,0.0,0.0,2026-05-06 18:47:19.145
3712,431216,1,-0.0,0.0,-0.0,0.0,2026-05-06 18:47:19.145
3713,431275,2,0.01,0.0,0.01,0.0,2026-05-06 18:47:19.145
3714,431332,3,-0.0,0.0,0.0,0.0,2026-05-06 18:47:19.145
3715,431436,1,-0.0,0.0,-0.0,0.0,2026-05-06 18:47:19.145
3716,431495,2,0.01,0.0,0.01,0.0,2026-05-06 18:47:19.145
3717,431552,3,-0.0,0.0,-0.0,0.0,2026-05-06 18:47:19.145
3718,431717,1,-0.0,0.0,-0.0,0.0,2026-05-06 18:47:19.145
3719,431776,2,0.01,0.0,0.01,0.0,2026-05-06 18:47:19.145
3720,431833,3,-0.0,0.0,0.0,0.0,2026-05-06 18:47:19.145
3721,431937,1,-0.0,0.0,-0.0,0.0,2026-05-06 18:47:19.145
3722,431996,2,0.01,0.0,0.01,0.0,2026-05-06 18:47:19.145
3723,432053,3,-0.0,0.0,-0.0,0.0,2026-05-06 18:47:19.145
3724,432208,1,-0.0,0.0,-0.0,0.0,2026-05-06 18:47:19.145
3725,432267,2,0.01,0.0,0.01,0.0,2026-05-06 18:47:19.145
3726,432324,3,-0.0,0.0,0.0,0.0,2026-05-06 18:47:19.145
3727,432428,1,-0.0,0.0,-0.0,0.0,2026-05-06 18:47:19.145
3728,432487,2,0.01,0.0,0.01,0.0,2026-05-06 18:47:19.145
3729,432544,3,-0.0,0.0,-0.0,0.0,2026-05-06 18:47:19.145
3730,432648,1,-0.0,0.0,-0.0,0.0,2026-05-06 18:47:19.145
3731,432707,2,0.01,0.0,0.01,0.0,2026-05-06 18:47:19.145
3732,432872,1,-0.0,0.0,0.0,0.0,2026-05-06 18:47:19.145
3733,432930,2,0.01,0.0,0.01,0.0,2026-05-06 18:47:19.145
3734,432987,3,-0.0,0.0,0.0,0.0,2026-05-06 18:47:19.145
3735,433107,1,-0.0,0.0,-0.0,0.0,2026-05-06 18:47:19.145
3736,433166,2,0.01,0.0,0.01,0.0,2026-05-06 18:47:19.145
3737,433223,3,-0.0,0.0,0.0,0.0,2026-05-06 18:47:19.145
3738,433327,1,-0.0,0.0,0.0,0.0,2026-05-06 18:47:19.145
3739,433385,2,0.01,0.0,0.01,0.0,2026-05-06 18:47:19.145
3740,433442,3,-0.0,0.0,-0.0,-0.0,2026-05-06 18:47:19.145
3741,433566,2,0.01,0.0,0.01,0.0,2026-05-06 18:47:19.145
3742,433623,3,-0.0,0.0,-0.01,0.0,2026-05-06 18:47:19.145
3743,433728,1,-0.0,0.0,0.0,0.0,2026-05-06 18:47:19.869
3744,433786,2,0.01,0.0,0.01,-0.0,2026-05-06 18:47:19.869
3745,433844,3,-0.0,0.0,0.0,0.0,2026-05-06 18:47:19.869
3746,433948,1,-0.0,0.0,-0.0,0.0,2026-05-06 18:47:19.869
3747,434007,2,0.01,0.0,0.01,0.0,2026-05-06 18:47:19.869
3748,434109,1,-0.0,0.0,0.0,0.0,2026-05-06 18:47:19.869
3749,434167,2,0.01,0.0,0.01,0.0,2026-05-06 18:47:19.869
3750,434224,3,-0.0,0.0,-0.0,0.0,2026-05-06 18:47:19.869
3751,434329,1,-0.0,0.0,-0.0,0.0,2026-05-06 18:47:19.869
3752,434388,2,0.01,0.0,0.01,0.0,2026-05-06 18:47:19.869
3753,434445,3,-0.0,0.0,0.0,0.0,2026-05-06 18:47:19.869
3754,434548,1,-0.0,0.0,-0.0,0.0,2026-05-06 18:47:19.869
3755,434607,2,0.01,0.0,0.01,0.0,2026-05-06 18:47:19.869
3756,434664,3,-0.0,0.0,-0.0,0.0,2026-05-06 18:47:19.869
3757,434769,1,-0.0,0.0,0.0,0.0,2026-05-06 18:47:19.869
3758,434827,2,0.01,0.0,0.01,0.0,2026-05-06 18:47:19.869
3759,434884,3,-0.0,0.0,-0.0,0.0,2026-05-06 18:47:19.869
3760,435005,1,-0.0,0.0,0.0,0.0,2026-05-06 18:47:19.869
3761,435063,2,0.01,0.0,0.01,0.0,2026-05-06 18:47:19.869
3762,435120,3,-0.0,0.0,0.0,0.0,2026-05-06 18:47:19.869
3763,435224,1,-0.0,0.0,-0.0,0.0,2026-05-06 18:47:19.869
3764,435283,2,0.01,0.0,0.01,0.0,2026-05-06 18:47:19.869
3765,435340,3,-0.0,0.0,-0.0,-0.0,2026-05-06 18:47:19.869
3766,435462,1,-0.0,0.0,0.0,0.0,2026-05-06 18:47:19.869
3767,435520,2,0.01,0.0,0.01,0.0,2026-05-06 18:47:19.869
3768,435577,3,-0.0,0.0,-0.0,-0.0,2026-05-06 18:47:19.869
3769,435683,1,-0.0,0.0,0.0,0.0,2026-05-06 18:47:19.869
3770,435741,2,0.01,0.0,0.01,0.0,2026-05-06 18:47:19.869
3771,435798,3,-0.0,0.0,0.0,0.0,2026-05-06 18:47:19.869
3772,435902,1,-0.0,0.0,-0.0,0.0,2026-05-06 18:47:19.869
3773,436007,1,-0.0,0.0,-0.0,0.0,2026-05-06 18:47:19.869
3774,436066,2,0.01,0.0,0.01,0.0,2026-05-06 18:47:19.869
3775,436123,3,-0.0,0.0,-0.0,0.0,2026-05-06 18:47:19.869
3776,436228,1,-0.0,0.0,-0.0,-0.0,2026-05-06 18:47:19.869
3777,436288,2,0.01,0.0,0.01,0.0,2026-05-06 18:47:19.869
3778,436345,3,-0.0,0.0,-0.0,0.0,2026-05-06 18:47:19.869
3779,436466,1,-0.0,0.0,-0.0,0.0,2026-05-06 18:47:19.869
3780,436525,2,0.01,0.0,0.01,0.0,2026-05-06 18:47:19.869
3781,436582,3,-0.0,0.0,0.0,0.0,2026-05-06 18:47:19.869
3782,436686,1,-0.0,0.0,-0.0,0.0,2026-05-06 18:47:19.869
3783,436745,2,0.01,0.0,0.01,0.0,2026-05-06 18:47:19.869
3784,436802,3,-0.0,0.0,0.0,0.0,2026-05-06 18:47:19.869
3785,436908,1,-0.0,0.0,0.0,0.0,2026-05-06 18:47:19.869
3786,436966,2,0.01,0.0,0.01,0.0,2026-05-06 18:47:19.869
3787,437023,3,-0.0,0.0,-0.0,0.0,2026-05-06 18:47:19.869
3788,437128,1,-0.0,0.0,0.0,-0.0,2026-05-06 18:47:19.869
3789,437187,2,0.01,0.0,0.01,0.0,2026-05-06 18:47:19.869
3790,437244,3,-0.0,0.0,-0.0,0.0,2026-05-06 18:47:19.869
3791,437366,2,0.01,0.0,0.01,0.0,2026-05-06 18:47:19.869
3792,437423,3,-0.0,0.0,0.0,0.0,2026-05-06 18:47:19.869
3793,437527,1,-0.0,0.0,-0.0,0.0,2026-05-06 18:47:19.869
3794,437586,2,0.01,0.0,0.01,0.0,2026-05-06 18:47:19.869
3795,437643,3,-0.0,0.0,0.0,0.0,2026-05-06 18:47:19.869
3796,437747,1,-0.0,0.0,-0.0,0.0,2026-05-06 18:47:19.869
3797,437864,1,-0.0,0.0,0.0,0.0,2026-05-06 18:47:19.869
3798,437922,2,0.01,0.0,0.01,0.0,2026-05-06 18:47:19.869
3799,437979,3,-0.0,0.0,-0.0,-0.0,2026-05-06 18:47:19.869
3800,438085,1,-0.0,0.0,-0.0,0.0,2026-05-06 18:47:19.869
3801,438144,2,0.01,0.0,0.01,0.0,2026-05-06 18:47:19.869
3802,438201,3,-0.0,0.0,-0.0,0.0,2026-05-06 18:47:19.869
3803,438360,1,-0.0,0.0,-0.0,0.0,2026-05-06 18:47:19.869
3804,438419,2,0.01,0.0,0.01,0.0,2026-05-06 18:47:19.869
3805,438476,3,-0.0,0.0,-0.0,-0.0,2026-05-06 18:47:19.869
3806,438582,1,-0.0,0.0,0.0,0.0,2026-05-06 18:47:19.869
3807,438640,2,0.01,0.0,0.01,0.0,2026-05-06 18:47:19.869
3808,438697,3,-0.0,0.0,0.0,0.0,2026-05-06 18:47:19.869
3809,438800,1,-0.0,0.0,-0.0,0.0,2026-05-06 18:47:19.869
3810,438859,2,0.01,0.0,0.01,0.0,2026-05-06 18:47:19.869
3811,438916,3,-0.0,0.0,-0.0,-0.0,2026-05-06 18:47:19.869
3812,439066,1,-0.0,0.0,-0.0,0.0,2026-05-06 18:47:19.869
3813,439125,2,0.01,0.0,0.01,0.0,2026-05-06 18:47:19.869
3814,439182,3,-0.0,0.0,-0.0,0.0,2026-05-06 18:47:19.869
3815,439287,1,-0.0,0.0,-0.0,0.0,2026-05-06 18:47:19.869
3816,439346,2,0.01,0.0,0.01,0.0,2026-05-06 18:47:19.869
3817,439403,3,-0.0,0.0,-0.0,0.0,2026-05-06 18:47:19.869
3818,439508,1,-0.0,0.0,-0.0,0.0,2026-05-06 18:47:19.869
3819,439567,2,0.01,0.0,0.01,0.0,2026-05-06 18:47:19.869
3820,439624,3,-0.0,0.0,0.0,0.0,2026-05-06 18:47:19.869
3821,439744,1,-0.0,0.0,-0.0,0.0,2026-05-06 18:47:19.869
3822,439803,2,0.01,0.0,0.01,0.0,2026-05-06 18:47:19.869
3823,439860,3,-0.0,0.0,-0.0,0.0,2026-05-06 18:47:19.869
3824,439965,1,-0.0,0.0,-0.0,0.0,2026-05-06 18:47:19.869
3825,440024,2,0.01,0.0,0.01,0.0,2026-05-06 18:47:19.869
3826,440081,3,-0.0,0.0,0.0,0.0,2026-05-06 18:47:19.869
3827,440245,1,-0.0,0.0,-0.0,0.0,2026-05-06 18:47:19.869
3828,440364,3,-0.0,0.0,-0.0,0.0,2026-05-06 18:47:19.869
3829,440469,1,-0.0,0.0,-0.0,0.0,2026-05-06 18:47:19.869
3830,440528,2,0.01,0.0,0.01,0.0,2026-05-06 18:47:19.869
3831,440585,3,-0.0,0.0,-0.0,-0.0,2026-05-06 18:47:19.869
3832,440743,1,-0.0,0.0,-0.0,0.0,2026-05-06 18:47:19.869
3833,440802,2,0.01,0.0,0.01,-0.0,2026-05-06 18:47:19.869
3834,440860,3,-0.0,0.0,-0.0,0.0,2026-05-06 18:47:19.869
3835,440965,1,-0.0,0.0,-0.0,0.0,2026-05-06 18:47:19.869
3836,441024,2,0.01,0.0,0.01,0.0,2026-05-06 18:47:19.869
3837,441081,3,-0.0,0.0,-0.0,0.0,2026-05-06 18:47:19.869
3838,441150,1,-0.0,0.0,-0.0,-0.0,2026-05-06 18:47:19.869
3839,441210,2,0.01,0.0,0.01,-0.0,2026-05-06 18:47:19.869
3840,441268,3,-0.0,0.0,-0.0,-0.0,2026-05-06 18:47:19.869
3841,441374,1,-0.0,0.0,-0.0,-0.0,2026-05-06 18:47:19.869
3842,441434,2,0.01,0.0,0.01,-0.0,2026-05-06 18:47:19.869
3843,441492,3,-0.0,0.0,0.0,-0.0,2026-05-06 18:47:19.869
3844,441597,1,-0.0,0.0,-0.0,-0.0,2026-05-06 18:47:19.869
3845,441656,1,-0.0,0.0,-0.0,-0.001,2026-05-06 18:47:19.869
3846,441716,2,0.01,0.0,0.01,-0.0,2026-05-06 18:47:20.597
3847,441774,3,-0.0,0.0,0.0,-0.001,2026-05-06 18:47:20.597
3848,441879,1,-0.0,0.0,-0.0,-0.001,2026-05-06 18:47:20.597
3849,441939,2,0.01,0.0,0.01,-0.0,2026-05-06 18:47:20.597
3850,441997,3,-0.0,0.0,0.0,-0.001,2026-05-06 18:47:20.597
3851,442162,1,-0.0,0.0,-0.0,-0.0,2026-05-06 18:47:20.597
3852,442222,2,0.01,0.0,0.01,-0.0,2026-05-06 18:47:20.597
3853,442280,3,-0.0,0.0,-0.0,-0.001,2026-05-06 18:47:20.597
3854,442386,1,-0.0,0.0,0.0,-0.0,2026-05-06 18:47:20.597
3855,442445,2,0.01,0.0,0.01,-0.0,2026-05-06 18:47:20.597
3856,442503,3,-0.0,0.0,0.0,-0.0,2026-05-06 18:47:20.597
3857,442654,1,-0.0,0.0,0.0,-0.001,2026-05-06 18:47:20.597
3858,442713,2,0.01,0.0,0.01,-0.0,2026-05-06 18:47:20.597
3859,442771,3,-0.0,0.0,-0.0,0.0,2026-05-06 18:47:20.597
3860,442876,1,-0.0,0.0,0.0,-0.0,2026-05-06 18:47:20.597
3861,442935,2,0.01,0.0,0.01,-0.0,2026-05-06 18:47:20.597
3862,442993,3,-0.0,0.0,-0.0,0.0,2026-05-06 18:47:20.597
3863,443062,1,-0.0,0.0,-0.0,-0.0,2026-05-06 18:47:20.597
3864,443122,2,0.01,0.0,0.01,-0.0,2026-05-06 18:47:20.597
3865,443180,3,-0.0,0.0,0.0,-0.0,2026-05-06 18:47:20.597
3866,443285,1,-0.0,0.0,0.0,-0.0,2026-05-06 18:47:20.597
3867,443344,2,0.01,0.0,0.01,-0.0,2026-05-06 18:47:20.597
3868,443402,3,-0.0,0.0,0.0,-0.0,2026-05-06 18:47:20.597
3869,443507,1,-0.0,0.0,0.0,0.0,2026-05-06 18:47:20.597
3870,443611,1,-0.0,0.0,-0.0,0.0,2026-05-06 18:47:20.597
3871,443670,2,0.01,0.0,0.01,-0.0,2026-05-06 18:47:20.597
3872,443728,3,-0.0,0.0,-0.0,0.0,2026-05-06 18:47:20.597
3873,443833,1,-0.0,0.0,-0.0,0.0,2026-05-06 18:47:20.597
3874,443892,2,0.01,0.0,0.01,-0.0,2026-05-06 18:47:20.597
3875,443950,3,-0.0,0.0,-0.0,0.0,2026-05-06 18:47:20.597
3876,444071,1,-0.0,0.0,-0.0,0.0,2026-05-06 18:47:20.597
3877,444130,2,0.01,0.0,0.01,0.0,2026-05-06 18:47:20.597
3878,444187,3,-0.0,0.0,0.0,-0.0,2026-05-06 18:47:20.597
3879,444292,1,-0.0,0.0,-0.0,0.0,2026-05-06 18:47:20.597
3880,444351,2,0.01,0.0,0.01,-0.0,2026-05-06 18:47:20.597
3881,444409,3,-0.0,0.0,-0.0,0.0,2026-05-06 18:47:20.597
3882,444514,1,-0.0,0.0,0.0,0.0,2026-05-06 18:47:20.597
3883,444572,2,0.01,0.0,0.01,-0.0,2026-05-06 18:47:20.597
3884,444630,3,-0.0,0.0,-0.0,0.0,2026-05-06 18:47:20.597
3885,444735,1,-0.0,0.0,0.0,0.0,2026-05-06 18:47:20.597
3886,444793,2,0.01,0.0,0.01,-0.0,2026-05-06 18:47:20.597
3887,444851,3,-0.0,0.0,0.0,0.0,2026-05-06 18:47:20.597
3888,444971,1,-0.0,0.0,-0.0,-0.0,2026-05-06 18:47:20.597
3889,445031,2,0.01,0.0,0.01,-0.0,2026-05-06 18:47:20.597
3890,445089,3,-0.0,0.0,-0.0,-0.001,2026-05-06 18:47:20.597
3891,445195,1,-0.0,0.0,-0.0,-0.0,2026-05-06 18:47:20.597
3892,445255,2,0.01,0.0,0.01,-0.0,2026-05-06 18:47:20.597
3893,445313,3,-0.0,0.0,-0.0,-0.001,2026-05-06 18:47:20.597
3894,445435,1,-0.0,0.0,0.0,-0.0,2026-05-06 18:47:20.597
3895,445494,2,0.01,0.0,0.01,0.0,2026-05-06 18:47:20.597
3896,445551,3,-0.0,0.0,0.0,-0.0,2026-05-06 18:47:20.597
3897,445656,1,-0.0,0.0,-0.0,-0.0,2026-05-06 18:47:20.597
3898,445716,2,0.01,0.0,0.01,0.0,2026-05-06 18:47:20.597
3899,445773,3,-0.0,0.0,-0.0,-0.0,2026-05-06 18:47:20.597
3900,445939,1,-0.0,0.0,0.0,-0.0,2026-05-06 18:47:20.597
3901,445998,2,0.01,0.0,0.01,0.0,2026-05-06 18:47:20.597
3902,446055,3,-0.0,0.0,0.0,-0.002,2026-05-06 18:47:20.597
3903,446160,1,-0.0,0.0,0.0,-0.0,2026-05-06 18:47:20.597
3904,446219,2,0.01,0.0,0.01,-0.001,2026-05-06 18:47:20.597
3905,446277,3,-0.0,0.0,-0.0,-0.001,2026-05-06 18:47:20.597
3906,446434,1,-0.0,0.0,-0.0,-0.0,2026-05-06 18:47:20.597
3907,446494,2,0.01,0.0,0.01,-0.001,2026-05-06 18:47:20.597
3908,446552,3,-0.0,0.0,-0.0,-0.001,2026-05-06 18:47:20.597
3909,446658,1,-0.0,0.0,0.0,-0.0,2026-05-06 18:47:20.597
3910,446717,2,0.01,0.0,0.01,-0.001,2026-05-06 18:47:20.597
3911,446775,3,-0.0,0.0,-0.0,-0.001,2026-05-06 18:47:20.597
3912,446897,1,-0.0,0.0,0.0,-0.0,2026-05-06 18:47:20.597
3913,446956,2,0.01,0.0,0.01,-0.001,2026-05-06 18:47:20.597
3914,447014,3,-0.0,0.0,-0.0,-0.001,2026-05-06 18:47:20.597
3915,447120,1,-0.0,0.0,0.0,-0.0,2026-05-06 18:47:20.597
3916,447179,2,0.01,0.0,0.01,-0.001,2026-05-06 18:47:20.597
3917,447237,3,-0.0,0.0,0.0,-0.001,2026-05-06 18:47:20.597
3918,447306,1,-0.0,0.0,0.0,-0.001,2026-05-06 18:47:20.597
3919,447365,2,0.01,0.0,0.01,-0.0,2026-05-06 18:47:20.597
3920,447423,3,-0.0,0.0,-0.0,-0.001,2026-05-06 18:47:20.597
3921,447529,1,-0.0,0.0,0.0,-0.001,2026-05-06 18:47:20.597
3922,447588,2,0.01,0.0,0.01,-0.0,2026-05-06 18:47:20.597
3923,447646,3,-0.0,0.0,-0.0,-0.001,2026-05-06 18:47:20.597
3924,447752,1,-0.0,0.0,-0.0,-0.001,2026-05-06 18:47:20.597
3925,447811,1,-0.0,0.0,0.0,-0.001,2026-05-06 18:47:20.597
3926,447870,2,0.01,0.0,0.01,-0.0,2026-05-06 18:47:20.597
3927,448036,1,-0.0,0.0,-0.0,-0.0,2026-05-06 18:47:20.597
3928,448096,2,0.01,0.0,0.01,-0.0,2026-05-06 18:47:20.597
3929,448154,3,-0.0,0.0,-0.0,-0.0,2026-05-06 18:47:20.597
3930,448320,1,-0.0,0.0,-0.0,-0.0,2026-05-06 18:47:20.597
3931,448380,2,0.01,0.0,0.01,-0.0,2026-05-06 18:47:20.597
3932,448438,3,-0.0,0.0,-0.0,-0.0,2026-05-06 18:47:20.597
3933,448544,1,-0.0,0.0,0.0,-0.0,2026-05-06 18:47:20.597
3934,448603,2,0.01,0.0,0.01,-0.0,2026-05-06 18:47:20.597
3935,448661,3,-0.0,0.0,-0.0,-0.0,2026-05-06 18:47:20.597
3936,448812,1,-0.0,0.0,0.0,-0.0,2026-05-06 18:47:20.597
3937,448871,2,0.01,0.0,0.01,0.0,2026-05-06 18:47:20.597
3938,448928,3,-0.0,0.0,0.0,-0.001,2026-05-06 18:47:20.597
3939,449033,1,-0.0,0.0,0.0,-0.001,2026-05-06 18:47:20.597
3940,449092,2,0.01,0.0,0.01,-0.0,2026-05-06 18:47:20.597
3941,449150,3,-0.0,0.0,-0.0,-0.0,2026-05-06 18:47:20.597
3942,449272,1,-0.0,0.0,-0.0,-0.001,2026-05-06 18:47:20.597
3943,449332,2,0.01,0.0,0.01,-0.001,2026-05-06 18:47:20.597
3944,449390,3,-0.0,0.0,-0.0,-0.0,2026-05-06 18:47:20.597
3945,449540,1,-0.0,0.0,-0.0,-0.001,2026-05-06 18:47:20.597
3946,449600,2,0.01,0.0,0.01,-0.001,2026-05-06 18:47:20.597
3947,449658,3,-0.0,0.0,-0.0,-0.0,2026-05-06 18:47:20.597
3948,449718,1,-0.0,0.0,-0.0,-0.0,2026-05-06 18:47:21.309
3949,449778,2,0.01,0.0,0.01,-0.001,2026-05-06 18:47:21.309
3950,449836,3,-0.0,0.0,-0.0,-0.0,2026-05-06 18:47:21.309
3951,449942,1,-0.0,0.0,-0.0,-0.0,2026-05-06 18:47:21.309
3952,450002,2,0.01,0.0,0.01,-0.001,2026-05-06 18:47:21.309
3953,450060,3,-0.0,0.0,-0.0,-0.0,2026-05-06 18:47:21.309
3954,450181,1,-0.0,0.0,-0.0,-0.001,2026-05-06 18:47:21.309
3955,450241,2,0.01,0.0,0.01,-0.001,2026-05-06 18:47:21.309
3956,450299,3,-0.0,0.0,0.0,-0.001,2026-05-06 18:47:21.309
3957,450404,1,-0.0,0.0,0.0,-0.001,2026-05-06 18:47:21.309
3958,450463,2,0.01,0.0,0.01,-0.0,2026-05-06 18:47:21.309
3959,450521,3,-0.0,0.0,0.0,-0.001,2026-05-06 18:47:21.309
3960,450686,1,-0.0,0.0,-0.0,-0.001,2026-05-06 18:47:21.309
3961,450746,2,0.01,0.0,0.01,-0.0,2026-05-06 18:47:21.309
3962,450804,3,-0.0,0.0,-0.0,-0.001,2026-05-06 18:47:21.309
3963,450910,1,-0.0,0.0,0.0,-0.0,2026-05-06 18:47:21.309
3964,450969,2,0.01,0.0,0.01,-0.0,2026-05-06 18:47:21.309
3965,451027,3,-0.0,0.0,0.0,-0.0,2026-05-06 18:47:21.309
3966,451179,1,-0.0,0.0,0.0,0.0,2026-05-06 18:47:21.309
3967,451237,2,0.01,0.0,0.01,-0.0,2026-05-06 18:47:21.309
3968,451295,3,-0.0,0.0,0.0,0.0,2026-05-06 18:47:21.309
3969,451399,1,-0.0,0.0,0.0,0.0,2026-05-06 18:47:21.309
3970,451457,2,0.01,0.0,0.01,-0.001,2026-05-06 18:47:21.309
3971,451515,3,-0.0,0.0,-0.0,-0.0,2026-05-06 18:47:21.309
3972,451620,1,-0.0,0.0,0.0,-0.0,2026-05-06 18:47:21.309
3973,451679,2,0.01,0.0,0.01,-0.0,2026-05-06 18:47:21.309
3974,451737,3,-0.0,0.0,-0.01,-0.001,2026-05-06 18:47:21.309
3975,451843,1,-0.0,0.0,0.0,-0.0,2026-05-06 18:47:21.309
3976,451902,2,0.01,0.0,0.01,-0.0,2026-05-06 18:47:21.309
3977,451960,3,-0.0,0.0,0.0,-0.0,2026-05-06 18:47:21.309
3978,452125,1,-0.0,0.0,0.0,-0.0,2026-05-06 18:47:21.309
3979,452184,2,0.01,0.0,0.01,-0.0,2026-05-06 18:47:21.309
3980,452242,3,-0.0,0.0,0.0,-0.0,2026-05-06 18:47:21.309
3981,452347,1,-0.0,0.0,-0.0,-0.001,2026-05-06 18:47:21.309
3982,452407,2,0.01,0.0,0.01,-0.0,2026-05-06 18:47:21.309
3983,452465,3,-0.0,0.0,-0.0,-0.001,2026-05-06 18:47:21.309
3984,452617,1,-0.0,0.0,-0.0,-0.001,2026-05-06 18:47:21.309
3985,452677,2,0.01,0.0,0.01,-0.002,2026-05-06 18:47:21.309
3986,452735,3,-0.0,0.0,0.0,-0.002,2026-05-06 18:47:21.309
3987,452840,1,-0.0,0.0,-0.0,-0.002,2026-05-06 18:47:21.309
3988,452900,2,0.01,0.0,0.01,-0.002,2026-05-06 18:47:21.309
3989,452958,3,-0.0,0.0,0.01,-0.002,2026-05-06 18:47:21.309
3990,453027,1,-0.0,0.0,-0.0,-0.002,2026-05-06 18:47:21.309
3991,453087,2,0.01,0.0,0.01,-0.001,2026-05-06 18:47:21.309
3992,453145,3,-0.0,0.0,0.0,-0.002,2026-05-06 18:47:21.309
3993,453250,1,-0.0,0.0,-0.0,-0.002,2026-05-06 18:47:21.309
3994,453310,2,0.01,0.0,0.01,-0.001,2026-05-06 18:47:21.309
3995,453368,3,-0.0,0.0,-0.0,-0.002,2026-05-06 18:47:21.309
3996,453490,1,-0.0,0.0,-0.0,-0.001,2026-05-06 18:47:21.309
3997,453550,2,0.01,0.0,0.01,-0.002,2026-05-06 18:47:21.309
3998,453608,3,-0.0,0.0,0.0,-0.001,2026-05-06 18:47:21.309
3999,453713,1,-0.0,0.0,0.0,-0.0,2026-05-06 18:47:21.309
4000,453772,2,0.01,0.0,0.01,-0.002,2026-05-06 18:47:21.309
4001,453830,3,-0.0,0.0,0.0,0.0,2026-05-06 18:47:21.309
4002,453934,1,-0.0,0.0,-0.0,0.0,2026-05-06 18:47:21.309
4003,454039,1,-0.0,0.0,0.0,-0.002,2026-05-06 18:47:21.309
4004,454098,2,0.01,0.0,0.01,-0.001,2026-05-06 18:47:21.309
4005,454156,3,-0.0,0.0,-0.0,-0.002,2026-05-06 18:47:21.309
4006,454262,1,-0.0,0.0,-0.0,-0.002,2026-05-06 18:47:21.309
4007,454322,2,0.01,0.0,0.01,-0.002,2026-05-06 18:47:21.309
4008,454380,3,-0.0,0.0,0.0,-0.001,2026-05-06 18:47:21.309
4009,454501,1,-0.0,0.0,0.0,-0.001,2026-05-06 18:47:21.309
4010,454560,2,0.01,0.0,0.01,-0.0,2026-05-06 18:47:21.309
4011,454618,3,-0.0,0.0,0.0,-0.002,2026-05-06 18:47:21.309
4012,454723,1,-0.0,0.0,0.0,-0.001,2026-05-06 18:47:21.309
4013,454782,2,0.01,0.0,0.01,-0.0,2026-05-06 18:47:21.309
4014,454840,3,-0.0,0.0,-0.0,-0.0,2026-05-06 18:47:21.309
4015,454962,1,-0.0,0.0,0.0,-0.001,2026-05-06 18:47:21.309
4016,455021,2,0.01,0.0,0.01,0.0,2026-05-06 18:47:21.309
4017,455078,3,-0.0,0.0,-0.0,-0.0,2026-05-06 18:47:21.309
4018,455184,1,-0.0,0.0,-0.0,-0.001,2026-05-06 18:47:21.309
4019,455244,2,0.01,0.0,0.01,-0.001,2026-05-06 18:47:21.309
4020,455302,3,-0.0,0.0,-0.0,-0.0,2026-05-06 18:47:21.309
4021,455407,1,-0.0,0.0,-0.0,-0.0,2026-05-06 18:47:21.309
4022,455467,2,0.01,0.0,0.01,-0.001,2026-05-06 18:47:21.309
4023,455633,1,-0.0,0.0,-0.0,-0.0,2026-05-06 18:47:21.309
4024,455693,2,0.01,0.0,0.01,-0.001,2026-05-06 18:47:21.309
4025,455751,3,-0.0,0.0,-0.0,-0.0,2026-05-06 18:47:21.309
4026,455873,1,-0.0,0.0,0.0,0.0,2026-05-06 18:47:21.309
4027,455931,2,0.01,0.0,0.01,-0.0,2026-05-06 18:47:21.309
4028,455989,3,-0.0,0.0,-0.0,0.0,2026-05-06 18:47:21.309
4029,456094,1,-0.0,0.0,-0.0,-0.0,2026-05-06 18:47:21.309
4030,456154,2,0.01,0.0,0.01,0.0,2026-05-06 18:47:21.309
4031,456211,3,-0.0,0.0,-0.0,0.0,2026-05-06 18:47:21.309
4032,456376,1,-0.0,0.0,-0.0,0.0,2026-05-06 18:47:21.309
4033,456435,2,0.01,0.0,0.01,0.0,2026-05-06 18:47:21.309
4034,456492,3,-0.0,0.0,0.0,-0.0,2026-05-06 18:47:21.309
4035,456597,1,-0.0,0.0,-0.0,-0.0,2026-05-06 18:47:21.309
4036,456657,2,0.01,0.0,0.01,-0.0,2026-05-06 18:47:21.309
4037,456715,3,-0.0,0.0,-0.0,-0.0,2026-05-06 18:47:21.309
4038,456869,1,-0.0,0.0,0.0,-0.0,2026-05-06 18:47:21.309
4039,456928,2,0.01,0.0,0.01,-0.0,2026-05-06 18:47:21.309
4040,456986,3,-0.0,0.0,0.0,-0.0,2026-05-06 18:47:21.309
4041,457091,1,-0.0,0.0,-0.0,-0.0,2026-05-06 18:47:21.309
4042,457151,2,0.01,0.0,0.01,-0.0,2026-05-06 18:47:21.309
4043,457209,3,-0.0,0.0,0.01,-0.0,2026-05-06 18:47:21.309
4044,457331,1,-0.0,0.0,-0.0,-0.0,2026-05-06 18:47:21.309
4045,457391,2,0.01,0.0,0.01,-0.0,2026-05-06 18:47:21.309
4046,457449,3,-0.0,0.0,0.0,-0.0,2026-05-06 18:47:21.309
4047,457674,1,-0.0,0.0,-0.0,-0.0,2026-05-06 18:47:21.309
4048,457917,1,-0.0,0.0,-0.0,-0.0,2026-05-06 18:47:22.035
4049,457977,2,0.01,0.0,0.01,-0.0,2026-05-06 18:47:22.035
4050,458035,3,-0.0,0.0,-0.0,-0.0,2026-05-06 18:47:22.035
4051,458141,1,-0.0,0.0,-0.0,-0.0,2026-05-06 18:47:22.035
4052,458383,1,-0.0,0.0,0.0,-0.0,2026-05-06 18:47:22.035
4053,458442,2,0.01,0.0,0.01,0.0,2026-05-06 18:47:22.035
4054,458499,3,-0.0,0.0,-0.0,-0.0,2026-05-06 18:47:22.035
4055,458605,1,-0.0,0.0,0.0,0.0,2026-05-06 18:47:22.035
4056,458727,1,-0.0,0.0,-0.0,-0.0,2026-05-06 18:47:22.035
4057,458787,2,0.01,0.0,0.01,-0.001,2026-05-06 18:47:22.035
4058,458845,3,-0.0,0.0,-0.01,-0.0,2026-05-06 18:47:22.035
4059,459071,1,-0.0,0.0,-0.0,-0.0,2026-05-06 18:47:22.035
4060,459194,1,-0.0,0.0,0.0,-0.0,2026-05-06 18:47:22.035
4061,459253,2,0.01,0.0,0.01,0.0,2026-05-06 18:47:22.035
4062,459310,3,-0.0,0.0,0.0,-0.0,2026-05-06 18:47:22.035
4063,459535,1,-0.0,0.0,0.0,-0.0,2026-05-06 18:47:22.035
4064,459778,1,-0.0,0.0,-0.0,-0.0,2026-05-06 18:47:22.035
4065,459838,2,0.01,0.0,0.01,0.0,2026-05-06 18:47:22.035
4066,459895,3,-0.0,0.0,0.0,-0.0,2026-05-06 18:47:22.035
4067,460000,1,-0.0,0.0,0.0,0.0,2026-05-06 18:47:22.035
4068,460242,1,-0.0,0.0,0.0,-0.0,2026-05-06 18:47:22.035
4069,460301,2,0.01,0.0,0.01,-0.0,2026-05-06 18:47:22.035
4070,460359,3,-0.0,0.0,-0.01,-0.0,2026-05-06 18:47:22.035
4071,460465,1,-0.0,0.0,0.0,-0.0,2026-05-06 18:47:22.035
4072,460587,1,-0.0,0.0,-0.0,-0.001,2026-05-06 18:47:22.035
4073,460647,2,0.01,0.0,0.01,-0.0,2026-05-06 18:47:22.035
4074,460705,3,-0.0,0.0,-0.01,-0.0,2026-05-06 18:47:22.035
4075,460931,1,-0.0,0.0,-0.0,-0.001,2026-05-06 18:47:22.035
4076,461173,1,-0.0,0.0,-0.0,-0.0,2026-05-06 18:47:22.035
4077,461233,2,0.01,0.0,0.01,-0.0,2026-05-06 18:47:22.035
4078,461291,3,-0.0,0.0,-0.0,-0.0,2026-05-06 18:47:22.035
4079,461397,1,-0.0,0.0,-0.0,-0.0,2026-05-06 18:47:22.035
4080,461520,1,-0.0,0.0,-0.0,-0.001,2026-05-06 18:47:22.035
4081,461580,2,0.01,0.0,0.01,-0.001,2026-05-06 18:47:22.035
4082,461638,3,-0.0,0.0,0.0,-0.001,2026-05-06 18:47:22.035
4083,461863,1,-0.0,0.0,-0.0,-0.0,2026-05-06 18:47:22.035
4084,462106,1,-0.0,0.0,0.0,-0.0,2026-05-06 18:47:22.035
4085,462165,2,0.01,0.0,0.01,-0.0,2026-05-06 18:47:22.035
4086,462223,3,-0.0,0.0,0.0,-0.0,2026-05-06 18:47:22.035
4087,462328,1,-0.0,0.0,0.0,-0.001,2026-05-06 18:47:22.035
4088,462403,3,-0.0,0.0,-0.0,-0.001,2026-05-06 18:47:22.035
4089,462629,1,-0.0,0.0,-0.0,-0.001,2026-05-06 18:47:22.035
4090,462689,2,0.01,0.0,0.01,-0.001,2026-05-06 18:47:22.035
4091,462747,3,-0.0,0.0,0.0,-0.001,2026-05-06 18:47:22.035
4092,463039,1,-0.0,0.0,-0.0,-0.001,2026-05-06 18:47:22.035
4093,463099,2,0.01,0.0,0.01,-0.001,2026-05-06 18:47:22.035
4094,463157,3,-0.0,0.0,-0.01,-0.001,2026-05-06 18:47:22.035
4095,463263,1,-0.0,0.0,-0.0,-0.001,2026-05-06 18:47:22.035
4096,463506,1,-0.0,0.0,0.0,-0.0,2026-05-06 18:47:22.035
4097,463565,2,0.01,0.0,0.01,-0.0,2026-05-06 18:47:22.035
4098,463623,3,-0.0,0.0,-0.0,-0.0,2026-05-06 18:47:22.035
4099,463729,1,-0.0,0.0,-0.0,-0.0,2026-05-06 18:47:22.035
4100,463972,1,-0.0,0.0,-0.0,-0.001,2026-05-06 18:47:22.035
4101,464032,2,0.01,0.0,0.01,-0.001,2026-05-06 18:47:22.035
4102,464090,3,-0.0,0.0,0.0,-0.001,2026-05-06 18:47:22.035
4103,464195,1,-0.0,0.0,-0.0,-0.0,2026-05-06 18:47:22.035
4104,464318,1,-0.0,0.0,0.0,-0.001,2026-05-06 18:47:22.035
4105,464377,2,0.01,0.0,0.01,-0.001,2026-05-06 18:47:22.035
4106,464435,3,-0.0,0.0,0.0,-0.001,2026-05-06 18:47:22.035
4107,464660,1,-0.0,0.0,0.0,-0.001,2026-05-06 18:47:22.035
4108,464782,1,-0.0,0.0,0.0,-0.001,2026-05-06 18:47:22.035
4109,464841,2,0.01,0.0,0.01,-0.001,2026-05-06 18:47:22.035
4110,464899,3,-0.0,0.0,-0.0,-0.001,2026-05-06 18:47:22.035
4111,465125,1,-0.0,0.0,-0.0,-0.001,2026-05-06 18:47:22.035
4112,465368,1,-0.0,0.0,-0.0,-0.002,2026-05-06 18:47:22.035
4113,465428,2,0.01,0.0,0.01,-0.001,2026-05-06 18:47:22.726
4114,465486,3,-0.0,0.0,-0.0,-0.001,2026-05-06 18:47:22.726
4115,465592,1,-0.0,0.0,-0.0,-0.002,2026-05-06 18:47:22.726
4116,465714,1,-0.0,0.0,-0.0,-0.0,2026-05-06 18:47:22.726
4117,465774,2,0.01,0.0,0.01,-0.001,2026-05-06 18:47:22.726
4118,465832,3,-0.0,0.0,0.0,-0.0,2026-05-06 18:47:22.726
4119,466057,1,-0.0,0.0,-0.0,-0.0,2026-05-06 18:47:22.726
4120,466300,1,-0.0,0.0,-0.0,0.0,2026-05-06 18:47:22.726
4121,466359,2,0.01,0.0,0.01,0.0,2026-05-06 18:47:22.726
4122,466416,3,-0.0,0.0,0.0,0.0,2026-05-06 18:47:22.726
4123,466520,1,-0.0,0.0,-0.0,0.0,2026-05-06 18:47:22.726
4124,466763,1,-0.0,0.0,-0.0,-0.0,2026-05-06 18:47:22.726
4125,466823,2,0.01,0.0,0.01,0.0,2026-05-06 18:47:22.726
4126,466880,3,-0.0,0.0,-0.0,0.0,2026-05-06 18:47:22.726
4127,466985,1,-0.0,0.0,-0.0,0.0,2026-05-06 18:47:22.726
4128,467108,1,-0.0,0.0,0.0,0.0,2026-05-06 18:47:22.726
4129,467166,2,0.01,0.0,0.01,0.0,2026-05-06 18:47:22.726
4130,467223,3,-0.0,0.0,0.0,0.0,2026-05-06 18:47:22.726
4131,467447,1,-0.0,0.0,0.0,0.0,2026-05-06 18:47:22.726
4132,467570,1,-0.0,0.0,0.0,0.0,2026-05-06 18:47:22.726
4133,467628,2,0.01,0.0,0.01,0.0,2026-05-06 18:47:22.726
4134,467685,3,-0.0,0.0,-0.01,0.0,2026-05-06 18:47:22.726
4135,467910,1,-0.0,0.0,0.0,0.0,2026-05-06 18:47:22.726
4136,468033,1,-0.0,0.0,0.0,0.0,2026-05-06 18:47:22.726
4137,468091,2,0.01,0.0,0.01,0.0,2026-05-06 18:47:22.726
4138,468148,3,-0.0,0.0,0.0,0.0,2026-05-06 18:47:22.726
4139,468372,1,-0.0,0.0,0.0,0.0,2026-05-06 18:47:22.726
4140,468615,1,-0.0,0.0,0.0,0.0,2026-05-06 18:47:22.726
4141,468673,2,0.01,0.0,0.01,-0.0,2026-05-06 18:47:22.726
4142,468731,3,-0.0,0.0,-0.0,-0.0,2026-05-06 18:47:22.726
4143,468837,1,-0.0,0.0,0.0,0.0,2026-05-06 18:47:22.726
4144,469079,1,-0.0,0.0,0.0,0.0,2026-05-06 18:47:22.726
4145,469137,2,0.01,0.0,0.01,0.0,2026-05-06 18:47:22.726
4146,469194,3,-0.0,0.0,0.0,-0.0,2026-05-06 18:47:22.726
4147,469299,1,-0.0,0.0,0.0,0.0,2026-05-06 18:47:22.726
4148,469542,1,-0.0,0.0,0.0,0.0,2026-05-06 18:47:22.726
4149,469600,2,0.01,0.0,0.01,0.0,2026-05-06 18:47:22.726
4150,469657,3,-0.0,0.0,0.0,0.0,2026-05-06 18:47:22.726
4151,469761,1,-0.0,0.0,-0.0,0.0,2026-05-06 18:47:22.726
4152,470005,1,-0.0,0.0,-0.0,0.0,2026-05-06 18:47:22.726
4153,470064,2,0.01,0.0,0.01,0.0,2026-05-06 18:47:22.726
4154,470121,3,-0.0,0.0,-0.01,0.0,2026-05-06 18:47:22.726
4155,470226,1,-0.0,0.0,-0.0,0.0,2026-05-06 18:47:22.726
4156,470455,2,0.01,0.0,0.01,0.0,2026-05-06 18:47:22.726
4157,470512,3,-0.0,0.0,0.0,0.0,2026-05-06 18:47:22.726
4158,470736,1,-0.0,0.0,-0.0,0.0,2026-05-06 18:47:22.726
4159,470841,1,-0.0,0.0,-0.0,0.0,2026-05-06 18:47:22.726
4160,470900,2,0.01,0.0,0.01,0.0,2026-05-06 18:47:22.726
4161,470957,3,-0.0,0.0,0.0,0.0,2026-05-06 18:47:22.726
4162,471181,1,-0.0,0.0,-0.0,0.0,2026-05-06 18:47:22.726
4163,471305,1,-0.0,0.0,0.0,-0.0,2026-05-06 18:47:22.726
4164,471364,2,0.01,0.0,0.01,-0.0,2026-05-06 18:47:22.726
4165,471422,3,-0.0,0.0,0.0,-0.0,2026-05-06 18:47:22.726
4166,471647,1,-0.0,0.0,0.0,-0.0,2026-05-06 18:47:22.726
4167,471889,1,-0.0,0.0,0.0,0.0,2026-05-06 18:47:22.726
4168,471947,2,0.01,0.0,0.01,0.0,2026-05-06 18:47:22.726
4169,472004,3,-0.0,0.0,-0.0,0.0,2026-05-06 18:47:22.726
4170,472109,1,-0.0,0.0,0.0,0.0,2026-05-06 18:47:22.726
4171,472232,1,-0.0,0.0,-0.0,0.0,2026-05-06 18:47:22.726
4172,472291,2,0.01,0.0,0.01,-0.0,2026-05-06 18:47:22.726
4173,472349,3,-0.0,0.0,-0.0,0.0,2026-05-06 18:47:22.726
4174,472574,1,-0.0,0.0,-0.0,0.0,2026-05-06 18:47:22.726
4175,472696,1,-0.0,0.0,0.0,0.0,2026-05-06 18:47:22.726
4176,472754,2,0.01,0.0,0.01,0.0,2026-05-06 18:47:22.726
4177,472811,3,-0.0,0.0,0.0,0.0,2026-05-06 18:47:22.726
4178,473035,1,-0.0,0.0,0.0,0.0,2026-05-06 18:47:22.726
4179,473278,1,-0.0,0.0,-0.0,0.0,2026-05-06 18:47:22.726
4180,473337,2,0.01,0.0,0.01,0.0,2026-05-06 18:47:22.726
4181,473394,3,-0.0,0.0,-0.01,0.0,2026-05-06 18:47:22.726
4182,473499,1,-0.0,0.0,-0.0,0.0,2026-05-06 18:47:23.448
4183,473742,1,-0.0,0.0,0.0,0.0,2026-05-06 18:47:23.448
4184,473800,2,0.01,0.0,0.01,0.0,2026-05-06 18:47:23.448
4185,473857,3,-0.0,0.0,-0.0,0.0,2026-05-06 18:47:23.448
4186,473962,1,-0.0,0.0,-0.0,0.0,2026-05-06 18:47:23.448
4187,474206,1,-0.0,0.0,0.0,0.0,2026-05-06 18:47:23.448
4188,474264,2,0.01,0.0,0.01,0.0,2026-05-06 18:47:23.448
4189,474321,3,-0.0,0.0,0.0,0.0,2026-05-06 18:47:23.448
4190,474425,1,-0.0,0.0,0.0,0.0,2026-05-06 18:47:23.448
4191,474548,1,-0.0,0.0,0.0,0.0,2026-05-06 18:47:23.448
4192,474606,2,0.01,0.0,0.01,0.0,2026-05-06 18:47:23.448
4193,474663,3,-0.0,0.0,-0.01,0.0,2026-05-06 18:47:23.448
4194,474888,1,-0.0,0.0,-0.0,0.0,2026-05-06 18:47:23.448
4195,475131,1,-0.0,0.0,-0.0,0.0,2026-05-06 18:47:23.448
4196,475190,2,0.01,0.0,0.01,0.0,2026-05-06 18:47:23.448
4197,475247,3,-0.0,0.0,0.0,0.0,2026-05-06 18:47:23.448
4198,475351,1,-0.0,0.0,-0.0,0.0,2026-05-06 18:47:23.448
4199,475475,1,-0.0,0.0,-0.0,0.0,2026-05-06 18:47:23.448
4200,475534,2,0.01,0.0,0.01,0.0,2026-05-06 18:47:23.448
4201,475591,3,-0.0,0.0,-0.0,0.0,2026-05-06 18:47:23.448
4202,475816,1,-0.0,0.0,-0.0,0.0,2026-05-06 18:47:23.448
4203,476059,1,-0.0,0.0,-0.0,0.0,2026-05-06 18:47:23.448
4204,476118,2,0.01,0.0,0.01,0.0,2026-05-06 18:47:23.448
4205,476175,3,-0.0,0.0,0.0,0.0,2026-05-06 18:47:23.448
4206,476279,1,-0.0,0.0,-0.0,0.0,2026-05-06 18:47:23.448
4207,476522,1,-0.0,0.0,-0.0,0.0,2026-05-06 18:47:23.448
4208,476581,2,0.01,0.0,0.01,0.0,2026-05-06 18:47:23.448
4209,476638,3,-0.0,0.0,0.0,0.0,2026-05-06 18:47:23.448
4210,476742,1,-0.0,0.0,-0.0,0.0,2026-05-06 18:47:23.448
4211,476866,1,-0.0,0.0,-0.0,0.0,2026-05-06 18:47:23.448
4212,476925,2,0.01,0.0,0.01,0.0,2026-05-06 18:47:23.448
4213,476982,3,-0.0,0.0,0.0,0.0,2026-05-06 18:47:23.448
4214,477206,1,-0.0,0.0,-0.0,0.0,2026-05-06 18:47:23.448
4215,477449,1,-0.0,0.0,-0.0,0.0,2026-05-06 18:47:23.448
4216,477508,2,0.01,0.0,0.01,0.0,2026-05-06 18:47:23.448
4217,477565,3,-0.0,0.0,-0.0,0.0,2026-05-06 18:47:23.448
4218,477670,1,-0.0,0.0,-0.0,0.0,2026-05-06 18:47:23.448
4219,477793,1,-0.0,0.0,0.0,0.0,2026-05-06 18:47:23.448
4220,477911,3,-0.0,0.0,0.0,0.0,2026-05-06 18:47:23.448
4221,478135,1,-0.0,0.0,0.0,0.0,2026-05-06 18:47:23.448
4222,478258,1,-0.0,0.0,0.0,0.0,2026-05-06 18:47:23.448
4223,478316,2,0.01,0.0,0.01,0.0,2026-05-06 18:47:23.448
4224,478373,3,-0.0,0.0,-0.0,0.0,2026-05-06 18:47:23.448
4225,478598,1,-0.0,0.0,0.0,0.0,2026-05-06 18:47:23.448
4226,478721,1,-0.0,0.0,0.0,0.0,2026-05-06 18:47:23.448
4227,478779,2,0.01,0.0,0.01,0.0,2026-05-06 18:47:23.448
4228,478836,3,-0.0,0.0,-0.0,0.0,2026-05-06 18:47:23.448
4229,479061,1,-0.0,0.0,-0.0,0.0,2026-05-06 18:47:23.448
4230,479304,1,-0.0,0.0,-0.0,0.0,2026-05-06 18:47:23.448
4231,479363,2,0.01,0.0,0.01,0.0,2026-05-06 18:47:23.448
4232,479420,3,-0.0,0.0,0.0,0.0,2026-05-06 18:47:23.448
4233,479524,1,-0.0,0.0,0.0,0.0,2026-05-06 18:47:23.448
4234,479647,1,-0.0,0.0,-0.0,0.0,2026-05-06 18:47:23.448
4235,479706,2,0.01,0.0,0.01,0.0,2026-05-06 18:47:23.448
4236,479763,3,-0.0,0.0,-0.0,0.0,2026-05-06 18:47:23.448
4237,479988,1,-0.0,0.0,-0.0,0.0,2026-05-06 18:47:23.448
4238,480111,1,-0.0,0.0,-0.0,0.0,2026-05-06 18:47:23.448
4239,480170,2,0.01,0.0,0.01,0.0,2026-05-06 18:47:23.448
4240,480227,3,-0.0,0.0,-0.0,0.0,2026-05-06 18:47:23.448
4241,480452,1,-0.0,0.0,0.0,0.0,2026-05-06 18:47:23.448
4242,480694,1,-0.0,0.0,-0.0,0.0,2026-05-06 18:47:23.448
4243,480753,2,0.01,0.0,0.01,0.0,2026-05-06 18:47:23.448
4244,480810,3,-0.0,0.0,0.0,0.0,2026-05-06 18:47:23.448
4245,480914,1,-0.0,0.0,-0.0,0.0,2026-05-06 18:47:23.448
4246,481038,1,-0.0,0.0,-0.0,0.0,2026-05-06 18:47:23.448
4247,481097,2,0.01,0.0,0.01,0.0,2026-05-06 18:47:23.448
4248,481154,3,-0.0,0.0,-0.0,0.0,2026-05-06 18:47:23.448
4249,481379,1,-0.0,0.0,-0.0,0.0,2026-05-06 18:47:23.448
4250,481502,1,-0.0,0.0,-0.0,0.0,2026-05-06 18:47:24.170
4251,481561,2,0.01,0.0,0.01,0.0,2026-05-06 18:47:24.170
4252,481618,3,-0.0,0.0,-0.0,0.0,2026-05-06 18:47:24.170
4253,481843,1,-0.0,0.0,-0.0,0.0,2026-05-06 18:47:24.170
4254,482086,1,-0.0,0.0,-0.0,0.0,2026-05-06 18:47:24.170
4255,482145,2,0.01,0.0,0.01,0.0,2026-05-06 18:47:24.170
4256,482202,3,-0.0,0.0,0.0,0.0,2026-05-06 18:47:24.170
4257,482306,1,-0.0,0.0,-0.0,0.0,2026-05-06 18:47:24.170
4258,482549,1,-0.0,0.0,-0.0,0.0,2026-05-06 18:47:24.170
4259,482608,2,0.01,0.0,0.01,0.0,2026-05-06 18:47:24.170
4260,482665,3,-0.0,0.0,0.01,0.0,2026-05-06 18:47:24.170
4261,482769,1,-0.0,0.0,-0.0,0.0,2026-05-06 18:47:24.170
4262,483013,1,-0.0,0.0,-0.0,0.0,2026-05-06 18:47:24.170
4263,483072,2,0.01,0.0,0.01,0.0,2026-05-06 18:47:24.170
4264,483129,3,-0.0,0.0,0.0,0.0,2026-05-06 18:47:24.170
4265,483233,1,-0.0,0.0,-0.0,0.0,2026-05-06 18:47:24.170
4266,483476,1,-0.0,0.0,-0.0,0.0,2026-05-06 18:47:24.170
4267,483535,2,0.01,0.0,0.01,-0.0,2026-05-06 18:47:24.170
4268,483593,3,-0.0,0.0,0.0,0.0,2026-05-06 18:47:24.170
4269,483697,1,-0.0,0.0,-0.0,0.0,2026-05-06 18:47:24.170
4270,483820,1,-0.0,0.0,0.0,0.0,2026-05-06 18:47:24.170
4271,483878,2,0.01,0.0,0.01,0.0,2026-05-06 18:47:24.170
4272,483935,3,-0.0,0.0,-0.01,0.0,2026-05-06 18:47:24.170
4273,484160,1,-0.0,0.0,0.0,0.0,2026-05-06 18:47:24.170
4274,484283,1,-0.0,0.0,0.0,0.0,2026-05-06 18:47:24.170
4275,484341,2,0.01,0.0,0.01,0.0,2026-05-06 18:47:24.170
4276,484398,3,-0.0,0.0,-0.0,0.0,2026-05-06 18:47:24.170
4277,484623,1,-0.0,0.0,0.0,0.0,2026-05-06 18:47:24.170
4278,484746,1,-0.0,0.0,0.0,0.0,2026-05-06 18:47:24.170
4279,484804,2,0.01,0.0,0.01,0.0,2026-05-06 18:47:24.170
4280,484861,3,-0.0,0.0,-0.0,0.0,2026-05-06 18:47:24.170
4281,485086,1,-0.0,0.0,0.0,0.0,2026-05-06 18:47:24.170
4282,485209,1,-0.0,0.0,0.0,0.0,2026-05-06 18:47:24.170
4283,485327,3,-0.0,0.0,0.0,0.0,2026-05-06 18:47:24.170
4284,485551,1,-0.0,0.0,0.0,0.0,2026-05-06 18:47:24.170
4285,485674,1,-0.0,0.0,0.0,0.0,2026-05-06 18:47:24.170
4286,485732,2,0.01,0.0,0.01,0.0,2026-05-06 18:47:24.170
4287,485789,3,-0.0,0.0,-0.01,0.0,2026-05-06 18:47:24.170
4288,486014,1,-0.0,0.0,-0.0,0.0,2026-05-06 18:47:24.170
4289,486137,1,-0.0,0.0,-0.0,0.0,2026-05-06 18:47:24.170
4290,486196,2,0.01,0.0,0.01,0.0,2026-05-06 18:47:24.170
4291,486253,3,-0.0,0.0,-0.0,0.0,2026-05-06 18:47:24.170
4292,486478,1,-0.0,0.0,-0.0,0.0,2026-05-06 18:47:24.170
4293,486601,1,-0.0,0.0,0.0,0.0,2026-05-06 18:47:24.170
4294,486659,2,0.01,0.0,0.01,0.0,2026-05-06 18:47:24.170
4295,486716,3,-0.0,0.0,-0.0,0.0,2026-05-06 18:47:24.170
4296,486941,1,-0.0,0.0,0.0,0.0,2026-05-06 18:47:24.170
4297,487064,1,-0.0,0.0,-0.0,0.0,2026-05-06 18:47:24.170
4298,487123,2,0.01,0.0,0.01,0.0,2026-05-06 18:47:24.170
4299,487180,3,-0.0,0.0,-0.0,0.0,2026-05-06 18:47:24.170
4300,487405,1,-0.0,0.0,-0.0,0.0,2026-05-06 18:47:24.170
4301,487528,1,-0.0,0.0,0.0,0.0,2026-05-06 18:47:24.170
4302,487586,2,0.01,0.0,0.01,0.0,2026-05-06 18:47:24.170
4303,487643,3,-0.0,0.0,0.01,0.0,2026-05-06 18:47:24.170
4304,487867,1,-0.0,0.0,0.0,0.0,2026-05-06 18:47:24.170
4305,488110,1,-0.0,0.0,0.0,0.0,2026-05-06 18:47:24.170
4306,488168,2,0.01,0.0,0.01,0.0,2026-05-06 18:47:24.170
4307,488225,3,-0.0,0.0,0.0,0.0,2026-05-06 18:47:24.170
4308,488329,1,-0.0,0.0,-0.0,0.0,2026-05-06 18:47:24.170
4309,488573,1,-0.0,0.0,-0.0,0.0,2026-05-06 18:47:24.170
4310,488632,2,0.01,0.0,0.01,0.0,2026-05-06 18:47:24.170
4311,488689,3,-0.0,0.0,0.0,0.0,2026-05-06 18:47:24.170
4312,488793,1,-0.0,0.0,-0.0,0.0,2026-05-06 18:47:24.170
4313,489036,1,-0.0,0.0,-0.0,0.0,2026-05-06 18:47:24.170
4314,489095,2,0.01,0.0,0.01,0.0,2026-05-06 18:47:24.170
4315,489152,3,-0.0,0.0,-0.0,0.0,2026-05-06 18:47:24.170
4316,489257,1,-0.0,0.0,-0.0,0.0,2026-05-06 18:47:24.170
4317,489500,1,-0.0,0.0,-0.0,0.0,2026-05-06 18:47:24.170
4318,489559,2,0.01,0.0,0.01,0.0,2026-05-06 18:47:24.881
4319,489616,3,-0.0,0.0,-0.0,0.0,2026-05-06 18:47:24.881
4320,489721,1,-0.0,0.0,-0.0,0.0,2026-05-06 18:47:24.881
4321,489844,1,-0.0,0.0,0.0,0.0,2026-05-06 18:47:24.881
4322,489902,2,0.01,0.0,0.01,0.0,2026-05-06 18:47:24.881
4323,489959,3,-0.0,0.0,-0.0,0.0,2026-05-06 18:47:24.881
4324,490184,1,-0.0,0.0,0.0,0.0,2026-05-06 18:47:24.881
4325,490307,1,-0.0,0.0,-0.0,0.0,2026-05-06 18:47:24.881
4326,490366,2,0.01,0.0,0.01,0.0,2026-05-06 18:47:24.881
4327,490423,3,-0.0,0.0,0.0,0.0,2026-05-06 18:47:24.881
4328,490647,1,-0.0,0.0,-0.0,0.0,2026-05-06 18:47:24.881
4329,490890,1,-0.0,0.0,-0.0,0.0,2026-05-06 18:47:24.881
4330,490949,2,0.01,0.0,0.01,0.0,2026-05-06 18:47:24.881
4331,491006,3,-0.0,0.0,-0.0,0.0,2026-05-06 18:47:24.881
4332,491111,1,-0.0,0.0,-0.0,0.0,2026-05-06 18:47:24.881
4333,491354,1,-0.0,0.0,-0.0,0.0,2026-05-06 18:47:24.881
4334,491413,2,0.01,0.0,0.01,0.0,2026-05-06 18:47:24.881
4335,491470,3,-0.0,0.0,-0.0,0.0,2026-05-06 18:47:24.881
4336,491828,1,-0.0,0.0,-0.0,0.0,2026-05-06 18:47:24.881
4337,491887,2,0.01,0.0,0.01,0.0,2026-05-06 18:47:24.881
4338,491944,3,-0.0,0.0,-0.01,0.0,2026-05-06 18:47:24.881
4339,492049,1,-0.0,0.0,-0.0,0.0,2026-05-06 18:47:24.881
4340,492292,1,-0.0,0.0,0.0,0.0,2026-05-06 18:47:24.881
4341,492350,2,0.01,0.0,0.01,0.0,2026-05-06 18:47:24.881
4342,492407,3,-0.0,0.0,0.0,0.0,2026-05-06 18:47:24.881
4343,492511,1,-0.0,0.0,0.0,0.0,2026-05-06 18:47:24.881
4344,492757,1,-0.0,0.0,-0.0,0.0,2026-05-06 18:47:24.881
4345,492816,2,0.01,0.0,0.01,0.0,2026-05-06 18:47:24.881
4346,492873,3,-0.0,0.0,0.0,0.0,2026-05-06 18:47:24.881
4347,492977,1,-0.0,0.0,-0.0,0.0,2026-05-06 18:47:24.881
4348,493221,1,-0.0,0.0,-0.0,0.0,2026-05-06 18:47:24.881
4349,493280,2,0.01,0.0,0.01,0.0,2026-05-06 18:47:24.881
4350,493337,3,-0.0,0.0,-0.0,0.0,2026-05-06 18:47:24.881
4351,493442,1,-0.0,0.0,-0.0,0.0,2026-05-06 18:47:24.881
4352,493685,1,-0.0,0.0,0.0,0.0,2026-05-06 18:47:24.881
4353,493743,2,0.01,0.0,0.01,0.0,2026-05-06 18:47:24.881
4354,493800,3,-0.0,0.0,0.0,0.0,2026-05-06 18:47:24.881
4355,493904,1,-0.0,0.0,0.0,0.0,2026-05-06 18:47:24.881
4356,494027,1,-0.0,0.0,0.0,0.0,2026-05-06 18:47:24.881
4357,494085,2,0.01,0.0,0.01,0.0,2026-05-06 18:47:24.881
4358,494142,3,-0.0,0.0,-0.0,0.0,2026-05-06 18:47:24.881
4359,494367,1,-0.0,0.0,0.0,0.0,2026-05-06 18:47:24.881
4360,494490,1,-0.0,0.0,-0.0,0.0,2026-05-06 18:47:24.881
4361,494549,2,0.01,0.0,0.01,0.0,2026-05-06 18:47:24.881
4362,494606,3,-0.0,0.0,0.0,0.0,2026-05-06 18:47:24.881
4363,494830,1,-0.0,0.0,-0.0,0.0,2026-05-06 18:47:24.881
4364,495073,1,-0.0,0.0,0.0,0.0,2026-05-06 18:47:24.881
4365,495131,2,0.01,0.0,0.01,0.0,2026-05-06 18:47:24.881
4366,495188,3,-0.0,0.0,-0.0,0.0,2026-05-06 18:47:24.881
4367,495293,1,-0.0,0.0,0.0,0.0,2026-05-06 18:47:24.881
4368,495416,1,-0.0,0.0,0.0,0.0,2026-05-06 18:47:24.881
4369,495474,2,0.01,0.0,0.01,0.0,2026-05-06 18:47:24.881
4370,495531,3,-0.0,0.0,0.0,0.0,2026-05-06 18:47:24.881
4371,495755,1,-0.0,0.0,0.0,0.0,2026-05-06 18:47:24.881
4372,495878,1,-0.0,0.0,0.0,0.0,2026-05-06 18:47:24.881
4373,495936,2,0.01,0.0,0.01,0.0,2026-05-06 18:47:24.881
4374,495993,3,-0.0,0.0,-0.0,0.0,2026-05-06 18:47:24.881
4375,496218,1,-0.0,0.0,-0.0,0.0,2026-05-06 18:47:24.881
4376,496461,1,-0.0,0.0,0.0,0.0,2026-05-06 18:47:24.881
4377,496519,2,0.01,0.0,0.01,0.0,2026-05-06 18:47:24.881
4378,496576,3,-0.0,0.0,-0.01,0.0,2026-05-06 18:47:24.881
4379,496681,1,-0.0,0.0,0.0,0.0,2026-05-06 18:47:24.881
4380,496804,1,-0.0,0.0,0.0,0.0,2026-05-06 18:47:24.881
4381,496862,2,0.01,0.0,0.01,0.0,2026-05-06 18:47:24.881
4382,496919,3,-0.0,0.0,-0.0,0.0,2026-05-06 18:47:24.881
4383,497144,1,-0.0,0.0,-0.0,0.0,2026-05-06 18:47:24.881
4384,497387,1,-0.0,0.0,-0.0,0.0,2026-05-06 18:47:24.881
4385,497446,2,0.01,0.0,0.01,0.0,2026-05-06 18:47:24.881
4386,497503,3,-0.0,0.0,0.0,0.0,2026-05-06 18:47:24.881
4387,497607,1,-0.0,0.0,-0.0,0.0,2026-05-06 18:47:25.591
4388,497731,1,-0.0,0.0,0.0,0.0,2026-05-06 18:47:25.591
4389,497789,2,0.01,0.0,0.01,0.0,2026-05-06 18:47:25.591
4390,497846,3,-0.0,0.0,0.0,0.0,2026-05-06 18:47:25.591
4391,498070,1,-0.0,0.0,0.0,0.0,2026-05-06 18:47:25.591
4392,498193,1,-0.0,0.0,-0.0,0.0,2026-05-06 18:47:25.591
4393,498252,2,0.01,0.0,0.01,0.0,2026-05-06 18:47:25.591
4394,498309,3,-0.0,0.0,-0.0,0.0,2026-05-06 18:47:25.591
4395,498534,1,-0.0,0.0,-0.0,0.0,2026-05-06 18:47:25.591
4396,498610,3,-0.0,0.0,0.01,0.0,2026-05-06 18:47:25.591
4397,498834,1,-0.0,0.0,-0.0,0.0,2026-05-06 18:47:25.591
4398,498893,2,0.01,0.0,0.01,0.0,2026-05-06 18:47:25.591
4399,498950,3,-0.0,0.0,0.01,0.0,2026-05-06 18:47:25.591
4400,499240,1,-0.0,0.0,-0.0,0.0,2026-05-06 18:47:25.591
4401,499299,2,0.01,0.0,0.01,0.0,2026-05-06 18:47:25.591
4402,499356,3,-0.0,0.0,-0.0,0.0,2026-05-06 18:47:25.591
4403,499461,1,-0.0,0.0,-0.0,0.0,2026-05-06 18:47:25.591
4404,499584,1,-0.0,0.0,-0.0,0.0,2026-05-06 18:47:25.591
4405,499643,2,0.01,0.0,0.01,0.0,2026-05-06 18:47:25.591
4406,499700,3,-0.0,0.0,0.0,0.0,2026-05-06 18:47:25.591
4407,499924,1,-0.0,0.0,-0.0,0.0,2026-05-06 18:47:25.591
4408,500047,1,-0.0,0.0,-0.0,0.0,2026-05-06 18:47:25.591
4409,500166,3,-0.0,0.0,0.0,0.0,2026-05-06 18:47:25.591
4410,500390,1,-0.0,0.0,0.0,0.0,2026-05-06 18:47:25.591
4411,500513,1,-0.0,0.0,0.0,0.0,2026-05-06 18:47:25.591
4412,500571,2,0.01,0.0,0.01,0.0,2026-05-06 18:47:25.591
4413,500628,3,-0.0,0.0,0.0,0.0,2026-05-06 18:47:25.591
4414,500852,1,-0.0,0.0,0.0,0.0,2026-05-06 18:47:25.591
4415,500975,1,-0.0,0.0,-0.0,0.0,2026-05-06 18:47:25.591
4416,501034,2,0.01,0.0,0.01,0.0,2026-05-06 18:47:25.591
4417,501091,3,-0.0,0.0,-0.0,0.0,2026-05-06 18:47:25.591
4418,501316,1,-0.0,0.0,-0.0,0.0,2026-05-06 18:47:25.591
4419,501439,1,-0.0,0.0,0.0,0.0,2026-05-06 18:47:25.591
4420,501497,2,0.01,0.0,0.01,0.0,2026-05-06 18:47:25.591
4421,501554,3,-0.0,0.0,0.0,0.0,2026-05-06 18:47:25.591
4422,501778,1,-0.0,0.0,0.0,0.0,2026-05-06 18:47:25.591
4423,502021,1,-0.0,0.0,-0.0,0.0,2026-05-06 18:47:25.591
4424,502080,2,0.01,0.0,0.01,0.0,2026-05-06 18:47:25.591
4425,502137,3,-0.0,0.0,-0.0,0.0,2026-05-06 18:47:25.591
4426,502242,1,-0.0,0.0,0.0,0.0,2026-05-06 18:47:25.591
4427,502484,1,-0.0,0.0,0.0,0.0,2026-05-06 18:47:25.591
4428,502542,2,0.01,0.0,0.01,0.0,2026-05-06 18:47:25.591
4429,502599,3,-0.0,0.0,0.0,0.0,2026-05-06 18:47:25.591
4430,502703,1,-0.0,0.0,0.0,0.0,2026-05-06 18:47:25.591
4431,502946,1,-0.0,0.0,-0.0,0.0,2026-05-06 18:47:25.591
4432,503005,2,0.01,0.0,0.01,0.0,2026-05-06 18:47:25.591
4433,503062,3,-0.0,0.0,-0.0,0.0,2026-05-06 18:47:25.591
4434,503167,1,-0.0,0.0,-0.0,0.0,2026-05-06 18:47:25.591
4435,503410,1,-0.0,0.0,-0.0,0.0,2026-05-06 18:47:25.591
4436,503469,2,0.01,0.0,0.01,0.0,2026-05-06 18:47:25.591
4437,503526,3,-0.0,0.0,-0.0,0.0,2026-05-06 18:47:25.591
4438,503884,1,-0.0,0.0,-0.0,0.0,2026-05-06 18:47:25.591
4439,503943,2,0.01,0.0,0.01,0.0,2026-05-06 18:47:25.591
4440,504000,3,-0.0,0.0,0.0,0.0,2026-05-06 18:47:25.591
4441,504104,1,-0.0,0.0,-0.0,0.0,2026-05-06 18:47:25.591
4442,504348,1,-0.0,0.0,0.0,0.0,2026-05-06 18:47:25.591
4443,504406,2,0.01,0.0,0.01,0.0,2026-05-06 18:47:25.591
4444,504463,3,-0.0,0.0,-0.0,0.0,2026-05-06 18:47:25.591
4445,504821,1,-0.0,0.0,-0.0,0.0,2026-05-06 18:47:25.591
4446,504880,2,0.01,0.0,0.01,0.0,2026-05-06 18:47:25.591
4447,504937,3,-0.0,0.0,-0.0,0.0,2026-05-06 18:47:25.591
4448,505042,1,-0.0,0.0,-0.0,0.0,2026-05-06 18:47:25.591
4449,505285,1,-0.0,0.0,0.0,0.0,2026-05-06 18:47:25.591
4450,505343,2,0.01,0.0,0.01,0.0,2026-05-06 18:47:25.591
4451,505400,3,-0.0,0.0,0.0,0.0,2026-05-06 18:47:25.591
4452,505504,1,-0.0,0.0,0.0,0.0,2026-05-06 18:47:25.591
4453,505627,1,-0.0,0.0,-0.0,0.0,2026-05-06 18:47:26.299
4454,505686,2,0.01,0.0,0.01,0.0,2026-05-06 18:47:26.299
4455,505743,3,-0.0,0.0,-0.0,0.0,2026-05-06 18:47:26.299
4456,505968,1,-0.0,0.0,-0.0,0.0,2026-05-06 18:47:26.299
4457,506211,1,-0.0,0.0,0.0,0.0,2026-05-06 18:47:26.299
4458,506269,2,0.01,0.0,0.01,0.0,2026-05-06 18:47:26.299
4459,506326,3,-0.0,0.0,-0.0,0.0,2026-05-06 18:47:26.299
4460,506431,1,-0.0,0.0,-0.0,0.0,2026-05-06 18:47:26.299
4461,506675,1,-0.0,0.0,-0.0,0.0,2026-05-06 18:47:26.299
4462,506734,2,0.01,0.0,0.01,0.0,2026-05-06 18:47:26.299
4463,506791,3,-0.0,0.0,0.0,0.0,2026-05-06 18:47:26.299
4464,506895,1,-0.0,0.0,-0.0,0.0,2026-05-06 18:47:26.299
4465,507138,1,-0.0,0.0,-0.0,0.0,2026-05-06 18:47:26.299
4466,507197,2,0.01,0.0,0.01,0.0,2026-05-06 18:47:26.299
4467,507254,3,-0.0,0.0,0.0,0.0,2026-05-06 18:47:26.299
4468,507358,1,-0.0,0.0,-0.0,0.0,2026-05-06 18:47:26.299
4469,507605,1,-0.0,0.0,0.0,0.0,2026-05-06 18:47:26.299
4470,507663,2,0.01,0.0,0.01,0.0,2026-05-06 18:47:26.299
4471,507720,3,-0.0,0.0,-0.0,0.0,2026-05-06 18:47:26.299
4472,507825,1,-0.0,0.0,0.0,0.0,2026-05-06 18:47:26.299
4473,508068,1,-0.0,0.0,-0.0,0.0,2026-05-06 18:47:26.299
4474,508127,2,0.01,0.0,0.01,-0.0,2026-05-06 18:47:26.299
4475,508185,3,-0.0,0.0,0.0,0.0,2026-05-06 18:47:26.299
4476,508289,1,-0.0,0.0,-0.0,0.0,2026-05-06 18:47:26.299
4477,508412,1,-0.0,0.0,0.0,0.0,2026-05-06 18:47:26.299
4478,508470,2,0.01,0.0,0.01,0.0,2026-05-06 18:47:26.299
4479,508527,3,-0.0,0.0,-0.0,0.0,2026-05-06 18:47:26.299
4480,508752,1,-0.0,0.0,0.0,0.0,2026-05-06 18:47:26.299
4481,508875,1,-0.0,0.0,-0.0,0.0,2026-05-06 18:47:26.299
4482,508934,2,0.01,0.0,0.01,0.0,2026-05-06 18:47:26.299
4483,508991,3,-0.0,0.0,0.0,0.0,2026-05-06 18:47:26.299
4484,509215,1,-0.0,0.0,0.0,0.0,2026-05-06 18:47:26.299
4485,509291,3,-0.0,0.0,-0.01,0.0,2026-05-06 18:47:26.299
4486,509516,1,-0.0,0.0,-0.0,-0.0,2026-05-06 18:47:26.299
4487,509576,2,0.01,0.0,0.01,0.0,2026-05-06 18:47:26.299
4488,509633,3,-0.0,0.0,0.0,0.0,2026-05-06 18:47:26.299
4489,509922,1,-0.0,0.0,-0.0,0.0,2026-05-06 18:47:26.299
4490,509981,2,0.01,0.0,0.01,0.0,2026-05-06 18:47:26.299
4491,510038,3,-0.0,0.0,-0.0,0.0,2026-05-06 18:47:26.299
4492,510143,1,-0.0,0.0,-0.0,0.0,2026-05-06 18:47:26.299
4493,510386,1,-0.0,0.0,0.0,0.0,2026-05-06 18:47:26.299
4494,510444,2,0.01,0.0,0.01,0.0,2026-05-06 18:47:26.299
4495,510501,3,-0.0,0.0,0.0,0.0,2026-05-06 18:47:26.299
4496,510605,1,-0.0,0.0,0.0,0.0,2026-05-06 18:47:26.299
4497,510728,1,-0.0,0.0,-0.0,0.0,2026-05-06 18:47:26.299
4498,510787,2,0.01,0.0,0.01,0.0,2026-05-06 18:47:26.299
4499,510844,3,-0.0,0.0,0.01,0.0,2026-05-06 18:47:26.299
4500,511068,1,-0.0,0.0,-0.0,0.0,2026-05-06 18:47:26.299
4501,511191,1,-0.0,0.0,-0.0,0.0,2026-05-06 18:47:26.299
4502,511250,2,0.01,0.0,0.01,0.0,2026-05-06 18:47:26.299
4503,511307,3,-0.0,0.0,-0.0,0.0,2026-05-06 18:47:26.299
4504,511532,1,-0.0,0.0,-0.0,0.0,2026-05-06 18:47:26.299
4505,511655,1,-0.0,0.0,-0.0,0.0,2026-05-06 18:47:26.299
4506,511714,2,0.01,0.0,0.01,0.0,2026-05-06 18:47:26.299
4507,511771,3,-0.0,0.0,-0.0,0.0,2026-05-06 18:47:26.299
4508,511996,1,-0.0,0.0,0.0,0.0,2026-05-06 18:47:26.299
4509,512119,1,-0.0,0.0,-0.0,0.0,2026-05-06 18:47:26.299
4510,512178,2,0.01,0.0,0.01,0.0,2026-05-06 18:47:26.299
4511,512235,3,-0.0,0.0,-0.0,0.0,2026-05-06 18:47:26.299
4512,512460,1,-0.0,0.0,-0.0,0.0,2026-05-06 18:47:26.299
4513,512703,1,-0.0,0.0,0.0,-0.0,2026-05-06 18:47:26.299
4514,512762,2,0.01,0.0,0.01,0.0,2026-05-06 18:47:26.299
4515,512819,3,-0.0,0.0,-0.01,0.0,2026-05-06 18:47:26.299
4516,512924,1,-0.0,0.0,-0.0,0.0,2026-05-06 18:47:26.299
4517,513167,1,-0.0,0.0,-0.0,-0.0,2026-05-06 18:47:26.299
4518,513227,2,0.01,0.0,0.01,0.0,2026-05-06 18:47:26.299
4519,513284,3,-0.0,0.0,-0.0,0.0,2026-05-06 18:47:26.299
4520,513389,1,-0.0,0.0,-0.0,-0.0,2026-05-06 18:47:26.299
4521,513632,1,-0.0,0.0,0.0,-0.0,2026-05-06 18:47:27.008
4522,513691,2,0.01,0.0,0.01,0.0,2026-05-06 18:47:27.008
4523,513748,3,-0.0,0.0,0.0,0.0,2026-05-06 18:47:27.008
4524,513852,1,-0.0,0.0,-0.0,-0.0,2026-05-06 18:47:27.008
4525,514096,1,-0.0,0.0,-0.0,0.0,2026-05-06 18:47:27.008
4526,514155,2,0.01,0.0,0.01,0.0,2026-05-06 18:47:27.008
4527,514212,3,-0.0,0.0,0.0,0.0,2026-05-06 18:47:27.008
4528,514316,1,-0.0,0.0,0.0,0.0,2026-05-06 18:47:27.008
4529,514559,1,-0.0,0.0,-0.0,0.0,2026-05-06 18:47:27.008
4530,514618,2,0.01,0.0,0.01,0.0,2026-05-06 18:47:27.008
4531,514675,3,-0.0,0.0,-0.0,-0.0,2026-05-06 18:47:27.008
4532,514781,1,-0.0,0.0,-0.0,0.0,2026-05-06 18:47:27.008
4533,515026,1,-0.0,0.0,-0.0,0.0,2026-05-06 18:47:27.008
4534,515085,2,0.01,0.0,0.01,0.0,2026-05-06 18:47:27.008
4535,515142,3,-0.0,0.0,-0.0,-0.0,2026-05-06 18:47:27.008
4536,515248,1,-0.0,0.0,0.0,-0.0,2026-05-06 18:47:27.008
4537,515491,1,-0.0,0.0,0.0,0.0,2026-05-06 18:47:27.008
4538,515549,2,0.01,0.0,0.01,0.0,2026-05-06 18:47:27.008
4539,515606,3,-0.0,0.0,0.01,0.0,2026-05-06 18:47:27.008
4540,515710,1,-0.0,0.0,-0.0,0.0,2026-05-06 18:47:27.008
4541,515834,1,-0.0,0.0,0.0,0.0,2026-05-06 18:47:27.008
4542,515892,2,0.01,0.0,0.01,0.0,2026-05-06 18:47:27.008
4543,515949,3,-0.0,0.0,-0.0,0.0,2026-05-06 18:47:27.008
4544,516174,1,-0.0,0.0,-0.0,0.0,2026-05-06 18:47:27.008
4545,516417,1,-0.0,0.0,-0.0,0.0,2026-05-06 18:47:27.008
4546,516476,2,0.01,0.0,0.01,0.0,2026-05-06 18:47:27.008
4547,516533,3,-0.0,0.0,0.0,0.0,2026-05-06 18:47:27.008
4548,516637,1,-0.0,0.0,-0.0,0.0,2026-05-06 18:47:27.008
4549,516881,1,-0.0,0.0,-0.0,0.0,2026-05-06 18:47:27.008
4550,516940,2,0.01,0.0,0.01,0.0,2026-05-06 18:47:27.008
4551,516997,3,-0.0,0.0,-0.0,-0.0,2026-05-06 18:47:27.008
4552,517103,1,-0.0,0.0,-0.0,0.0,2026-05-06 18:47:27.008
4553,517225,1,-0.0,0.0,-0.0,0.0,2026-05-06 18:47:27.008
4554,517284,2,0.01,0.0,0.01,0.0,2026-05-06 18:47:27.008
4555,517341,3,-0.0,0.0,0.0,0.0,2026-05-06 18:47:27.008
4556,517565,1,-0.0,0.0,-0.0,0.0,2026-05-06 18:47:27.008
4557,517642,3,-0.0,0.0,-0.0,0.0,2026-05-06 18:47:27.008
4558,517867,1,-0.0,0.0,-0.0,-0.0,2026-05-06 18:47:27.008
4559,517927,2,0.01,0.0,0.01,0.0,2026-05-06 18:47:27.008
4560,517984,3,-0.0,0.0,-0.0,0.0,2026-05-06 18:47:27.008
4561,518274,1,-0.0,0.0,-0.0,0.0,2026-05-06 18:47:27.008
4562,518333,2,0.01,0.0,0.01,0.0,2026-05-06 18:47:27.008
4563,518390,3,-0.0,0.0,-0.0,0.0,2026-05-06 18:47:27.008
4564,518495,1,-0.0,0.0,-0.0,0.0,2026-05-06 18:47:27.008
4565,518738,1,-0.0,0.0,0.0,0.0,2026-05-06 18:47:27.008
4566,518796,2,0.01,0.0,0.01,0.0,2026-05-06 18:47:27.008
4567,518853,3,-0.0,0.0,-0.0,0.0,2026-05-06 18:47:27.008
4568,518958,1,-0.0,0.0,0.0,0.0,2026-05-06 18:47:27.008
4569,519201,1,-0.0,0.0,-0.0,-0.0,2026-05-06 18:47:27.008
4570,519261,2,0.01,0.0,0.01,0.0,2026-05-06 18:47:27.008
4571,519318,3,-0.0,0.0,0.0,0.0,2026-05-06 18:47:27.008
4572,519422,1,-0.0,0.0,-0.0,0.0,2026-05-06 18:47:27.008
4573,519665,1,-0.0,0.0,0.0,0.0,2026-05-06 18:47:27.008
4574,519723,2,0.01,0.0,0.01,0.0,2026-05-06 18:47:27.008
4575,519780,3,-0.0,0.0,-0.0,0.0,2026-05-06 18:47:27.008
4576,519885,1,-0.0,0.0,0.0,0.0,2026-05-06 18:47:27.008
4577,520008,1,-0.0,0.0,-0.0,0.0,2026-05-06 18:47:27.008
4578,520067,2,0.01,0.0,0.01,0.0,2026-05-06 18:47:27.008
4579,520124,3,-0.0,0.0,-0.0,0.0,2026-05-06 18:47:27.008
4580,520349,1,-0.0,0.0,-0.0,0.0,2026-05-06 18:47:27.008
4581,520592,1,-0.0,0.0,-0.0,0.0,2026-05-06 18:47:27.008
4582,520651,2,0.01,0.0,0.01,0.0,2026-05-06 18:47:27.008
4583,520708,3,-0.0,0.0,-0.01,0.0,2026-05-06 18:47:27.008
4584,520813,1,-0.0,0.0,-0.0,0.0,2026-05-06 18:47:27.008
4585,520936,1,-0.0,0.0,-0.0,-0.0,2026-05-06 18:47:27.008
4586,520996,2,0.01,0.0,0.01,0.0,2026-05-06 18:47:27.008
4587,521053,3,-0.0,0.0,-0.01,0.0,2026-05-06 18:47:27.008
4588,521278,1,-0.0,0.0,-0.0,-0.0,2026-05-06 18:47:27.008
4589,521401,1,-0.0,0.0,0.0,0.0,2026-05-06 18:47:27.008
4590,521459,2,0.01,0.0,0.01,0.0,2026-05-06 18:47:27.008
4591,521516,3,-0.0,0.0,-0.0,0.0,2026-05-06 18:47:27.729
4592,521741,1,-0.0,0.0,0.0,0.0,2026-05-06 18:47:27.729
4593,521984,1,-0.0,0.0,-0.0,0.0,2026-05-06 18:47:27.729
4594,522043,2,0.01,0.0,0.01,0.0,2026-05-06 18:47:27.729
4595,522100,3,-0.0,0.0,0.0,0.0,2026-05-06 18:47:27.729
4596,522204,1,-0.0,0.0,-0.0,0.0,2026-05-06 18:47:27.729
4597,522450,1,-0.0,0.0,0.0,0.0,2026-05-06 18:47:27.729
4598,522508,2,0.01,0.0,0.01,0.0,2026-05-06 18:47:27.729
4599,522565,3,-0.0,0.0,-0.0,0.0,2026-05-06 18:47:27.729
4600,522670,1,-0.0,0.0,-0.0,0.0,2026-05-06 18:47:27.729
4601,522916,1,-0.0,0.0,-0.0,0.0,2026-05-06 18:47:27.729
4602,522975,2,0.01,0.0,0.01,0.0,2026-05-06 18:47:27.729
4603,523032,3,-0.0,0.0,-0.0,0.0,2026-05-06 18:47:27.729
4604,523137,1,-0.0,0.0,-0.0,-0.0,2026-05-06 18:47:27.729
4605,523260,1,-0.0,0.0,0.0,0.0,2026-05-06 18:47:27.729
4606,523318,2,0.01,0.0,0.01,0.0,2026-05-06 18:47:27.729
4607,523375,3,-0.0,0.0,-0.0,0.0,2026-05-06 18:47:27.729
4608,523600,1,-0.0,0.0,0.0,0.0,2026-05-06 18:47:27.729
4609,523723,1,-0.0,0.0,-0.0,0.0,2026-05-06 18:47:27.729
4610,523782,2,0.01,0.0,0.01,0.0,2026-05-06 18:47:27.729
4611,523839,3,-0.0,0.0,0.0,0.0,2026-05-06 18:47:27.729
4612,524063,1,-0.0,0.0,-0.0,0.0,2026-05-06 18:47:27.729
4613,524186,1,-0.0,0.0,0.0,0.0,2026-05-06 18:47:27.729
4614,524244,2,0.01,0.0,0.01,0.0,2026-05-06 18:47:27.729
4615,524301,3,-0.0,0.0,-0.0,0.0,2026-05-06 18:47:27.729
4616,524526,1,-0.0,0.0,0.0,0.0,2026-05-06 18:47:27.729
4617,524649,1,-0.0,0.0,0.0,0.0,2026-05-06 18:47:27.729
4618,524707,2,0.01,0.0,0.01,0.0,2026-05-06 18:47:27.729
4619,524764,3,-0.0,0.0,-0.01,-0.0,2026-05-06 18:47:27.729
4620,524990,1,-0.0,0.0,0.0,0.0,2026-05-06 18:47:27.729
4621,525232,1,-0.0,0.0,-0.0,-0.0,2026-05-06 18:47:27.729
4622,525292,2,0.01,0.0,0.01,0.0,2026-05-06 18:47:27.729
4623,525349,3,-0.0,0.0,0.0,0.0,2026-05-06 18:47:27.729
4624,525453,1,-0.0,0.0,-0.0,-0.0,2026-05-06 18:47:27.729
4625,525697,1,-0.0,0.0,-0.0,0.0,2026-05-06 18:47:27.729
4626,525756,2,0.01,0.0,0.01,0.0,2026-05-06 18:47:27.729
4627,525813,3,-0.0,0.0,-0.0,0.0,2026-05-06 18:47:27.729
4628,525918,1,-0.0,0.0,-0.0,0.0,2026-05-06 18:47:27.729
4629,526161,1,-0.0,0.0,-0.0,0.0,2026-05-06 18:47:27.729
4630,526220,2,0.01,0.0,0.01,0.0,2026-05-06 18:47:27.729
4631,526277,3,-0.0,0.0,0.0,-0.0,2026-05-06 18:47:27.729
4632,526382,1,-0.0,0.0,-0.0,0.0,2026-05-06 18:47:27.729
4633,526625,1,-0.0,0.0,-0.0,0.0,2026-05-06 18:47:27.729
4634,526684,2,0.01,0.0,0.01,0.0,2026-05-06 18:47:27.729
4635,526741,3,-0.0,0.0,-0.0,0.0,2026-05-06 18:47:27.729
4636,526846,1,-0.0,0.0,0.0,0.0,2026-05-06 18:47:27.729
4637,526968,1,-0.0,0.0,-0.0,-0.0,2026-05-06 18:47:27.729
4638,527028,2,0.01,0.0,0.01,0.0,2026-05-06 18:47:27.729
4639,527085,3,-0.0,0.0,0.0,0.0,2026-05-06 18:47:27.729
4640,527309,1,-0.0,0.0,-0.0,0.0,2026-05-06 18:47:27.729
4641,527552,1,-0.0,0.0,0.0,-0.0,2026-05-06 18:47:27.729
4642,527611,2,0.01,0.0,0.01,0.0,2026-05-06 18:47:27.729
4643,527668,3,-0.0,0.0,0.0,0.0,2026-05-06 18:47:27.729
4644,527772,1,-0.0,0.0,0.0,-0.0,2026-05-06 18:47:27.729
4645,527896,1,-0.0,0.0,-0.0,-0.0,2026-05-06 18:47:27.729
4646,527956,2,0.01,0.0,0.01,0.0,2026-05-06 18:47:27.729
4647,528013,3,-0.0,0.0,-0.01,0.0,2026-05-06 18:47:27.729
4648,528238,1,-0.0,0.0,-0.0,-0.0,2026-05-06 18:47:27.729
4649,528481,1,-0.0,0.0,-0.0,0.0,2026-05-06 18:47:27.729
4650,528540,2,0.01,0.0,0.01,0.0,2026-05-06 18:47:27.729
4651,528597,3,-0.0,0.0,-0.0,0.0,2026-05-06 18:47:27.729
4652,528702,1,-0.0,0.0,-0.0,0.0,2026-05-06 18:47:27.729
4653,528945,1,-0.0,0.0,0.0,-0.0,2026-05-06 18:47:27.729
4654,529004,2,0.01,0.0,0.01,0.0,2026-05-06 18:47:27.729
4655,529061,3,-0.0,0.0,-0.0,0.0,2026-05-06 18:47:27.729
4656,529166,1,-0.0,0.0,-0.0,0.0,2026-05-06 18:47:27.729
4657,529289,1,-0.0,0.0,-0.0,-0.0,2026-05-06 18:47:27.729
4658,529349,2,0.01,0.0,0.01,0.0,2026-05-06 18:47:27.729
4659,529406,3,-0.0,0.0,-0.0,0.0,2026-05-06 18:47:27.729
4660,529631,1,-0.0,0.0,-0.0,-0.0,2026-05-06 18:47:28.435
4661,529877,1,-0.0,0.0,-0.0,-0.0,2026-05-06 18:47:28.435
4662,529937,2,0.01,0.0,0.01,0.0,2026-05-06 18:47:28.435
4663,529994,3,-0.0,0.0,-0.0,0.0,2026-05-06 18:47:28.435
4664,530232,1,-0.0,0.0,-0.0,0.0,2026-05-06 18:47:28.435
4665,530291,2,0.01,0.0,0.01,0.0,2026-05-06 18:47:28.435
4666,530348,3,-0.0,0.0,0.0,0.0,2026-05-06 18:47:28.435
4667,530572,1,-0.0,0.0,-0.0,0.0,2026-05-06 18:47:28.435
4668,530815,1,-0.0,0.0,0.0,0.0,2026-05-06 18:47:28.435
4669,530873,2,0.01,0.0,0.01,0.0,2026-05-06 18:47:28.435
4670,530930,3,-0.0,0.0,-0.01,0.0,2026-05-06 18:47:28.435
4671,531035,1,-0.0,0.0,0.0,0.0,2026-05-06 18:47:28.435
4672,531278,1,-0.0,0.0,0.0,0.0,2026-05-06 18:47:28.435
4673,531336,2,0.01,0.0,0.01,0.0,2026-05-06 18:47:28.435
4674,531393,3,-0.0,0.0,-0.0,0.0,2026-05-06 18:47:28.435
4675,531631,1,-0.0,0.0,0.0,0.0,2026-05-06 18:47:28.435
4676,531689,2,0.01,0.0,0.01,0.0,2026-05-06 18:47:28.435
4677,531746,3,-0.0,0.0,-0.0,-0.0,2026-05-06 18:47:28.435
4678,531972,1,-0.0,0.0,0.0,0.0,2026-05-06 18:47:28.435
4679,532215,1,-0.0,0.0,0.0,0.0,2026-05-06 18:47:28.435
4680,532273,2,0.01,0.0,0.01,0.0,2026-05-06 18:47:28.435
4681,532330,3,-0.0,0.0,0.01,0.0,2026-05-06 18:47:28.435
4682,532434,1,-0.0,0.0,0.0,-0.0,2026-05-06 18:47:28.435
4683,532678,1,-0.0,0.0,-0.0,0.0,2026-05-06 18:47:28.435
4684,532737,2,0.01,0.0,0.01,0.0,2026-05-06 18:47:28.435
4685,532794,3,-0.0,0.0,0.0,0.0,2026-05-06 18:47:28.435
4686,533031,1,-0.0,0.0,0.0,0.0,2026-05-06 18:47:28.435
4687,533089,2,0.01,0.0,0.01,-0.0,2026-05-06 18:47:28.435
4688,533147,3,-0.0,0.0,0.0,0.0,2026-05-06 18:47:28.435
4689,533371,1,-0.0,0.0,0.0,0.0,2026-05-06 18:47:28.435
4690,533494,1,-0.0,0.0,-0.0,-0.0,2026-05-06 18:47:28.435
4691,533554,2,0.01,0.0,0.01,0.0,2026-05-06 18:47:28.435
4692,533611,3,-0.0,0.0,-0.0,0.0,2026-05-06 18:47:28.435
4693,533836,1,-0.0,0.0,-0.0,-0.0,2026-05-06 18:47:28.435
4694,533959,1,-0.0,0.0,-0.0,0.0,2026-05-06 18:47:28.435
4695,534018,2,0.01,0.0,0.01,0.0,2026-05-06 18:47:28.435
4696,534075,3,-0.0,0.0,0.0,0.0,2026-05-06 18:47:28.435
4697,534299,1,-0.0,0.0,0.0,0.0,2026-05-06 18:47:28.435
4698,534542,1,-0.0,0.0,0.0,0.0,2026-05-06 18:47:28.435
4699,534600,2,0.01,0.0,0.01,0.0,2026-05-06 18:47:28.435
4700,534657,3,-0.0,0.0,0.0,0.0,2026-05-06 18:47:28.435
4701,534761,1,-0.0,0.0,-0.0,0.0,2026-05-06 18:47:28.435
4702,534885,1,-0.0,0.0,-0.0,0.0,2026-05-06 18:47:28.435
4703,534944,2,0.01,0.0,0.01,0.0,2026-05-06 18:47:28.435
4704,535001,3,-0.0,0.0,0.0,0.0,2026-05-06 18:47:28.435
4705,535225,1,-0.0,0.0,-0.0,0.0,2026-05-06 18:47:28.435
4706,535348,1,-0.0,0.0,-0.0,0.0,2026-05-06 18:47:28.435
4707,535407,2,0.01,0.0,0.01,-0.0,2026-05-06 18:47:28.435
4708,535465,3,-0.0,0.0,0.0,0.0,2026-05-06 18:47:28.435
4709,535689,1,-0.0,0.0,-0.0,0.0,2026-05-06 18:47:28.435
4710,535812,1,-0.0,0.0,-0.0,0.0,2026-05-06 18:47:28.435
4711,535871,2,0.01,0.0,0.01,0.0,2026-05-06 18:47:28.435
4712,535928,3,-0.0,0.0,0.0,0.0,2026-05-06 18:47:28.435
4713,536152,1,-0.0,0.0,-0.0,0.0,2026-05-06 18:47:28.435
4714,536276,1,-0.0,0.0,-0.0,0.0,2026-05-06 18:47:28.435
4715,536335,2,0.01,0.0,0.01,0.0,2026-05-06 18:47:28.435
4716,536392,3,-0.0,0.0,-0.0,0.0,2026-05-06 18:47:28.435
4717,536617,1,-0.0,0.0,-0.0,0.0,2026-05-06 18:47:28.435
4718,536740,1,-0.0,0.0,0.0,0.0,2026-05-06 18:47:28.435
4719,536798,2,0.01,0.0,0.01,-0.0,2026-05-06 18:47:28.435
4720,536856,3,-0.0,0.0,-0.01,0.0,2026-05-06 18:47:28.435
4721,537081,1,-0.0,0.0,0.0,0.0,2026-05-06 18:47:28.435
4722,537203,1,-0.0,0.0,-0.0,0.0,2026-05-06 18:47:28.435
4723,537322,3,-0.0,0.0,-0.0,0.0,2026-05-06 18:47:28.435
4724,537547,1,-0.0,0.0,-0.0,0.0,2026-05-06 18:47:29.152
4725,537790,1,-0.0,0.0,-0.0,0.0,2026-05-06 18:47:29.152
4726,537849,2,0.01,0.0,0.01,0.0,2026-05-06 18:47:29.152
4727,537906,3,-0.0,0.0,-0.0,0.0,2026-05-06 18:47:29.152
4728,538011,1,-0.0,0.0,-0.0,0.0,2026-05-06 18:47:29.152
4729,538134,1,-0.0,0.0,0.0,0.0,2026-05-06 18:47:29.152
4730,538192,2,0.01,0.0,0.01,0.0,2026-05-06 18:47:29.152
4731,538249,3,-0.0,0.0,-0.0,0.0,2026-05-06 18:47:29.152
4732,538474,1,-0.0,0.0,-0.0,0.0,2026-05-06 18:47:29.152
4733,538718,1,-0.0,0.0,-0.0,0.0,2026-05-06 18:47:29.152
4734,538777,2,0.01,0.0,0.01,0.0,2026-05-06 18:47:29.152
4735,538834,3,-0.0,0.0,0.0,0.0,2026-05-06 18:47:29.152
4736,538938,1,-0.0,0.0,-0.0,0.0,2026-05-06 18:47:29.152
4737,539181,1,-0.0,0.0,-0.0,0.0,2026-05-06 18:47:29.152
4738,539240,2,0.01,0.0,0.01,0.0,2026-05-06 18:47:29.152
4739,539297,3,-0.0,0.0,-0.0,0.0,2026-05-06 18:47:29.152
4740,539402,1,-0.0,0.0,0.0,0.0,2026-05-06 18:47:29.152
4741,539525,1,-0.0,0.0,-0.0,0.0,2026-05-06 18:47:29.152
4742,539584,2,0.01,0.0,0.01,0.0,2026-05-06 18:47:29.152
4743,539641,3,-0.0,0.0,-0.0,0.0,2026-05-06 18:47:29.152
4744,539866,1,-0.0,0.0,-0.0,0.0,2026-05-06 18:47:29.152
4745,540109,1,-0.0,0.0,-0.0,0.0,2026-05-06 18:47:29.152
4746,540168,2,0.01,0.0,0.01,0.0,2026-05-06 18:47:29.152
4747,540225,3,-0.0,0.0,0.0,0.0,2026-05-06 18:47:29.152
4748,540462,1,-0.0,0.0,-0.0,0.0,2026-05-06 18:47:29.152
4749,540521,2,0.01,0.0,0.01,0.0,2026-05-06 18:47:29.152
4750,540578,3,-0.0,0.0,-0.01,0.0,2026-05-06 18:47:29.152
4751,540803,1,-0.0,0.0,-0.0,0.0,2026-05-06 18:47:29.152
4752,541046,1,-0.0,0.0,0.0,0.0,2026-05-06 18:47:29.152
4753,541104,2,0.01,0.0,0.01,0.0,2026-05-06 18:47:29.152
4754,541161,3,-0.0,0.0,-0.0,0.0,2026-05-06 18:47:29.152
4755,541266,1,-0.0,0.0,0.0,0.0,2026-05-06 18:47:29.152
4756,541389,1,-0.0,0.0,-0.0,0.0,2026-05-06 18:47:29.152
4757,541448,2,0.01,0.0,0.01,0.0,2026-05-06 18:47:29.152
4758,541505,3,-0.0,0.0,-0.0,0.0,2026-05-06 18:47:29.152
4759,541730,1,-0.0,0.0,-0.0,0.0,2026-05-06 18:47:29.152
4760,541973,1,-0.0,0.0,0.0,-0.0,2026-05-06 18:47:29.152
4761,542032,2,0.01,0.0,0.01,0.0,2026-05-06 18:47:29.152
4762,542089,3,-0.0,0.0,-0.0,0.0,2026-05-06 18:47:29.152
4763,542194,1,-0.0,0.0,0.0,0.0,2026-05-06 18:47:29.152
4764,542436,1,-0.0,0.0,-0.0,0.0,2026-05-06 18:47:29.152
4765,542495,2,0.01,0.0,0.01,-0.0,2026-05-06 18:47:29.152
4766,542553,3,-0.0,0.0,-0.01,0.0,2026-05-06 18:47:29.152
4767,542791,1,-0.0,0.0,-0.0,0.0,2026-05-06 18:47:29.152
4768,542850,2,0.01,0.0,0.01,0.0,2026-05-06 18:47:29.152
4769,542907,3,-0.0,0.0,0.0,0.0,2026-05-06 18:47:29.152
4770,543131,1,-0.0,0.0,-0.0,0.0,2026-05-06 18:47:29.152
4771,543374,1,-0.0,0.0,0.0,0.0,2026-05-06 18:47:29.152
4772,543432,2,0.01,0.0,0.01,-0.0,2026-05-06 18:47:29.152
4773,543490,3,-0.0,0.0,0.0,0.0,2026-05-06 18:47:29.152
4774,543594,1,-0.0,0.0,0.0,0.0,2026-05-06 18:47:29.152
4775,543717,1,-0.0,0.0,0.0,0.0,2026-05-06 18:47:29.152
4776,543775,2,0.01,0.0,0.01,0.0,2026-05-06 18:47:29.152
4777,543832,3,-0.0,0.0,-0.0,0.0,2026-05-06 18:47:29.152
4778,544057,1,-0.0,0.0,-0.0,0.0,2026-05-06 18:47:29.152
4779,544180,1,-0.0,0.0,-0.0,0.0,2026-05-06 18:47:29.152
4780,544239,2,0.01,0.0,0.01,-0.0,2026-05-06 18:47:29.152
4781,544297,3,-0.0,0.0,0.0,0.0,2026-05-06 18:47:29.152
4782,544521,1,-0.0,0.0,-0.0,0.0,2026-05-06 18:47:29.152
4783,544767,1,-0.0,0.0,0.0,0.0,2026-05-06 18:47:29.152
4784,544825,2,0.01,0.0,0.01,0.0,2026-05-06 18:47:29.152
4785,544882,3,-0.0,0.0,-0.0,0.0,2026-05-06 18:47:29.152
4786,544987,1,-0.0,0.0,0.0,0.0,2026-05-06 18:47:29.152
4787,545110,1,-0.0,0.0,-0.0,0.0,2026-05-06 18:47:29.152
4788,545169,2,0.01,0.0,0.01,0.0,2026-05-06 18:47:29.152
4789,545226,3,-0.0,0.0,-0.0,0.0,2026-05-06 18:47:29.152
4790,545451,1,-0.0,0.0,-0.0,0.0,2026-05-06 18:47:29.858
4791,545694,1,-0.0,0.0,-0.0,0.0,2026-05-06 18:47:29.858
4792,545753,2,0.01,0.0,0.01,-0.0,2026-05-06 18:47:29.858
4793,545811,3,-0.0,0.0,0.0,0.0,2026-05-06 18:47:29.858
4794,546048,1,-0.0,0.0,-0.0,0.0,2026-05-06 18:47:29.858
4795,546107,2,0.01,0.0,0.01,0.0,2026-05-06 18:47:29.858
4796,546164,3,-0.0,0.0,-0.0,0.0,2026-05-06 18:47:29.858
4797,546389,1,-0.0,0.0,-0.0,0.0,2026-05-06 18:47:29.858
4798,546632,1,-0.0,0.0,-0.0,0.0,2026-05-06 18:47:29.858
4799,546691,2,0.01,0.0,0.01,0.0,2026-05-06 18:47:29.858
4800,546748,3,-0.0,0.0,-0.0,0.0,2026-05-06 18:47:29.858
4801,546853,1,-0.0,0.0,-0.0,0.0,2026-05-06 18:47:29.858
4802,547096,1,-0.0,0.0,0.0,0.0,2026-05-06 18:47:29.858
4803,547154,2,0.01,0.0,0.01,0.0,2026-05-06 18:47:29.858
4804,547211,3,-0.0,0.0,-0.0,0.0,2026-05-06 18:47:29.858
4805,547316,1,-0.0,0.0,0.0,0.0,2026-05-06 18:47:29.858
4806,547559,1,-0.0,0.0,0.0,0.0,2026-05-06 18:47:29.858
4807,547617,2,0.01,0.0,0.01,0.0,2026-05-06 18:47:29.858
4808,547674,3,-0.0,0.0,-0.01,0.0,2026-05-06 18:47:29.858
4809,547779,1,-0.0,0.0,0.0,0.0,2026-05-06 18:47:29.858
4810,547902,1,-0.0,0.0,0.0,0.0,2026-05-06 18:47:29.858
4811,547960,2,0.01,0.0,0.01,-0.0,2026-05-06 18:47:29.858
4812,548018,3,-0.0,0.0,-0.0,0.0,2026-05-06 18:47:29.858
4813,548243,1,-0.0,0.0,0.0,0.0,2026-05-06 18:47:29.858
4814,548485,1,-0.0,0.0,0.0,0.0,2026-05-06 18:47:29.858
4815,548543,2,0.01,0.0,0.01,-0.0,2026-05-06 18:47:29.858
4816,548601,3,-0.0,0.0,0.01,0.0,2026-05-06 18:47:29.858
4817,548705,1,-0.0,0.0,0.0,0.0,2026-05-06 18:47:29.858
4818,548948,1,-0.0,0.0,0.0,0.0,2026-05-06 18:47:29.858
4819,549006,2,0.01,0.0,0.01,0.0,2026-05-06 18:47:29.858
4820,549063,3,-0.0,0.0,-0.0,0.0,2026-05-06 18:47:29.858
4821,549168,1,-0.0,0.0,-0.0,0.0,2026-05-06 18:47:29.858
4822,549411,1,-0.0,0.0,0.0,0.0,2026-05-06 18:47:29.858
4823,549469,2,0.01,0.0,0.01,0.0,2026-05-06 18:47:29.858
4824,549526,3,-0.0,0.0,0.0,0.0,2026-05-06 18:47:29.858
4825,549630,1,-0.0,0.0,0.0,0.0,2026-05-06 18:47:29.858
4826,549873,1,-0.0,0.0,-0.0,0.0,2026-05-06 18:47:29.858
4827,549932,2,0.01,0.0,0.01,0.0,2026-05-06 18:47:29.858
4828,549989,3,-0.0,0.0,0.0,0.0,2026-05-06 18:47:29.858
4829,550093,1,-0.0,0.0,-0.0,0.0,2026-05-06 18:47:29.858
4830,550217,1,-0.0,0.0,0.0,0.0,2026-05-06 18:47:29.858
4831,550275,2,0.01,0.0,0.01,0.0,2026-05-06 18:47:29.858
4832,550332,3,-0.0,0.0,0.0,0.0,2026-05-06 18:47:29.858
4833,550556,1,-0.0,0.0,0.0,0.0,2026-05-06 18:47:29.858
4834,550679,1,-0.0,0.0,-0.0,0.0,2026-05-06 18:47:29.858
4835,550738,2,0.01,0.0,0.01,0.0,2026-05-06 18:47:29.858
4836,550795,3,-0.0,0.0,-0.01,0.0,2026-05-06 18:47:29.858
4837,551020,1,-0.0,0.0,-0.0,0.0,2026-05-06 18:47:29.858
4838,551263,1,-0.0,0.0,0.0,0.0,2026-05-06 18:47:29.858
4839,551321,2,0.01,0.0,0.01,-0.0,2026-05-06 18:47:29.858
4840,551379,3,-0.0,0.0,-0.0,0.0,2026-05-06 18:47:29.858
4841,551484,1,-0.0,0.0,0.0,0.0,2026-05-06 18:47:29.858
4842,551726,1,-0.0,0.0,0.0,0.0,2026-05-06 18:47:29.858
4843,551784,2,0.01,0.0,0.01,-0.0,2026-05-06 18:47:29.858
4844,551842,3,-0.0,0.0,-0.0,0.0,2026-05-06 18:47:29.858
4845,551947,1,-0.0,0.0,0.0,0.0,2026-05-06 18:47:29.858
4846,552070,1,-0.0,0.0,-0.0,0.0,2026-05-06 18:47:29.858
4847,552189,3,-0.0,0.0,-0.01,0.0,2026-05-06 18:47:29.858
4848,552414,1,-0.0,0.0,-0.0,0.0,2026-05-06 18:47:29.858
4849,552537,1,-0.0,0.0,-0.0,0.0,2026-05-06 18:47:29.858
4850,552596,2,0.01,0.0,0.01,0.0,2026-05-06 18:47:29.858
4851,552653,3,-0.0,0.0,0.0,0.0,2026-05-06 18:47:29.858
4852,552877,1,-0.0,0.0,-0.0,0.0,2026-05-06 18:47:29.858
4853,553000,1,-0.0,0.0,0.0,0.0,2026-05-06 18:47:29.858
4854,553058,2,0.01,0.0,0.01,0.0,2026-05-06 18:47:29.858
4855,553115,3,-0.0,0.0,-0.0,-0.0,2026-05-06 18:47:29.858
4856,553341,1,-0.0,0.0,0.0,0.0,2026-05-06 18:47:29.858
4857,553584,1,-0.0,0.0,-0.0,0.0,2026-05-06 18:47:30.583
4858,553643,2,0.01,0.0,0.01,0.0,2026-05-06 18:47:30.583
4859,553700,3,-0.0,0.0,0.0,0.0,2026-05-06 18:47:30.583
4860,553804,1,-0.0,0.0,-0.0,0.0,2026-05-06 18:47:30.583
4861,553927,1,-0.0,0.0,-0.0,0.0,2026-05-06 18:47:30.583
4862,553986,2,0.01,0.0,0.01,0.0,2026-05-06 18:47:30.583
4863,554043,3,-0.0,0.0,-0.01,0.0,2026-05-06 18:47:30.583
4864,554268,1,-0.0,0.0,-0.0,0.0,2026-05-06 18:47:30.583
4865,554511,1,-0.0,0.0,-0.0,0.0,2026-05-06 18:47:30.583
4866,554570,2,0.01,0.0,0.01,0.0,2026-05-06 18:47:30.583
4867,554627,3,-0.0,0.0,0.0,0.0,2026-05-06 18:47:30.583
4868,554731,1,-0.0,0.0,-0.0,0.0,2026-05-06 18:47:30.583
4869,554855,1,-0.0,0.0,-0.0,0.0,2026-05-06 18:47:30.583
4870,554914,2,0.01,0.0,0.01,0.0,2026-05-06 18:47:30.583
4871,554971,3,-0.0,0.0,-0.0,0.0,2026-05-06 18:47:30.583
4872,555196,1,-0.0,0.0,-0.0,0.0,2026-05-06 18:47:30.583
4873,555319,1,-0.0,0.0,0.0,0.0,2026-05-06 18:47:30.583
4874,555377,2,0.01,0.0,0.01,0.0,2026-05-06 18:47:30.583
4875,555434,3,-0.0,0.0,0.0,0.0,2026-05-06 18:47:30.583
4876,555658,1,-0.0,0.0,0.0,0.0,2026-05-06 18:47:30.583
4877,555781,1,-0.0,0.0,0.0,0.0,2026-05-06 18:47:30.583
4878,555839,2,0.01,0.0,0.01,0.0,2026-05-06 18:47:30.583
4879,555896,3,-0.0,0.0,0.0,0.0,2026-05-06 18:47:30.583
4880,556120,1,-0.0,0.0,0.0,0.0,2026-05-06 18:47:30.583
4881,556243,1,-0.0,0.0,0.0,0.0,2026-05-06 18:47:30.583
4882,556301,2,0.01,0.0,0.01,-0.0,2026-05-06 18:47:30.583
4883,556359,3,-0.0,0.0,-0.0,0.0,2026-05-06 18:47:30.583
4884,556584,1,-0.0,0.0,0.0,0.0,2026-05-06 18:47:30.583
4885,556826,1,-0.0,0.0,0.0,0.0,2026-05-06 18:47:30.583
4886,556884,2,0.01,0.0,0.01,0.0,2026-05-06 18:47:30.583
4887,556941,3,-0.0,0.0,0.0,0.0,2026-05-06 18:47:30.583
4888,557045,1,-0.0,0.0,-0.0,0.0,2026-05-06 18:47:30.583
4889,557289,1,-0.0,0.0,-0.0,0.0,2026-05-06 18:47:30.583
4890,557348,2,0.01,0.0,0.01,-0.0,2026-05-06 18:47:30.583
4891,557406,3,-0.0,0.0,0.0,0.0,2026-05-06 18:47:30.583
4892,557510,1,-0.0,0.0,-0.0,0.0,2026-05-06 18:47:30.583
4893,557753,1,-0.0,0.0,0.0,0.0,2026-05-06 18:47:30.583
4894,557811,2,0.01,0.0,0.01,-0.0,2026-05-06 18:47:30.583
4895,557869,3,-0.0,0.0,0.0,0.0,2026-05-06 18:47:30.583
4896,557973,1,-0.0,0.0,0.0,0.0,2026-05-06 18:47:30.583
4897,558216,1,-0.0,0.0,-0.0,0.0,2026-05-06 18:47:30.583
4898,558275,2,0.01,0.0,0.01,0.0,2026-05-06 18:47:30.583
4899,558332,3,-0.0,0.0,0.0,0.0,2026-05-06 18:47:30.583
4900,558689,1,-0.0,0.0,0.0,0.0,2026-05-06 18:47:30.583
4901,558747,2,0.01,0.0,0.01,-0.0,2026-05-06 18:47:30.583
4902,558805,3,-0.0,0.0,-0.01,0.0,2026-05-06 18:47:30.583
4903,558910,1,-0.0,0.0,0.0,0.0,2026-05-06 18:47:30.583
4904,559033,1,-0.0,0.0,-0.0,0.0,2026-05-06 18:47:30.583
4905,559092,2,0.01,0.0,0.01,0.0,2026-05-06 18:47:30.583
4906,559149,3,-0.0,0.0,0.01,0.0,2026-05-06 18:47:30.583
4907,559373,1,-0.0,0.0,-0.0,0.0,2026-05-06 18:47:30.583
4908,559496,1,-0.0,0.0,-0.0,0.0,2026-05-06 18:47:30.583
4909,559616,3,-0.0,0.0,0.0,0.0,2026-05-06 18:47:30.583
4910,559840,1,-0.0,0.0,-0.0,0.0,2026-05-06 18:47:30.583
4911,560083,1,-0.0,0.0,-0.0,0.0,2026-05-06 18:47:30.583
4912,560142,2,0.01,0.0,0.01,0.0,2026-05-06 18:47:30.583
4913,560199,3,-0.0,0.0,-0.0,0.0,2026-05-06 18:47:30.583
4914,560304,1,-0.0,0.0,0.0,0.0,2026-05-06 18:47:30.583
4915,560427,1,-0.0,0.0,-0.0,0.0,2026-05-06 18:47:30.583
4916,560486,2,0.01,0.0,0.01,-0.0,2026-05-06 18:47:30.583
4917,560544,3,-0.0,0.0,0.01,0.0,2026-05-06 18:47:30.583
4918,560768,1,-0.0,0.0,-0.0,0.0,2026-05-06 18:47:30.583
4919,561011,1,-0.0,0.0,0.0,0.0,2026-05-06 18:47:30.583
4920,561069,2,0.01,0.0,0.01,0.0,2026-05-06 18:47:30.583
4921,561126,3,-0.0,0.0,-0.0,0.0,2026-05-06 18:47:30.583
4922,561231,1,-0.0,0.0,-0.0,0.0,2026-05-06 18:47:30.583
4923,561354,1,-0.0,0.0,-0.0,0.0,2026-05-06 18:47:30.583
4924,561413,2,0.01,0.0,0.01,0.0,2026-05-06 18:47:31.292
4925,561470,3,-0.0,0.0,-0.0,0.0,2026-05-06 18:47:31.292
4926,561695,1,-0.0,0.0,-0.0,0.0,2026-05-06 18:47:31.292
4927,561938,1,-0.0,0.0,0.0,0.0,2026-05-06 18:47:31.292
4928,561996,2,0.01,0.0,0.01,0.0,2026-05-06 18:47:31.292
4929,562053,3,-0.0,0.0,0.0,0.0,2026-05-06 18:47:31.292
4930,562411,1,-0.0,0.0,-0.0,0.0,2026-05-06 18:47:31.292
4931,562470,2,0.01,0.0,0.01,0.0,2026-05-06 18:47:31.292
4932,562527,3,-0.0,0.0,-0.0,0.0,2026-05-06 18:47:31.292
4933,562765,1,-0.0,0.0,-0.0,0.0,2026-05-06 18:47:31.292
4934,562824,2,0.01,0.0,0.01,0.0,2026-05-06 18:47:31.292
4935,562881,3,-0.0,0.0,0.0,0.0,2026-05-06 18:47:31.292
4936,563105,1,-0.0,0.0,0.0,0.0,2026-05-06 18:47:31.292
4937,563348,1,-0.0,0.0,-0.0,0.0,2026-05-06 18:47:31.292
4938,563407,2,0.01,0.0,0.01,0.0,2026-05-06 18:47:31.292
4939,563464,3,-0.0,0.0,0.0,0.0,2026-05-06 18:47:31.292
4940,563568,1,-0.0,0.0,-0.0,0.0,2026-05-06 18:47:31.292
4941,563691,1,-0.0,0.0,0.0,0.0,2026-05-06 18:47:31.292
4942,563749,2,0.01,0.0,0.01,0.0,2026-05-06 18:47:31.292
4943,563806,3,-0.0,0.0,0.0,0.0,2026-05-06 18:47:31.292
4944,564030,1,-0.0,0.0,-0.0,0.0,2026-05-06 18:47:31.292
4945,564154,1,-0.0,0.0,-0.0,0.0,2026-05-06 18:47:31.292
4946,564213,2,0.01,0.0,0.01,0.0,2026-05-06 18:47:31.292
4947,564270,3,-0.0,0.0,-0.0,0.0,2026-05-06 18:47:31.292
4948,564495,1,-0.0,0.0,-0.0,0.0,2026-05-06 18:47:31.292
4949,564740,1,-0.0,0.0,-0.0,0.0,2026-05-06 18:47:31.292
4950,564799,2,0.01,0.0,0.01,-0.0,2026-05-06 18:47:31.292
4951,564857,3,-0.0,0.0,-0.0,0.0,2026-05-06 18:47:31.292
4952,564962,1,-0.0,0.0,-0.0,0.0,2026-05-06 18:47:31.292
4953,565204,1,-0.0,0.0,-0.0,0.0,2026-05-06 18:47:31.292
4954,565263,2,0.01,0.0,0.01,0.0,2026-05-06 18:47:31.292
4955,565320,3,-0.0,0.0,-0.0,0.0,2026-05-06 18:47:31.292
4956,565425,1,-0.0,0.0,-0.0,0.0,2026-05-06 18:47:31.292
4957,565668,1,-0.0,0.0,-0.0,0.0,2026-05-06 18:47:31.292
4958,565727,2,0.01,0.0,0.01,0.0,2026-05-06 18:47:31.292
4959,565784,3,-0.0,0.0,-0.01,0.0,2026-05-06 18:47:31.292
4960,565912,1,-0.0,0.0,-0.0,0.0,2026-05-06 18:47:31.292
4961,566026,1,-0.0,0.0,0.0,0.0,2026-05-06 18:47:31.292
4962,566084,2,0.01,0.0,0.01,0.0,2026-05-06 18:47:31.292
4963,566141,3,-0.0,0.0,-0.01,0.0,2026-05-06 18:47:31.292
4964,566366,1,-0.0,0.0,-0.0,0.0,2026-05-06 18:47:31.292
4965,566489,1,-0.0,0.0,0.0,0.0,2026-05-06 18:47:31.292
4966,566547,2,0.01,0.0,0.01,0.0,2026-05-06 18:47:31.292
4967,566604,3,-0.0,0.0,-0.0,0.0,2026-05-06 18:47:31.292
4968,566829,1,-0.0,0.0,0.0,0.0,2026-05-06 18:47:31.292
4969,566952,1,-0.0,0.0,0.0,0.0,2026-05-06 18:47:31.292
4970,567070,3,-0.0,0.0,-0.0,0.0,2026-05-06 18:47:31.292
4971,567295,1,-0.0,0.0,0.0,0.0,2026-05-06 18:47:31.292
4972,567418,1,-0.0,0.0,-0.0,0.0,2026-05-06 18:47:31.292
4973,567477,2,0.01,0.0,0.01,0.0,2026-05-06 18:47:31.292
4974,567534,3,-0.0,0.0,-0.0,0.0,2026-05-06 18:47:31.292
4975,567759,1,-0.0,0.0,-0.0,0.0,2026-05-06 18:47:31.292
4976,568002,1,-0.0,0.0,-0.0,0.0,2026-05-06 18:47:31.292
4977,568061,2,0.01,0.0,0.01,0.0,2026-05-06 18:47:31.292
4978,568118,3,-0.0,0.0,-0.0,0.0,2026-05-06 18:47:31.292
4979,568223,1,-0.0,0.0,-0.0,0.0,2026-05-06 18:47:31.292
4980,568346,1,-0.0,0.0,-0.0,0.0,2026-05-06 18:47:31.292
4981,568405,2,0.01,0.0,0.01,0.0,2026-05-06 18:47:31.292
4982,568462,3,-0.0,0.0,0.0,0.0,2026-05-06 18:47:31.292
4983,568686,1,-0.0,0.0,-0.0,0.0,2026-05-06 18:47:31.292
4984,568929,1,-0.0,0.0,-0.0,0.0,2026-05-06 18:47:31.292
4985,568988,2,0.01,0.0,0.01,0.0,2026-05-06 18:47:31.292
4986,569045,3,-0.0,0.0,-0.01,0.0,2026-05-06 18:47:31.292
4987,569150,1,-0.0,0.0,-0.0,0.0,2026-05-06 18:47:31.292
4988,569273,1,-0.0,0.0,-0.0,0.0,2026-05-06 18:47:31.292
4989,569332,2,0.01,0.0,0.01,0.0,2026-05-06 18:47:31.292
4990,569389,3,-0.0,0.0,0.0,0.0,2026-05-06 18:47:32.003
4991,569613,1,-0.0,0.0,-0.0,0.0,2026-05-06 18:47:32.003
4992,569857,1,-0.0,0.0,-0.0,0.0,2026-05-06 18:47:32.003
4993,569916,2,0.01,0.0,0.01,0.0,2026-05-06 18:47:32.003
4994,569973,3,-0.0,0.0,0.01,-0.0,2026-05-06 18:47:32.003
4995,570078,1,-0.0,0.0,0.0,0.0,2026-05-06 18:47:32.003
4996,570200,1,-0.0,0.0,-0.0,0.0,2026-05-06 18:47:32.003
4997,570259,2,0.01,0.0,0.01,0.0,2026-05-06 18:47:32.003
4998,570316,3,-0.0,0.0,-0.01,0.0,2026-05-06 18:47:32.003
4999,570541,1,-0.0,0.0,-0.0,0.0,2026-05-06 18:47:32.003
5000,570617,3,-0.0,0.0,-0.01,-0.0,2026-05-06 18:47:32.003
5001,570843,1,-0.0,0.0,0.0,0.0,2026-05-06 18:47:32.003
5002,570901,2,0.01,0.0,0.01,0.0,2026-05-06 18:47:32.003
5003,570958,3,-0.0,0.0,0.01,0.0,2026-05-06 18:47:32.003
5004,571248,1,-0.0,0.0,0.0,0.0,2026-05-06 18:47:32.003
5005,571306,2,0.01,0.0,0.01,0.0,2026-05-06 18:47:32.003
5006,571363,3,-0.0,0.0,-0.0,0.0,2026-05-06 18:47:32.003
5007,571468,1,-0.0,0.0,-0.0,0.0,2026-05-06 18:47:32.003
5008,571591,1,-0.0,0.0,0.0,0.0,2026-05-06 18:47:32.003
5009,571649,2,0.01,0.0,0.01,0.0,2026-05-06 18:47:32.003
5010,571706,3,-0.0,0.0,-0.0,-0.0,2026-05-06 18:47:32.003
5011,571932,1,-0.0,0.0,0.0,0.0,2026-05-06 18:47:32.003
5012,572175,1,-0.0,0.0,0.0,0.0,2026-05-06 18:47:32.003
5013,572233,2,0.01,0.0,0.01,0.0,2026-05-06 18:47:32.003
5014,572290,3,-0.0,0.0,-0.01,0.0,2026-05-06 18:47:32.003
5015,572395,1,-0.0,0.0,0.0,0.0,2026-05-06 18:47:32.003
5016,572518,1,-0.0,0.0,0.0,0.0,2026-05-06 18:47:32.003
5017,572576,2,0.01,0.0,0.01,0.0,2026-05-06 18:47:32.003
5018,572633,3,-0.0,0.0,-0.0,0.0,2026-05-06 18:47:32.003
5019,572858,1,-0.0,0.0,0.0,0.0,2026-05-06 18:47:32.003
5020,572981,1,-0.0,0.0,0.0,0.0,2026-05-06 18:47:32.003
5021,573039,2,0.01,0.0,0.01,0.0,2026-05-06 18:47:32.003
5022,573096,3,-0.0,0.0,-0.0,0.0,2026-05-06 18:47:32.003
5023,573321,1,-0.0,0.0,0.0,0.0,2026-05-06 18:47:32.003
5024,573564,1,-0.0,0.0,0.0,0.0,2026-05-06 18:47:32.003
5025,573622,2,0.01,0.0,0.01,0.0,2026-05-06 18:47:32.003
5026,573679,3,-0.0,0.0,0.0,0.0,2026-05-06 18:47:32.003
5027,573783,1,-0.0,0.0,-0.0,0.0,2026-05-06 18:47:32.003
5028,573907,1,-0.0,0.0,-0.0,0.0,2026-05-06 18:47:32.003
5029,573966,2,0.01,0.0,0.01,0.0,2026-05-06 18:47:32.003
5030,574023,3,-0.0,0.0,-0.0,0.0,2026-05-06 18:47:32.003
5031,574248,1,-0.0,0.0,-0.0,0.0,2026-05-06 18:47:32.003
5032,574371,1,-0.0,0.0,0.0,0.0,2026-05-06 18:47:32.003
5033,574489,3,-0.0,0.0,0.0,0.0,2026-05-06 18:47:32.003
5034,574713,1,-0.0,0.0,0.0,0.0,2026-05-06 18:47:32.003
5035,574956,1,-0.0,0.0,-0.0,0.0,2026-05-06 18:47:32.003
5036,575015,2,0.01,0.0,0.01,0.0,2026-05-06 18:47:32.003
5037,575072,3,-0.0,0.0,-0.0,0.0,2026-05-06 18:47:32.003
5038,575310,1,-0.0,0.0,-0.0,0.0,2026-05-06 18:47:32.003
5039,575369,2,0.01,0.0,0.01,0.0,2026-05-06 18:47:32.003
5040,575426,3,-0.0,0.0,-0.0,0.0,2026-05-06 18:47:32.003
5041,575651,1,-0.0,0.0,-0.0,0.0,2026-05-06 18:47:32.003
5042,575894,1,-0.0,0.0,-0.0,0.0,2026-05-06 18:47:32.003
5043,575953,2,0.01,0.0,0.01,0.0,2026-05-06 18:47:32.003
5044,576010,3,-0.0,0.0,-0.0,0.0,2026-05-06 18:47:32.003
5045,576368,1,-0.0,0.0,0.0,0.0,2026-05-06 18:47:32.003
5046,576426,2,0.01,0.0,0.01,0.0,2026-05-06 18:47:32.003
5047,576483,3,-0.0,0.0,-0.0,0.0,2026-05-06 18:47:32.003
5048,576588,1,-0.0,0.0,0.0,0.0,2026-05-06 18:47:32.003
5049,576831,1,-0.0,0.0,0.0,0.0,2026-05-06 18:47:32.003
5050,576889,2,0.01,0.0,0.01,0.0,2026-05-06 18:47:32.003
5051,576946,3,-0.0,0.0,-0.01,0.0,2026-05-06 18:47:32.003
5052,577051,1,-0.0,0.0,0.0,0.0,2026-05-06 18:47:32.003
5053,577294,1,-0.0,0.0,-0.0,0.0,2026-05-06 18:47:32.003
5054,577353,2,0.01,0.0,0.01,0.0,2026-05-06 18:47:32.003
5055,577410,3,-0.0,0.0,-0.0,0.0,2026-05-06 18:47:32.708
5056,577515,1,-0.0,0.0,-0.0,0.0,2026-05-06 18:47:32.708
5057,577638,1,-0.0,0.0,0.0,0.0,2026-05-06 18:47:32.708
5058,577696,2,0.01,0.0,0.01,0.0,2026-05-06 18:47:32.708
5059,577753,3,-0.0,0.0,-0.0,0.0,2026-05-06 18:47:32.708
5060,577978,1,-0.0,0.0,0.0,0.0,2026-05-06 18:47:32.708
5061,578056,2,0.01,0.0,0.01,0.0,2026-05-06 18:47:32.708
5062,578113,3,-0.0,0.0,0.0,0.0,2026-05-06 18:47:32.708
5063,578337,1,-0.0,0.0,0.0,0.0,2026-05-06 18:47:32.708
5064,578395,2,0.01,0.0,0.01,0.0,2026-05-06 18:47:32.708
5065,578452,3,-0.0,0.0,0.0,0.0,2026-05-06 18:47:32.708
5066,578570,1,-0.0,0.0,-0.0,0.0,2026-05-06 18:47:32.708
5067,578629,2,0.01,0.0,0.01,0.0,2026-05-06 18:47:32.708
5068,578686,3,-0.0,0.0,0.0,0.0,2026-05-06 18:47:32.708
5069,578910,1,-0.0,0.0,-0.0,0.0,2026-05-06 18:47:32.708
5070,579033,1,-0.0,0.0,-0.0,0.0,2026-05-06 18:47:32.708
5071,579092,2,0.01,0.0,0.01,0.0,2026-05-06 18:47:32.708
5072,579149,3,-0.0,0.0,-0.0,0.0,2026-05-06 18:47:32.708
5073,579374,1,-0.0,0.0,-0.0,0.0,2026-05-06 18:47:32.708
5074,579617,1,-0.0,0.0,-0.0,0.0,2026-05-06 18:47:32.708
5075,579676,2,0.01,0.0,0.01,0.0,2026-05-06 18:47:32.708
5076,579733,3,-0.0,0.0,0.0,0.0,2026-05-06 18:47:32.708
5077,579837,1,-0.0,0.0,-0.0,0.0,2026-05-06 18:47:32.708
5078,579961,1,-0.0,0.0,-0.0,0.0,2026-05-06 18:47:32.708
5079,580020,2,0.01,0.0,0.01,0.0,2026-05-06 18:47:32.708
5080,580077,3,-0.0,0.0,-0.0,0.0,2026-05-06 18:47:32.708
5081,580302,1,-0.0,0.0,-0.0,0.0,2026-05-06 18:47:32.708
5082,580425,1,-0.0,0.0,-0.0,0.0,2026-05-06 18:47:32.708
5083,580484,2,0.01,0.0,0.01,0.0,2026-05-06 18:47:32.708
5084,580541,3,-0.0,0.0,-0.0,0.0,2026-05-06 18:47:32.708
5085,580766,1,-0.0,0.0,-0.0,0.0,2026-05-06 18:47:32.708
5086,581009,1,-0.0,0.0,-0.0,0.0,2026-05-06 18:47:32.708
5087,581068,2,0.01,0.0,0.01,0.0,2026-05-06 18:47:32.708
5088,581125,3,-0.0,0.0,-0.0,0.0,2026-05-06 18:47:32.708
5089,581230,1,-0.0,0.0,-0.0,0.0,2026-05-06 18:47:32.708
5090,581353,1,-0.0,0.0,0.0,-0.0,2026-05-06 18:47:32.708
5091,581412,2,0.01,0.0,0.01,0.0,2026-05-06 18:47:32.708
5092,581469,3,-0.0,0.0,0.0,-0.0,2026-05-06 18:47:32.708
5093,581694,1,-0.0,0.0,-0.0,-0.0,2026-05-06 18:47:32.708
5094,581817,1,-0.0,0.0,0.0,0.0,2026-05-06 18:47:32.708
5095,581935,3,-0.0,0.0,-0.01,0.0,2026-05-06 18:47:32.708
5096,582160,1,-0.0,0.0,0.0,0.0,2026-05-06 18:47:32.708
5097,582403,1,-0.0,0.0,0.0,-0.0,2026-05-06 18:47:32.708
5098,582462,2,0.01,0.0,0.01,0.0,2026-05-06 18:47:32.708
5099,582519,3,-0.0,0.0,0.0,-0.0,2026-05-06 18:47:32.708
5100,582624,1,-0.0,0.0,0.0,-0.0,2026-05-06 18:47:32.708
5101,582747,1,-0.0,0.0,0.0,0.0,2026-05-06 18:47:32.708
5102,582805,2,0.01,0.0,0.01,0.0,2026-05-06 18:47:32.708
5103,582862,3,-0.0,0.0,-0.01,0.0,2026-05-06 18:47:32.708
5104,583087,1,-0.0,0.0,-0.0,0.0,2026-05-06 18:47:32.708
5105,583330,1,-0.0,0.0,0.0,0.0,2026-05-06 18:47:32.708
5106,583388,2,0.01,0.0,0.01,0.0,2026-05-06 18:47:32.708
5107,583445,3,-0.0,0.0,-0.0,0.0,2026-05-06 18:47:32.708
5108,583550,1,-0.0,0.0,0.0,0.0,2026-05-06 18:47:32.708
5109,583793,1,-0.0,0.0,0.0,0.0,2026-05-06 18:47:32.708
5110,583851,2,0.01,0.0,0.01,0.0,2026-05-06 18:47:32.708
5111,583908,3,-0.0,0.0,0.0,0.0,2026-05-06 18:47:32.708
5112,584266,1,-0.0,0.0,0.0,0.0,2026-05-06 18:47:32.708
5113,584324,2,0.01,0.0,0.01,0.0,2026-05-06 18:47:32.708
5114,584381,3,-0.0,0.0,-0.0,0.0,2026-05-06 18:47:32.708
5115,584486,1,-0.0,0.0,0.0,0.0,2026-05-06 18:47:32.708
5116,584729,1,-0.0,0.0,0.0,0.0,2026-05-06 18:47:32.708
5117,584787,2,0.01,0.0,0.01,0.0,2026-05-06 18:47:32.708
5118,584844,3,-0.0,0.0,0.0,0.0,2026-05-06 18:47:32.708
5119,585082,1,-0.0,0.0,-0.0,0.0,2026-05-06 18:47:32.708
5120,585141,2,0.01,0.0,0.01,0.0,2026-05-06 18:47:32.708
5121,585198,3,-0.0,0.0,0.0,0.0,2026-05-06 18:47:32.708
5122,585346,1,-0.0,0.0,0.0,0.0,2026-05-06 18:47:32.708
5123,585404,2,0.01,0.0,0.01,0.0,2026-05-06 18:47:33.429
5124,585461,3,-0.0,0.0,-0.0,0.0,2026-05-06 18:47:33.429
5125,585687,1,-0.0,0.0,0.0,0.0,2026-05-06 18:47:33.429
5126,585745,2,0.01,0.0,0.01,0.0,2026-05-06 18:47:33.429
5127,585802,3,-0.0,0.0,0.0,0.0,2026-05-06 18:47:33.429
5128,585906,1,-0.0,0.0,-0.0,0.0,2026-05-06 18:47:33.429
5129,586030,1,-0.0,0.0,-0.0,0.0,2026-05-06 18:47:33.429
5130,586089,2,0.01,0.0,0.01,0.0,2026-05-06 18:47:33.429
5131,586146,3,-0.0,0.0,-0.01,0.0,2026-05-06 18:47:33.429
